,Year,Region,Technology,Carrier,Value
0,2025,reg1,NG_supply,NG,267511.1777264894
1,2026,reg1,NG_supply,NG,274441.0988560161
2,2027,reg1,NG_supply,NG,263000.39535928424
3,2028,reg1,NG_supply,NG,255476.3406553095
4,2029,reg1,NG_supply,NG,242031.30878218103
5,2030,reg1,NG_supply,NG,230969.73082788702
6,2031,reg1,NG_supply,NG,218052.19939697802
7,2032,reg1,NG_supply,NG,203748.3742018454
8,2033,reg1,NG_supply,NG,190466.46037232815
9,2034,reg1,NG_supply,NG,177334.70579988672
10,2035,reg1,NG_supply,NG,169371.79089612697
11,2036,reg1,NG_supply,NG,166636.31066644914
12,2037,reg1,NG_supply,NG,165539.37432868377
13,2038,reg1,NG_supply,NG,159167.54968981096
14,2039,reg1,NG_supply,NG,147599.19637170056
15,2040,reg1,NG_supply,NG,133549.8574059034
16,2041,reg1,NG_supply,NG,136324.56822229593
17,2042,reg1,NG_supply,NG,139548.25223250556
18,2043,reg1,NG_supply,NG,142156.5834583576
19,2044,reg1,NG_supply,NG,144960.59071410575
20,2045,reg1,NG_supply,NG,147765.90606090563
21,2046,reg1,NG_supply,NG,143325.49028744936
22,2047,reg1,NG_supply,NG,143678.72389666847
23,2048,reg1,NG_supply,NG,135442.37698583698
24,2049,reg1,NG_supply,NG,125934.98461082068
25,2050,reg1,NG_supply,NG,115977.7688672592
26,2051,reg1,NG_supply,NG,116359.14263460881
27,2052,reg1,NG_supply,NG,118054.84602805856
28,2053,reg1,NG_supply,NG,120820.87168020834
29,2054,reg1,NG_supply,NG,127731.43332946884
30,2055,reg1,NG_supply,NG,133750.78897967486
31,2056,reg1,NG_supply,NG,141045.2586733061
32,2057,reg1,NG_supply,NG,145218.30240314105
33,2058,reg1,NG_supply,NG,157149.65842050908
34,2059,reg1,NG_supply,NG,162637.66771922202
35,2060,reg1,NG_supply,NG,167828.8742047249
36,2025,reg1,SFF_supply,Solid_fossil_fuels,9540.399291570613
37,2026,reg1,SFF_supply,Solid_fossil_fuels,7209.914226554355
38,2027,reg1,SFF_supply,Solid_fossil_fuels,4232.958989393169
39,2028,reg1,SFF_supply,Solid_fossil_fuels,3833.9033275753154
40,2029,reg1,SFF_supply,Solid_fossil_fuels,3410.9043260483922
41,2030,reg1,SFF_supply,Solid_fossil_fuels,0.0
42,2031,reg1,SFF_supply,Solid_fossil_fuels,0.0
43,2032,reg1,SFF_supply,Solid_fossil_fuels,0.0
44,2033,reg1,SFF_supply,Solid_fossil_fuels,0.0
45,2034,reg1,SFF_supply,Solid_fossil_fuels,0.0
46,2035,reg1,SFF_supply,Solid_fossil_fuels,0.0
47,2036,reg1,SFF_supply,Solid_fossil_fuels,0.0
48,2037,reg1,SFF_supply,Solid_fossil_fuels,0.0
49,2038,reg1,SFF_supply,Solid_fossil_fuels,0.0
50,2039,reg1,SFF_supply,Solid_fossil_fuels,0.0
51,2040,reg1,SFF_supply,Solid_fossil_fuels,0.0
52,2041,reg1,SFF_supply,Solid_fossil_fuels,0.0
53,2042,reg1,SFF_supply,Solid_fossil_fuels,0.0
54,2043,reg1,SFF_supply,Solid_fossil_fuels,0.0
55,2044,reg1,SFF_supply,Solid_fossil_fuels,0.0
56,2045,reg1,SFF_supply,Solid_fossil_fuels,0.0
57,2046,reg1,SFF_supply,Solid_fossil_fuels,0.0
58,2047,reg1,SFF_supply,Solid_fossil_fuels,0.0
59,2048,reg1,SFF_supply,Solid_fossil_fuels,0.0
60,2049,reg1,SFF_supply,Solid_fossil_fuels,0.0
61,2050,reg1,SFF_supply,Solid_fossil_fuels,0.0
62,2051,reg1,SFF_supply,Solid_fossil_fuels,0.0
63,2052,reg1,SFF_supply,Solid_fossil_fuels,0.0
64,2053,reg1,SFF_supply,Solid_fossil_fuels,0.0
65,2054,reg1,SFF_supply,Solid_fossil_fuels,0.0
66,2055,reg1,SFF_supply,Solid_fossil_fuels,0.0
67,2056,reg1,SFF_supply,Solid_fossil_fuels,0.0
68,2057,reg1,SFF_supply,Solid_fossil_fuels,0.0
69,2058,reg1,SFF_supply,Solid_fossil_fuels,0.0
70,2059,reg1,SFF_supply,Solid_fossil_fuels,0.0
71,2060,reg1,SFF_supply,Solid_fossil_fuels,0.0
72,2025,reg1,OP_supply,Petroleum_products,50896.446174116936
73,2026,reg1,OP_supply,Petroleum_products,49199.89796831307
74,2027,reg1,OP_supply,Petroleum_products,47503.34976250915
75,2028,reg1,OP_supply,Petroleum_products,45806.801556705264
76,2029,reg1,OP_supply,Petroleum_products,44110.253350901345
77,2030,reg1,OP_supply,Petroleum_products,42413.70514509744
78,2031,reg1,OP_supply,Petroleum_products,40717.15693929352
79,2032,reg1,OP_supply,Petroleum_products,39020.60873348965
80,2033,reg1,OP_supply,Petroleum_products,37324.06052768575
81,2034,reg1,OP_supply,Petroleum_products,35627.51232188189
82,2035,reg1,OP_supply,Petroleum_products,33930.96411607797
83,2036,reg1,OP_supply,Petroleum_products,32234.415910274063
84,2037,reg1,OP_supply,Petroleum_products,30537.867704470158
85,2038,reg1,OP_supply,Petroleum_products,28841.31949866628
86,2039,reg1,OP_supply,Petroleum_products,27144.77129286238
87,2040,reg1,OP_supply,Petroleum_products,25448.22308705847
88,2041,reg1,OP_supply,Petroleum_products,23751.674881254607
89,2042,reg1,OP_supply,Petroleum_products,22055.126675450687
90,2043,reg1,OP_supply,Petroleum_products,20358.578469646793
91,2044,reg1,OP_supply,Petroleum_products,18662.030263842884
92,2045,reg1,OP_supply,Petroleum_products,16965.482058039
93,2046,reg1,OP_supply,Petroleum_products,15268.93385223511
94,2047,reg1,OP_supply,Petroleum_products,13572.38564643119
95,2048,reg1,OP_supply,Petroleum_products,11875.837440627303
96,2049,reg1,OP_supply,Petroleum_products,10179.2892348234
97,2050,reg1,OP_supply,Petroleum_products,8482.7410290195
98,2051,reg1,OP_supply,Petroleum_products,6786.192823215596
99,2052,reg1,OP_supply,Petroleum_products,5089.644617411699
100,2053,reg1,OP_supply,Petroleum_products,3393.0964116078007
101,2054,reg1,OP_supply,Petroleum_products,1696.548205803897
102,2055,reg1,OP_supply,Petroleum_products,0.0
103,2056,reg1,OP_supply,Petroleum_products,0.0
104,2057,reg1,OP_supply,Petroleum_products,0.0
105,2058,reg1,OP_supply,Petroleum_products,0.0
106,2059,reg1,OP_supply,Petroleum_products,0.0
107,2060,reg1,OP_supply,Petroleum_products,0.0
108,2025,reg1,BW_supply,Biofuels_waste,58447.122226788386
109,2026,reg1,BW_supply,Biofuels_waste,56109.23733771684
110,2027,reg1,BW_supply,Biofuels_waste,53771.35244864531
111,2028,reg1,BW_supply,Biofuels_waste,51433.46755957378
112,2029,reg1,BW_supply,Biofuels_waste,49095.582670502234
113,2030,reg1,BW_supply,Biofuels_waste,46757.69778143069
114,2031,reg1,BW_supply,Biofuels_waste,44419.812892359165
115,2032,reg1,BW_supply,Biofuels_waste,42081.92800328761
116,2033,reg1,BW_supply,Biofuels_waste,39744.04311421607
117,2034,reg1,BW_supply,Biofuels_waste,37406.158225144536
118,2035,reg1,BW_supply,Biofuels_waste,35068.273336073
119,2036,reg1,BW_supply,Biofuels_waste,31014.198883474503
120,2037,reg1,BW_supply,Biofuels_waste,26183.207407911155
121,2038,reg1,BW_supply,Biofuels_waste,23406.743415991983
122,2039,reg1,BW_supply,Biofuels_waste,21430.611483155713
123,2040,reg1,BW_supply,Biofuels_waste,19482.374075596104
124,2041,reg1,BW_supply,Biofuels_waste,17534.136668036488
125,2042,reg1,BW_supply,Biofuels_waste,15585.89926047688
126,2043,reg1,BW_supply,Biofuels_waste,13637.661852917267
127,2044,reg1,BW_supply,Biofuels_waste,11040.011976171128
128,2045,reg1,BW_supply,Biofuels_waste,9200.009980142604
129,2046,reg1,BW_supply,Biofuels_waste,7360.00798411408
130,2047,reg1,BW_supply,Biofuels_waste,5520.005988085553
131,2048,reg1,BW_supply,Biofuels_waste,3680.003992057026
132,2049,reg1,BW_supply,Biofuels_waste,1840.001996028505
133,2050,reg1,BW_supply,Biofuels_waste,0.0
134,2051,reg1,BW_supply,Biofuels_waste,0.0
135,2052,reg1,BW_supply,Biofuels_waste,0.0
136,2053,reg1,BW_supply,Biofuels_waste,0.0
137,2054,reg1,BW_supply,Biofuels_waste,0.0
138,2055,reg1,BW_supply,Biofuels_waste,0.0
139,2056,reg1,BW_supply,Biofuels_waste,0.0
140,2057,reg1,BW_supply,Biofuels_waste,0.0
141,2058,reg1,BW_supply,Biofuels_waste,0.0
142,2059,reg1,BW_supply,Biofuels_waste,0.0
143,2060,reg1,BW_supply,Biofuels_waste,0.0
144,2025,reg1,BIO_supply,Biomass,0.0
145,2026,reg1,BIO_supply,Biomass,489.7904766740722
146,2027,reg1,BIO_supply,Biomass,979.5809533481442
147,2028,reg1,BIO_supply,Biomass,1469.3714300222157
148,2029,reg1,BIO_supply,Biomass,1959.1619066962876
149,2030,reg1,BIO_supply,Biomass,2448.9523833703597
150,2031,reg1,BIO_supply,Biomass,2938.7428600444327
151,2032,reg1,BIO_supply,Biomass,3428.533336718504
152,2033,reg1,BIO_supply,Biomass,3918.3238133925774
153,2034,reg1,BIO_supply,Biomass,4408.114290066648
154,2035,reg1,BIO_supply,Biomass,4897.904766740719
155,2036,reg1,BIO_supply,Biomass,5387.695243414792
156,2037,reg1,BIO_supply,Biomass,5877.485720088865
157,2038,reg1,BIO_supply,Biomass,6367.276196762938
158,2039,reg1,BIO_supply,Biomass,6857.066673437003
159,2040,reg1,BIO_supply,Biomass,7346.857150111079
160,2041,reg1,BIO_supply,Biomass,7836.64762678515
161,2042,reg1,BIO_supply,Biomass,8326.43810345922
162,2043,reg1,BIO_supply,Biomass,8816.228580133298
163,2044,reg1,BIO_supply,Biomass,9306.019056807341
164,2045,reg1,BIO_supply,Biomass,9795.80953348141
165,2046,reg1,BIO_supply,Biomass,10285.600010155486
166,2047,reg1,BIO_supply,Biomass,10775.390486829558
167,2048,reg1,BIO_supply,Biomass,11265.180963503655
168,2049,reg1,BIO_supply,Biomass,11754.971440177696
169,2050,reg1,BIO_supply,Biomass,12244.761916851763
170,2051,reg1,BIO_supply,Biomass,12244.761916851765
171,2052,reg1,BIO_supply,Biomass,12244.76191685177
172,2053,reg1,BIO_supply,Biomass,12244.761916851772
173,2054,reg1,BIO_supply,Biomass,12244.761916851772
174,2055,reg1,BIO_supply,Biomass,12244.761916851807
175,2056,reg1,BIO_supply,Biomass,12244.761916851809
176,2057,reg1,BIO_supply,Biomass,12244.761916851809
177,2058,reg1,BIO_supply,Biomass,12244.761916851809
178,2059,reg1,BIO_supply,Biomass,12244.761916851807
179,2060,reg1,BIO_supply,Biomass,12244.76191685181
180,2025,reg1,Biogas_supply,Biogas,0.0
181,2026,reg1,Biogas_supply,Biogas,0.0
182,2027,reg1,Biogas_supply,Biogas,50.53258878512339
183,2028,reg1,Biogas_supply,Biogas,1452.9085714285711
184,2029,reg1,Biogas_supply,Biogas,1937.2114285714285
185,2030,reg1,Biogas_supply,Biogas,2421.5142857142855
186,2031,reg1,Biogas_supply,Biogas,2252.077258305831
187,2032,reg1,Biogas_supply,Biogas,2029.2347416202356
188,2033,reg1,Biogas_supply,Biogas,1634.4551860035608
189,2034,reg1,Biogas_supply,Biogas,2126.068973982048
190,2035,reg1,Biogas_supply,Biogas,2728.3255944724056
191,2036,reg1,Biogas_supply,Biogas,3195.2526046300964
192,2037,reg1,Biogas_supply,Biogas,3306.9401868237924
193,2038,reg1,Biogas_supply,Biogas,4082.2893159878895
194,2039,reg1,Biogas_supply,Biogas,5283.1099869445125
195,2040,reg1,Biogas_supply,Biogas,6645.377810554764
196,2041,reg1,Biogas_supply,Biogas,6943.41013824887
197,2042,reg1,Biogas_supply,Biogas,8233.14857142861
198,2043,reg1,Biogas_supply,Biogas,8717.451428571474
199,2044,reg1,Biogas_supply,Biogas,8035.505378867367
200,2045,reg1,Biogas_supply,Biogas,8197.081413210468
201,2046,reg1,Biogas_supply,Biogas,8606.935483870991
202,2047,reg1,Biogas_supply,Biogas,9016.789554531515
203,2048,reg1,Biogas_supply,Biogas,9426.64362519204
204,2049,reg1,Biogas_supply,Biogas,9836.497695852562
205,2050,reg1,Biogas_supply,Biogas,9643.625192012316
206,2051,reg1,Biogas_supply,Biogas,10246.351766513086
207,2052,reg1,Biogas_supply,Biogas,10246.35176651308
208,2053,reg1,Biogas_supply,Biogas,10246.351766513078
209,2054,reg1,Biogas_supply,Biogas,12107.571428571468
210,2055,reg1,Biogas_supply,Biogas,12107.571428571468
211,2056,reg1,Biogas_supply,Biogas,11287.672382477322
212,2057,reg1,Biogas_supply,Biogas,11287.672382477318
213,2058,reg1,Biogas_supply,Biogas,11287.67238247735
214,2059,reg1,Biogas_supply,Biogas,11287.672382477336
215,2060,reg1,Biogas_supply,Biogas,12107.57142857144
216,2025,reg1,Waste_supply,Waste,0.0
217,2026,reg1,Waste_supply,Waste,0.0
218,2027,reg1,Waste_supply,Waste,0.0
219,2028,reg1,Waste_supply,Waste,0.0
220,2029,reg1,Waste_supply,Waste,0.0
221,2030,reg1,Waste_supply,Waste,3694.029124485561
222,2031,reg1,Waste_supply,Waste,5381.612178833388
223,2032,reg1,Waste_supply,Waste,7069.195233181214
224,2033,reg1,Waste_supply,Waste,8756.77828752904
225,2034,reg1,Waste_supply,Waste,10444.361341876865
226,2035,reg1,Waste_supply,Waste,12131.94439622469
227,2036,reg1,Waste_supply,Waste,13819.527450572517
228,2037,reg1,Waste_supply,Waste,15507.110504920334
229,2038,reg1,Waste_supply,Waste,17194.693559268166
230,2039,reg1,Waste_supply,Waste,18882.276613616
231,2040,reg1,Waste_supply,Waste,20000.00000000001
232,2041,reg1,Waste_supply,Waste,19999.999999999996
233,2042,reg1,Waste_supply,Waste,20000.0
234,2043,reg1,Waste_supply,Waste,20000.0
235,2044,reg1,Waste_supply,Waste,20000.000000000015
236,2045,reg1,Waste_supply,Waste,20000.000000000007
237,2046,reg1,Waste_supply,Waste,20000.00000000001
238,2047,reg1,Waste_supply,Waste,20000.00000000001
239,2048,reg1,Waste_supply,Waste,20000.0
240,2049,reg1,Waste_supply,Waste,20000.00000000001
241,2050,reg1,Waste_supply,Waste,20000.00000000001
242,2051,reg1,Waste_supply,Waste,20000.00000000001
243,2052,reg1,Waste_supply,Waste,20000.00000000001
244,2053,reg1,Waste_supply,Waste,20000.00000000001
245,2054,reg1,Waste_supply,Waste,20000.000000000015
246,2055,reg1,Waste_supply,Waste,19999.999999999996
247,2056,reg1,Waste_supply,Waste,20000.0
248,2057,reg1,Waste_supply,Waste,20000.0
249,2058,reg1,Waste_supply,Waste,19999.999999999996
250,2059,reg1,Waste_supply,Waste,19999.999999999996
251,2060,reg1,Waste_supply,Waste,18882.27661361599
252,2025,reg1,Geo_PP,Electricity,5308.804676436001
253,2026,reg1,Geo_PP,Electricity,5308.804676436001
254,2027,reg1,Geo_PP,Electricity,5308.804676436
255,2028,reg1,Geo_PP,Electricity,5308.802219840001
256,2029,reg1,Geo_PP,Electricity,5308.802219839999
257,2030,reg1,Geo_PP,Electricity,4900.391993780762
258,2031,reg1,Geo_PP,Electricity,4866.402034853333
259,2032,reg1,Geo_PP,Electricity,4857.302258226457
260,2033,reg1,Geo_PP,Electricity,4424.001849866665
261,2034,reg1,Geo_PP,Electricity,4424.001849866665
262,2035,reg1,Geo_PP,Electricity,4424.001849866665
263,2036,reg1,Geo_PP,Electricity,4202.801757373332
264,2037,reg1,Geo_PP,Electricity,3981.6016648799987
265,2038,reg1,Geo_PP,Electricity,3981.6016648799987
266,2039,reg1,Geo_PP,Electricity,3981.6016648799987
267,2040,reg1,Geo_PP,Electricity,3981.6016648799987
268,2041,reg1,Geo_PP,Electricity,3981.6016648799996
269,2042,reg1,Geo_PP,Electricity,3981.6016648799996
270,2043,reg1,Geo_PP,Electricity,3981.6016648799996
271,2044,reg1,Geo_PP,Electricity,3981.6016648799996
272,2045,reg1,Geo_PP,Electricity,3760.401572386666
273,2046,reg1,Geo_PP,Electricity,3981.6016648799996
274,2047,reg1,Geo_PP,Electricity,3981.6016648799996
275,2048,reg1,Geo_PP,Electricity,3760.401572386666
276,2049,reg1,Geo_PP,Electricity,3760.401572386666
277,2050,reg1,Geo_PP,Electricity,3760.401572386666
278,2051,reg1,Geo_PP,Electricity,4866.402034853332
279,2052,reg1,Geo_PP,Electricity,5087.602127346666
280,2053,reg1,Geo_PP,Electricity,6045.7810198399975
281,2054,reg1,Geo_PP,Electricity,6356.005883400789
282,2055,reg1,Geo_PP,Electricity,7519.738619839996
283,2056,reg1,Geo_PP,Electricity,7912.687527346664
284,2057,reg1,Geo_PP,Electricity,8993.696219839996
285,2058,reg1,Geo_PP,Electricity,8614.523083836
286,2059,reg1,Geo_PP,Electricity,8235.347491235996
287,2060,reg1,Geo_PP,Electricity,7856.171898635999
288,2025,reg1,Solar_PV_PP,Electricity,58442.25618765205
289,2026,reg1,Solar_PV_PP,Electricity,69668.60586462897
290,2027,reg1,Solar_PV_PP,Electricity,80894.95554160587
291,2028,reg1,Solar_PV_PP,Electricity,92121.30521858277
292,2029,reg1,Solar_PV_PP,Electricity,103347.65489555968
293,2030,reg1,Solar_PV_PP,Electricity,114403.68787208635
294,2031,reg1,Solar_PV_PP,Electricity,125125.04828626702
295,2032,reg1,Solar_PV_PP,Electricity,136119.8675698025
296,2033,reg1,Solar_PV_PP,Electricity,148253.0536034673
297,2034,reg1,Solar_PV_PP,Electricity,157097.95620663482
298,2035,reg1,Solar_PV_PP,Electricity,164916.54601867942
299,2036,reg1,Solar_PV_PP,Electricity,171656.0751695318
300,2037,reg1,Solar_PV_PP,Electricity,179671.35295894166
301,2038,reg1,Solar_PV_PP,Electricity,189202.34776024325
302,2039,reg1,Solar_PV_PP,Electricity,198779.17922839627
303,2040,reg1,Solar_PV_PP,Electricity,208248.7428894213
304,2041,reg1,Solar_PV_PP,Electricity,218049.31310517722
305,2042,reg1,Solar_PV_PP,Electricity,226706.1762525789
306,2043,reg1,Solar_PV_PP,Electricity,234872.57702522262
307,2044,reg1,Solar_PV_PP,Electricity,242586.10993547033
308,2045,reg1,Solar_PV_PP,Electricity,250043.09187842085
309,2046,reg1,Solar_PV_PP,Electricity,255793.09309178175
310,2047,reg1,Solar_PV_PP,Electricity,260219.05168185916
311,2048,reg1,Solar_PV_PP,Electricity,271574.899042869
312,2049,reg1,Solar_PV_PP,Electricity,273176.5118414427
313,2050,reg1,Solar_PV_PP,Electricity,282411.352752418
314,2051,reg1,Solar_PV_PP,Electricity,281349.3236752292
315,2052,reg1,Solar_PV_PP,Electricity,279624.1185333865
316,2053,reg1,Solar_PV_PP,Electricity,277983.6407853563
317,2054,reg1,Solar_PV_PP,Electricity,266104.58494175517
318,2055,reg1,Solar_PV_PP,Electricity,264535.4076086829
319,2056,reg1,Solar_PV_PP,Electricity,246567.29607756194
320,2057,reg1,Solar_PV_PP,Electricity,242195.58261952552
321,2058,reg1,Solar_PV_PP,Electricity,230196.98512401432
322,2059,reg1,Solar_PV_PP,Electricity,227615.33165876678
323,2060,reg1,Solar_PV_PP,Electricity,226097.16009663354
324,2025,reg1,Wind_On-Shore_PP,Electricity,22829.553934796983
325,2026,reg1,Wind_On-Shore_PP,Electricity,26144.066950515655
326,2027,reg1,Wind_On-Shore_PP,Electricity,29458.579966234338
327,2028,reg1,Wind_On-Shore_PP,Electricity,32773.092981953014
328,2029,reg1,Wind_On-Shore_PP,Electricity,36087.6059976717
329,2030,reg1,Wind_On-Shore_PP,Electricity,39402.11901339038
330,2031,reg1,Wind_On-Shore_PP,Electricity,42284.113732685786
331,2032,reg1,Wind_On-Shore_PP,Electricity,44846.014766418506
332,2033,reg1,Wind_On-Shore_PP,Electricity,45769.99980488152
333,2034,reg1,Wind_On-Shore_PP,Electricity,48883.050348875724
334,2035,reg1,Wind_On-Shore_PP,Electricity,49961.344732
335,2036,reg1,Wind_On-Shore_PP,Electricity,51586.85091900418
336,2037,reg1,Wind_On-Shore_PP,Electricity,51455.51991716436
337,2038,reg1,Wind_On-Shore_PP,Electricity,51688.810077326474
338,2039,reg1,Wind_On-Shore_PP,Electricity,53978.88123423206
339,2040,reg1,Wind_On-Shore_PP,Electricity,56886.86383574412
340,2041,reg1,Wind_On-Shore_PP,Electricity,61414.651450361416
341,2042,reg1,Wind_On-Shore_PP,Electricity,64004.25728767711
342,2043,reg1,Wind_On-Shore_PP,Electricity,66521.42824598464
343,2044,reg1,Wind_On-Shore_PP,Electricity,68897.3065853065
344,2045,reg1,Wind_On-Shore_PP,Electricity,69505.45414721614
345,2046,reg1,Wind_On-Shore_PP,Electricity,73529.65919704006
346,2047,reg1,Wind_On-Shore_PP,Electricity,75101.8538300737
347,2048,reg1,Wind_On-Shore_PP,Electricity,73055.17653885404
348,2049,reg1,Wind_On-Shore_PP,Electricity,79861.06496354182
349,2050,reg1,Wind_On-Shore_PP,Electricity,78291.45498728543
350,2051,reg1,Wind_On-Shore_PP,Electricity,78076.76908397963
351,2052,reg1,Wind_On-Shore_PP,Electricity,79236.38594054073
352,2053,reg1,Wind_On-Shore_PP,Electricity,79088.5649879398
353,2054,reg1,Wind_On-Shore_PP,Electricity,86492.01655901046
354,2055,reg1,Wind_On-Shore_PP,Electricity,84352.08964582329
355,2056,reg1,Wind_On-Shore_PP,Electricity,98662.73905195072
356,2057,reg1,Wind_On-Shore_PP,Electricity,99679.41331502871
357,2058,reg1,Wind_On-Shore_PP,Electricity,105692.37932776385
358,2059,reg1,Wind_On-Shore_PP,Electricity,105692.3793277638
359,2060,reg1,Wind_On-Shore_PP,Electricity,105692.37932776379
360,2025,reg1,Wind_Off-Shore_PP,Electricity,76.64064781414172
361,2026,reg1,Wind_Off-Shore_PP,Electricity,76.64064781414123
362,2027,reg1,Wind_Off-Shore_PP,Electricity,76.64064781414129
363,2028,reg1,Wind_Off-Shore_PP,Electricity,76.64064781414189
364,2029,reg1,Wind_Off-Shore_PP,Electricity,76.64064781414208
365,2030,reg1,Wind_Off-Shore_PP,Electricity,73.64253270214255
366,2031,reg1,Wind_Off-Shore_PP,Electricity,70.59104022992699
367,2032,reg1,Wind_Off-Shore_PP,Electricity,70.59104022992699
368,2033,reg1,Wind_Off-Shore_PP,Electricity,64.49325913312042
369,2034,reg1,Wind_Off-Shore_PP,Electricity,64.49325913312042
370,2035,reg1,Wind_Off-Shore_PP,Electricity,64.49325913312042
371,2036,reg1,Wind_Off-Shore_PP,Electricity,61.50823050666057
372,2037,reg1,Wind_Off-Shore_PP,Electricity,58.317605542746335
373,2038,reg1,Wind_Off-Shore_PP,Electricity,58.317605542746335
374,2039,reg1,Wind_Off-Shore_PP,Electricity,58.317605542746335
375,2040,reg1,Wind_Off-Shore_PP,Electricity,58.317605542746335
376,2041,reg1,Wind_Off-Shore_PP,Electricity,58.317605542746335
377,2042,reg1,Wind_Off-Shore_PP,Electricity,58.317605542746335
378,2043,reg1,Wind_Off-Shore_PP,Electricity,58.317605542746335
379,2044,reg1,Wind_Off-Shore_PP,Electricity,58.317605542746335
380,2045,reg1,Wind_Off-Shore_PP,Electricity,55.31561712468063
381,2046,reg1,Wind_Off-Shore_PP,Electricity,55.31561712468063
382,2047,reg1,Wind_Off-Shore_PP,Electricity,55.31561712468063
383,2048,reg1,Wind_Off-Shore_PP,Electricity,55.31561712468063
384,2049,reg1,Wind_Off-Shore_PP,Electricity,55.31561712468063
385,2050,reg1,Wind_Off-Shore_PP,Electricity,55.31561712468063
386,2051,reg1,Wind_Off-Shore_PP,Electricity,58.317605542746335
387,2052,reg1,Wind_Off-Shore_PP,Electricity,55.31561712468063
388,2053,reg1,Wind_Off-Shore_PP,Electricity,58.317605542746335
389,2054,reg1,Wind_Off-Shore_PP,Electricity,58.317605542746335
390,2055,reg1,Wind_Off-Shore_PP,Electricity,0.0
391,2056,reg1,Wind_Off-Shore_PP,Electricity,0.0
392,2057,reg1,Wind_Off-Shore_PP,Electricity,0.0
393,2058,reg1,Wind_Off-Shore_PP,Electricity,0.0
394,2059,reg1,Wind_Off-Shore_PP,Electricity,0.0
395,2060,reg1,Wind_Off-Shore_PP,Electricity,0.0
396,2025,reg1,Hydro_PP,Electricity,45704.90667599997
397,2026,reg1,Hydro_PP,Electricity,46022.403239999985
398,2027,reg1,Hydro_PP,Electricity,46252.8
399,2028,reg1,Hydro_PP,Electricity,46252.8
400,2029,reg1,Hydro_PP,Electricity,46252.799999999996
401,2030,reg1,Hydro_PP,Electricity,46252.80000000001
402,2031,reg1,Hydro_PP,Electricity,46252.8
403,2032,reg1,Hydro_PP,Electricity,46252.8
404,2033,reg1,Hydro_PP,Electricity,46252.800000000025
405,2034,reg1,Hydro_PP,Electricity,46252.80000000002
406,2035,reg1,Hydro_PP,Electricity,46252.800000000025
407,2036,reg1,Hydro_PP,Electricity,46252.79999999949
408,2037,reg1,Hydro_PP,Electricity,46252.79999999073
409,2038,reg1,Hydro_PP,Electricity,46252.79999999874
410,2039,reg1,Hydro_PP,Electricity,46252.79999999843
411,2040,reg1,Hydro_PP,Electricity,46252.79999999828
412,2041,reg1,Hydro_PP,Electricity,46252.79999999999
413,2042,reg1,Hydro_PP,Electricity,46252.79999999998
414,2043,reg1,Hydro_PP,Electricity,46252.79999999958
415,2044,reg1,Hydro_PP,Electricity,46252.79999999998
416,2045,reg1,Hydro_PP,Electricity,46252.79999999997
417,2046,reg1,Hydro_PP,Electricity,46252.799999999996
418,2047,reg1,Hydro_PP,Electricity,46252.79999999999
419,2048,reg1,Hydro_PP,Electricity,46252.79999999998
420,2049,reg1,Hydro_PP,Electricity,46252.8
421,2050,reg1,Hydro_PP,Electricity,46252.8
422,2051,reg1,Hydro_PP,Electricity,46252.79999999999
423,2052,reg1,Hydro_PP,Electricity,46252.79999999788
424,2053,reg1,Hydro_PP,Electricity,46252.79999999999
425,2054,reg1,Hydro_PP,Electricity,46252.79999999999
426,2055,reg1,Hydro_PP,Electricity,46252.79999999878
427,2056,reg1,Hydro_PP,Electricity,46252.79999982857
428,2057,reg1,Hydro_PP,Electricity,46252.79999999177
429,2058,reg1,Hydro_PP,Electricity,46252.79999999589
430,2059,reg1,Hydro_PP,Electricity,46252.799999996896
431,2060,reg1,Hydro_PP,Electricity,45704.906675998034
432,2025,reg1,UO2_supply ,UO2_fuel,0.0
433,2026,reg1,UO2_supply ,UO2_fuel,0.0
434,2027,reg1,UO2_supply ,UO2_fuel,0.0
435,2028,reg1,UO2_supply ,UO2_fuel,0.0
436,2029,reg1,UO2_supply ,UO2_fuel,0.0
437,2030,reg1,UO2_supply ,UO2_fuel,0.0
438,2031,reg1,UO2_supply ,UO2_fuel,0.0
439,2032,reg1,UO2_supply ,UO2_fuel,0.0
440,2033,reg1,UO2_supply ,UO2_fuel,0.0
441,2034,reg1,UO2_supply ,UO2_fuel,0.0
442,2035,reg1,UO2_supply ,UO2_fuel,0.0
443,2036,reg1,UO2_supply ,UO2_fuel,0.0
444,2037,reg1,UO2_supply ,UO2_fuel,0.0
445,2038,reg1,UO2_supply ,UO2_fuel,0.0
446,2039,reg1,UO2_supply ,UO2_fuel,0.0
447,2040,reg1,UO2_supply ,UO2_fuel,0.0
448,2041,reg1,UO2_supply ,UO2_fuel,0.0
449,2042,reg1,UO2_supply ,UO2_fuel,0.0
450,2043,reg1,UO2_supply ,UO2_fuel,0.0
451,2044,reg1,UO2_supply ,UO2_fuel,0.0
452,2045,reg1,UO2_supply ,UO2_fuel,0.0
453,2046,reg1,UO2_supply ,UO2_fuel,0.0
454,2047,reg1,UO2_supply ,UO2_fuel,0.0
455,2048,reg1,UO2_supply ,UO2_fuel,0.0
456,2049,reg1,UO2_supply ,UO2_fuel,0.0
457,2050,reg1,UO2_supply ,UO2_fuel,0.0
458,2051,reg1,UO2_supply ,UO2_fuel,0.0
459,2052,reg1,UO2_supply ,UO2_fuel,0.0
460,2053,reg1,UO2_supply ,UO2_fuel,0.0
461,2054,reg1,UO2_supply ,UO2_fuel,0.0
462,2055,reg1,UO2_supply ,UO2_fuel,0.0
463,2056,reg1,UO2_supply ,UO2_fuel,0.0
464,2057,reg1,UO2_supply ,UO2_fuel,0.0
465,2058,reg1,UO2_supply ,UO2_fuel,0.0
466,2059,reg1,UO2_supply ,UO2_fuel,0.0
467,2060,reg1,UO2_supply ,UO2_fuel,0.0
468,2025,reg1,Electricity_net_imports,Electricity,42999.999999999985
469,2026,reg1,Electricity_net_imports,Electricity,42999.99999999999
470,2027,reg1,Electricity_net_imports,Electricity,43000.0
471,2028,reg1,Electricity_net_imports,Electricity,39915.468362705404
472,2029,reg1,Electricity_net_imports,Electricity,39671.59026787864
473,2030,reg1,Electricity_net_imports,Electricity,37798.400520369556
474,2031,reg1,Electricity_net_imports,Electricity,36764.79736523429
475,2032,reg1,Electricity_net_imports,Electricity,35885.221976880304
476,2033,reg1,Electricity_net_imports,Electricity,35379.56987959615
477,2034,reg1,Electricity_net_imports,Electricity,34796.61701913629
478,2035,reg1,Electricity_net_imports,Electricity,34500.0
479,2036,reg1,Electricity_net_imports,Electricity,32799.99999999999
480,2037,reg1,Electricity_net_imports,Electricity,31099.999999999993
481,2038,reg1,Electricity_net_imports,Electricity,29399.999999999996
482,2039,reg1,Electricity_net_imports,Electricity,27699.999999999993
483,2040,reg1,Electricity_net_imports,Electricity,25999.999999999996
484,2041,reg1,Electricity_net_imports,Electricity,26000.0
485,2042,reg1,Electricity_net_imports,Electricity,26000.0
486,2043,reg1,Electricity_net_imports,Electricity,26000.0
487,2044,reg1,Electricity_net_imports,Electricity,26000.0
488,2045,reg1,Electricity_net_imports,Electricity,25999.999999999996
489,2046,reg1,Electricity_net_imports,Electricity,26000.0
490,2047,reg1,Electricity_net_imports,Electricity,25999.999999999996
491,2048,reg1,Electricity_net_imports,Electricity,26000.0
492,2049,reg1,Electricity_net_imports,Electricity,25999.999999999993
493,2050,reg1,Electricity_net_imports,Electricity,26000.0
494,2051,reg1,Electricity_net_imports,Electricity,25999.999999999996
495,2052,reg1,Electricity_net_imports,Electricity,25999.999999999804
496,2053,reg1,Electricity_net_imports,Electricity,26000.0
497,2054,reg1,Electricity_net_imports,Electricity,26000.0
498,2055,reg1,Electricity_net_imports,Electricity,25999.999999999454
499,2056,reg1,Electricity_net_imports,Electricity,25999.999999999996
500,2057,reg1,Electricity_net_imports,Electricity,25999.999999999993
501,2058,reg1,Electricity_net_imports,Electricity,25999.999999999996
502,2059,reg1,Electricity_net_imports,Electricity,26000.0
503,2060,reg1,Electricity_net_imports,Electricity,25999.99999999978
504,2025,reg1,Geo_HP,Heat,300.00039119999997
505,2026,reg1,Geo_HP,Heat,300.00039119999997
506,2027,reg1,Geo_HP,Heat,300.00039119999997
507,2028,reg1,Geo_HP,Heat,300.0
508,2029,reg1,Geo_HP,Heat,300.0
509,2030,reg1,Geo_HP,Heat,300.0
510,2031,reg1,Geo_HP,Heat,300.0
511,2032,reg1,Geo_HP,Heat,300.0
512,2033,reg1,Geo_HP,Heat,300.0
513,2034,reg1,Geo_HP,Heat,300.0
514,2035,reg1,Geo_HP,Heat,300.0
515,2036,reg1,Geo_HP,Heat,300.0
516,2037,reg1,Geo_HP,Heat,300.0
517,2038,reg1,Geo_HP,Heat,300.0
518,2039,reg1,Geo_HP,Heat,300.0
519,2040,reg1,Geo_HP,Heat,300.0
520,2041,reg1,Geo_HP,Heat,300.0
521,2042,reg1,Geo_HP,Heat,300.0
522,2043,reg1,Geo_HP,Heat,300.0
523,2044,reg1,Geo_HP,Heat,300.0
524,2045,reg1,Geo_HP,Heat,300.0
525,2046,reg1,Geo_HP,Heat,300.0
526,2047,reg1,Geo_HP,Heat,300.0
527,2048,reg1,Geo_HP,Heat,300.0
528,2049,reg1,Geo_HP,Heat,300.0
529,2050,reg1,Geo_HP,Heat,300.0
530,2051,reg1,Geo_HP,Heat,300.0
531,2052,reg1,Geo_HP,Heat,300.0
532,2053,reg1,Geo_HP,Heat,300.0
533,2054,reg1,Geo_HP,Heat,300.0
534,2055,reg1,Geo_HP,Heat,300.0
535,2056,reg1,Geo_HP,Heat,300.0
536,2057,reg1,Geo_HP,Heat,300.0
537,2058,reg1,Geo_HP,Heat,300.0
538,2059,reg1,Geo_HP,Heat,300.0
539,2060,reg1,Geo_HP,Heat,300.0
540,2025,reg1,Pump_hydro_ST,Electricity,0.0
541,2026,reg1,Pump_hydro_ST,Electricity,0.0
542,2027,reg1,Pump_hydro_ST,Electricity,58.51335633784583
543,2028,reg1,Pump_hydro_ST,Electricity,3566.642814340671
544,2029,reg1,Pump_hydro_ST,Electricity,5806.775119199111
545,2030,reg1,Pump_hydro_ST,Electricity,8436.178721734146
546,2031,reg1,Pump_hydro_ST,Electricity,11070.58673936945
547,2032,reg1,Pump_hydro_ST,Electricity,11781.748957496397
548,2033,reg1,Pump_hydro_ST,Electricity,12377.147092756977
549,2034,reg1,Pump_hydro_ST,Electricity,12976.496415816153
550,2035,reg1,Pump_hydro_ST,Electricity,13637.79450062727
551,2036,reg1,Pump_hydro_ST,Electricity,14112.757293379582
552,2037,reg1,Pump_hydro_ST,Electricity,14560.397875007806
553,2038,reg1,Pump_hydro_ST,Electricity,17564.517211400576
554,2039,reg1,Pump_hydro_ST,Electricity,20629.279674572907
555,2040,reg1,Pump_hydro_ST,Electricity,20532.873350273254
556,2041,reg1,Pump_hydro_ST,Electricity,23428.97392160144
557,2042,reg1,Pump_hydro_ST,Electricity,23214.10142014474
558,2043,reg1,Pump_hydro_ST,Electricity,23160.255427801247
559,2044,reg1,Pump_hydro_ST,Electricity,23203.419910544006
560,2045,reg1,Pump_hydro_ST,Electricity,23128.881999999987
561,2046,reg1,Pump_hydro_ST,Electricity,22749.719999999983
562,2047,reg1,Pump_hydro_ST,Electricity,22370.55799999999
563,2048,reg1,Pump_hydro_ST,Electricity,21991.395999999982
564,2049,reg1,Pump_hydro_ST,Electricity,21950.26588833934
565,2050,reg1,Pump_hydro_ST,Electricity,22191.413024518515
566,2051,reg1,Pump_hydro_ST,Electricity,21102.336930380992
567,2052,reg1,Pump_hydro_ST,Electricity,20474.747999999992
568,2053,reg1,Pump_hydro_ST,Electricity,20095.585999999992
569,2054,reg1,Pump_hydro_ST,Electricity,19716.42399999999
570,2055,reg1,Pump_hydro_ST,Electricity,19337.261999999988
571,2056,reg1,Pump_hydro_ST,Electricity,18958.099999999995
572,2057,reg1,Pump_hydro_ST,Electricity,17998.207717157955
573,2058,reg1,Pump_hydro_ST,Electricity,17027.487172828543
574,2059,reg1,Pump_hydro_ST,Electricity,16548.32152876848
575,2060,reg1,Pump_hydro_ST,Electricity,16626.93603034815
576,2025,reg1,Electrochemical_ST,Electricity,0.0
577,2026,reg1,Electrochemical_ST,Electricity,0.0
578,2027,reg1,Electrochemical_ST,Electricity,3263.7730626382568
579,2028,reg1,Electrochemical_ST,Electricity,3683.3759623871138
580,2029,reg1,Electrochemical_ST,Electricity,3683.375962387114
581,2030,reg1,Electrochemical_ST,Electricity,3683.3759623871138
582,2031,reg1,Electrochemical_ST,Electricity,3683.3759623871138
583,2032,reg1,Electrochemical_ST,Electricity,3683.3759623871138
584,2033,reg1,Electrochemical_ST,Electricity,3683.3759623871138
585,2034,reg1,Electrochemical_ST,Electricity,3683.3759623871138
586,2035,reg1,Electrochemical_ST,Electricity,3683.3759623871138
587,2036,reg1,Electrochemical_ST,Electricity,3683.3759623871138
588,2037,reg1,Electrochemical_ST,Electricity,3683.375962387114
589,2038,reg1,Electrochemical_ST,Electricity,3683.3759623871138
590,2039,reg1,Electrochemical_ST,Electricity,5771.676894002172
591,2040,reg1,Electrochemical_ST,Electricity,8450.278439945812
592,2041,reg1,Electrochemical_ST,Electricity,11865.55517836687
593,2042,reg1,Electrochemical_ST,Electricity,14055.51206687153
594,2043,reg1,Electrochemical_ST,Electricity,16307.999141908422
595,2044,reg1,Electrochemical_ST,Electricity,17827.375391136535
596,2045,reg1,Electrochemical_ST,Electricity,18411.451407063556
597,2046,reg1,Electrochemical_ST,Electricity,21826.72814548462
598,2047,reg1,Electrochemical_ST,Electricity,21826.72814548462
599,2048,reg1,Electrochemical_ST,Electricity,25162.35488203814
600,2049,reg1,Electrochemical_ST,Electricity,28577.6316204592
601,2050,reg1,Electrochemical_ST,Electricity,31992.908358880268
602,2051,reg1,Electrochemical_ST,Electricity,34671.50990482389
603,2052,reg1,Electrochemical_ST,Electricity,37350.11145076752
604,2053,reg1,Electrochemical_ST,Electricity,40028.71299671116
605,2054,reg1,Electrochemical_ST,Electricity,40619.01361103974
606,2055,reg1,Electrochemical_ST,Electricity,40619.0136110398
607,2056,reg1,Electrochemical_ST,Electricity,40619.01361103975
608,2057,reg1,Electrochemical_ST,Electricity,41844.33346095614
609,2058,reg1,Electrochemical_ST,Electricity,39591.84638591922
610,2059,reg1,Electrochemical_ST,Electricity,38072.47013669116
611,2060,reg1,Electrochemical_ST,Electricity,37488.39412076412
612,2025,reg1,Hydrogen_ST,Hydrogen,0.0
613,2026,reg1,Hydrogen_ST,Hydrogen,4.28867909918221
614,2027,reg1,Hydrogen_ST,Hydrogen,8.694907335572323
615,2028,reg1,Hydrogen_ST,Hydrogen,13.223444489165264
616,2029,reg1,Hydrogen_ST,Hydrogen,17.98191570534456
617,2030,reg1,Hydrogen_ST,Hydrogen,22.915715114753485
618,2031,reg1,Hydrogen_ST,Hydrogen,22.08192172020745
619,2032,reg1,Hydrogen_ST,Hydrogen,21.513505872277566
620,2033,reg1,Hydrogen_ST,Hydrogen,20.979799219188752
621,2034,reg1,Hydrogen_ST,Hydrogen,20.45874846261194
622,2035,reg1,Hydrogen_ST,Hydrogen,19.950353602547242
623,2036,reg1,Hydrogen_ST,Hydrogen,19.454614640107824
624,2037,reg1,Hydrogen_ST,Hydrogen,18.971531589308544
625,2038,reg1,Hydrogen_ST,Hydrogen,18.501104401777585
626,2039,reg1,Hydrogen_ST,Hydrogen,18.04333312828442
627,2040,reg1,Hydrogen_ST,Hydrogen,17.598217751128576
628,2041,reg1,Hydrogen_ST,Hydrogen,0.0
629,2042,reg1,Hydrogen_ST,Hydrogen,0.0
630,2043,reg1,Hydrogen_ST,Hydrogen,0.0
631,2044,reg1,Hydrogen_ST,Hydrogen,0.0
632,2045,reg1,Hydrogen_ST,Hydrogen,0.0
633,2046,reg1,Hydrogen_ST,Hydrogen,0.0
634,2047,reg1,Hydrogen_ST,Hydrogen,0.0
635,2048,reg1,Hydrogen_ST,Hydrogen,0.0
636,2049,reg1,Hydrogen_ST,Hydrogen,0.0
637,2050,reg1,Hydrogen_ST,Hydrogen,0.0
638,2051,reg1,Hydrogen_ST,Hydrogen,0.0
639,2052,reg1,Hydrogen_ST,Hydrogen,0.0
640,2053,reg1,Hydrogen_ST,Hydrogen,0.0
641,2054,reg1,Hydrogen_ST,Hydrogen,0.0
642,2055,reg1,Hydrogen_ST,Hydrogen,0.0
643,2056,reg1,Hydrogen_ST,Hydrogen,0.0
644,2057,reg1,Hydrogen_ST,Hydrogen,25.003780624503637
645,2058,reg1,Hydrogen_ST,Hydrogen,25.00378059431984
646,2059,reg1,Hydrogen_ST,Hydrogen,25.003780764338845
647,2060,reg1,Hydrogen_ST,Hydrogen,25.003780584545897
648,2025,reg1,Thermal_ST,Heat,0.0
649,2026,reg1,Thermal_ST,Heat,0.0
650,2027,reg1,Thermal_ST,Heat,0.0
651,2028,reg1,Thermal_ST,Heat,0.0
652,2029,reg1,Thermal_ST,Heat,0.0
653,2030,reg1,Thermal_ST,Heat,0.0
654,2031,reg1,Thermal_ST,Heat,0.0
655,2032,reg1,Thermal_ST,Heat,0.0
656,2033,reg1,Thermal_ST,Heat,0.0
657,2034,reg1,Thermal_ST,Heat,0.0
658,2035,reg1,Thermal_ST,Heat,0.0
659,2036,reg1,Thermal_ST,Heat,0.0
660,2037,reg1,Thermal_ST,Heat,0.0
661,2038,reg1,Thermal_ST,Heat,0.0
662,2039,reg1,Thermal_ST,Heat,0.0
663,2040,reg1,Thermal_ST,Heat,0.0
664,2041,reg1,Thermal_ST,Heat,0.0
665,2042,reg1,Thermal_ST,Heat,0.0
666,2043,reg1,Thermal_ST,Heat,0.0
667,2044,reg1,Thermal_ST,Heat,0.0
668,2045,reg1,Thermal_ST,Heat,0.0
669,2046,reg1,Thermal_ST,Heat,0.0
670,2047,reg1,Thermal_ST,Heat,0.0
671,2048,reg1,Thermal_ST,Heat,0.0
672,2049,reg1,Thermal_ST,Heat,0.0
673,2050,reg1,Thermal_ST,Heat,0.0
674,2051,reg1,Thermal_ST,Heat,0.0
675,2052,reg1,Thermal_ST,Heat,0.0
676,2053,reg1,Thermal_ST,Heat,0.0
677,2054,reg1,Thermal_ST,Heat,0.0
678,2055,reg1,Thermal_ST,Heat,0.0
679,2056,reg1,Thermal_ST,Heat,0.0
680,2057,reg1,Thermal_ST,Heat,0.0
681,2058,reg1,Thermal_ST,Heat,0.0
682,2059,reg1,Thermal_ST,Heat,0.0
683,2060,reg1,Thermal_ST,Heat,0.0
684,2025,reg1,Thermal-H2_ST,Heat-H2,0.0
685,2026,reg1,Thermal-H2_ST,Heat-H2,0.0
686,2027,reg1,Thermal-H2_ST,Heat-H2,0.0
687,2028,reg1,Thermal-H2_ST,Heat-H2,0.0
688,2029,reg1,Thermal-H2_ST,Heat-H2,0.0
689,2030,reg1,Thermal-H2_ST,Heat-H2,0.0
690,2031,reg1,Thermal-H2_ST,Heat-H2,0.0
691,2032,reg1,Thermal-H2_ST,Heat-H2,0.0
692,2033,reg1,Thermal-H2_ST,Heat-H2,0.0
693,2034,reg1,Thermal-H2_ST,Heat-H2,0.0
694,2035,reg1,Thermal-H2_ST,Heat-H2,0.0
695,2036,reg1,Thermal-H2_ST,Heat-H2,0.0
696,2037,reg1,Thermal-H2_ST,Heat-H2,0.0
697,2038,reg1,Thermal-H2_ST,Heat-H2,0.0
698,2039,reg1,Thermal-H2_ST,Heat-H2,0.0
699,2040,reg1,Thermal-H2_ST,Heat-H2,0.0
700,2041,reg1,Thermal-H2_ST,Heat-H2,0.0
701,2042,reg1,Thermal-H2_ST,Heat-H2,0.0
702,2043,reg1,Thermal-H2_ST,Heat-H2,0.0
703,2044,reg1,Thermal-H2_ST,Heat-H2,0.0
704,2045,reg1,Thermal-H2_ST,Heat-H2,0.0
705,2046,reg1,Thermal-H2_ST,Heat-H2,0.0
706,2047,reg1,Thermal-H2_ST,Heat-H2,0.0
707,2048,reg1,Thermal-H2_ST,Heat-H2,0.0
708,2049,reg1,Thermal-H2_ST,Heat-H2,0.0
709,2050,reg1,Thermal-H2_ST,Heat-H2,0.0
710,2051,reg1,Thermal-H2_ST,Heat-H2,0.0
711,2052,reg1,Thermal-H2_ST,Heat-H2,0.0
712,2053,reg1,Thermal-H2_ST,Heat-H2,0.0
713,2054,reg1,Thermal-H2_ST,Heat-H2,0.0
714,2055,reg1,Thermal-H2_ST,Heat-H2,0.0
715,2056,reg1,Thermal-H2_ST,Heat-H2,0.0
716,2057,reg1,Thermal-H2_ST,Heat-H2,0.0
717,2058,reg1,Thermal-H2_ST,Heat-H2,0.0
718,2059,reg1,Thermal-H2_ST,Heat-H2,0.0
719,2060,reg1,Thermal-H2_ST,Heat-H2,0.0
720,2025,reg1,HTHP,Heat,0.0
721,2026,reg1,HTHP,Heat,0.0
722,2027,reg1,HTHP,Heat,0.0
723,2028,reg1,HTHP,Heat,119.97789032222282
724,2029,reg1,HTHP,Heat,2978.598462074428
725,2030,reg1,HTHP,Heat,3263.9714913656653
726,2031,reg1,HTHP,Heat,4467.564378120887
727,2032,reg1,HTHP,Heat,6919.730942280523
728,2033,reg1,HTHP,Heat,9263.682400089023
729,2034,reg1,HTHP,Heat,11469.709592128442
730,2035,reg1,HTHP,Heat,12446.926481583805
731,2036,reg1,HTHP,Heat,13342.05012321597
732,2037,reg1,HTHP,Heat,14204.505308938646
733,2038,reg1,HTHP,Heat,14589.807108732593
734,2039,reg1,HTHP,Heat,14999.023970467846
735,2040,reg1,HTHP,Heat,17170.920910135246
736,2041,reg1,HTHP,Heat,18315.563088932486
737,2042,reg1,HTHP,Heat,19764.642720428667
738,2043,reg1,HTHP,Heat,20378.743468877372
739,2044,reg1,HTHP,Heat,21463.600159068592
740,2045,reg1,HTHP,Heat,22552.9572403981
741,2046,reg1,HTHP,Heat,22585.692076024196
742,2047,reg1,HTHP,Heat,23146.885868425397
743,2048,reg1,HTHP,Heat,23954.96496871377
744,2049,reg1,HTHP,Heat,24479.09650077451
745,2050,reg1,HTHP,Heat,24570.422535211277
746,2051,reg1,HTHP,Heat,24570.42253521127
747,2052,reg1,HTHP,Heat,23393.37007587555
748,2053,reg1,HTHP,Heat,21163.972499576274
749,2054,reg1,HTHP,Heat,18624.44195258691
750,2055,reg1,HTHP,Heat,16721.565976067795
751,2056,reg1,HTHP,Heat,15682.620277995327
752,2057,reg1,HTHP,Heat,15222.36234936642
753,2058,reg1,HTHP,Heat,14819.873379903864
754,2059,reg1,HTHP,Heat,14747.836839160962
755,2060,reg1,HTHP,Heat,15196.77288194514
756,2025,reg1,SMR,Hydrogen,0.0
757,2026,reg1,SMR,Hydrogen,1812.4376858969795
758,2027,reg1,SMR,Hydrogen,3579.301686100553
759,2028,reg1,SMR,Hydrogen,5300.592649671628
760,2029,reg1,SMR,Hydrogen,6976.325252766397
761,2030,reg1,SMR,Hydrogen,8606.492049129945
762,2031,reg1,SMR,Hydrogen,8823.185485421986
763,2032,reg1,SMR,Hydrogen,9035.006705039688
764,2033,reg1,SMR,Hydrogen,9241.924253207804
765,2034,reg1,SMR,Hydrogen,9443.935122658386
766,2035,reg1,SMR,Hydrogen,9641.039313391422
767,2036,reg1,SMR,Hydrogen,9833.236825406708
768,2037,reg1,SMR,Hydrogen,10020.527658693296
769,2038,reg1,SMR,Hydrogen,10202.91181327707
770,2039,reg1,SMR,Hydrogen,10380.389289139854
771,2040,reg1,SMR,Hydrogen,10552.960086285135
772,2041,reg1,SMR,Hydrogen,10301.54608981619
773,2042,reg1,SMR,Hydrogen,10052.531850312083
774,2043,reg1,SMR,Hydrogen,9803.517610807978
775,2044,reg1,SMR,Hydrogen,9554.503371302644
776,2045,reg1,SMR,Hydrogen,9305.489131798535
777,2046,reg1,SMR,Hydrogen,9056.474892294427
778,2047,reg1,SMR,Hydrogen,8807.460652790323
779,2048,reg1,SMR,Hydrogen,8558.446413286216
780,2049,reg1,SMR,Hydrogen,8309.432173782108
781,2050,reg1,SMR,Hydrogen,8060.417934266638
782,2051,reg1,SMR,Hydrogen,8060.417934277995
783,2052,reg1,SMR,Hydrogen,8060.417934219681
784,2053,reg1,SMR,Hydrogen,8060.417934278001
785,2054,reg1,SMR,Hydrogen,8060.417934278001
786,2055,reg1,SMR,Hydrogen,8060.417934248384
787,2056,reg1,SMR,Hydrogen,8060.417934262703
788,2057,reg1,SMR,Hydrogen,8063.827540713245
789,2058,reg1,SMR,Hydrogen,8063.827540708458
790,2059,reg1,SMR,Hydrogen,8063.827540754448
791,2060,reg1,SMR,Hydrogen,6200.821578860129
792,2025,reg1,SMR_CCS,Hydrogen,0.0
793,2026,reg1,SMR_CCS,Hydrogen,0.0
794,2027,reg1,SMR_CCS,Hydrogen,0.0
795,2028,reg1,SMR_CCS,Hydrogen,0.0
796,2029,reg1,SMR_CCS,Hydrogen,0.0
797,2030,reg1,SMR_CCS,Hydrogen,0.0
798,2031,reg1,SMR_CCS,Hydrogen,0.0
799,2032,reg1,SMR_CCS,Hydrogen,0.0
800,2033,reg1,SMR_CCS,Hydrogen,0.0
801,2034,reg1,SMR_CCS,Hydrogen,0.0
802,2035,reg1,SMR_CCS,Hydrogen,0.0
803,2036,reg1,SMR_CCS,Hydrogen,0.0
804,2037,reg1,SMR_CCS,Hydrogen,0.0
805,2038,reg1,SMR_CCS,Hydrogen,0.0
806,2039,reg1,SMR_CCS,Hydrogen,0.0
807,2040,reg1,SMR_CCS,Hydrogen,0.0
808,2041,reg1,SMR_CCS,Hydrogen,0.0
809,2042,reg1,SMR_CCS,Hydrogen,0.0
810,2043,reg1,SMR_CCS,Hydrogen,0.0
811,2044,reg1,SMR_CCS,Hydrogen,0.0
812,2045,reg1,SMR_CCS,Hydrogen,0.0
813,2046,reg1,SMR_CCS,Hydrogen,0.0
814,2047,reg1,SMR_CCS,Hydrogen,0.0
815,2048,reg1,SMR_CCS,Hydrogen,0.0
816,2049,reg1,SMR_CCS,Hydrogen,0.0
817,2050,reg1,SMR_CCS,Hydrogen,0.0
818,2051,reg1,SMR_CCS,Hydrogen,0.0
819,2052,reg1,SMR_CCS,Hydrogen,0.0
820,2053,reg1,SMR_CCS,Hydrogen,0.0
821,2054,reg1,SMR_CCS,Hydrogen,0.0
822,2055,reg1,SMR_CCS,Hydrogen,0.0
823,2056,reg1,SMR_CCS,Hydrogen,0.0
824,2057,reg1,SMR_CCS,Hydrogen,0.0
825,2058,reg1,SMR_CCS,Hydrogen,0.0
826,2059,reg1,SMR_CCS,Hydrogen,0.0
827,2060,reg1,SMR_CCS,Hydrogen,1863.0059618088594
828,2025,reg1,Electrolysis_PEM,Hydrogen,0.0
829,2026,reg1,Electrolysis_PEM,Hydrogen,0.0
830,2027,reg1,Electrolysis_PEM,Hydrogen,0.0
831,2028,reg1,Electrolysis_PEM,Hydrogen,0.0
832,2029,reg1,Electrolysis_PEM,Hydrogen,0.0
833,2030,reg1,Electrolysis_PEM,Hydrogen,0.0
834,2031,reg1,Electrolysis_PEM,Hydrogen,0.0
835,2032,reg1,Electrolysis_PEM,Hydrogen,0.0
836,2033,reg1,Electrolysis_PEM,Hydrogen,0.0
837,2034,reg1,Electrolysis_PEM,Hydrogen,0.0
838,2035,reg1,Electrolysis_PEM,Hydrogen,0.0
839,2036,reg1,Electrolysis_PEM,Hydrogen,0.0
840,2037,reg1,Electrolysis_PEM,Hydrogen,0.0
841,2038,reg1,Electrolysis_PEM,Hydrogen,0.0
842,2039,reg1,Electrolysis_PEM,Hydrogen,0.0
843,2040,reg1,Electrolysis_PEM,Hydrogen,0.0
844,2041,reg1,Electrolysis_PEM,Hydrogen,0.0
845,2042,reg1,Electrolysis_PEM,Hydrogen,0.0
846,2043,reg1,Electrolysis_PEM,Hydrogen,0.0
847,2044,reg1,Electrolysis_PEM,Hydrogen,0.0
848,2045,reg1,Electrolysis_PEM,Hydrogen,0.0
849,2046,reg1,Electrolysis_PEM,Hydrogen,0.0
850,2047,reg1,Electrolysis_PEM,Hydrogen,0.0
851,2048,reg1,Electrolysis_PEM,Hydrogen,0.0
852,2049,reg1,Electrolysis_PEM,Hydrogen,0.0
853,2050,reg1,Electrolysis_PEM,Hydrogen,0.0
854,2051,reg1,Electrolysis_PEM,Hydrogen,0.0
855,2052,reg1,Electrolysis_PEM,Hydrogen,0.0
856,2053,reg1,Electrolysis_PEM,Hydrogen,0.0
857,2054,reg1,Electrolysis_PEM,Hydrogen,0.0
858,2055,reg1,Electrolysis_PEM,Hydrogen,0.0
859,2056,reg1,Electrolysis_PEM,Hydrogen,0.0
860,2057,reg1,Electrolysis_PEM,Hydrogen,0.0
861,2058,reg1,Electrolysis_PEM,Hydrogen,0.0
862,2059,reg1,Electrolysis_PEM,Hydrogen,0.0
863,2060,reg1,Electrolysis_PEM,Hydrogen,0.0
864,2025,reg1,SFF_PP,Electricity,3141.437615999999
865,2026,reg1,SFF_PP,Electricity,2374.0616160000004
866,2027,reg1,SFF_PP,Electricity,1393.8176159999998
867,2028,reg1,SFF_PP,Electricity,1262.417616
868,2029,reg1,SFF_PP,Electricity,1123.1336160000003
869,2030,reg1,SFF_PP,Electricity,0.0
870,2031,reg1,SFF_PP,Electricity,0.0
871,2032,reg1,SFF_PP,Electricity,0.0
872,2033,reg1,SFF_PP,Electricity,0.0
873,2034,reg1,SFF_PP,Electricity,0.0
874,2035,reg1,SFF_PP,Electricity,0.0
875,2036,reg1,SFF_PP,Electricity,0.0
876,2037,reg1,SFF_PP,Electricity,0.0
877,2038,reg1,SFF_PP,Electricity,0.0
878,2039,reg1,SFF_PP,Electricity,0.0
879,2040,reg1,SFF_PP,Electricity,0.0
880,2041,reg1,SFF_PP,Electricity,0.0
881,2042,reg1,SFF_PP,Electricity,0.0
882,2043,reg1,SFF_PP,Electricity,0.0
883,2044,reg1,SFF_PP,Electricity,0.0
884,2045,reg1,SFF_PP,Electricity,0.0
885,2046,reg1,SFF_PP,Electricity,0.0
886,2047,reg1,SFF_PP,Electricity,0.0
887,2048,reg1,SFF_PP,Electricity,0.0
888,2049,reg1,SFF_PP,Electricity,0.0
889,2050,reg1,SFF_PP,Electricity,0.0
890,2051,reg1,SFF_PP,Electricity,0.0
891,2052,reg1,SFF_PP,Electricity,0.0
892,2053,reg1,SFF_PP,Electricity,0.0
893,2054,reg1,SFF_PP,Electricity,0.0
894,2055,reg1,SFF_PP,Electricity,0.0
895,2056,reg1,SFF_PP,Electricity,0.0
896,2057,reg1,SFF_PP,Electricity,0.0
897,2058,reg1,SFF_PP,Electricity,0.0
898,2059,reg1,SFF_PP,Electricity,0.0
899,2060,reg1,SFF_PP,Electricity,0.0
900,2025,reg1,Nuc_SMR_PP,Electricity,0.0
901,2026,reg1,Nuc_SMR_PP,Electricity,0.0
902,2027,reg1,Nuc_SMR_PP,Electricity,0.0
903,2028,reg1,Nuc_SMR_PP,Electricity,0.0
904,2029,reg1,Nuc_SMR_PP,Electricity,0.0
905,2030,reg1,Nuc_SMR_PP,Electricity,0.0
906,2031,reg1,Nuc_SMR_PP,Electricity,0.0
907,2032,reg1,Nuc_SMR_PP,Electricity,0.0
908,2033,reg1,Nuc_SMR_PP,Electricity,0.0
909,2034,reg1,Nuc_SMR_PP,Electricity,0.0
910,2035,reg1,Nuc_SMR_PP,Electricity,0.0
911,2036,reg1,Nuc_SMR_PP,Electricity,0.0
912,2037,reg1,Nuc_SMR_PP,Electricity,0.0
913,2038,reg1,Nuc_SMR_PP,Electricity,0.0
914,2039,reg1,Nuc_SMR_PP,Electricity,0.0
915,2040,reg1,Nuc_SMR_PP,Electricity,0.0
916,2041,reg1,Nuc_SMR_PP,Electricity,0.0
917,2042,reg1,Nuc_SMR_PP,Electricity,0.0
918,2043,reg1,Nuc_SMR_PP,Electricity,0.0
919,2044,reg1,Nuc_SMR_PP,Electricity,0.0
920,2045,reg1,Nuc_SMR_PP,Electricity,0.0
921,2046,reg1,Nuc_SMR_PP,Electricity,0.0
922,2047,reg1,Nuc_SMR_PP,Electricity,0.0
923,2048,reg1,Nuc_SMR_PP,Electricity,0.0
924,2049,reg1,Nuc_SMR_PP,Electricity,0.0
925,2050,reg1,Nuc_SMR_PP,Electricity,0.0
926,2051,reg1,Nuc_SMR_PP,Electricity,0.0
927,2052,reg1,Nuc_SMR_PP,Electricity,0.0
928,2053,reg1,Nuc_SMR_PP,Electricity,0.0
929,2054,reg1,Nuc_SMR_PP,Electricity,0.0
930,2055,reg1,Nuc_SMR_PP,Electricity,0.0
931,2056,reg1,Nuc_SMR_PP,Electricity,0.0
932,2057,reg1,Nuc_SMR_PP,Electricity,0.0
933,2058,reg1,Nuc_SMR_PP,Electricity,0.0
934,2059,reg1,Nuc_SMR_PP,Electricity,0.0
935,2060,reg1,Nuc_SMR_PP,Electricity,0.0
936,2025,reg1,Nuc_G3+_PP,Electricity,0.0
937,2026,reg1,Nuc_G3+_PP,Electricity,0.0
938,2027,reg1,Nuc_G3+_PP,Electricity,0.0
939,2028,reg1,Nuc_G3+_PP,Electricity,0.0
940,2029,reg1,Nuc_G3+_PP,Electricity,0.0
941,2030,reg1,Nuc_G3+_PP,Electricity,0.0
942,2031,reg1,Nuc_G3+_PP,Electricity,0.0
943,2032,reg1,Nuc_G3+_PP,Electricity,0.0
944,2033,reg1,Nuc_G3+_PP,Electricity,0.0
945,2034,reg1,Nuc_G3+_PP,Electricity,0.0
946,2035,reg1,Nuc_G3+_PP,Electricity,0.0
947,2036,reg1,Nuc_G3+_PP,Electricity,0.0
948,2037,reg1,Nuc_G3+_PP,Electricity,0.0
949,2038,reg1,Nuc_G3+_PP,Electricity,0.0
950,2039,reg1,Nuc_G3+_PP,Electricity,0.0
951,2040,reg1,Nuc_G3+_PP,Electricity,0.0
952,2041,reg1,Nuc_G3+_PP,Electricity,0.0
953,2042,reg1,Nuc_G3+_PP,Electricity,0.0
954,2043,reg1,Nuc_G3+_PP,Electricity,0.0
955,2044,reg1,Nuc_G3+_PP,Electricity,0.0
956,2045,reg1,Nuc_G3+_PP,Electricity,0.0
957,2046,reg1,Nuc_G3+_PP,Electricity,0.0
958,2047,reg1,Nuc_G3+_PP,Electricity,0.0
959,2048,reg1,Nuc_G3+_PP,Electricity,0.0
960,2049,reg1,Nuc_G3+_PP,Electricity,0.0
961,2050,reg1,Nuc_G3+_PP,Electricity,0.0
962,2051,reg1,Nuc_G3+_PP,Electricity,0.0
963,2052,reg1,Nuc_G3+_PP,Electricity,0.0
964,2053,reg1,Nuc_G3+_PP,Electricity,0.0
965,2054,reg1,Nuc_G3+_PP,Electricity,0.0
966,2055,reg1,Nuc_G3+_PP,Electricity,0.0
967,2056,reg1,Nuc_G3+_PP,Electricity,0.0
968,2057,reg1,Nuc_G3+_PP,Electricity,0.0
969,2058,reg1,Nuc_G3+_PP,Electricity,0.0
970,2059,reg1,Nuc_G3+_PP,Electricity,0.0
971,2060,reg1,Nuc_G3+_PP,Electricity,0.0
972,2025,reg1,Nuc_SMR_CHP,Nuc_CHP-Heat,0.0
973,2026,reg1,Nuc_SMR_CHP,Nuc_CHP-Heat,0.0
974,2027,reg1,Nuc_SMR_CHP,Nuc_CHP-Heat,0.0
975,2028,reg1,Nuc_SMR_CHP,Nuc_CHP-Heat,0.0
976,2029,reg1,Nuc_SMR_CHP,Nuc_CHP-Heat,0.0
977,2030,reg1,Nuc_SMR_CHP,Nuc_CHP-Heat,0.0
978,2031,reg1,Nuc_SMR_CHP,Nuc_CHP-Heat,0.0
979,2032,reg1,Nuc_SMR_CHP,Nuc_CHP-Heat,0.0
980,2033,reg1,Nuc_SMR_CHP,Nuc_CHP-Heat,0.0
981,2034,reg1,Nuc_SMR_CHP,Nuc_CHP-Heat,0.0
982,2035,reg1,Nuc_SMR_CHP,Nuc_CHP-Heat,0.0
983,2036,reg1,Nuc_SMR_CHP,Nuc_CHP-Heat,0.0
984,2037,reg1,Nuc_SMR_CHP,Nuc_CHP-Heat,0.0
985,2038,reg1,Nuc_SMR_CHP,Nuc_CHP-Heat,0.0
986,2039,reg1,Nuc_SMR_CHP,Nuc_CHP-Heat,0.0
987,2040,reg1,Nuc_SMR_CHP,Nuc_CHP-Heat,0.0
988,2041,reg1,Nuc_SMR_CHP,Nuc_CHP-Heat,0.0
989,2042,reg1,Nuc_SMR_CHP,Nuc_CHP-Heat,0.0
990,2043,reg1,Nuc_SMR_CHP,Nuc_CHP-Heat,0.0
991,2044,reg1,Nuc_SMR_CHP,Nuc_CHP-Heat,0.0
992,2045,reg1,Nuc_SMR_CHP,Nuc_CHP-Heat,0.0
993,2046,reg1,Nuc_SMR_CHP,Nuc_CHP-Heat,0.0
994,2047,reg1,Nuc_SMR_CHP,Nuc_CHP-Heat,0.0
995,2048,reg1,Nuc_SMR_CHP,Nuc_CHP-Heat,0.0
996,2049,reg1,Nuc_SMR_CHP,Nuc_CHP-Heat,0.0
997,2050,reg1,Nuc_SMR_CHP,Nuc_CHP-Heat,0.0
998,2051,reg1,Nuc_SMR_CHP,Nuc_CHP-Heat,0.0
999,2052,reg1,Nuc_SMR_CHP,Nuc_CHP-Heat,0.0
1000,2053,reg1,Nuc_SMR_CHP,Nuc_CHP-Heat,0.0
1001,2054,reg1,Nuc_SMR_CHP,Nuc_CHP-Heat,0.0
1002,2055,reg1,Nuc_SMR_CHP,Nuc_CHP-Heat,0.0
1003,2056,reg1,Nuc_SMR_CHP,Nuc_CHP-Heat,0.0
1004,2057,reg1,Nuc_SMR_CHP,Nuc_CHP-Heat,0.0
1005,2058,reg1,Nuc_SMR_CHP,Nuc_CHP-Heat,0.0
1006,2059,reg1,Nuc_SMR_CHP,Nuc_CHP-Heat,0.0
1007,2060,reg1,Nuc_SMR_CHP,Nuc_CHP-Heat,0.0
1008,2025,reg1,Nuc_SMR_Power-CHP,Electricity,0.0
1009,2026,reg1,Nuc_SMR_Power-CHP,Electricity,0.0
1010,2027,reg1,Nuc_SMR_Power-CHP,Electricity,0.0
1011,2028,reg1,Nuc_SMR_Power-CHP,Electricity,0.0
1012,2029,reg1,Nuc_SMR_Power-CHP,Electricity,0.0
1013,2030,reg1,Nuc_SMR_Power-CHP,Electricity,0.0
1014,2031,reg1,Nuc_SMR_Power-CHP,Electricity,0.0
1015,2032,reg1,Nuc_SMR_Power-CHP,Electricity,0.0
1016,2033,reg1,Nuc_SMR_Power-CHP,Electricity,0.0
1017,2034,reg1,Nuc_SMR_Power-CHP,Electricity,0.0
1018,2035,reg1,Nuc_SMR_Power-CHP,Electricity,0.0
1019,2036,reg1,Nuc_SMR_Power-CHP,Electricity,0.0
1020,2037,reg1,Nuc_SMR_Power-CHP,Electricity,0.0
1021,2038,reg1,Nuc_SMR_Power-CHP,Electricity,0.0
1022,2039,reg1,Nuc_SMR_Power-CHP,Electricity,0.0
1023,2040,reg1,Nuc_SMR_Power-CHP,Electricity,0.0
1024,2041,reg1,Nuc_SMR_Power-CHP,Electricity,0.0
1025,2042,reg1,Nuc_SMR_Power-CHP,Electricity,0.0
1026,2043,reg1,Nuc_SMR_Power-CHP,Electricity,0.0
1027,2044,reg1,Nuc_SMR_Power-CHP,Electricity,0.0
1028,2045,reg1,Nuc_SMR_Power-CHP,Electricity,0.0
1029,2046,reg1,Nuc_SMR_Power-CHP,Electricity,0.0
1030,2047,reg1,Nuc_SMR_Power-CHP,Electricity,0.0
1031,2048,reg1,Nuc_SMR_Power-CHP,Electricity,0.0
1032,2049,reg1,Nuc_SMR_Power-CHP,Electricity,0.0
1033,2050,reg1,Nuc_SMR_Power-CHP,Electricity,0.0
1034,2051,reg1,Nuc_SMR_Power-CHP,Electricity,0.0
1035,2052,reg1,Nuc_SMR_Power-CHP,Electricity,0.0
1036,2053,reg1,Nuc_SMR_Power-CHP,Electricity,0.0
1037,2054,reg1,Nuc_SMR_Power-CHP,Electricity,0.0
1038,2055,reg1,Nuc_SMR_Power-CHP,Electricity,0.0
1039,2056,reg1,Nuc_SMR_Power-CHP,Electricity,0.0
1040,2057,reg1,Nuc_SMR_Power-CHP,Electricity,0.0
1041,2058,reg1,Nuc_SMR_Power-CHP,Electricity,0.0
1042,2059,reg1,Nuc_SMR_Power-CHP,Electricity,0.0
1043,2060,reg1,Nuc_SMR_Power-CHP,Electricity,0.0
1044,2025,reg1,Nuc_SMR_Heat-CHP,Nuc_SMR-Heat,0.0
1045,2026,reg1,Nuc_SMR_Heat-CHP,Nuc_SMR-Heat,0.0
1046,2027,reg1,Nuc_SMR_Heat-CHP,Nuc_SMR-Heat,0.0
1047,2028,reg1,Nuc_SMR_Heat-CHP,Nuc_SMR-Heat,0.0
1048,2029,reg1,Nuc_SMR_Heat-CHP,Nuc_SMR-Heat,0.0
1049,2030,reg1,Nuc_SMR_Heat-CHP,Nuc_SMR-Heat,0.0
1050,2031,reg1,Nuc_SMR_Heat-CHP,Nuc_SMR-Heat,0.0
1051,2032,reg1,Nuc_SMR_Heat-CHP,Nuc_SMR-Heat,0.0
1052,2033,reg1,Nuc_SMR_Heat-CHP,Nuc_SMR-Heat,0.0
1053,2034,reg1,Nuc_SMR_Heat-CHP,Nuc_SMR-Heat,0.0
1054,2035,reg1,Nuc_SMR_Heat-CHP,Nuc_SMR-Heat,0.0
1055,2036,reg1,Nuc_SMR_Heat-CHP,Nuc_SMR-Heat,0.0
1056,2037,reg1,Nuc_SMR_Heat-CHP,Nuc_SMR-Heat,0.0
1057,2038,reg1,Nuc_SMR_Heat-CHP,Nuc_SMR-Heat,0.0
1058,2039,reg1,Nuc_SMR_Heat-CHP,Nuc_SMR-Heat,0.0
1059,2040,reg1,Nuc_SMR_Heat-CHP,Nuc_SMR-Heat,0.0
1060,2041,reg1,Nuc_SMR_Heat-CHP,Nuc_SMR-Heat,0.0
1061,2042,reg1,Nuc_SMR_Heat-CHP,Nuc_SMR-Heat,0.0
1062,2043,reg1,Nuc_SMR_Heat-CHP,Nuc_SMR-Heat,0.0
1063,2044,reg1,Nuc_SMR_Heat-CHP,Nuc_SMR-Heat,0.0
1064,2045,reg1,Nuc_SMR_Heat-CHP,Nuc_SMR-Heat,0.0
1065,2046,reg1,Nuc_SMR_Heat-CHP,Nuc_SMR-Heat,0.0
1066,2047,reg1,Nuc_SMR_Heat-CHP,Nuc_SMR-Heat,0.0
1067,2048,reg1,Nuc_SMR_Heat-CHP,Nuc_SMR-Heat,0.0
1068,2049,reg1,Nuc_SMR_Heat-CHP,Nuc_SMR-Heat,0.0
1069,2050,reg1,Nuc_SMR_Heat-CHP,Nuc_SMR-Heat,0.0
1070,2051,reg1,Nuc_SMR_Heat-CHP,Nuc_SMR-Heat,0.0
1071,2052,reg1,Nuc_SMR_Heat-CHP,Nuc_SMR-Heat,0.0
1072,2053,reg1,Nuc_SMR_Heat-CHP,Nuc_SMR-Heat,0.0
1073,2054,reg1,Nuc_SMR_Heat-CHP,Nuc_SMR-Heat,0.0
1074,2055,reg1,Nuc_SMR_Heat-CHP,Nuc_SMR-Heat,0.0
1075,2056,reg1,Nuc_SMR_Heat-CHP,Nuc_SMR-Heat,0.0
1076,2057,reg1,Nuc_SMR_Heat-CHP,Nuc_SMR-Heat,0.0
1077,2058,reg1,Nuc_SMR_Heat-CHP,Nuc_SMR-Heat,0.0
1078,2059,reg1,Nuc_SMR_Heat-CHP,Nuc_SMR-Heat,0.0
1079,2060,reg1,Nuc_SMR_Heat-CHP,Nuc_SMR-Heat,0.0
1080,2025,reg1,Nuc_SMR-H2_CHP,Nuc_CHP-H2-Heat,0.0
1081,2026,reg1,Nuc_SMR-H2_CHP,Nuc_CHP-H2-Heat,0.0
1082,2027,reg1,Nuc_SMR-H2_CHP,Nuc_CHP-H2-Heat,0.0
1083,2028,reg1,Nuc_SMR-H2_CHP,Nuc_CHP-H2-Heat,0.0
1084,2029,reg1,Nuc_SMR-H2_CHP,Nuc_CHP-H2-Heat,0.0
1085,2030,reg1,Nuc_SMR-H2_CHP,Nuc_CHP-H2-Heat,0.0
1086,2031,reg1,Nuc_SMR-H2_CHP,Nuc_CHP-H2-Heat,0.0
1087,2032,reg1,Nuc_SMR-H2_CHP,Nuc_CHP-H2-Heat,0.0
1088,2033,reg1,Nuc_SMR-H2_CHP,Nuc_CHP-H2-Heat,0.0
1089,2034,reg1,Nuc_SMR-H2_CHP,Nuc_CHP-H2-Heat,0.0
1090,2035,reg1,Nuc_SMR-H2_CHP,Nuc_CHP-H2-Heat,0.0
1091,2036,reg1,Nuc_SMR-H2_CHP,Nuc_CHP-H2-Heat,0.0
1092,2037,reg1,Nuc_SMR-H2_CHP,Nuc_CHP-H2-Heat,0.0
1093,2038,reg1,Nuc_SMR-H2_CHP,Nuc_CHP-H2-Heat,0.0
1094,2039,reg1,Nuc_SMR-H2_CHP,Nuc_CHP-H2-Heat,0.0
1095,2040,reg1,Nuc_SMR-H2_CHP,Nuc_CHP-H2-Heat,0.0
1096,2041,reg1,Nuc_SMR-H2_CHP,Nuc_CHP-H2-Heat,0.0
1097,2042,reg1,Nuc_SMR-H2_CHP,Nuc_CHP-H2-Heat,0.0
1098,2043,reg1,Nuc_SMR-H2_CHP,Nuc_CHP-H2-Heat,0.0
1099,2044,reg1,Nuc_SMR-H2_CHP,Nuc_CHP-H2-Heat,0.0
1100,2045,reg1,Nuc_SMR-H2_CHP,Nuc_CHP-H2-Heat,0.0
1101,2046,reg1,Nuc_SMR-H2_CHP,Nuc_CHP-H2-Heat,0.0
1102,2047,reg1,Nuc_SMR-H2_CHP,Nuc_CHP-H2-Heat,0.0
1103,2048,reg1,Nuc_SMR-H2_CHP,Nuc_CHP-H2-Heat,0.0
1104,2049,reg1,Nuc_SMR-H2_CHP,Nuc_CHP-H2-Heat,0.0
1105,2050,reg1,Nuc_SMR-H2_CHP,Nuc_CHP-H2-Heat,0.0
1106,2051,reg1,Nuc_SMR-H2_CHP,Nuc_CHP-H2-Heat,0.0
1107,2052,reg1,Nuc_SMR-H2_CHP,Nuc_CHP-H2-Heat,0.0
1108,2053,reg1,Nuc_SMR-H2_CHP,Nuc_CHP-H2-Heat,0.0
1109,2054,reg1,Nuc_SMR-H2_CHP,Nuc_CHP-H2-Heat,0.0
1110,2055,reg1,Nuc_SMR-H2_CHP,Nuc_CHP-H2-Heat,0.0
1111,2056,reg1,Nuc_SMR-H2_CHP,Nuc_CHP-H2-Heat,0.0
1112,2057,reg1,Nuc_SMR-H2_CHP,Nuc_CHP-H2-Heat,0.0
1113,2058,reg1,Nuc_SMR-H2_CHP,Nuc_CHP-H2-Heat,0.0
1114,2059,reg1,Nuc_SMR-H2_CHP,Nuc_CHP-H2-Heat,0.0
1115,2060,reg1,Nuc_SMR-H2_CHP,Nuc_CHP-H2-Heat,0.0
1116,2025,reg1,Nuc_SMR-H2_Power-CHP,Electricity,0.0
1117,2026,reg1,Nuc_SMR-H2_Power-CHP,Electricity,0.0
1118,2027,reg1,Nuc_SMR-H2_Power-CHP,Electricity,0.0
1119,2028,reg1,Nuc_SMR-H2_Power-CHP,Electricity,0.0
1120,2029,reg1,Nuc_SMR-H2_Power-CHP,Electricity,0.0
1121,2030,reg1,Nuc_SMR-H2_Power-CHP,Electricity,0.0
1122,2031,reg1,Nuc_SMR-H2_Power-CHP,Electricity,0.0
1123,2032,reg1,Nuc_SMR-H2_Power-CHP,Electricity,0.0
1124,2033,reg1,Nuc_SMR-H2_Power-CHP,Electricity,0.0
1125,2034,reg1,Nuc_SMR-H2_Power-CHP,Electricity,0.0
1126,2035,reg1,Nuc_SMR-H2_Power-CHP,Electricity,0.0
1127,2036,reg1,Nuc_SMR-H2_Power-CHP,Electricity,0.0
1128,2037,reg1,Nuc_SMR-H2_Power-CHP,Electricity,0.0
1129,2038,reg1,Nuc_SMR-H2_Power-CHP,Electricity,0.0
1130,2039,reg1,Nuc_SMR-H2_Power-CHP,Electricity,0.0
1131,2040,reg1,Nuc_SMR-H2_Power-CHP,Electricity,0.0
1132,2041,reg1,Nuc_SMR-H2_Power-CHP,Electricity,0.0
1133,2042,reg1,Nuc_SMR-H2_Power-CHP,Electricity,0.0
1134,2043,reg1,Nuc_SMR-H2_Power-CHP,Electricity,0.0
1135,2044,reg1,Nuc_SMR-H2_Power-CHP,Electricity,0.0
1136,2045,reg1,Nuc_SMR-H2_Power-CHP,Electricity,0.0
1137,2046,reg1,Nuc_SMR-H2_Power-CHP,Electricity,0.0
1138,2047,reg1,Nuc_SMR-H2_Power-CHP,Electricity,0.0
1139,2048,reg1,Nuc_SMR-H2_Power-CHP,Electricity,0.0
1140,2049,reg1,Nuc_SMR-H2_Power-CHP,Electricity,0.0
1141,2050,reg1,Nuc_SMR-H2_Power-CHP,Electricity,0.0
1142,2051,reg1,Nuc_SMR-H2_Power-CHP,Electricity,0.0
1143,2052,reg1,Nuc_SMR-H2_Power-CHP,Electricity,0.0
1144,2053,reg1,Nuc_SMR-H2_Power-CHP,Electricity,0.0
1145,2054,reg1,Nuc_SMR-H2_Power-CHP,Electricity,0.0
1146,2055,reg1,Nuc_SMR-H2_Power-CHP,Electricity,0.0
1147,2056,reg1,Nuc_SMR-H2_Power-CHP,Electricity,0.0
1148,2057,reg1,Nuc_SMR-H2_Power-CHP,Electricity,0.0
1149,2058,reg1,Nuc_SMR-H2_Power-CHP,Electricity,0.0
1150,2059,reg1,Nuc_SMR-H2_Power-CHP,Electricity,0.0
1151,2060,reg1,Nuc_SMR-H2_Power-CHP,Electricity,0.0
1152,2025,reg1,Nuc_SMR-H2_Heat-CHP,Nuc_SMR-H2-Heat,0.0
1153,2026,reg1,Nuc_SMR-H2_Heat-CHP,Nuc_SMR-H2-Heat,0.0
1154,2027,reg1,Nuc_SMR-H2_Heat-CHP,Nuc_SMR-H2-Heat,0.0
1155,2028,reg1,Nuc_SMR-H2_Heat-CHP,Nuc_SMR-H2-Heat,0.0
1156,2029,reg1,Nuc_SMR-H2_Heat-CHP,Nuc_SMR-H2-Heat,0.0
1157,2030,reg1,Nuc_SMR-H2_Heat-CHP,Nuc_SMR-H2-Heat,0.0
1158,2031,reg1,Nuc_SMR-H2_Heat-CHP,Nuc_SMR-H2-Heat,0.0
1159,2032,reg1,Nuc_SMR-H2_Heat-CHP,Nuc_SMR-H2-Heat,0.0
1160,2033,reg1,Nuc_SMR-H2_Heat-CHP,Nuc_SMR-H2-Heat,0.0
1161,2034,reg1,Nuc_SMR-H2_Heat-CHP,Nuc_SMR-H2-Heat,0.0
1162,2035,reg1,Nuc_SMR-H2_Heat-CHP,Nuc_SMR-H2-Heat,0.0
1163,2036,reg1,Nuc_SMR-H2_Heat-CHP,Nuc_SMR-H2-Heat,0.0
1164,2037,reg1,Nuc_SMR-H2_Heat-CHP,Nuc_SMR-H2-Heat,0.0
1165,2038,reg1,Nuc_SMR-H2_Heat-CHP,Nuc_SMR-H2-Heat,0.0
1166,2039,reg1,Nuc_SMR-H2_Heat-CHP,Nuc_SMR-H2-Heat,0.0
1167,2040,reg1,Nuc_SMR-H2_Heat-CHP,Nuc_SMR-H2-Heat,0.0
1168,2041,reg1,Nuc_SMR-H2_Heat-CHP,Nuc_SMR-H2-Heat,0.0
1169,2042,reg1,Nuc_SMR-H2_Heat-CHP,Nuc_SMR-H2-Heat,0.0
1170,2043,reg1,Nuc_SMR-H2_Heat-CHP,Nuc_SMR-H2-Heat,0.0
1171,2044,reg1,Nuc_SMR-H2_Heat-CHP,Nuc_SMR-H2-Heat,0.0
1172,2045,reg1,Nuc_SMR-H2_Heat-CHP,Nuc_SMR-H2-Heat,0.0
1173,2046,reg1,Nuc_SMR-H2_Heat-CHP,Nuc_SMR-H2-Heat,0.0
1174,2047,reg1,Nuc_SMR-H2_Heat-CHP,Nuc_SMR-H2-Heat,0.0
1175,2048,reg1,Nuc_SMR-H2_Heat-CHP,Nuc_SMR-H2-Heat,0.0
1176,2049,reg1,Nuc_SMR-H2_Heat-CHP,Nuc_SMR-H2-Heat,0.0
1177,2050,reg1,Nuc_SMR-H2_Heat-CHP,Nuc_SMR-H2-Heat,0.0
1178,2051,reg1,Nuc_SMR-H2_Heat-CHP,Nuc_SMR-H2-Heat,0.0
1179,2052,reg1,Nuc_SMR-H2_Heat-CHP,Nuc_SMR-H2-Heat,0.0
1180,2053,reg1,Nuc_SMR-H2_Heat-CHP,Nuc_SMR-H2-Heat,0.0
1181,2054,reg1,Nuc_SMR-H2_Heat-CHP,Nuc_SMR-H2-Heat,0.0
1182,2055,reg1,Nuc_SMR-H2_Heat-CHP,Nuc_SMR-H2-Heat,0.0
1183,2056,reg1,Nuc_SMR-H2_Heat-CHP,Nuc_SMR-H2-Heat,0.0
1184,2057,reg1,Nuc_SMR-H2_Heat-CHP,Nuc_SMR-H2-Heat,0.0
1185,2058,reg1,Nuc_SMR-H2_Heat-CHP,Nuc_SMR-H2-Heat,0.0
1186,2059,reg1,Nuc_SMR-H2_Heat-CHP,Nuc_SMR-H2-Heat,0.0
1187,2060,reg1,Nuc_SMR-H2_Heat-CHP,Nuc_SMR-H2-Heat,0.0
1188,2025,reg1,NGCC-CCS_CHP,NGCC_CHP-Heat,0.0
1189,2026,reg1,NGCC-CCS_CHP,NGCC_CHP-Heat,0.0
1190,2027,reg1,NGCC-CCS_CHP,NGCC_CHP-Heat,0.0
1191,2028,reg1,NGCC-CCS_CHP,NGCC_CHP-Heat,0.0
1192,2029,reg1,NGCC-CCS_CHP,NGCC_CHP-Heat,0.0
1193,2030,reg1,NGCC-CCS_CHP,NGCC_CHP-Heat,0.0
1194,2031,reg1,NGCC-CCS_CHP,NGCC_CHP-Heat,0.0
1195,2032,reg1,NGCC-CCS_CHP,NGCC_CHP-Heat,0.0
1196,2033,reg1,NGCC-CCS_CHP,NGCC_CHP-Heat,0.0
1197,2034,reg1,NGCC-CCS_CHP,NGCC_CHP-Heat,0.0
1198,2035,reg1,NGCC-CCS_CHP,NGCC_CHP-Heat,0.0
1199,2036,reg1,NGCC-CCS_CHP,NGCC_CHP-Heat,0.0
1200,2037,reg1,NGCC-CCS_CHP,NGCC_CHP-Heat,0.0
1201,2038,reg1,NGCC-CCS_CHP,NGCC_CHP-Heat,0.0
1202,2039,reg1,NGCC-CCS_CHP,NGCC_CHP-Heat,0.0
1203,2040,reg1,NGCC-CCS_CHP,NGCC_CHP-Heat,0.0
1204,2041,reg1,NGCC-CCS_CHP,NGCC_CHP-Heat,0.0
1205,2042,reg1,NGCC-CCS_CHP,NGCC_CHP-Heat,0.0
1206,2043,reg1,NGCC-CCS_CHP,NGCC_CHP-Heat,0.0
1207,2044,reg1,NGCC-CCS_CHP,NGCC_CHP-Heat,0.0
1208,2045,reg1,NGCC-CCS_CHP,NGCC_CHP-Heat,0.0
1209,2046,reg1,NGCC-CCS_CHP,NGCC_CHP-Heat,0.0
1210,2047,reg1,NGCC-CCS_CHP,NGCC_CHP-Heat,0.0
1211,2048,reg1,NGCC-CCS_CHP,NGCC_CHP-Heat,0.0
1212,2049,reg1,NGCC-CCS_CHP,NGCC_CHP-Heat,0.0
1213,2050,reg1,NGCC-CCS_CHP,NGCC_CHP-Heat,0.0
1214,2051,reg1,NGCC-CCS_CHP,NGCC_CHP-Heat,0.0
1215,2052,reg1,NGCC-CCS_CHP,NGCC_CHP-Heat,0.0
1216,2053,reg1,NGCC-CCS_CHP,NGCC_CHP-Heat,0.0
1217,2054,reg1,NGCC-CCS_CHP,NGCC_CHP-Heat,0.0
1218,2055,reg1,NGCC-CCS_CHP,NGCC_CHP-Heat,0.0
1219,2056,reg1,NGCC-CCS_CHP,NGCC_CHP-Heat,0.0
1220,2057,reg1,NGCC-CCS_CHP,NGCC_CHP-Heat,0.0
1221,2058,reg1,NGCC-CCS_CHP,NGCC_CHP-Heat,0.0
1222,2059,reg1,NGCC-CCS_CHP,NGCC_CHP-Heat,0.0
1223,2060,reg1,NGCC-CCS_CHP,NGCC_CHP-Heat,0.0
1224,2025,reg1,NGCC-CCS_Power-CHP,Electricity,0.0
1225,2026,reg1,NGCC-CCS_Power-CHP,Electricity,0.0
1226,2027,reg1,NGCC-CCS_Power-CHP,Electricity,0.0
1227,2028,reg1,NGCC-CCS_Power-CHP,Electricity,0.0
1228,2029,reg1,NGCC-CCS_Power-CHP,Electricity,0.0
1229,2030,reg1,NGCC-CCS_Power-CHP,Electricity,0.0
1230,2031,reg1,NGCC-CCS_Power-CHP,Electricity,0.0
1231,2032,reg1,NGCC-CCS_Power-CHP,Electricity,0.0
1232,2033,reg1,NGCC-CCS_Power-CHP,Electricity,0.0
1233,2034,reg1,NGCC-CCS_Power-CHP,Electricity,0.0
1234,2035,reg1,NGCC-CCS_Power-CHP,Electricity,0.0
1235,2036,reg1,NGCC-CCS_Power-CHP,Electricity,0.0
1236,2037,reg1,NGCC-CCS_Power-CHP,Electricity,0.0
1237,2038,reg1,NGCC-CCS_Power-CHP,Electricity,0.0
1238,2039,reg1,NGCC-CCS_Power-CHP,Electricity,0.0
1239,2040,reg1,NGCC-CCS_Power-CHP,Electricity,0.0
1240,2041,reg1,NGCC-CCS_Power-CHP,Electricity,0.0
1241,2042,reg1,NGCC-CCS_Power-CHP,Electricity,0.0
1242,2043,reg1,NGCC-CCS_Power-CHP,Electricity,0.0
1243,2044,reg1,NGCC-CCS_Power-CHP,Electricity,0.0
1244,2045,reg1,NGCC-CCS_Power-CHP,Electricity,0.0
1245,2046,reg1,NGCC-CCS_Power-CHP,Electricity,0.0
1246,2047,reg1,NGCC-CCS_Power-CHP,Electricity,0.0
1247,2048,reg1,NGCC-CCS_Power-CHP,Electricity,0.0
1248,2049,reg1,NGCC-CCS_Power-CHP,Electricity,0.0
1249,2050,reg1,NGCC-CCS_Power-CHP,Electricity,0.0
1250,2051,reg1,NGCC-CCS_Power-CHP,Electricity,0.0
1251,2052,reg1,NGCC-CCS_Power-CHP,Electricity,0.0
1252,2053,reg1,NGCC-CCS_Power-CHP,Electricity,0.0
1253,2054,reg1,NGCC-CCS_Power-CHP,Electricity,0.0
1254,2055,reg1,NGCC-CCS_Power-CHP,Electricity,0.0
1255,2056,reg1,NGCC-CCS_Power-CHP,Electricity,0.0
1256,2057,reg1,NGCC-CCS_Power-CHP,Electricity,0.0
1257,2058,reg1,NGCC-CCS_Power-CHP,Electricity,0.0
1258,2059,reg1,NGCC-CCS_Power-CHP,Electricity,0.0
1259,2060,reg1,NGCC-CCS_Power-CHP,Electricity,0.0
1260,2025,reg1,NGCC-CCS_Heat-CHP,Heat,0.0
1261,2026,reg1,NGCC-CCS_Heat-CHP,Heat,0.0
1262,2027,reg1,NGCC-CCS_Heat-CHP,Heat,0.0
1263,2028,reg1,NGCC-CCS_Heat-CHP,Heat,0.0
1264,2029,reg1,NGCC-CCS_Heat-CHP,Heat,0.0
1265,2030,reg1,NGCC-CCS_Heat-CHP,Heat,0.0
1266,2031,reg1,NGCC-CCS_Heat-CHP,Heat,0.0
1267,2032,reg1,NGCC-CCS_Heat-CHP,Heat,0.0
1268,2033,reg1,NGCC-CCS_Heat-CHP,Heat,0.0
1269,2034,reg1,NGCC-CCS_Heat-CHP,Heat,0.0
1270,2035,reg1,NGCC-CCS_Heat-CHP,Heat,0.0
1271,2036,reg1,NGCC-CCS_Heat-CHP,Heat,0.0
1272,2037,reg1,NGCC-CCS_Heat-CHP,Heat,0.0
1273,2038,reg1,NGCC-CCS_Heat-CHP,Heat,0.0
1274,2039,reg1,NGCC-CCS_Heat-CHP,Heat,0.0
1275,2040,reg1,NGCC-CCS_Heat-CHP,Heat,0.0
1276,2041,reg1,NGCC-CCS_Heat-CHP,Heat,0.0
1277,2042,reg1,NGCC-CCS_Heat-CHP,Heat,0.0
1278,2043,reg1,NGCC-CCS_Heat-CHP,Heat,0.0
1279,2044,reg1,NGCC-CCS_Heat-CHP,Heat,0.0
1280,2045,reg1,NGCC-CCS_Heat-CHP,Heat,0.0
1281,2046,reg1,NGCC-CCS_Heat-CHP,Heat,0.0
1282,2047,reg1,NGCC-CCS_Heat-CHP,Heat,0.0
1283,2048,reg1,NGCC-CCS_Heat-CHP,Heat,0.0
1284,2049,reg1,NGCC-CCS_Heat-CHP,Heat,0.0
1285,2050,reg1,NGCC-CCS_Heat-CHP,Heat,0.0
1286,2051,reg1,NGCC-CCS_Heat-CHP,Heat,0.0
1287,2052,reg1,NGCC-CCS_Heat-CHP,Heat,0.0
1288,2053,reg1,NGCC-CCS_Heat-CHP,Heat,0.0
1289,2054,reg1,NGCC-CCS_Heat-CHP,Heat,0.0
1290,2055,reg1,NGCC-CCS_Heat-CHP,Heat,0.0
1291,2056,reg1,NGCC-CCS_Heat-CHP,Heat,0.0
1292,2057,reg1,NGCC-CCS_Heat-CHP,Heat,0.0
1293,2058,reg1,NGCC-CCS_Heat-CHP,Heat,0.0
1294,2059,reg1,NGCC-CCS_Heat-CHP,Heat,0.0
1295,2060,reg1,NGCC-CCS_Heat-CHP,Heat,0.0
1296,2025,reg1,NG_PP,Electricity,44559.68287971747
1297,2026,reg1,NG_PP,Electricity,42923.57397434073
1298,2027,reg1,NG_PP,Electricity,32257.1847502397
1299,2028,reg1,NG_PP,Electricity,25538.842995629057
1300,2029,reg1,NG_PP,Electricity,21350.100074377933
1301,2030,reg1,NG_PP,Electricity,18390.556457614828
1302,2031,reg1,NG_PP,Electricity,15432.964687868121
1303,2032,reg1,NG_PP,Electricity,14650.714090255673
1304,2033,reg1,NG_PP,Electricity,13947.865506082013
1305,2034,reg1,NG_PP,Electricity,14024.805315194677
1306,2035,reg1,NG_PP,Electricity,13970.079797111017
1307,2036,reg1,NG_PP,Electricity,15510.046991649306
1308,2037,reg1,NG_PP,Electricity,17088.6002404144
1309,2038,reg1,NG_PP,Electricity,16512.245003241907
1310,2039,reg1,NG_PP,Electricity,14205.98207307524
1311,2040,reg1,NG_PP,Electricity,14146.289759778969
1312,2041,reg1,NG_PP,Electricity,16268.53532363196
1313,2042,reg1,NG_PP,Electricity,20603.782805377923
1314,2043,reg1,NG_PP,Electricity,21902.32706452622
1315,2044,reg1,NG_PP,Electricity,22946.836045360986
1316,2045,reg1,NG_PP,Electricity,25420.756269327336
1317,2046,reg1,NG_PP,Electricity,22207.375796886303
1318,2047,reg1,NG_PP,Electricity,22785.680679410594
1319,2048,reg1,NG_PP,Electricity,19764.698137842202
1320,2049,reg1,NG_PP,Electricity,15585.081016549877
1321,2050,reg1,NG_PP,Electricity,9623.747877186273
1322,2051,reg1,NG_PP,Electricity,9898.229841808392
1323,2052,reg1,NG_PP,Electricity,7393.824200967521
1324,2053,reg1,NG_PP,Electricity,2967.5273043583093
1325,2054,reg1,NG_PP,Electricity,2026.2599430736536
1326,2055,reg1,NG_PP,Electricity,0.0
1327,2056,reg1,NG_PP,Electricity,304.44733923882075
1328,2057,reg1,NG_PP,Electricity,1325.450256499957
1329,2058,reg1,NG_PP,Electricity,6386.725082895602
1330,2059,reg1,NG_PP,Electricity,8979.145304483081
1331,2060,reg1,NG_PP,Electricity,11398.392953058192
1332,2025,reg1,NG_PP_CCS,Electricity,0.0
1333,2026,reg1,NG_PP_CCS,Electricity,0.0
1334,2027,reg1,NG_PP_CCS,Electricity,0.0
1335,2028,reg1,NG_PP_CCS,Electricity,0.0
1336,2029,reg1,NG_PP_CCS,Electricity,0.0
1337,2030,reg1,NG_PP_CCS,Electricity,0.0
1338,2031,reg1,NG_PP_CCS,Electricity,0.0
1339,2032,reg1,NG_PP_CCS,Electricity,0.0
1340,2033,reg1,NG_PP_CCS,Electricity,0.0
1341,2034,reg1,NG_PP_CCS,Electricity,0.0
1342,2035,reg1,NG_PP_CCS,Electricity,0.0
1343,2036,reg1,NG_PP_CCS,Electricity,0.0
1344,2037,reg1,NG_PP_CCS,Electricity,0.0
1345,2038,reg1,NG_PP_CCS,Electricity,0.0
1346,2039,reg1,NG_PP_CCS,Electricity,0.0
1347,2040,reg1,NG_PP_CCS,Electricity,0.0
1348,2041,reg1,NG_PP_CCS,Electricity,0.0
1349,2042,reg1,NG_PP_CCS,Electricity,0.0
1350,2043,reg1,NG_PP_CCS,Electricity,0.0
1351,2044,reg1,NG_PP_CCS,Electricity,0.0
1352,2045,reg1,NG_PP_CCS,Electricity,0.0
1353,2046,reg1,NG_PP_CCS,Electricity,0.0
1354,2047,reg1,NG_PP_CCS,Electricity,0.0
1355,2048,reg1,NG_PP_CCS,Electricity,0.0
1356,2049,reg1,NG_PP_CCS,Electricity,0.0
1357,2050,reg1,NG_PP_CCS,Electricity,0.0
1358,2051,reg1,NG_PP_CCS,Electricity,0.0
1359,2052,reg1,NG_PP_CCS,Electricity,0.0
1360,2053,reg1,NG_PP_CCS,Electricity,0.0
1361,2054,reg1,NG_PP_CCS,Electricity,0.0
1362,2055,reg1,NG_PP_CCS,Electricity,0.0
1363,2056,reg1,NG_PP_CCS,Electricity,0.0
1364,2057,reg1,NG_PP_CCS,Electricity,0.0
1365,2058,reg1,NG_PP_CCS,Electricity,0.0
1366,2059,reg1,NG_PP_CCS,Electricity,0.0
1367,2060,reg1,NG_PP_CCS,Electricity,0.0
1368,2025,reg1,Electrolysis_HTSE,Hydrogen,0.0
1369,2026,reg1,Electrolysis_HTSE,Hydrogen,0.0
1370,2027,reg1,Electrolysis_HTSE,Hydrogen,0.0
1371,2028,reg1,Electrolysis_HTSE,Hydrogen,0.0
1372,2029,reg1,Electrolysis_HTSE,Hydrogen,0.0
1373,2030,reg1,Electrolysis_HTSE,Hydrogen,0.0
1374,2031,reg1,Electrolysis_HTSE,Hydrogen,0.0
1375,2032,reg1,Electrolysis_HTSE,Hydrogen,0.0
1376,2033,reg1,Electrolysis_HTSE,Hydrogen,0.0
1377,2034,reg1,Electrolysis_HTSE,Hydrogen,0.0
1378,2035,reg1,Electrolysis_HTSE,Hydrogen,0.0
1379,2036,reg1,Electrolysis_HTSE,Hydrogen,0.0
1380,2037,reg1,Electrolysis_HTSE,Hydrogen,0.0
1381,2038,reg1,Electrolysis_HTSE,Hydrogen,0.0
1382,2039,reg1,Electrolysis_HTSE,Hydrogen,0.0
1383,2040,reg1,Electrolysis_HTSE,Hydrogen,0.0
1384,2041,reg1,Electrolysis_HTSE,Hydrogen,0.0
1385,2042,reg1,Electrolysis_HTSE,Hydrogen,0.0
1386,2043,reg1,Electrolysis_HTSE,Hydrogen,0.0
1387,2044,reg1,Electrolysis_HTSE,Hydrogen,0.0
1388,2045,reg1,Electrolysis_HTSE,Hydrogen,0.0
1389,2046,reg1,Electrolysis_HTSE,Hydrogen,0.0
1390,2047,reg1,Electrolysis_HTSE,Hydrogen,0.0
1391,2048,reg1,Electrolysis_HTSE,Hydrogen,0.0
1392,2049,reg1,Electrolysis_HTSE,Hydrogen,0.0
1393,2050,reg1,Electrolysis_HTSE,Hydrogen,0.0
1394,2051,reg1,Electrolysis_HTSE,Hydrogen,0.0
1395,2052,reg1,Electrolysis_HTSE,Hydrogen,0.0
1396,2053,reg1,Electrolysis_HTSE,Hydrogen,0.0
1397,2054,reg1,Electrolysis_HTSE,Hydrogen,0.0
1398,2055,reg1,Electrolysis_HTSE,Hydrogen,0.0
1399,2056,reg1,Electrolysis_HTSE,Hydrogen,0.0
1400,2057,reg1,Electrolysis_HTSE,Hydrogen,0.0
1401,2058,reg1,Electrolysis_HTSE,Hydrogen,0.0
1402,2059,reg1,Electrolysis_HTSE,Hydrogen,1.4721300519063117e-07
1403,2060,reg1,Electrolysis_HTSE,Hydrogen,0.0
1404,2025,reg1,NG_CHP_P,Electricity,74739.60902740592
1405,2026,reg1,NG_CHP_P,Electricity,77996.5124831621
1406,2027,reg1,NG_CHP_P,Electricity,81102.95535337775
1407,2028,reg1,NG_CHP_P,Electricity,82592.37613440001
1408,2029,reg1,NG_CHP_P,Electricity,79533.40095360002
1409,2030,reg1,NG_CHP_P,Electricity,76474.42577280005
1410,2031,reg1,NG_CHP_P,Electricity,73415.45059200004
1411,2032,reg1,NG_CHP_P,Electricity,67973.95065766064
1412,2033,reg1,NG_CHP_P,Electricity,62896.062287236484
1413,2034,reg1,NG_CHP_P,Electricity,57236.14162590318
1414,2035,reg1,NG_CHP_P,Electricity,53847.21519954472
1415,2036,reg1,NG_CHP_P,Electricity,51320.38284454617
1416,2037,reg1,NG_CHP_P,Electricity,49448.614522747455
1417,2038,reg1,NG_CHP_P,Electricity,47165.46510031161
1418,2039,reg1,NG_CHP_P,Electricity,44150.79152252912
1419,2040,reg1,NG_CHP_P,Electricity,38237.22830400002
1420,2041,reg1,NG_CHP_P,Electricity,37772.29974516348
1421,2042,reg1,NG_CHP_P,Electricity,35656.15487086934
1422,2043,reg1,NG_CHP_P,Electricity,35804.32167799753
1423,2044,reg1,NG_CHP_P,Electricity,36245.14308782674
1424,2045,reg1,NG_CHP_P,Electricity,35499.68754111455
1425,2046,reg1,NG_CHP_P,Electricity,36449.85475413827
1426,2047,reg1,NG_CHP_P,Electricity,36254.09404680352
1427,2048,reg1,NG_CHP_P,Electricity,35458.98956106928
1428,2049,reg1,NG_CHP_P,Electricity,35094.98158586415
1429,2050,reg1,NG_CHP_P,Electricity,36022.42431809994
1430,2051,reg1,NG_CHP_P,Electricity,35953.82153181384
1431,2052,reg1,NG_CHP_P,Electricity,38741.47997114524
1432,2053,reg1,NG_CHP_P,Electricity,43571.92599046474
1433,2054,reg1,NG_CHP_P,Electricity,47239.92804207256
1434,2055,reg1,NG_CHP_P,Electricity,51436.538014760015
1435,2056,reg1,NG_CHP_P,Electricity,54230.59271312947
1436,2057,reg1,NG_CHP_P,Electricity,55124.03457458559
1437,2058,reg1,NG_CHP_P,Electricity,55905.33669177758
1438,2059,reg1,NG_CHP_P,Electricity,56045.172329690286
1439,2060,reg1,NG_CHP_P,Electricity,56147.936187815125
1440,2025,reg1,NG_CHP_P,Heat,38502.22283230002
1441,2026,reg1,NG_CHP_P,Heat,40180.02158223503
1442,2027,reg1,NG_CHP_P,Heat,41780.310333558235
1443,2028,reg1,NG_CHP_P,Heat,42547.5877056
1444,2029,reg1,NG_CHP_P,Heat,40971.75200640001
1445,2030,reg1,NG_CHP_P,Heat,39395.91630720003
1446,2031,reg1,NG_CHP_P,Heat,37820.08060800002
1447,2032,reg1,NG_CHP_P,Heat,35016.883672128206
1448,2033,reg1,NG_CHP_P,Heat,32401.001784333945
1449,2034,reg1,NG_CHP_P,Heat,29485.28508001073
1450,2035,reg1,NG_CHP_P,Heat,27739.47449673516
1451,2036,reg1,NG_CHP_P,Heat,26437.772980523783
1452,2037,reg1,NG_CHP_P,Heat,25473.52869353657
1453,2038,reg1,NG_CHP_P,Heat,24297.360809251433
1454,2039,reg1,NG_CHP_P,Heat,22744.347147969547
1455,2040,reg1,NG_CHP_P,Heat,19697.966096000007
1456,2041,reg1,NG_CHP_P,Heat,19458.457444478157
1457,2042,reg1,NG_CHP_P,Heat,18368.322206205416
1458,2043,reg1,NG_CHP_P,Heat,18444.650561392667
1459,2044,reg1,NG_CHP_P,Heat,18671.740378577415
1460,2045,reg1,NG_CHP_P,Heat,18287.717824210526
1461,2046,reg1,NG_CHP_P,Heat,18777.19790364699
1462,2047,reg1,NG_CHP_P,Heat,18676.351478656357
1463,2048,reg1,NG_CHP_P,Heat,18266.752198126596
1464,2049,reg1,NG_CHP_P,Heat,18079.232938172445
1465,2050,reg1,NG_CHP_P,Heat,18557.00646689997
1466,2051,reg1,NG_CHP_P,Heat,18521.66563760107
1467,2052,reg1,NG_CHP_P,Heat,19957.73210634755
1468,2053,reg1,NG_CHP_P,Heat,22446.143692057594
1469,2054,reg1,NG_CHP_P,Heat,24335.72050652223
1470,2055,reg1,NG_CHP_P,Heat,26497.61049245213
1471,2056,reg1,NG_CHP_P,Heat,27936.97200373336
1472,2057,reg1,NG_CHP_P,Heat,28397.229932362276
1473,2058,reg1,NG_CHP_P,Heat,28799.718901824814
1474,2059,reg1,NG_CHP_P,Heat,28871.755442567723
1475,2060,reg1,NG_CHP_P,Heat,28924.69439978355
1476,2025,reg1,BIO_CHP_P,Electricity,0.0
1477,2026,reg1,BIO_CHP_P,Electricity,140.81476204379572
1478,2027,reg1,BIO_CHP_P,Electricity,281.62952408759145
1479,2028,reg1,BIO_CHP_P,Electricity,422.44428613138433
1480,2029,reg1,BIO_CHP_P,Electricity,563.2590481751726
1481,2030,reg1,BIO_CHP_P,Electricity,704.0738102189683
1482,2031,reg1,BIO_CHP_P,Electricity,844.888572262764
1483,2032,reg1,BIO_CHP_P,Electricity,985.7033343065591
1484,2033,reg1,BIO_CHP_P,Electricity,1126.5180963503556
1485,2034,reg1,BIO_CHP_P,Electricity,1267.3328583941504
1486,2035,reg1,BIO_CHP_P,Electricity,1408.1476204379462
1487,2036,reg1,BIO_CHP_P,Electricity,1548.9623824817415
1488,2037,reg1,BIO_CHP_P,Electricity,1689.777144525538
1489,2038,reg1,BIO_CHP_P,Electricity,1830.5919065693333
1490,2039,reg1,BIO_CHP_P,Electricity,1971.4066686131282
1491,2040,reg1,BIO_CHP_P,Electricity,2112.2214306569253
1492,2041,reg1,BIO_CHP_P,Electricity,2253.0361927007184
1493,2042,reg1,BIO_CHP_P,Electricity,2393.850954744514
1494,2043,reg1,BIO_CHP_P,Electricity,2534.6657167883095
1495,2044,reg1,BIO_CHP_P,Electricity,2675.480478832103
1496,2045,reg1,BIO_CHP_P,Electricity,2816.2952408758983
1497,2046,reg1,BIO_CHP_P,Electricity,2957.1100029196937
1498,2047,reg1,BIO_CHP_P,Electricity,3097.92476496349
1499,2048,reg1,BIO_CHP_P,Electricity,3238.739527007284
1500,2049,reg1,BIO_CHP_P,Electricity,3379.5542890510806
1501,2050,reg1,BIO_CHP_P,Electricity,3520.369051094875
1502,2051,reg1,BIO_CHP_P,Electricity,3520.369051094881
1503,2052,reg1,BIO_CHP_P,Electricity,3520.369051094881
1504,2053,reg1,BIO_CHP_P,Electricity,3520.369051094889
1505,2054,reg1,BIO_CHP_P,Electricity,3520.3690510948854
1506,2055,reg1,BIO_CHP_P,Electricity,3520.369051094887
1507,2056,reg1,BIO_CHP_P,Electricity,3520.369051094887
1508,2057,reg1,BIO_CHP_P,Electricity,3520.369051094886
1509,2058,reg1,BIO_CHP_P,Electricity,3520.3690510948863
1510,2059,reg1,BIO_CHP_P,Electricity,3520.3690510948877
1511,2060,reg1,BIO_CHP_P,Electricity,3520.3690510948904
1512,2025,reg1,BIO_CHP_P,Heat,0.0
1513,2026,reg1,BIO_CHP_P,Heat,380.58043795620466
1514,2027,reg1,BIO_CHP_P,Heat,761.1608759124093
1515,2028,reg1,BIO_CHP_P,Heat,1141.7413138686063
1516,2029,reg1,BIO_CHP_P,Heat,1522.3217518247907
1517,2030,reg1,BIO_CHP_P,Heat,1902.9021897809955
1518,2031,reg1,BIO_CHP_P,Heat,2283.4826277372
1519,2032,reg1,BIO_CHP_P,Heat,2664.063065693403
1520,2033,reg1,BIO_CHP_P,Heat,3044.6435036496096
1521,2034,reg1,BIO_CHP_P,Heat,3425.223941605812
1522,2035,reg1,BIO_CHP_P,Heat,3805.804379562017
1523,2036,reg1,BIO_CHP_P,Heat,4186.38481751822
1524,2037,reg1,BIO_CHP_P,Heat,4566.965255474427
1525,2038,reg1,BIO_CHP_P,Heat,4947.54569343063
1526,2039,reg1,BIO_CHP_P,Heat,5328.126131386833
1527,2040,reg1,BIO_CHP_P,Heat,5708.706569343041
1528,2041,reg1,BIO_CHP_P,Heat,6089.287007299239
1529,2042,reg1,BIO_CHP_P,Heat,6469.867445255443
1530,2043,reg1,BIO_CHP_P,Heat,6850.447883211647
1531,2044,reg1,BIO_CHP_P,Heat,7231.028321167846
1532,2045,reg1,BIO_CHP_P,Heat,7611.608759124049
1533,2046,reg1,BIO_CHP_P,Heat,7992.189197080253
1534,2047,reg1,BIO_CHP_P,Heat,8372.769635036459
1535,2048,reg1,BIO_CHP_P,Heat,8753.350072992658
1536,2049,reg1,BIO_CHP_P,Heat,9133.930510948867
1537,2050,reg1,BIO_CHP_P,Heat,9514.510948905068
1538,2051,reg1,BIO_CHP_P,Heat,9514.510948905083
1539,2052,reg1,BIO_CHP_P,Heat,9514.510948905083
1540,2053,reg1,BIO_CHP_P,Heat,9514.510948905105
1541,2054,reg1,BIO_CHP_P,Heat,9514.510948905096
1542,2055,reg1,BIO_CHP_P,Heat,9514.5109489051
1543,2056,reg1,BIO_CHP_P,Heat,9514.5109489051
1544,2057,reg1,BIO_CHP_P,Heat,9514.510948905097
1545,2058,reg1,BIO_CHP_P,Heat,9514.510948905097
1546,2059,reg1,BIO_CHP_P,Heat,9514.510948905103
1547,2060,reg1,BIO_CHP_P,Heat,9514.510948905108
1548,2025,reg1,Biogas_CHP_P,Electricity,0.0
1549,2026,reg1,Biogas_CHP_P,Electricity,0.0
1550,2027,reg1,Biogas_CHP_P,Electricity,21.223687289751638
1551,2028,reg1,Biogas_CHP_P,Electricity,610.221599999996
1552,2029,reg1,Biogas_CHP_P,Electricity,813.6287999999961
1553,2030,reg1,Biogas_CHP_P,Electricity,1017.0359999999959
1554,2031,reg1,Biogas_CHP_P,Electricity,945.872448488444
1555,2032,reg1,Biogas_CHP_P,Electricity,852.2785914804924
1556,2033,reg1,Biogas_CHP_P,Electricity,686.471178121491
1557,2034,reg1,Biogas_CHP_P,Electricity,892.9489690724562
1558,2035,reg1,Biogas_CHP_P,Electricity,1145.8967496784076
1559,2036,reg1,Biogas_CHP_P,Electricity,1342.0060939446355
1560,2037,reg1,Biogas_CHP_P,Electricity,1388.91487846599
1561,2038,reg1,Biogas_CHP_P,Electricity,1714.5615127149088
1562,2039,reg1,Biogas_CHP_P,Electricity,2218.906194516689
1563,2040,reg1,Biogas_CHP_P,Electricity,2791.058680432993
1564,2041,reg1,Biogas_CHP_P,Electricity,2916.232258064516
1565,2042,reg1,Biogas_CHP_P,Electricity,3457.9224000000077
1566,2043,reg1,Biogas_CHP_P,Electricity,3661.329600000007
1567,2044,reg1,Biogas_CHP_P,Electricity,3374.9122591242817
1568,2045,reg1,Biogas_CHP_P,Electricity,3442.7741935483873
1569,2046,reg1,Biogas_CHP_P,Electricity,3614.912903225807
1570,2047,reg1,Biogas_CHP_P,Electricity,3787.051612903226
1571,2048,reg1,Biogas_CHP_P,Electricity,3959.1903225806454
1572,2049,reg1,Biogas_CHP_P,Electricity,4131.329032258065
1573,2050,reg1,Biogas_CHP_P,Electricity,4050.3225806451615
1574,2051,reg1,Biogas_CHP_P,Electricity,4303.467741935484
1575,2052,reg1,Biogas_CHP_P,Electricity,4303.467741935484
1576,2053,reg1,Biogas_CHP_P,Electricity,4303.467741935484
1577,2054,reg1,Biogas_CHP_P,Electricity,5085.180000000008
1578,2055,reg1,Biogas_CHP_P,Electricity,5085.180000000008
1579,2056,reg1,Biogas_CHP_P,Electricity,4740.82240064047
1580,2057,reg1,Biogas_CHP_P,Electricity,4740.8224006404735
1581,2058,reg1,Biogas_CHP_P,Electricity,4740.8224006404835
1582,2059,reg1,Biogas_CHP_P,Electricity,4740.822400640475
1583,2060,reg1,Biogas_CHP_P,Electricity,5085.179999999998
1584,2025,reg1,Biogas_CHP_P,Heat,0.0
1585,2026,reg1,Biogas_CHP_P,Heat,0.0
1586,2027,reg1,Biogas_CHP_P,Heat,24.678706150873992
1587,2028,reg1,Biogas_CHP_P,Heat,709.5599999999952
1588,2029,reg1,Biogas_CHP_P,Heat,946.0799999999954
1589,2030,reg1,Biogas_CHP_P,Heat,1182.599999999995
1590,2031,reg1,Biogas_CHP_P,Heat,1099.8516842888882
1591,2032,reg1,Biogas_CHP_P,Heat,991.0216180005725
1592,2033,reg1,Biogas_CHP_P,Heat,798.2223001412685
1593,2034,reg1,Biogas_CHP_P,Heat,1038.312754735414
1594,2035,reg1,Biogas_CHP_P,Heat,1332.4380810214038
1595,2036,reg1,Biogas_CHP_P,Heat,1560.4722022612038
1596,2037,reg1,Biogas_CHP_P,Heat,1615.0173005418485
1597,2038,reg1,Biogas_CHP_P,Heat,1993.676177575475
1598,2039,reg1,Biogas_CHP_P,Heat,2580.1234819961496
1599,2040,reg1,Biogas_CHP_P,Heat,3245.417070270921
1600,2041,reg1,Biogas_CHP_P,Heat,3390.967741935483
1601,2042,reg1,Biogas_CHP_P,Heat,4020.8400000000083
1602,2043,reg1,Biogas_CHP_P,Heat,4257.360000000007
1603,2044,reg1,Biogas_CHP_P,Heat,3924.316580377071
1604,2045,reg1,Biogas_CHP_P,Heat,4003.2258064516127
1605,2046,reg1,Biogas_CHP_P,Heat,4203.387096774193
1606,2047,reg1,Biogas_CHP_P,Heat,4403.548387096774
1607,2048,reg1,Biogas_CHP_P,Heat,4603.709677419354
1608,2049,reg1,Biogas_CHP_P,Heat,4803.870967741936
1609,2050,reg1,Biogas_CHP_P,Heat,4709.677419354838
1610,2051,reg1,Biogas_CHP_P,Heat,5004.032258064516
1611,2052,reg1,Biogas_CHP_P,Heat,5004.032258064516
1612,2053,reg1,Biogas_CHP_P,Heat,5004.032258064516
1613,2054,reg1,Biogas_CHP_P,Heat,5913.000000000007
1614,2055,reg1,Biogas_CHP_P,Heat,5913.000000000007
1615,2056,reg1,Biogas_CHP_P,Heat,5512.584186791243
1616,2057,reg1,Biogas_CHP_P,Heat,5512.584186791247
1617,2058,reg1,Biogas_CHP_P,Heat,5512.584186791259
1618,2059,reg1,Biogas_CHP_P,Heat,5512.58418679125
1619,2060,reg1,Biogas_CHP_P,Heat,5912.999999999995
1620,2025,reg1,WtE_CHP_P,Electricity,0.0
1621,2026,reg1,WtE_CHP_P,Electricity,0.0
1622,2027,reg1,WtE_CHP_P,Electricity,0.0
1623,2028,reg1,WtE_CHP_P,Electricity,0.0
1624,2029,reg1,WtE_CHP_P,Electricity,0.0
1625,2030,reg1,WtE_CHP_P,Electricity,352.8582750000001
1626,2031,reg1,WtE_CHP_P,Electricity,705.7165500000002
1627,2032,reg1,WtE_CHP_P,Electricity,1058.574825
1628,2033,reg1,WtE_CHP_P,Electricity,1411.4330999999997
1629,2034,reg1,WtE_CHP_P,Electricity,1764.2913749999998
1630,2035,reg1,WtE_CHP_P,Electricity,2117.1496499999985
1631,2036,reg1,WtE_CHP_P,Electricity,2470.007924999998
1632,2037,reg1,WtE_CHP_P,Electricity,2822.8661999999963
1633,2038,reg1,WtE_CHP_P,Electricity,3175.7244749999973
1634,2039,reg1,WtE_CHP_P,Electricity,3528.582749999998
1635,2040,reg1,WtE_CHP_P,Electricity,3881.4410250000014
1636,2041,reg1,WtE_CHP_P,Electricity,3881.4410250000005
1637,2042,reg1,WtE_CHP_P,Electricity,3881.4410250000014
1638,2043,reg1,WtE_CHP_P,Electricity,3881.4410250000005
1639,2044,reg1,WtE_CHP_P,Electricity,3881.4410250000005
1640,2045,reg1,WtE_CHP_P,Electricity,3881.4410249999996
1641,2046,reg1,WtE_CHP_P,Electricity,3881.4410250000005
1642,2047,reg1,WtE_CHP_P,Electricity,3881.4410250000014
1643,2048,reg1,WtE_CHP_P,Electricity,3881.4410250000014
1644,2049,reg1,WtE_CHP_P,Electricity,3881.4410250000014
1645,2050,reg1,WtE_CHP_P,Electricity,3881.4410250000005
1646,2051,reg1,WtE_CHP_P,Electricity,3881.4410250000014
1647,2052,reg1,WtE_CHP_P,Electricity,3881.4410250000014
1648,2053,reg1,WtE_CHP_P,Electricity,3881.4410250000005
1649,2054,reg1,WtE_CHP_P,Electricity,3881.4410250000005
1650,2055,reg1,WtE_CHP_P,Electricity,3881.4410250000005
1651,2056,reg1,WtE_CHP_P,Electricity,3881.4410250000014
1652,2057,reg1,WtE_CHP_P,Electricity,3881.4410250000005
1653,2058,reg1,WtE_CHP_P,Electricity,3881.441024999999
1654,2059,reg1,WtE_CHP_P,Electricity,3881.441024999999
1655,2060,reg1,WtE_CHP_P,Electricity,3528.58275
1656,2025,reg1,WtE_CHP_P,Heat,0.0
1657,2026,reg1,WtE_CHP_P,Heat,0.0
1658,2027,reg1,WtE_CHP_P,Heat,0.0
1659,2028,reg1,WtE_CHP_P,Heat,0.0
1660,2029,reg1,WtE_CHP_P,Heat,0.0
1661,2030,reg1,WtE_CHP_P,Heat,1260.208125
1662,2031,reg1,WtE_CHP_P,Heat,2520.41625
1663,2032,reg1,WtE_CHP_P,Heat,3780.6243749999994
1664,2033,reg1,WtE_CHP_P,Heat,5040.832499999999
1665,2034,reg1,WtE_CHP_P,Heat,6301.040624999999
1666,2035,reg1,WtE_CHP_P,Heat,7561.248749999993
1667,2036,reg1,WtE_CHP_P,Heat,8821.456874999993
1668,2037,reg1,WtE_CHP_P,Heat,10081.664999999985
1669,2038,reg1,WtE_CHP_P,Heat,11341.87312499999
1670,2039,reg1,WtE_CHP_P,Heat,12602.081249999992
1671,2040,reg1,WtE_CHP_P,Heat,13862.289375000004
1672,2041,reg1,WtE_CHP_P,Heat,13862.289375
1673,2042,reg1,WtE_CHP_P,Heat,13862.289375000004
1674,2043,reg1,WtE_CHP_P,Heat,13862.289375
1675,2044,reg1,WtE_CHP_P,Heat,13862.289375
1676,2045,reg1,WtE_CHP_P,Heat,13862.289374999997
1677,2046,reg1,WtE_CHP_P,Heat,13862.289375
1678,2047,reg1,WtE_CHP_P,Heat,13862.289375000004
1679,2048,reg1,WtE_CHP_P,Heat,13862.289375000004
1680,2049,reg1,WtE_CHP_P,Heat,13862.289375000004
1681,2050,reg1,WtE_CHP_P,Heat,13862.289375
1682,2051,reg1,WtE_CHP_P,Heat,13862.289375000004
1683,2052,reg1,WtE_CHP_P,Heat,13862.289375000004
1684,2053,reg1,WtE_CHP_P,Heat,13862.289375
1685,2054,reg1,WtE_CHP_P,Heat,13862.289375
1686,2055,reg1,WtE_CHP_P,Heat,13862.289375
1687,2056,reg1,WtE_CHP_P,Heat,13862.289375000004
1688,2057,reg1,WtE_CHP_P,Heat,13862.289375
1689,2058,reg1,WtE_CHP_P,Heat,13862.289374999995
1690,2059,reg1,WtE_CHP_P,Heat,13862.289374999995
1691,2060,reg1,WtE_CHP_P,Heat,12602.08125
1692,2025,reg1,WtE-CCS_CHP_P,Electricity,0.0
1693,2026,reg1,WtE-CCS_CHP_P,Electricity,0.0
1694,2027,reg1,WtE-CCS_CHP_P,Electricity,0.0
1695,2028,reg1,WtE-CCS_CHP_P,Electricity,0.0
1696,2029,reg1,WtE-CCS_CHP_P,Electricity,0.0
1697,2030,reg1,WtE-CCS_CHP_P,Electricity,352.8582750000001
1698,2031,reg1,WtE-CCS_CHP_P,Electricity,352.8582750000001
1699,2032,reg1,WtE-CCS_CHP_P,Electricity,352.8582750000001
1700,2033,reg1,WtE-CCS_CHP_P,Electricity,352.8582750000001
1701,2034,reg1,WtE-CCS_CHP_P,Electricity,352.8582750000001
1702,2035,reg1,WtE-CCS_CHP_P,Electricity,352.8582750000001
1703,2036,reg1,WtE-CCS_CHP_P,Electricity,352.8582750000001
1704,2037,reg1,WtE-CCS_CHP_P,Electricity,352.8582750000001
1705,2038,reg1,WtE-CCS_CHP_P,Electricity,352.8582750000001
1706,2039,reg1,WtE-CCS_CHP_P,Electricity,352.8582750000001
1707,2040,reg1,WtE-CCS_CHP_P,Electricity,252.64142769845245
1708,2041,reg1,WtE-CCS_CHP_P,Electricity,252.64142769845026
1709,2042,reg1,WtE-CCS_CHP_P,Electricity,252.6414276984513
1710,2043,reg1,WtE-CCS_CHP_P,Electricity,252.64142769844938
1711,2044,reg1,WtE-CCS_CHP_P,Electricity,252.64142769845336
1712,2045,reg1,WtE-CCS_CHP_P,Electricity,252.64142769845205
1713,2046,reg1,WtE-CCS_CHP_P,Electricity,252.64142769845245
1714,2047,reg1,WtE-CCS_CHP_P,Electricity,252.64142769845344
1715,2048,reg1,WtE-CCS_CHP_P,Electricity,252.64142769844946
1716,2049,reg1,WtE-CCS_CHP_P,Electricity,252.64142769845137
1717,2050,reg1,WtE-CCS_CHP_P,Electricity,252.64142769844858
1718,2051,reg1,WtE-CCS_CHP_P,Electricity,252.6414276984514
1719,2052,reg1,WtE-CCS_CHP_P,Electricity,252.64142769844858
1720,2053,reg1,WtE-CCS_CHP_P,Electricity,252.64142769845097
1721,2054,reg1,WtE-CCS_CHP_P,Electricity,252.64142769845336
1722,2055,reg1,WtE-CCS_CHP_P,Electricity,252.64142769845031
1723,2056,reg1,WtE-CCS_CHP_P,Electricity,252.64142769845026
1724,2057,reg1,WtE-CCS_CHP_P,Electricity,252.64142769845037
1725,2058,reg1,WtE-CCS_CHP_P,Electricity,252.64142769845037
1726,2059,reg1,WtE-CCS_CHP_P,Electricity,252.64142769845031
1727,2060,reg1,WtE-CCS_CHP_P,Electricity,352.8582750000001
1728,2025,reg1,WtE-CCS_CHP_P,Heat,0.0
1729,2026,reg1,WtE-CCS_CHP_P,Heat,0.0
1730,2027,reg1,WtE-CCS_CHP_P,Heat,0.0
1731,2028,reg1,WtE-CCS_CHP_P,Heat,0.0
1732,2029,reg1,WtE-CCS_CHP_P,Heat,0.0
1733,2030,reg1,WtE-CCS_CHP_P,Heat,1260.208125
1734,2031,reg1,WtE-CCS_CHP_P,Heat,1260.208125
1735,2032,reg1,WtE-CCS_CHP_P,Heat,1260.208125
1736,2033,reg1,WtE-CCS_CHP_P,Heat,1260.208125
1737,2034,reg1,WtE-CCS_CHP_P,Heat,1260.208125
1738,2035,reg1,WtE-CCS_CHP_P,Heat,1260.208125
1739,2036,reg1,WtE-CCS_CHP_P,Heat,1260.208125
1740,2037,reg1,WtE-CCS_CHP_P,Heat,1260.208125
1741,2038,reg1,WtE-CCS_CHP_P,Heat,1260.208125
1742,2039,reg1,WtE-CCS_CHP_P,Heat,1260.208125
1743,2040,reg1,WtE-CCS_CHP_P,Heat,902.2908132087587
1744,2041,reg1,WtE-CCS_CHP_P,Heat,902.2908132087508
1745,2042,reg1,WtE-CCS_CHP_P,Heat,902.2908132087546
1746,2043,reg1,WtE-CCS_CHP_P,Heat,902.2908132087476
1747,2044,reg1,WtE-CCS_CHP_P,Heat,902.2908132087618
1748,2045,reg1,WtE-CCS_CHP_P,Heat,902.2908132087572
1749,2046,reg1,WtE-CCS_CHP_P,Heat,902.2908132087587
1750,2047,reg1,WtE-CCS_CHP_P,Heat,902.2908132087622
1751,2048,reg1,WtE-CCS_CHP_P,Heat,902.290813208748
1752,2049,reg1,WtE-CCS_CHP_P,Heat,902.2908132087547
1753,2050,reg1,WtE-CCS_CHP_P,Heat,902.2908132087448
1754,2051,reg1,WtE-CCS_CHP_P,Heat,902.2908132087549
1755,2052,reg1,WtE-CCS_CHP_P,Heat,902.2908132087448
1756,2053,reg1,WtE-CCS_CHP_P,Heat,902.2908132087533
1757,2054,reg1,WtE-CCS_CHP_P,Heat,902.2908132087618
1758,2055,reg1,WtE-CCS_CHP_P,Heat,902.290813208751
1759,2056,reg1,WtE-CCS_CHP_P,Heat,902.2908132087508
1760,2057,reg1,WtE-CCS_CHP_P,Heat,902.2908132087512
1761,2058,reg1,WtE-CCS_CHP_P,Heat,902.2908132087512
1762,2059,reg1,WtE-CCS_CHP_P,Heat,902.290813208751
1763,2060,reg1,WtE-CCS_CHP_P,Heat,1260.208125
1764,2025,reg1,SOFC_CHP_P,Electricity,0.0
1765,2026,reg1,SOFC_CHP_P,Electricity,0.0
1766,2027,reg1,SOFC_CHP_P,Electricity,0.0
1767,2028,reg1,SOFC_CHP_P,Electricity,0.0
1768,2029,reg1,SOFC_CHP_P,Electricity,0.0
1769,2030,reg1,SOFC_CHP_P,Electricity,0.0
1770,2031,reg1,SOFC_CHP_P,Electricity,0.0
1771,2032,reg1,SOFC_CHP_P,Electricity,0.0
1772,2033,reg1,SOFC_CHP_P,Electricity,0.0
1773,2034,reg1,SOFC_CHP_P,Electricity,0.0
1774,2035,reg1,SOFC_CHP_P,Electricity,0.0
1775,2036,reg1,SOFC_CHP_P,Electricity,0.0
1776,2037,reg1,SOFC_CHP_P,Electricity,0.0
1777,2038,reg1,SOFC_CHP_P,Electricity,0.0
1778,2039,reg1,SOFC_CHP_P,Electricity,0.0
1779,2040,reg1,SOFC_CHP_P,Electricity,0.0
1780,2041,reg1,SOFC_CHP_P,Electricity,0.0
1781,2042,reg1,SOFC_CHP_P,Electricity,0.0
1782,2043,reg1,SOFC_CHP_P,Electricity,0.0
1783,2044,reg1,SOFC_CHP_P,Electricity,0.0
1784,2045,reg1,SOFC_CHP_P,Electricity,0.0
1785,2046,reg1,SOFC_CHP_P,Electricity,0.0
1786,2047,reg1,SOFC_CHP_P,Electricity,0.0
1787,2048,reg1,SOFC_CHP_P,Electricity,0.0
1788,2049,reg1,SOFC_CHP_P,Electricity,0.0
1789,2050,reg1,SOFC_CHP_P,Electricity,0.0
1790,2051,reg1,SOFC_CHP_P,Electricity,0.0
1791,2052,reg1,SOFC_CHP_P,Electricity,0.0
1792,2053,reg1,SOFC_CHP_P,Electricity,0.0
1793,2054,reg1,SOFC_CHP_P,Electricity,0.0
1794,2055,reg1,SOFC_CHP_P,Electricity,0.0
1795,2056,reg1,SOFC_CHP_P,Electricity,0.0
1796,2057,reg1,SOFC_CHP_P,Electricity,0.0
1797,2058,reg1,SOFC_CHP_P,Electricity,0.0
1798,2059,reg1,SOFC_CHP_P,Electricity,0.0
1799,2060,reg1,SOFC_CHP_P,Electricity,0.0
1800,2025,reg1,SOFC_CHP_P,Heat,0.0
1801,2026,reg1,SOFC_CHP_P,Heat,0.0
1802,2027,reg1,SOFC_CHP_P,Heat,0.0
1803,2028,reg1,SOFC_CHP_P,Heat,0.0
1804,2029,reg1,SOFC_CHP_P,Heat,0.0
1805,2030,reg1,SOFC_CHP_P,Heat,0.0
1806,2031,reg1,SOFC_CHP_P,Heat,0.0
1807,2032,reg1,SOFC_CHP_P,Heat,0.0
1808,2033,reg1,SOFC_CHP_P,Heat,0.0
1809,2034,reg1,SOFC_CHP_P,Heat,0.0
1810,2035,reg1,SOFC_CHP_P,Heat,0.0
1811,2036,reg1,SOFC_CHP_P,Heat,0.0
1812,2037,reg1,SOFC_CHP_P,Heat,0.0
1813,2038,reg1,SOFC_CHP_P,Heat,0.0
1814,2039,reg1,SOFC_CHP_P,Heat,0.0
1815,2040,reg1,SOFC_CHP_P,Heat,0.0
1816,2041,reg1,SOFC_CHP_P,Heat,0.0
1817,2042,reg1,SOFC_CHP_P,Heat,0.0
1818,2043,reg1,SOFC_CHP_P,Heat,0.0
1819,2044,reg1,SOFC_CHP_P,Heat,0.0
1820,2045,reg1,SOFC_CHP_P,Heat,0.0
1821,2046,reg1,SOFC_CHP_P,Heat,0.0
1822,2047,reg1,SOFC_CHP_P,Heat,0.0
1823,2048,reg1,SOFC_CHP_P,Heat,0.0
1824,2049,reg1,SOFC_CHP_P,Heat,0.0
1825,2050,reg1,SOFC_CHP_P,Heat,0.0
1826,2051,reg1,SOFC_CHP_P,Heat,0.0
1827,2052,reg1,SOFC_CHP_P,Heat,0.0
1828,2053,reg1,SOFC_CHP_P,Heat,0.0
1829,2054,reg1,SOFC_CHP_P,Heat,0.0
1830,2055,reg1,SOFC_CHP_P,Heat,0.0
1831,2056,reg1,SOFC_CHP_P,Heat,0.0
1832,2057,reg1,SOFC_CHP_P,Heat,0.0
1833,2058,reg1,SOFC_CHP_P,Heat,0.0
1834,2059,reg1,SOFC_CHP_P,Heat,0.0
1835,2060,reg1,SOFC_CHP_P,Heat,0.0
1836,2025,reg1,Oil_CHP,Electricity,12678.05414484284
1837,2026,reg1,Oil_CHP,Electricity,12255.452340014752
1838,2027,reg1,Oil_CHP,Electricity,11832.85053518665
1839,2028,reg1,Oil_CHP,Electricity,11410.248730358559
1840,2029,reg1,Oil_CHP,Electricity,10987.64692553046
1841,2030,reg1,Oil_CHP,Electricity,10565.045120702367
1842,2031,reg1,Oil_CHP,Electricity,10142.443315874263
1843,2032,reg1,Oil_CHP,Electricity,9719.841511046177
1844,2033,reg1,Oil_CHP,Electricity,9297.23970621808
1845,2034,reg1,Oil_CHP,Electricity,8874.637901389995
1846,2035,reg1,Oil_CHP,Electricity,8452.036096561895
1847,2036,reg1,Oil_CHP,Electricity,8029.434291733799
1848,2037,reg1,Oil_CHP,Electricity,7606.832486905702
1849,2038,reg1,Oil_CHP,Electricity,7184.230682077614
1850,2039,reg1,Oil_CHP,Electricity,6761.628877249517
1851,2040,reg1,Oil_CHP,Electricity,6339.02707242142
1852,2041,reg1,Oil_CHP,Electricity,5916.425267593333
1853,2042,reg1,Oil_CHP,Electricity,5493.823462765235
1854,2043,reg1,Oil_CHP,Electricity,5071.221657937141
1855,2044,reg1,Oil_CHP,Electricity,4648.619853109041
1856,2045,reg1,Oil_CHP,Electricity,4226.018048280949
1857,2046,reg1,Oil_CHP,Electricity,3803.416243452857
1858,2047,reg1,Oil_CHP,Electricity,3380.8144386247577
1859,2048,reg1,Oil_CHP,Electricity,2958.212633796667
1860,2049,reg1,Oil_CHP,Electricity,2535.6108289685703
1861,2050,reg1,Oil_CHP,Electricity,2113.0090241404746
1862,2051,reg1,Oil_CHP,Electricity,1690.4072193123789
1863,2052,reg1,Oil_CHP,Electricity,1267.8054144842847
1864,2053,reg1,Oil_CHP,Electricity,845.2036096561902
1865,2054,reg1,Oil_CHP,Electricity,422.60180482809426
1866,2055,reg1,Oil_CHP,Electricity,0.0
1867,2056,reg1,Oil_CHP,Electricity,0.0
1868,2057,reg1,Oil_CHP,Electricity,0.0
1869,2058,reg1,Oil_CHP,Electricity,0.0
1870,2059,reg1,Oil_CHP,Electricity,0.0
1871,2060,reg1,Oil_CHP,Electricity,0.0
1872,2025,reg1,Oil_CHP,Heat,7770.420282323033
1873,2026,reg1,Oil_CHP,Heat,7511.406272912268
1874,2027,reg1,Oil_CHP,Heat,7252.392263501496
1875,2028,reg1,Oil_CHP,Heat,6993.3782540907305
1876,2029,reg1,Oil_CHP,Heat,6734.36424467996
1877,2030,reg1,Oil_CHP,Heat,6475.350235269194
1878,2031,reg1,Oil_CHP,Heat,6216.33622585842
1879,2032,reg1,Oil_CHP,Heat,5957.322216447658
1880,2033,reg1,Oil_CHP,Heat,5698.308207036889
1881,2034,reg1,Oil_CHP,Heat,5439.294197626127
1882,2035,reg1,Oil_CHP,Heat,5180.280188215356
1883,2036,reg1,Oil_CHP,Heat,4921.266178804587
1884,2037,reg1,Oil_CHP,Heat,4662.252169393818
1885,2038,reg1,Oil_CHP,Heat,4403.238159983054
1886,2039,reg1,Oil_CHP,Heat,4144.224150572286
1887,2040,reg1,Oil_CHP,Heat,3885.2101411615163
1888,2041,reg1,Oil_CHP,Heat,3626.196131750753
1889,2042,reg1,Oil_CHP,Heat,3367.182122339983
1890,2043,reg1,Oil_CHP,Heat,3108.1681129292156
1891,2044,reg1,Oil_CHP,Heat,2849.154103518445
1892,2045,reg1,Oil_CHP,Heat,2590.140094107679
1893,2046,reg1,Oil_CHP,Heat,2331.126084696913
1894,2047,reg1,Oil_CHP,Heat,2072.112075286142
1895,2048,reg1,Oil_CHP,Heat,1813.0980658753767
1896,2049,reg1,Oil_CHP,Heat,1554.0840564646078
1897,2050,reg1,Oil_CHP,Heat,1295.0700470538395
1898,2051,reg1,Oil_CHP,Heat,1036.056037643071
1899,2052,reg1,Oil_CHP,Heat,777.0420282323037
1900,2053,reg1,Oil_CHP,Heat,518.0280188215361
1901,2054,reg1,Oil_CHP,Heat,259.01400941076747
1902,2055,reg1,Oil_CHP,Heat,0.0
1903,2056,reg1,Oil_CHP,Heat,0.0
1904,2057,reg1,Oil_CHP,Heat,0.0
1905,2058,reg1,Oil_CHP,Heat,0.0
1906,2059,reg1,Oil_CHP,Heat,0.0
1907,2060,reg1,Oil_CHP,Heat,0.0
1908,2025,reg1,BW_CHP_P,Electricity,14741.276431556847
1909,2026,reg1,BW_CHP_P,Electricity,14151.625374294572
1910,2027,reg1,BW_CHP_P,Electricity,13561.974317032296
1911,2028,reg1,BW_CHP_P,Electricity,12972.323259770024
1912,2029,reg1,BW_CHP_P,Electricity,12382.672202507749
1913,2030,reg1,BW_CHP_P,Electricity,11793.021145245473
1914,2031,reg1,BW_CHP_P,Electricity,11203.370087983201
1915,2032,reg1,BW_CHP_P,Electricity,10613.719030720924
1916,2033,reg1,BW_CHP_P,Electricity,10024.067973458647
1917,2034,reg1,BW_CHP_P,Electricity,9434.416916196375
1918,2035,reg1,BW_CHP_P,Electricity,8844.7658589341
1919,2036,reg1,BW_CHP_P,Electricity,7822.265008541917
1920,2037,reg1,BW_CHP_P,Electricity,6603.813559325251
1921,2038,reg1,BW_CHP_P,Electricity,5903.54600725773
1922,2039,reg1,BW_CHP_P,Electricity,5405.134691570837
1923,2040,reg1,BW_CHP_P,Electricity,4913.7588105189425
1924,2041,reg1,BW_CHP_P,Electricity,4422.382929467048
1925,2042,reg1,BW_CHP_P,Electricity,3931.0070484151533
1926,2043,reg1,BW_CHP_P,Electricity,3439.631167363258
1927,2044,reg1,BW_CHP_P,Electricity,2784.463325396825
1928,2045,reg1,BW_CHP_P,Electricity,2320.386104967276
1929,2046,reg1,BW_CHP_P,Electricity,1856.30888397382
1930,2047,reg1,BW_CHP_P,Electricity,1392.231662980364
1931,2048,reg1,BW_CHP_P,Electricity,928.1544419869075
1932,2049,reg1,BW_CHP_P,Electricity,464.0772209934512
1933,2050,reg1,BW_CHP_P,Electricity,0.0
1934,2051,reg1,BW_CHP_P,Electricity,0.0
1935,2052,reg1,BW_CHP_P,Electricity,0.0
1936,2053,reg1,BW_CHP_P,Electricity,0.0
1937,2054,reg1,BW_CHP_P,Electricity,0.0
1938,2055,reg1,BW_CHP_P,Electricity,0.0
1939,2056,reg1,BW_CHP_P,Electricity,0.0
1940,2057,reg1,BW_CHP_P,Electricity,0.0
1941,2058,reg1,BW_CHP_P,Electricity,0.0
1942,2059,reg1,BW_CHP_P,Electricity,0.0
1943,2060,reg1,BW_CHP_P,Electricity,0.0
1944,2025,reg1,BW_CHP_P,Heat,10243.93785921747
1945,2026,reg1,BW_CHP_P,Heat,9834.18034484877
1946,2027,reg1,BW_CHP_P,Heat,9424.42283048007
1947,2028,reg1,BW_CHP_P,Heat,9014.665316111372
1948,2029,reg1,BW_CHP_P,Heat,8604.907801742673
1949,2030,reg1,BW_CHP_P,Heat,8195.150287373974
1950,2031,reg1,BW_CHP_P,Heat,7785.392773005276
1951,2032,reg1,BW_CHP_P,Heat,7375.635258636575
1952,2033,reg1,BW_CHP_P,Heat,6965.877744267873
1953,2034,reg1,BW_CHP_P,Heat,6556.120229899176
1954,2035,reg1,BW_CHP_P,Heat,6146.362715530477
1955,2036,reg1,BW_CHP_P,Heat,5435.811277122349
1956,2037,reg1,BW_CHP_P,Heat,4589.090778514157
1957,2038,reg1,BW_CHP_P,Heat,4102.464174535033
1958,2039,reg1,BW_CHP_P,Heat,3756.1105483797346
1959,2040,reg1,BW_CHP_P,Heat,3414.6459530724856
1960,2041,reg1,BW_CHP_P,Heat,3073.1813577652365
1961,2042,reg1,BW_CHP_P,Heat,2731.716762457988
1962,2043,reg1,BW_CHP_P,Heat,2390.252167150739
1963,2044,reg1,BW_CHP_P,Heat,1934.9660396825393
1964,2045,reg1,BW_CHP_P,Heat,1612.4717000620053
1965,2046,reg1,BW_CHP_P,Heat,1289.9773600496037
1966,2047,reg1,BW_CHP_P,Heat,967.4830200372021
1967,2048,reg1,BW_CHP_P,Heat,644.9886800248001
1968,2049,reg1,BW_CHP_P,Heat,322.49434001239825
1969,2050,reg1,BW_CHP_P,Heat,0.0
1970,2051,reg1,BW_CHP_P,Heat,0.0
1971,2052,reg1,BW_CHP_P,Heat,0.0
1972,2053,reg1,BW_CHP_P,Heat,0.0
1973,2054,reg1,BW_CHP_P,Heat,0.0
1974,2055,reg1,BW_CHP_P,Heat,0.0
1975,2056,reg1,BW_CHP_P,Heat,0.0
1976,2057,reg1,BW_CHP_P,Heat,0.0
1977,2058,reg1,BW_CHP_P,Heat,0.0
1978,2059,reg1,BW_CHP_P,Heat,0.0
1979,2060,reg1,BW_CHP_P,Heat,0.0
1980,2025,reg1,Heat_transmission_distribution,Final_heat,40339.772769178766
1981,2026,reg1,Heat_transmission_distribution,Final_heat,41326.3942106981
1982,2027,reg1,Heat_transmission_distribution,Final_heat,42275.50543457018
1983,2028,reg1,Heat_transmission_distribution,Final_heat,43187.10644079499
1984,2029,reg1,Heat_transmission_distribution,Final_heat,44061.197229372534
1985,2030,reg1,Heat_transmission_distribution,Final_heat,44897.77780030281
1986,2031,reg1,Heat_transmission_distribution,Final_heat,45264.866197127616
1987,2032,reg1,Heat_transmission_distribution,Final_heat,45628.49738396274
1988,2033,reg1,Heat_transmission_distribution,Final_heat,45988.671360808235
1989,2034,reg1,Heat_transmission_distribution,Final_heat,46345.38812766407
1990,2035,reg1,Heat_transmission_distribution,Final_heat,46698.64768453025
1991,2036,reg1,Heat_transmission_distribution,Final_heat,47048.45003140676
1992,2037,reg1,Heat_transmission_distribution,Final_heat,47394.79516829363
1993,2038,reg1,Heat_transmission_distribution,Final_heat,47737.68309519085
1994,2039,reg1,Heat_transmission_distribution,Final_heat,48077.113812098425
1995,2040,reg1,Heat_transmission_distribution,Final_heat,48413.087319016326
1996,2041,reg1,Heat_transmission_distribution,Final_heat,49002.9454018628
1997,2042,reg1,Heat_transmission_distribution,Final_heat,49548.87752587636
1998,2043,reg1,Heat_transmission_distribution,Final_heat,50050.88369105701
1999,2044,reg1,Heat_transmission_distribution,Final_heat,50508.96389740474
2000,2045,reg1,Heat_transmission_distribution,Final_heat,50923.11814491957
2001,2046,reg1,Heat_transmission_distribution,Final_heat,51293.34643360149
2002,2047,reg1,Heat_transmission_distribution,Final_heat,51619.648763450474
2003,2048,reg1,Heat_transmission_distribution,Final_heat,51902.02513446657
2004,2049,reg1,Heat_transmission_distribution,Final_heat,52140.47554664974
2005,2050,reg1,Heat_transmission_distribution,Final_heat,52334.99999998242
2006,2051,reg1,Heat_transmission_distribution,Final_heat,52334.99999998242
2007,2052,reg1,Heat_transmission_distribution,Final_heat,52334.99999998242
2008,2053,reg1,Heat_transmission_distribution,Final_heat,52334.99999998242
2009,2054,reg1,Heat_transmission_distribution,Final_heat,52334.99999998242
2010,2055,reg1,Heat_transmission_distribution,Final_heat,52334.99999998242
2011,2056,reg1,Heat_transmission_distribution,Final_heat,52334.99999998242
2012,2057,reg1,Heat_transmission_distribution,Final_heat,52334.99999998242
2013,2058,reg1,Heat_transmission_distribution,Final_heat,52334.99999998242
2014,2059,reg1,Heat_transmission_distribution,Final_heat,52334.99999998242
2015,2060,reg1,Heat_transmission_distribution,Final_heat,52334.99999998242
2016,2025,reg1,Elec_transmission_distribution,Final_electricity,292700.0
2017,2026,reg1,Elec_transmission_distribution,Final_electricity,306056.3057363256
2018,2027,reg1,Elec_transmission_distribution,Final_electricity,310731.30967194634
2019,2028,reg1,Elec_transmission_distribution,Final_electricity,315111.1232706418
2020,2029,reg1,Elec_transmission_distribution,Final_electricity,319195.74653241184
2021,2030,reg1,Elec_transmission_distribution,Final_electricity,322985.17945725645
2022,2031,reg1,Elec_transmission_distribution,Final_electricity,327292.9043939094
2023,2032,reg1,Elec_transmission_distribution,Final_electricity,331499.0217761862
2024,2033,reg1,Elec_transmission_distribution,Final_electricity,335603.53160408675
2025,2034,reg1,Elec_transmission_distribution,Final_electricity,339606.4338776114
2026,2035,reg1,Elec_transmission_distribution,Final_electricity,343507.7285967598
2027,2036,reg1,Elec_transmission_distribution,Final_electricity,347307.41576153203
2028,2037,reg1,Elec_transmission_distribution,Final_electricity,351005.4953719282
2029,2038,reg1,Elec_transmission_distribution,Final_electricity,354601.9674279483
2030,2039,reg1,Elec_transmission_distribution,Final_electricity,358096.83192959224
2031,2040,reg1,Elec_transmission_distribution,Final_electricity,361490.08887686004
2032,2041,reg1,Elec_transmission_distribution,Final_electricity,374068.5357376555
2033,2042,reg1,Elec_transmission_distribution,Final_electricity,385402.1675124044
2034,2043,reg1,Elec_transmission_distribution,Final_electricity,395490.9842011066
2035,2044,reg1,Elec_transmission_distribution,Final_electricity,404334.9858037622
2036,2045,reg1,Elec_transmission_distribution,Final_electricity,411934.17232037114
2037,2046,reg1,Elec_transmission_distribution,Final_electricity,418288.54375093343
2038,2047,reg1,Elec_transmission_distribution,Final_electricity,423398.10009544925
2039,2048,reg1,Elec_transmission_distribution,Final_electricity,427262.84135391837
2040,2049,reg1,Elec_transmission_distribution,Final_electricity,429882.7675263408
2041,2050,reg1,Elec_transmission_distribution,Final_electricity,431257.87861271674
2042,2051,reg1,Elec_transmission_distribution,Final_electricity,431257.87861271674
2043,2052,reg1,Elec_transmission_distribution,Final_electricity,431257.87861271674
2044,2053,reg1,Elec_transmission_distribution,Final_electricity,431257.87861271674
2045,2054,reg1,Elec_transmission_distribution,Final_electricity,431257.87861271674
2046,2055,reg1,Elec_transmission_distribution,Final_electricity,431257.87861271674
2047,2056,reg1,Elec_transmission_distribution,Final_electricity,431257.87861271674
2048,2057,reg1,Elec_transmission_distribution,Final_electricity,431257.87861271674
2049,2058,reg1,Elec_transmission_distribution,Final_electricity,431257.87861271674
2050,2059,reg1,Elec_transmission_distribution,Final_electricity,431257.87861271674
2051,2060,reg1,Elec_transmission_distribution,Final_electricity,431257.87861271674
