,Year,Region,Technology,Carrier,Value
0,2025,reg1,NG_supply,NG,267511.1777264894
1,2026,reg1,NG_supply,NG,279387.5311232606
2,2027,reg1,NG_supply,NG,272762.4028048769
3,2028,reg1,NG_supply,NG,267914.1436503364
4,2029,reg1,NG_supply,NG,261786.09980275622
5,2030,reg1,NG_supply,NG,249980.1018929605
6,2031,reg1,NG_supply,NG,241875.64881334087
7,2032,reg1,NG_supply,NG,231598.02244831118
8,2033,reg1,NG_supply,NG,222674.2108849038
9,2034,reg1,NG_supply,NG,209041.5780528229
10,2035,reg1,NG_supply,NG,197330.88054932375
11,2036,reg1,NG_supply,NG,186087.62954466924
12,2037,reg1,NG_supply,NG,180920.26945200382
13,2038,reg1,NG_supply,NG,170896.5485426834
14,2039,reg1,NG_supply,NG,160924.59576980682
15,2040,reg1,NG_supply,NG,146808.42572965284
16,2041,reg1,NG_supply,NG,150274.90000548447
17,2042,reg1,NG_supply,NG,155919.4624432915
18,2043,reg1,NG_supply,NG,159075.48561847088
19,2044,reg1,NG_supply,NG,158605.7442981422
20,2045,reg1,NG_supply,NG,159099.60819942853
21,2046,reg1,NG_supply,NG,156534.2477744483
22,2047,reg1,NG_supply,NG,151885.52507210252
23,2048,reg1,NG_supply,NG,147001.38554833375
24,2049,reg1,NG_supply,NG,144378.89578929928
25,2050,reg1,NG_supply,NG,141042.96032044673
26,2051,reg1,NG_supply,NG,147563.518315802
27,2052,reg1,NG_supply,NG,156668.77153401228
28,2053,reg1,NG_supply,NG,168757.22496284076
29,2054,reg1,NG_supply,NG,175972.06456162175
30,2055,reg1,NG_supply,NG,178667.14141010796
31,2056,reg1,NG_supply,NG,178718.71536245913
32,2057,reg1,NG_supply,NG,178603.79415374727
33,2058,reg1,NG_supply,NG,178580.93252156844
34,2059,reg1,NG_supply,NG,180271.0304252514
35,2060,reg1,NG_supply,NG,195846.33061377186
36,2025,reg1,SFF_supply,Solid_fossil_fuels,9540.399291570613
37,2026,reg1,SFF_supply,Solid_fossil_fuels,7209.914226554355
38,2027,reg1,SFF_supply,Solid_fossil_fuels,4232.958989393169
39,2028,reg1,SFF_supply,Solid_fossil_fuels,3833.9033275753154
40,2029,reg1,SFF_supply,Solid_fossil_fuels,3410.9043260483922
41,2030,reg1,SFF_supply,Solid_fossil_fuels,0.0
42,2031,reg1,SFF_supply,Solid_fossil_fuels,0.0
43,2032,reg1,SFF_supply,Solid_fossil_fuels,0.0
44,2033,reg1,SFF_supply,Solid_fossil_fuels,0.0
45,2034,reg1,SFF_supply,Solid_fossil_fuels,0.0
46,2035,reg1,SFF_supply,Solid_fossil_fuels,0.0
47,2036,reg1,SFF_supply,Solid_fossil_fuels,0.0
48,2037,reg1,SFF_supply,Solid_fossil_fuels,0.0
49,2038,reg1,SFF_supply,Solid_fossil_fuels,0.0
50,2039,reg1,SFF_supply,Solid_fossil_fuels,0.0
51,2040,reg1,SFF_supply,Solid_fossil_fuels,0.0
52,2041,reg1,SFF_supply,Solid_fossil_fuels,0.0
53,2042,reg1,SFF_supply,Solid_fossil_fuels,0.0
54,2043,reg1,SFF_supply,Solid_fossil_fuels,0.0
55,2044,reg1,SFF_supply,Solid_fossil_fuels,0.0
56,2045,reg1,SFF_supply,Solid_fossil_fuels,0.0
57,2046,reg1,SFF_supply,Solid_fossil_fuels,0.0
58,2047,reg1,SFF_supply,Solid_fossil_fuels,0.0
59,2048,reg1,SFF_supply,Solid_fossil_fuels,0.0
60,2049,reg1,SFF_supply,Solid_fossil_fuels,0.0
61,2050,reg1,SFF_supply,Solid_fossil_fuels,0.0
62,2051,reg1,SFF_supply,Solid_fossil_fuels,0.0
63,2052,reg1,SFF_supply,Solid_fossil_fuels,0.0
64,2053,reg1,SFF_supply,Solid_fossil_fuels,0.0
65,2054,reg1,SFF_supply,Solid_fossil_fuels,0.0
66,2055,reg1,SFF_supply,Solid_fossil_fuels,0.0
67,2056,reg1,SFF_supply,Solid_fossil_fuels,0.0
68,2057,reg1,SFF_supply,Solid_fossil_fuels,0.0
69,2058,reg1,SFF_supply,Solid_fossil_fuels,0.0
70,2059,reg1,SFF_supply,Solid_fossil_fuels,0.0
71,2060,reg1,SFF_supply,Solid_fossil_fuels,0.0
72,2025,reg1,OP_supply,Petroleum_products,50896.446174116936
73,2026,reg1,OP_supply,Petroleum_products,49199.89796831307
74,2027,reg1,OP_supply,Petroleum_products,47503.34976250914
75,2028,reg1,OP_supply,Petroleum_products,45806.801556705264
76,2029,reg1,OP_supply,Petroleum_products,44110.253350901345
77,2030,reg1,OP_supply,Petroleum_products,42413.70514509745
78,2031,reg1,OP_supply,Petroleum_products,40717.15693929352
79,2032,reg1,OP_supply,Petroleum_products,39020.60873348966
80,2033,reg1,OP_supply,Petroleum_products,37324.060527685746
81,2034,reg1,OP_supply,Petroleum_products,35627.512321881884
82,2035,reg1,OP_supply,Petroleum_products,33930.96411607797
83,2036,reg1,OP_supply,Petroleum_products,32234.415910274063
84,2037,reg1,OP_supply,Petroleum_products,30537.867704470154
85,2038,reg1,OP_supply,Petroleum_products,28841.31949866628
86,2039,reg1,OP_supply,Petroleum_products,27144.771292862377
87,2040,reg1,OP_supply,Petroleum_products,25448.22308705847
88,2041,reg1,OP_supply,Petroleum_products,23751.674881254607
89,2042,reg1,OP_supply,Petroleum_products,19404.559133288705
90,2043,reg1,OP_supply,Petroleum_products,17303.46144927116
91,2044,reg1,OP_supply,Petroleum_products,18662.030263842884
92,2045,reg1,OP_supply,Petroleum_products,16965.482058039
93,2046,reg1,OP_supply,Petroleum_products,15268.933852235108
94,2047,reg1,OP_supply,Petroleum_products,13572.38564643119
95,2048,reg1,OP_supply,Petroleum_products,11875.837440627303
96,2049,reg1,OP_supply,Petroleum_products,10179.2892348234
97,2050,reg1,OP_supply,Petroleum_products,8482.7410290195
98,2051,reg1,OP_supply,Petroleum_products,6786.192823215596
99,2052,reg1,OP_supply,Petroleum_products,5089.644617411699
100,2053,reg1,OP_supply,Petroleum_products,3393.0964116078003
101,2054,reg1,OP_supply,Petroleum_products,1696.548205803897
102,2055,reg1,OP_supply,Petroleum_products,0.0
103,2056,reg1,OP_supply,Petroleum_products,0.0
104,2057,reg1,OP_supply,Petroleum_products,0.0
105,2058,reg1,OP_supply,Petroleum_products,0.0
106,2059,reg1,OP_supply,Petroleum_products,0.0
107,2060,reg1,OP_supply,Petroleum_products,0.0
108,2025,reg1,BW_supply,Biofuels_waste,58447.122226788386
109,2026,reg1,BW_supply,Biofuels_waste,56109.23733771685
110,2027,reg1,BW_supply,Biofuels_waste,53771.35244864531
111,2028,reg1,BW_supply,Biofuels_waste,51433.46755957378
112,2029,reg1,BW_supply,Biofuels_waste,49095.58267050224
113,2030,reg1,BW_supply,Biofuels_waste,46757.69778143069
114,2031,reg1,BW_supply,Biofuels_waste,44419.812892359165
115,2032,reg1,BW_supply,Biofuels_waste,42081.928003287605
116,2033,reg1,BW_supply,Biofuels_waste,39744.04311421607
117,2034,reg1,BW_supply,Biofuels_waste,37406.158225144536
118,2035,reg1,BW_supply,Biofuels_waste,35068.273336073
119,2036,reg1,BW_supply,Biofuels_waste,32730.388447001475
120,2037,reg1,BW_supply,Biofuels_waste,28957.01181438461
121,2038,reg1,BW_supply,Biofuels_waste,25536.667285746953
122,2039,reg1,BW_supply,Biofuels_waste,22649.2938745757
123,2040,reg1,BW_supply,Biofuels_waste,19482.374075596104
124,2041,reg1,BW_supply,Biofuels_waste,17534.136668036488
125,2042,reg1,BW_supply,Biofuels_waste,15585.89926047688
126,2043,reg1,BW_supply,Biofuels_waste,13637.661852917267
127,2044,reg1,BW_supply,Biofuels_waste,11689.424445357667
128,2045,reg1,BW_supply,Biofuels_waste,9741.18703779805
129,2046,reg1,BW_supply,Biofuels_waste,7792.949630238438
130,2047,reg1,BW_supply,Biofuels_waste,5844.7122226788215
131,2048,reg1,BW_supply,Biofuels_waste,3680.003992057026
132,2049,reg1,BW_supply,Biofuels_waste,1840.001996028505
133,2050,reg1,BW_supply,Biofuels_waste,0.0
134,2051,reg1,BW_supply,Biofuels_waste,0.0
135,2052,reg1,BW_supply,Biofuels_waste,0.0
136,2053,reg1,BW_supply,Biofuels_waste,0.0
137,2054,reg1,BW_supply,Biofuels_waste,0.0
138,2055,reg1,BW_supply,Biofuels_waste,0.0
139,2056,reg1,BW_supply,Biofuels_waste,0.0
140,2057,reg1,BW_supply,Biofuels_waste,0.0
141,2058,reg1,BW_supply,Biofuels_waste,0.0
142,2059,reg1,BW_supply,Biofuels_waste,0.0
143,2060,reg1,BW_supply,Biofuels_waste,0.0
144,2025,reg1,BIO_supply,Biomass,0.0
145,2026,reg1,BIO_supply,Biomass,489.7904766740721
146,2027,reg1,BIO_supply,Biomass,979.5809533481444
147,2028,reg1,BIO_supply,Biomass,1469.3714300222166
148,2029,reg1,BIO_supply,Biomass,1959.1619066962887
149,2030,reg1,BIO_supply,Biomass,2448.9523833703606
150,2031,reg1,BIO_supply,Biomass,2938.7428600444327
151,2032,reg1,BIO_supply,Biomass,3428.5333367185035
152,2033,reg1,BIO_supply,Biomass,3918.3238133925774
153,2034,reg1,BIO_supply,Biomass,4408.114290066646
154,2035,reg1,BIO_supply,Biomass,4897.904766740719
155,2036,reg1,BIO_supply,Biomass,5387.6952434147925
156,2037,reg1,BIO_supply,Biomass,5877.485720088865
157,2038,reg1,BIO_supply,Biomass,6367.276196762932
158,2039,reg1,BIO_supply,Biomass,6857.066673437006
159,2040,reg1,BIO_supply,Biomass,7346.857150111077
160,2041,reg1,BIO_supply,Biomass,7836.647626785152
161,2042,reg1,BIO_supply,Biomass,8326.438103459226
162,2043,reg1,BIO_supply,Biomass,8816.228580133295
163,2044,reg1,BIO_supply,Biomass,9306.019056807341
164,2045,reg1,BIO_supply,Biomass,9795.809533481413
165,2046,reg1,BIO_supply,Biomass,10285.600010155486
166,2047,reg1,BIO_supply,Biomass,10775.390486829561
167,2048,reg1,BIO_supply,Biomass,11265.180963503657
168,2049,reg1,BIO_supply,Biomass,11754.971440177698
169,2050,reg1,BIO_supply,Biomass,12244.761916851769
170,2051,reg1,BIO_supply,Biomass,12244.761916851774
171,2052,reg1,BIO_supply,Biomass,12244.76191685177
172,2053,reg1,BIO_supply,Biomass,12244.761916851772
173,2054,reg1,BIO_supply,Biomass,12244.761916851772
174,2055,reg1,BIO_supply,Biomass,12244.761916851809
175,2056,reg1,BIO_supply,Biomass,12244.761916851809
176,2057,reg1,BIO_supply,Biomass,12244.76191685181
177,2058,reg1,BIO_supply,Biomass,12244.761916851809
178,2059,reg1,BIO_supply,Biomass,12244.761916851809
179,2060,reg1,BIO_supply,Biomass,12244.761916851809
180,2025,reg1,Biogas_supply,Biogas,0.0
181,2026,reg1,Biogas_supply,Biogas,0.0
182,2027,reg1,Biogas_supply,Biogas,0.0
183,2028,reg1,Biogas_supply,Biogas,1452.9085714285702
184,2029,reg1,Biogas_supply,Biogas,1937.2114285714288
185,2030,reg1,Biogas_supply,Biogas,2421.5142857142855
186,2031,reg1,Biogas_supply,Biogas,2905.8171428571422
187,2032,reg1,Biogas_supply,Biogas,3390.119999999999
188,2033,reg1,Biogas_supply,Biogas,2735.7833657670153
189,2034,reg1,Biogas_supply,Biogas,3226.570115347584
190,2035,reg1,Biogas_supply,Biogas,2965.5668428879735
191,2036,reg1,Biogas_supply,Biogas,3124.8440870526715
192,2037,reg1,Biogas_supply,Biogas,3662.1954774696123
193,2038,reg1,Biogas_supply,Biogas,5099.041461797072
194,2039,reg1,Biogas_supply,Biogas,6278.778770815606
195,2040,reg1,Biogas_supply,Biogas,7111.765494506421
196,2041,reg1,Biogas_supply,Biogas,7007.929584429329
197,2042,reg1,Biogas_supply,Biogas,8233.14857142857
198,2043,reg1,Biogas_supply,Biogas,8717.45142857143
199,2044,reg1,Biogas_supply,Biogas,8533.042612995363
200,2045,reg1,Biogas_supply,Biogas,8679.262672811054
201,2046,reg1,Biogas_supply,Biogas,9113.225806451606
202,2047,reg1,Biogas_supply,Biogas,9547.188940092157
203,2048,reg1,Biogas_supply,Biogas,9426.64362519201
204,2049,reg1,Biogas_supply,Biogas,9836.497695852526
205,2050,reg1,Biogas_supply,Biogas,10246.35176651305
206,2051,reg1,Biogas_supply,Biogas,10246.35176651305
207,2052,reg1,Biogas_supply,Biogas,10246.35176651305
208,2053,reg1,Biogas_supply,Biogas,8377.941836336526
209,2054,reg1,Biogas_supply,Biogas,8904.38360907631
210,2055,reg1,Biogas_supply,Biogas,12107.571428571424
211,2056,reg1,Biogas_supply,Biogas,12107.571428571426
212,2057,reg1,Biogas_supply,Biogas,12107.571428571424
213,2058,reg1,Biogas_supply,Biogas,12107.571428571426
214,2059,reg1,Biogas_supply,Biogas,12107.571428571424
215,2060,reg1,Biogas_supply,Biogas,12107.571428571424
216,2025,reg1,Waste_supply,Waste,0.0
217,2026,reg1,Waste_supply,Waste,0.0
218,2027,reg1,Waste_supply,Waste,0.0
219,2028,reg1,Waste_supply,Waste,0.0
220,2029,reg1,Waste_supply,Waste,0.0
221,2030,reg1,Waste_supply,Waste,3694.029124485561
222,2031,reg1,Waste_supply,Waste,5381.612178833388
223,2032,reg1,Waste_supply,Waste,7069.195233181212
224,2033,reg1,Waste_supply,Waste,8756.778287529041
225,2034,reg1,Waste_supply,Waste,10444.361341876864
226,2035,reg1,Waste_supply,Waste,12131.94439622469
227,2036,reg1,Waste_supply,Waste,13819.527450572512
228,2037,reg1,Waste_supply,Waste,15507.110504920345
229,2038,reg1,Waste_supply,Waste,17194.693559268162
230,2039,reg1,Waste_supply,Waste,18882.27661361599
231,2040,reg1,Waste_supply,Waste,20000.00000000001
232,2041,reg1,Waste_supply,Waste,20000.00000000001
233,2042,reg1,Waste_supply,Waste,20000.000000000007
234,2043,reg1,Waste_supply,Waste,20000.000000000007
235,2044,reg1,Waste_supply,Waste,20000.000000000022
236,2045,reg1,Waste_supply,Waste,20000.000000000022
237,2046,reg1,Waste_supply,Waste,20000.000000000007
238,2047,reg1,Waste_supply,Waste,20000.000000000007
239,2048,reg1,Waste_supply,Waste,20000.0
240,2049,reg1,Waste_supply,Waste,20000.000000000007
241,2050,reg1,Waste_supply,Waste,20000.000000000007
242,2051,reg1,Waste_supply,Waste,20000.000000000007
243,2052,reg1,Waste_supply,Waste,20000.000000000007
244,2053,reg1,Waste_supply,Waste,20000.00000000001
245,2054,reg1,Waste_supply,Waste,20000.00000000001
246,2055,reg1,Waste_supply,Waste,20000.0
247,2056,reg1,Waste_supply,Waste,20000.0
248,2057,reg1,Waste_supply,Waste,20000.0
249,2058,reg1,Waste_supply,Waste,20000.0
250,2059,reg1,Waste_supply,Waste,19999.999999999996
251,2060,reg1,Waste_supply,Waste,18882.27661361599
252,2025,reg1,Geo_PP,Electricity,5308.804676436001
253,2026,reg1,Geo_PP,Electricity,5308.804676435999
254,2027,reg1,Geo_PP,Electricity,5308.804676435999
255,2028,reg1,Geo_PP,Electricity,5308.80221984
256,2029,reg1,Geo_PP,Electricity,5308.802219839999
257,2030,reg1,Geo_PP,Electricity,5308.802219839997
258,2031,reg1,Geo_PP,Electricity,5308.802219839999
259,2032,reg1,Geo_PP,Electricity,5087.602127346665
260,2033,reg1,Geo_PP,Electricity,5308.8022198399985
261,2034,reg1,Geo_PP,Electricity,5308.8022198399985
262,2035,reg1,Geo_PP,Electricity,5308.8022198399985
263,2036,reg1,Geo_PP,Electricity,5232.379066441186
264,2037,reg1,Geo_PP,Electricity,5087.602127346665
265,2038,reg1,Geo_PP,Electricity,5308.8022198399985
266,2039,reg1,Geo_PP,Electricity,5308.8022198399985
267,2040,reg1,Geo_PP,Electricity,5666.605427239999
268,2041,reg1,Geo_PP,Electricity,6024.062254603998
269,2042,reg1,Geo_PP,Electricity,5913.607662352604
270,2043,reg1,Geo_PP,Electricity,5769.1548156534045
271,2044,reg1,Geo_PP,Electricity,5522.057066720331
272,2045,reg1,Geo_PP,Electricity,5727.52062479107
273,2046,reg1,Geo_PP,Electricity,5773.059660662164
274,2047,reg1,Geo_PP,Electricity,5522.057066720331
275,2048,reg1,Geo_PP,Electricity,5271.054472778498
276,2049,reg1,Geo_PP,Electricity,6761.041054603997
277,2050,reg1,Geo_PP,Electricity,7185.602360662164
278,2051,reg1,Geo_PP,Electricity,8234.998654603996
279,2052,reg1,Geo_PP,Electricity,8971.977454603995
280,2053,reg1,Geo_PP,Electricity,9708.956254603996
281,2054,reg1,Geo_PP,Electricity,9575.44046672033
282,2055,reg1,Geo_PP,Electricity,11182.913854603996
283,2056,reg1,Geo_PP,Electricity,11919.892654603995
284,2057,reg1,Geo_PP,Electricity,12656.871454603996
285,2058,reg1,Geo_PP,Electricity,13014.677118599997
286,2059,reg1,Geo_PP,Electricity,12635.501525999996
287,2060,reg1,Geo_PP,Electricity,12256.325933399996
288,2025,reg1,Solar_PV_PP,Electricity,58442.25618765205
289,2026,reg1,Solar_PV_PP,Electricity,69124.9569698601
290,2027,reg1,Solar_PV_PP,Electricity,79807.65775206815
291,2028,reg1,Solar_PV_PP,Electricity,90490.35853427617
292,2029,reg1,Solar_PV_PP,Electricity,101173.05931648423
293,2030,reg1,Solar_PV_PP,Electricity,111679.53470833675
294,2031,reg1,Solar_PV_PP,Electricity,122015.43926377807
295,2032,reg1,Solar_PV_PP,Electricity,132629.10274852323
296,2033,reg1,Solar_PV_PP,Electricity,143903.8624453164
297,2034,reg1,Solar_PV_PP,Electricity,152188.6237987483
298,2035,reg1,Solar_PV_PP,Electricity,163327.64635820076
299,2036,reg1,Solar_PV_PP,Electricity,175951.96479194058
300,2037,reg1,Solar_PV_PP,Electricity,185832.39076880686
301,2038,reg1,Solar_PV_PP,Electricity,195662.7235805418
302,2039,reg1,Solar_PV_PP,Electricity,205377.8599217889
303,2040,reg1,Solar_PV_PP,Electricity,216702.6634402587
304,2041,reg1,Solar_PV_PP,Electricity,227190.88815720906
305,2042,reg1,Solar_PV_PP,Electricity,236837.24965652853
306,2043,reg1,Solar_PV_PP,Electricity,247454.30633164378
307,2044,reg1,Solar_PV_PP,Electricity,256646.4508952328
308,2045,reg1,Solar_PV_PP,Electricity,265416.8489595558
309,2046,reg1,Solar_PV_PP,Electricity,274139.4481917679
310,2047,reg1,Solar_PV_PP,Electricity,283048.48076654796
311,2048,reg1,Solar_PV_PP,Electricity,291191.02863998257
312,2049,reg1,Solar_PV_PP,Electricity,295657.5077654664
313,2050,reg1,Solar_PV_PP,Electricity,298459.8345929068
314,2051,reg1,Solar_PV_PP,Electricity,290805.4562468821
315,2052,reg1,Solar_PV_PP,Electricity,290168.3917929254
316,2053,reg1,Solar_PV_PP,Electricity,284056.54751672747
317,2054,reg1,Solar_PV_PP,Electricity,270918.3125585568
318,2055,reg1,Solar_PV_PP,Electricity,264827.6044759253
319,2056,reg1,Solar_PV_PP,Electricity,263969.1791107679
320,2057,reg1,Solar_PV_PP,Electricity,263220.0762110988
321,2058,reg1,Solar_PV_PP,Electricity,262696.776222205
322,2059,reg1,Solar_PV_PP,Electricity,262334.9720223008
323,2060,reg1,Solar_PV_PP,Electricity,255088.3937326215
324,2025,reg1,Wind_On-Shore_PP,Electricity,22829.553934796983
325,2026,reg1,Wind_On-Shore_PP,Electricity,24199.327170884815
326,2027,reg1,Wind_On-Shore_PP,Electricity,25569.10040697264
327,2028,reg1,Wind_On-Shore_PP,Electricity,26938.873643060466
328,2029,reg1,Wind_On-Shore_PP,Electricity,28308.646879148295
329,2030,reg1,Wind_On-Shore_PP,Electricity,29678.42011523612
330,2031,reg1,Wind_On-Shore_PP,Electricity,30771.645166695504
331,2032,reg1,Wind_On-Shore_PP,Electricity,31764.51378364957
332,2033,reg1,Wind_On-Shore_PP,Electricity,31235.799947389936
333,2034,reg1,Wind_On-Shore_PP,Electricity,35157.51305958742
334,2035,reg1,Wind_On-Shore_PP,Electricity,36527.28629567525
335,2036,reg1,Wind_On-Shore_PP,Electricity,36179.21849623481
336,2037,reg1,Wind_On-Shore_PP,Electricity,36058.295143475705
337,2038,reg1,Wind_On-Shore_PP,Electricity,37643.42212779896
338,2039,reg1,Wind_On-Shore_PP,Electricity,39312.008902444
339,2040,reg1,Wind_On-Shore_PP,Electricity,39686.71689672546
340,2041,reg1,Wind_On-Shore_PP,Electricity,42560.505179249856
341,2042,reg1,Wind_On-Shore_PP,Electricity,44185.11244375824
342,2043,reg1,Wind_On-Shore_PP,Electricity,44986.613430243844
343,2044,reg1,Wind_On-Shore_PP,Electricity,46626.900605181836
344,2045,reg1,Wind_On-Shore_PP,Electricity,47433.16432867485
345,2046,reg1,Wind_On-Shore_PP,Electricity,47982.99736331646
346,2047,reg1,Wind_On-Shore_PP,Electricity,48253.69099824484
347,2048,reg1,Wind_On-Shore_PP,Electricity,48249.14913173078
348,2049,reg1,Wind_On-Shore_PP,Electricity,48258.775083704415
349,2050,reg1,Wind_On-Shore_PP,Electricity,48377.52856500834
350,2051,reg1,Wind_On-Shore_PP,Electricity,51997.51185155678
351,2052,reg1,Wind_On-Shore_PP,Electricity,47056.12654095572
352,2053,reg1,Wind_On-Shore_PP,Electricity,47916.67319669131
353,2054,reg1,Wind_On-Shore_PP,Electricity,57073.88483699246
354,2055,reg1,Wind_On-Shore_PP,Electricity,57073.88483699246
355,2056,reg1,Wind_On-Shore_PP,Electricity,57073.88483699246
356,2057,reg1,Wind_On-Shore_PP,Electricity,57073.88483699246
357,2058,reg1,Wind_On-Shore_PP,Electricity,57073.88483699246
358,2059,reg1,Wind_On-Shore_PP,Electricity,57073.88483699246
359,2060,reg1,Wind_On-Shore_PP,Electricity,57073.88483699246
360,2025,reg1,Wind_Off-Shore_PP,Electricity,76.64064781414172
361,2026,reg1,Wind_Off-Shore_PP,Electricity,76.64064781414146
362,2027,reg1,Wind_Off-Shore_PP,Electricity,76.64064781414154
363,2028,reg1,Wind_Off-Shore_PP,Electricity,76.64064781414223
364,2029,reg1,Wind_Off-Shore_PP,Electricity,76.64064781414089
365,2030,reg1,Wind_Off-Shore_PP,Electricity,73.64253270214384
366,2031,reg1,Wind_Off-Shore_PP,Electricity,70.59104022992699
367,2032,reg1,Wind_Off-Shore_PP,Electricity,70.59104022992699
368,2033,reg1,Wind_Off-Shore_PP,Electricity,73.64253270214415
369,2034,reg1,Wind_Off-Shore_PP,Electricity,70.59104022992699
370,2035,reg1,Wind_Off-Shore_PP,Electricity,70.59104022992699
371,2036,reg1,Wind_Off-Shore_PP,Electricity,70.6575040756843
372,2037,reg1,Wind_Off-Shore_PP,Electricity,64.48519201368612
373,2038,reg1,Wind_Off-Shore_PP,Electricity,61.50823050666057
374,2039,reg1,Wind_Off-Shore_PP,Electricity,64.49325913312042
375,2040,reg1,Wind_Off-Shore_PP,Electricity,61.50823050666057
376,2041,reg1,Wind_Off-Shore_PP,Electricity,58.317605542746335
377,2042,reg1,Wind_Off-Shore_PP,Electricity,61.50823050666057
378,2043,reg1,Wind_Off-Shore_PP,Electricity,61.50823050666057
379,2044,reg1,Wind_Off-Shore_PP,Electricity,61.50823050666057
380,2045,reg1,Wind_Off-Shore_PP,Electricity,58.317605542746335
381,2046,reg1,Wind_Off-Shore_PP,Electricity,61.302634169206186
382,2047,reg1,Wind_Off-Shore_PP,Electricity,64.50634561865874
383,2048,reg1,Wind_Off-Shore_PP,Electricity,61.369098014963484
384,2049,reg1,Wind_Off-Shore_PP,Electricity,67.55783809087589
385,2050,reg1,Wind_Off-Shore_PP,Electricity,67.49137424511859
386,2051,reg1,Wind_Off-Shore_PP,Electricity,67.42156887098538
387,2052,reg1,Wind_Off-Shore_PP,Electricity,58.317605542746335
388,2053,reg1,Wind_Off-Shore_PP,Electricity,61.50823050666057
389,2054,reg1,Wind_Off-Shore_PP,Electricity,64.49325913312042
390,2055,reg1,Wind_Off-Shore_PP,Electricity,0.0
391,2056,reg1,Wind_Off-Shore_PP,Electricity,0.0
392,2057,reg1,Wind_Off-Shore_PP,Electricity,0.0
393,2058,reg1,Wind_Off-Shore_PP,Electricity,0.0
394,2059,reg1,Wind_Off-Shore_PP,Electricity,0.0
395,2060,reg1,Wind_Off-Shore_PP,Electricity,0.0
396,2025,reg1,Hydro_PP,Electricity,45704.90667599997
397,2026,reg1,Hydro_PP,Electricity,46022.40323999998
398,2027,reg1,Hydro_PP,Electricity,46252.8
399,2028,reg1,Hydro_PP,Electricity,46252.8
400,2029,reg1,Hydro_PP,Electricity,46252.79999999999
401,2030,reg1,Hydro_PP,Electricity,46252.8
402,2031,reg1,Hydro_PP,Electricity,46252.8
403,2032,reg1,Hydro_PP,Electricity,46252.79999999999
404,2033,reg1,Hydro_PP,Electricity,46252.8
405,2034,reg1,Hydro_PP,Electricity,46252.8
406,2035,reg1,Hydro_PP,Electricity,46252.8
407,2036,reg1,Hydro_PP,Electricity,46252.80000000002
408,2037,reg1,Hydro_PP,Electricity,46252.8
409,2038,reg1,Hydro_PP,Electricity,46252.80000000002
410,2039,reg1,Hydro_PP,Electricity,46252.799999999974
411,2040,reg1,Hydro_PP,Electricity,46252.79999999999
412,2041,reg1,Hydro_PP,Electricity,46252.79999999998
413,2042,reg1,Hydro_PP,Electricity,46252.79999999999
414,2043,reg1,Hydro_PP,Electricity,46252.799999999996
415,2044,reg1,Hydro_PP,Electricity,46252.79999999996
416,2045,reg1,Hydro_PP,Electricity,46252.79999999999
417,2046,reg1,Hydro_PP,Electricity,46252.79999999999
418,2047,reg1,Hydro_PP,Electricity,46252.79999999999
419,2048,reg1,Hydro_PP,Electricity,46252.8
420,2049,reg1,Hydro_PP,Electricity,46252.79999999998
421,2050,reg1,Hydro_PP,Electricity,46252.8
422,2051,reg1,Hydro_PP,Electricity,46252.799999999974
423,2052,reg1,Hydro_PP,Electricity,46252.799999999974
424,2053,reg1,Hydro_PP,Electricity,46252.79999999998
425,2054,reg1,Hydro_PP,Electricity,46252.79999999999
426,2055,reg1,Hydro_PP,Electricity,46252.79999999997
427,2056,reg1,Hydro_PP,Electricity,46252.799999999974
428,2057,reg1,Hydro_PP,Electricity,46252.79999999851
429,2058,reg1,Hydro_PP,Electricity,46252.79999999628
430,2059,reg1,Hydro_PP,Electricity,46252.799999999974
431,2060,reg1,Hydro_PP,Electricity,45704.906675999955
432,2025,reg1,UO2_supply ,UO2_fuel,0.0
433,2026,reg1,UO2_supply ,UO2_fuel,0.0
434,2027,reg1,UO2_supply ,UO2_fuel,0.0
435,2028,reg1,UO2_supply ,UO2_fuel,0.0
436,2029,reg1,UO2_supply ,UO2_fuel,0.0
437,2030,reg1,UO2_supply ,UO2_fuel,0.0
438,2031,reg1,UO2_supply ,UO2_fuel,0.0
439,2032,reg1,UO2_supply ,UO2_fuel,0.0
440,2033,reg1,UO2_supply ,UO2_fuel,0.0
441,2034,reg1,UO2_supply ,UO2_fuel,0.0
442,2035,reg1,UO2_supply ,UO2_fuel,0.0
443,2036,reg1,UO2_supply ,UO2_fuel,0.0
444,2037,reg1,UO2_supply ,UO2_fuel,0.0
445,2038,reg1,UO2_supply ,UO2_fuel,0.0
446,2039,reg1,UO2_supply ,UO2_fuel,0.0
447,2040,reg1,UO2_supply ,UO2_fuel,0.0
448,2041,reg1,UO2_supply ,UO2_fuel,0.0
449,2042,reg1,UO2_supply ,UO2_fuel,0.0
450,2043,reg1,UO2_supply ,UO2_fuel,0.0
451,2044,reg1,UO2_supply ,UO2_fuel,0.0
452,2045,reg1,UO2_supply ,UO2_fuel,0.0
453,2046,reg1,UO2_supply ,UO2_fuel,0.0
454,2047,reg1,UO2_supply ,UO2_fuel,0.0
455,2048,reg1,UO2_supply ,UO2_fuel,0.0
456,2049,reg1,UO2_supply ,UO2_fuel,0.0
457,2050,reg1,UO2_supply ,UO2_fuel,0.0
458,2051,reg1,UO2_supply ,UO2_fuel,0.0
459,2052,reg1,UO2_supply ,UO2_fuel,0.0
460,2053,reg1,UO2_supply ,UO2_fuel,0.0
461,2054,reg1,UO2_supply ,UO2_fuel,0.0
462,2055,reg1,UO2_supply ,UO2_fuel,0.0
463,2056,reg1,UO2_supply ,UO2_fuel,0.0
464,2057,reg1,UO2_supply ,UO2_fuel,0.0
465,2058,reg1,UO2_supply ,UO2_fuel,0.0
466,2059,reg1,UO2_supply ,UO2_fuel,0.0
467,2060,reg1,UO2_supply ,UO2_fuel,0.0
468,2025,reg1,Electricity_net_imports,Electricity,42999.999999999985
469,2026,reg1,Electricity_net_imports,Electricity,43000.0
470,2027,reg1,Electricity_net_imports,Electricity,43000.0
471,2028,reg1,Electricity_net_imports,Electricity,40750.750787105964
472,2029,reg1,Electricity_net_imports,Electricity,39655.579505054244
473,2030,reg1,Electricity_net_imports,Electricity,39761.54168092752
474,2031,reg1,Electricity_net_imports,Electricity,37777.245786821775
475,2032,reg1,Electricity_net_imports,Electricity,37115.348917177886
476,2033,reg1,Electricity_net_imports,Electricity,36300.702403941366
477,2034,reg1,Electricity_net_imports,Electricity,35855.02841973916
478,2035,reg1,Electricity_net_imports,Electricity,34499.999999999985
479,2036,reg1,Electricity_net_imports,Electricity,32799.999999999985
480,2037,reg1,Electricity_net_imports,Electricity,31099.999999999985
481,2038,reg1,Electricity_net_imports,Electricity,29399.99999999999
482,2039,reg1,Electricity_net_imports,Electricity,27699.999999999996
483,2040,reg1,Electricity_net_imports,Electricity,26000.0
484,2041,reg1,Electricity_net_imports,Electricity,25999.999999999996
485,2042,reg1,Electricity_net_imports,Electricity,26000.0
486,2043,reg1,Electricity_net_imports,Electricity,25999.999999999996
487,2044,reg1,Electricity_net_imports,Electricity,25999.99999999998
488,2045,reg1,Electricity_net_imports,Electricity,25999.999999999996
489,2046,reg1,Electricity_net_imports,Electricity,25999.999999999996
490,2047,reg1,Electricity_net_imports,Electricity,25999.99999999999
491,2048,reg1,Electricity_net_imports,Electricity,25999.99999999999
492,2049,reg1,Electricity_net_imports,Electricity,25999.999999999985
493,2050,reg1,Electricity_net_imports,Electricity,25999.999999999993
494,2051,reg1,Electricity_net_imports,Electricity,25999.99999999999
495,2052,reg1,Electricity_net_imports,Electricity,25999.999999999993
496,2053,reg1,Electricity_net_imports,Electricity,25999.99999999999
497,2054,reg1,Electricity_net_imports,Electricity,25999.999999999993
498,2055,reg1,Electricity_net_imports,Electricity,25999.999999999993
499,2056,reg1,Electricity_net_imports,Electricity,25999.999999999985
500,2057,reg1,Electricity_net_imports,Electricity,25999.999999999985
501,2058,reg1,Electricity_net_imports,Electricity,25999.999999999985
502,2059,reg1,Electricity_net_imports,Electricity,25999.999999999975
503,2060,reg1,Electricity_net_imports,Electricity,25999.999999999993
504,2025,reg1,Geo_HP,Heat,300.00039119999997
505,2026,reg1,Geo_HP,Heat,300.00039119999997
506,2027,reg1,Geo_HP,Heat,300.00039119999997
507,2028,reg1,Geo_HP,Heat,300.0
508,2029,reg1,Geo_HP,Heat,300.0
509,2030,reg1,Geo_HP,Heat,300.0
510,2031,reg1,Geo_HP,Heat,300.0
511,2032,reg1,Geo_HP,Heat,300.0
512,2033,reg1,Geo_HP,Heat,300.0
513,2034,reg1,Geo_HP,Heat,300.0
514,2035,reg1,Geo_HP,Heat,300.0
515,2036,reg1,Geo_HP,Heat,300.0
516,2037,reg1,Geo_HP,Heat,300.0
517,2038,reg1,Geo_HP,Heat,300.0
518,2039,reg1,Geo_HP,Heat,300.0
519,2040,reg1,Geo_HP,Heat,300.0
520,2041,reg1,Geo_HP,Heat,300.0
521,2042,reg1,Geo_HP,Heat,300.0
522,2043,reg1,Geo_HP,Heat,300.0
523,2044,reg1,Geo_HP,Heat,300.0
524,2045,reg1,Geo_HP,Heat,300.0
525,2046,reg1,Geo_HP,Heat,300.0
526,2047,reg1,Geo_HP,Heat,300.0
527,2048,reg1,Geo_HP,Heat,300.0
528,2049,reg1,Geo_HP,Heat,300.0
529,2050,reg1,Geo_HP,Heat,300.0
530,2051,reg1,Geo_HP,Heat,300.0
531,2052,reg1,Geo_HP,Heat,300.0
532,2053,reg1,Geo_HP,Heat,300.0
533,2054,reg1,Geo_HP,Heat,300.0
534,2055,reg1,Geo_HP,Heat,300.0
535,2056,reg1,Geo_HP,Heat,300.0
536,2057,reg1,Geo_HP,Heat,300.0
537,2058,reg1,Geo_HP,Heat,300.0
538,2059,reg1,Geo_HP,Heat,300.0
539,2060,reg1,Geo_HP,Heat,300.0
540,2025,reg1,Pump_hydro_ST,Electricity,0.0
541,2026,reg1,Pump_hydro_ST,Electricity,0.0
542,2027,reg1,Pump_hydro_ST,Electricity,0.0
543,2028,reg1,Pump_hydro_ST,Electricity,2075.319812794862
544,2029,reg1,Pump_hydro_ST,Electricity,5677.802053136727
545,2030,reg1,Pump_hydro_ST,Electricity,6384.965561875403
546,2031,reg1,Pump_hydro_ST,Electricity,7949.983346399254
547,2032,reg1,Pump_hydro_ST,Electricity,10740.882832393894
548,2033,reg1,Pump_hydro_ST,Electricity,11648.981548600079
549,2034,reg1,Pump_hydro_ST,Electricity,12140.31349464732
550,2035,reg1,Pump_hydro_ST,Electricity,12628.843638631959
551,2036,reg1,Pump_hydro_ST,Electricity,13095.655882250096
552,2037,reg1,Pump_hydro_ST,Electricity,13386.131011291018
553,2038,reg1,Pump_hydro_ST,Electricity,16292.39477570741
554,2039,reg1,Pump_hydro_ST,Electricity,19259.301666903317
555,2040,reg1,Pump_hydro_ST,Electricity,19093.71347166288
556,2041,reg1,Pump_hydro_ST,Electricity,19326.69059815044
557,2042,reg1,Pump_hydro_ST,Electricity,19576.36302394129
558,2043,reg1,Pump_hydro_ST,Electricity,19878.40128388103
559,2044,reg1,Pump_hydro_ST,Electricity,20200.542967094672
560,2045,reg1,Pump_hydro_ST,Electricity,21896.204461175403
561,2046,reg1,Pump_hydro_ST,Electricity,21938.921551364372
562,2047,reg1,Pump_hydro_ST,Electricity,21840.798240596163
563,2048,reg1,Pump_hydro_ST,Electricity,22128.70170777808
564,2049,reg1,Pump_hydro_ST,Electricity,22243.569702160024
565,2050,reg1,Pump_hydro_ST,Electricity,21946.500329470455
566,2051,reg1,Pump_hydro_ST,Electricity,21423.45944095504
567,2052,reg1,Pump_hydro_ST,Electricity,20898.578864008763
568,2053,reg1,Pump_hydro_ST,Electricity,20530.686337466846
569,2054,reg1,Pump_hydro_ST,Electricity,19555.197091222937
570,2055,reg1,Pump_hydro_ST,Electricity,18769.606572029043
571,2056,reg1,Pump_hydro_ST,Electricity,18432.319176517696
572,2057,reg1,Pump_hydro_ST,Electricity,18062.891204288026
573,2058,reg1,Pump_hydro_ST,Electricity,17715.735578033673
574,2059,reg1,Pump_hydro_ST,Electricity,17935.063004700536
575,2060,reg1,Pump_hydro_ST,Electricity,17833.45653624798
576,2025,reg1,Electrochemical_ST,Electricity,0.0
577,2026,reg1,Electrochemical_ST,Electricity,0.0
578,2027,reg1,Electrochemical_ST,Electricity,1701.6451420296266
579,2028,reg1,Electrochemical_ST,Electricity,3683.3759623871138
580,2029,reg1,Electrochemical_ST,Electricity,3683.3759623871138
581,2030,reg1,Electrochemical_ST,Electricity,3683.3759623871138
582,2031,reg1,Electrochemical_ST,Electricity,3683.3759623871138
583,2032,reg1,Electrochemical_ST,Electricity,3683.3759623871133
584,2033,reg1,Electrochemical_ST,Electricity,3683.375962387114
585,2034,reg1,Electrochemical_ST,Electricity,6719.09798814265
586,2035,reg1,Electrochemical_ST,Electricity,10134.37472656371
587,2036,reg1,Electrochemical_ST,Electricity,12812.976272507347
588,2037,reg1,Electrochemical_ST,Electricity,23120.837283060173
589,2038,reg1,Electrochemical_ST,Electricity,26058.868613126957
590,2039,reg1,Electrochemical_ST,Electricity,28185.535184223678
591,2040,reg1,Electrochemical_ST,Electricity,32918.852395483744
592,2041,reg1,Electrochemical_ST,Electricity,40284.36144451884
593,2042,reg1,Electrochemical_ST,Electricity,45829.6611367648
594,2043,reg1,Electrochemical_ST,Electricity,60486.92758267222
595,2044,reg1,Electrochemical_ST,Electricity,66572.43277351445
596,2045,reg1,Electrochemical_ST,Electricity,72720.26758267224
597,2046,reg1,Electrochemical_ST,Electricity,78836.9375826722
598,2047,reg1,Electrochemical_ST,Electricity,84953.60758267224
599,2048,reg1,Electrochemical_ST,Electricity,84599.82164215797
600,2049,reg1,Electrochemical_ST,Electricity,106786.76254591034
601,2050,reg1,Electrochemical_ST,Electricity,100979.74049699915
602,2051,reg1,Electrochemical_ST,Electricity,99109.81966629994
603,2052,reg1,Electrochemical_ST,Electricity,86742.39328622566
604,2053,reg1,Electrochemical_ST,Electricity,88066.39941749698
605,2054,reg1,Electrochemical_ST,Electricity,79479.86561545401
606,2055,reg1,Electrochemical_ST,Electricity,51229.15107631588
607,2056,reg1,Electrochemical_ST,Electricity,51229.151076315895
608,2057,reg1,Electrochemical_ST,Electricity,51229.151076315866
609,2058,reg1,Electrochemical_ST,Electricity,51229.151076315924
610,2059,reg1,Electrochemical_ST,Electricity,51229.1510763159
611,2060,reg1,Electrochemical_ST,Electricity,48073.80861921471
612,2025,reg1,Hydrogen_ST,Hydrogen,0.0
613,2026,reg1,Hydrogen_ST,Hydrogen,4.28867909918221
614,2027,reg1,Hydrogen_ST,Hydrogen,8.694907335572323
615,2028,reg1,Hydrogen_ST,Hydrogen,13.223444489165264
616,2029,reg1,Hydrogen_ST,Hydrogen,25.38892550519293
617,2030,reg1,Hydrogen_ST,Hydrogen,22.915715114753485
618,2031,reg1,Hydrogen_ST,Hydrogen,22.081921720206996
619,2032,reg1,Hydrogen_ST,Hydrogen,21.513505872277566
620,2033,reg1,Hydrogen_ST,Hydrogen,20.979799219188752
621,2034,reg1,Hydrogen_ST,Hydrogen,20.45874846261194
622,2035,reg1,Hydrogen_ST,Hydrogen,19.95035360238251
623,2036,reg1,Hydrogen_ST,Hydrogen,19.45461463899426
624,2037,reg1,Hydrogen_ST,Hydrogen,18.97153157148438
625,2038,reg1,Hydrogen_ST,Hydrogen,40.096068012489646
626,2039,reg1,Hydrogen_ST,Hydrogen,57.71872751092864
627,2040,reg1,Hydrogen_ST,Hydrogen,48.47467572661548
628,2041,reg1,Hydrogen_ST,Hydrogen,52.53350234206107
629,2042,reg1,Hydrogen_ST,Hydrogen,15.100993731928558
630,2043,reg1,Hydrogen_ST,Hydrogen,0.0
631,2044,reg1,Hydrogen_ST,Hydrogen,0.0
632,2045,reg1,Hydrogen_ST,Hydrogen,0.0
633,2046,reg1,Hydrogen_ST,Hydrogen,0.0
634,2047,reg1,Hydrogen_ST,Hydrogen,0.0
635,2048,reg1,Hydrogen_ST,Hydrogen,0.0
636,2049,reg1,Hydrogen_ST,Hydrogen,0.0
637,2050,reg1,Hydrogen_ST,Hydrogen,0.0
638,2051,reg1,Hydrogen_ST,Hydrogen,0.0
639,2052,reg1,Hydrogen_ST,Hydrogen,0.0
640,2053,reg1,Hydrogen_ST,Hydrogen,0.0
641,2054,reg1,Hydrogen_ST,Hydrogen,0.0
642,2055,reg1,Hydrogen_ST,Hydrogen,0.0
643,2056,reg1,Hydrogen_ST,Hydrogen,0.9008153191956012
644,2057,reg1,Hydrogen_ST,Hydrogen,54.377829504424554
645,2058,reg1,Hydrogen_ST,Hydrogen,25.003780598485438
646,2059,reg1,Hydrogen_ST,Hydrogen,25.003780587804076
647,2060,reg1,Hydrogen_ST,Hydrogen,25.00378058780399
648,2025,reg1,Thermal_ST,Heat,0.0
649,2026,reg1,Thermal_ST,Heat,0.0
650,2027,reg1,Thermal_ST,Heat,0.0
651,2028,reg1,Thermal_ST,Heat,0.0
652,2029,reg1,Thermal_ST,Heat,0.0
653,2030,reg1,Thermal_ST,Heat,0.0
654,2031,reg1,Thermal_ST,Heat,0.0
655,2032,reg1,Thermal_ST,Heat,0.0
656,2033,reg1,Thermal_ST,Heat,0.0
657,2034,reg1,Thermal_ST,Heat,0.0
658,2035,reg1,Thermal_ST,Heat,0.0
659,2036,reg1,Thermal_ST,Heat,0.0
660,2037,reg1,Thermal_ST,Heat,0.0
661,2038,reg1,Thermal_ST,Heat,0.0
662,2039,reg1,Thermal_ST,Heat,0.0
663,2040,reg1,Thermal_ST,Heat,0.0
664,2041,reg1,Thermal_ST,Heat,0.0
665,2042,reg1,Thermal_ST,Heat,0.0
666,2043,reg1,Thermal_ST,Heat,0.0
667,2044,reg1,Thermal_ST,Heat,0.0
668,2045,reg1,Thermal_ST,Heat,0.0
669,2046,reg1,Thermal_ST,Heat,0.0
670,2047,reg1,Thermal_ST,Heat,0.0
671,2048,reg1,Thermal_ST,Heat,0.0
672,2049,reg1,Thermal_ST,Heat,0.0
673,2050,reg1,Thermal_ST,Heat,0.0
674,2051,reg1,Thermal_ST,Heat,0.0
675,2052,reg1,Thermal_ST,Heat,0.0
676,2053,reg1,Thermal_ST,Heat,0.0
677,2054,reg1,Thermal_ST,Heat,0.0
678,2055,reg1,Thermal_ST,Heat,0.0
679,2056,reg1,Thermal_ST,Heat,0.0
680,2057,reg1,Thermal_ST,Heat,0.0
681,2058,reg1,Thermal_ST,Heat,0.0
682,2059,reg1,Thermal_ST,Heat,0.0
683,2060,reg1,Thermal_ST,Heat,0.0
684,2025,reg1,Thermal-H2_ST,Heat-H2,0.0
685,2026,reg1,Thermal-H2_ST,Heat-H2,0.0
686,2027,reg1,Thermal-H2_ST,Heat-H2,0.0
687,2028,reg1,Thermal-H2_ST,Heat-H2,0.0
688,2029,reg1,Thermal-H2_ST,Heat-H2,0.0
689,2030,reg1,Thermal-H2_ST,Heat-H2,0.0
690,2031,reg1,Thermal-H2_ST,Heat-H2,0.0
691,2032,reg1,Thermal-H2_ST,Heat-H2,0.0
692,2033,reg1,Thermal-H2_ST,Heat-H2,0.0
693,2034,reg1,Thermal-H2_ST,Heat-H2,0.0
694,2035,reg1,Thermal-H2_ST,Heat-H2,0.0
695,2036,reg1,Thermal-H2_ST,Heat-H2,0.0
696,2037,reg1,Thermal-H2_ST,Heat-H2,0.0
697,2038,reg1,Thermal-H2_ST,Heat-H2,0.0
698,2039,reg1,Thermal-H2_ST,Heat-H2,0.0
699,2040,reg1,Thermal-H2_ST,Heat-H2,0.0
700,2041,reg1,Thermal-H2_ST,Heat-H2,0.0
701,2042,reg1,Thermal-H2_ST,Heat-H2,0.0
702,2043,reg1,Thermal-H2_ST,Heat-H2,0.0
703,2044,reg1,Thermal-H2_ST,Heat-H2,0.0
704,2045,reg1,Thermal-H2_ST,Heat-H2,0.0
705,2046,reg1,Thermal-H2_ST,Heat-H2,0.0
706,2047,reg1,Thermal-H2_ST,Heat-H2,0.0
707,2048,reg1,Thermal-H2_ST,Heat-H2,0.0
708,2049,reg1,Thermal-H2_ST,Heat-H2,0.0
709,2050,reg1,Thermal-H2_ST,Heat-H2,0.0
710,2051,reg1,Thermal-H2_ST,Heat-H2,0.0
711,2052,reg1,Thermal-H2_ST,Heat-H2,0.0
712,2053,reg1,Thermal-H2_ST,Heat-H2,0.0
713,2054,reg1,Thermal-H2_ST,Heat-H2,0.0
714,2055,reg1,Thermal-H2_ST,Heat-H2,0.0
715,2056,reg1,Thermal-H2_ST,Heat-H2,0.0
716,2057,reg1,Thermal-H2_ST,Heat-H2,0.0
717,2058,reg1,Thermal-H2_ST,Heat-H2,0.0
718,2059,reg1,Thermal-H2_ST,Heat-H2,0.0
719,2060,reg1,Thermal-H2_ST,Heat-H2,0.0
720,2025,reg1,HTHP,Heat,0.0
721,2026,reg1,HTHP,Heat,0.0
722,2027,reg1,HTHP,Heat,0.0
723,2028,reg1,HTHP,Heat,119.9778903222259
724,2029,reg1,HTHP,Heat,2978.5984620744252
725,2030,reg1,HTHP,Heat,3263.971491365678
726,2031,reg1,HTHP,Heat,4148.296062409786
727,2032,reg1,HTHP,Heat,5027.751323609293
728,2033,reg1,HTHP,Heat,6894.994025385338
729,2034,reg1,HTHP,Heat,8323.46584065099
730,2035,reg1,HTHP,Heat,9830.194881200161
731,2036,reg1,HTHP,Heat,11808.935439757108
732,2037,reg1,HTHP,Heat,12556.768166219714
733,2038,reg1,HTHP,Heat,13059.892854675376
734,2039,reg1,HTHP,Heat,13583.925282708904
735,2040,reg1,HTHP,Heat,15290.70423667691
736,2041,reg1,HTHP,Heat,18030.642646654345
737,2042,reg1,HTHP,Heat,19031.079791787888
738,2043,reg1,HTHP,Heat,19910.30272917339
739,2044,reg1,HTHP,Heat,20794.374254060083
740,2045,reg1,HTHP,Heat,20505.961004708086
741,2046,reg1,HTHP,Heat,20896.499890794657
742,2047,reg1,HTHP,Heat,22763.852414737845
743,2048,reg1,HTHP,Heat,22069.63467021622
744,2049,reg1,HTHP,Heat,23018.154180467827
745,2050,reg1,HTHP,Heat,23473.08640795516
746,2051,reg1,HTHP,Heat,23167.491900778987
747,2052,reg1,HTHP,Heat,19053.056912579454
748,2053,reg1,HTHP,Heat,15149.641862082855
749,2054,reg1,HTHP,Heat,14519.365167330468
750,2055,reg1,HTHP,Heat,13786.223024244868
751,2056,reg1,HTHP,Heat,13738.62982173161
752,2057,reg1,HTHP,Heat,13746.216513287563
753,2058,reg1,HTHP,Heat,13961.179603923427
754,2059,reg1,HTHP,Heat,13967.040380592245
755,2060,reg1,HTHP,Heat,12572.189638223794
756,2025,reg1,SMR,Hydrogen,0.0
757,2026,reg1,SMR,Hydrogen,1812.4376858969795
758,2027,reg1,SMR,Hydrogen,3579.301686100553
759,2028,reg1,SMR,Hydrogen,5300.592649671629
760,2029,reg1,SMR,Hydrogen,6977.335299557285
761,2030,reg1,SMR,Hydrogen,8606.492049129944
762,2031,reg1,SMR,Hydrogen,8823.185485421986
763,2032,reg1,SMR,Hydrogen,9035.006705039688
764,2033,reg1,SMR,Hydrogen,9241.924253207804
765,2034,reg1,SMR,Hydrogen,9443.935122658386
766,2035,reg1,SMR,Hydrogen,9641.039313391235
767,2036,reg1,SMR,Hydrogen,9833.236825406928
768,2037,reg1,SMR,Hydrogen,10020.527658704981
769,2038,reg1,SMR,Hydrogen,10070.24133279677
770,2039,reg1,SMR,Hydrogen,10199.00490520951
771,2040,reg1,SMR,Hydrogen,10298.1050842054
772,2041,reg1,SMR,Hydrogen,10138.646348757582
773,2042,reg1,SMR,Hydrogen,9902.70562718015
774,2043,reg1,SMR,Hydrogen,9652.407610815335
775,2044,reg1,SMR,Hydrogen,9403.393371311227
776,2045,reg1,SMR,Hydrogen,9154.379131807118
777,2046,reg1,SMR,Hydrogen,8905.364892303012
778,2047,reg1,SMR,Hydrogen,8656.350652798905
779,2048,reg1,SMR,Hydrogen,8382.151413294796
780,2049,reg1,SMR,Hydrogen,8133.13717379069
781,2050,reg1,SMR,Hydrogen,7884.122934286584
782,2051,reg1,SMR,Hydrogen,7884.122934286584
783,2052,reg1,SMR,Hydrogen,7884.122934286584
784,2053,reg1,SMR,Hydrogen,7909.307934286584
785,2054,reg1,SMR,Hydrogen,7909.307934286584
786,2055,reg1,SMR,Hydrogen,7909.307934286584
787,2056,reg1,SMR,Hydrogen,7909.4307727392015
788,2057,reg1,SMR,Hydrogen,7892.556183553931
789,2058,reg1,SMR,Hydrogen,8063.827540729161
790,2059,reg1,SMR,Hydrogen,6584.448598447449
791,2060,reg1,SMR,Hydrogen,4687.898531077841
792,2025,reg1,SMR_CCS,Hydrogen,0.0
793,2026,reg1,SMR_CCS,Hydrogen,0.0
794,2027,reg1,SMR_CCS,Hydrogen,0.0
795,2028,reg1,SMR_CCS,Hydrogen,0.0
796,2029,reg1,SMR_CCS,Hydrogen,0.0
797,2030,reg1,SMR_CCS,Hydrogen,0.0
798,2031,reg1,SMR_CCS,Hydrogen,0.0
799,2032,reg1,SMR_CCS,Hydrogen,0.0
800,2033,reg1,SMR_CCS,Hydrogen,0.0
801,2034,reg1,SMR_CCS,Hydrogen,0.0
802,2035,reg1,SMR_CCS,Hydrogen,0.0
803,2036,reg1,SMR_CCS,Hydrogen,0.0
804,2037,reg1,SMR_CCS,Hydrogen,0.0
805,2038,reg1,SMR_CCS,Hydrogen,0.0
806,2039,reg1,SMR_CCS,Hydrogen,0.0
807,2040,reg1,SMR_CCS,Hydrogen,0.0
808,2041,reg1,SMR_CCS,Hydrogen,0.0
809,2042,reg1,SMR_CCS,Hydrogen,0.0
810,2043,reg1,SMR_CCS,Hydrogen,0.0
811,2044,reg1,SMR_CCS,Hydrogen,0.0
812,2045,reg1,SMR_CCS,Hydrogen,0.0
813,2046,reg1,SMR_CCS,Hydrogen,0.0
814,2047,reg1,SMR_CCS,Hydrogen,0.0
815,2048,reg1,SMR_CCS,Hydrogen,0.0
816,2049,reg1,SMR_CCS,Hydrogen,0.0
817,2050,reg1,SMR_CCS,Hydrogen,0.0
818,2051,reg1,SMR_CCS,Hydrogen,0.0
819,2052,reg1,SMR_CCS,Hydrogen,0.0
820,2053,reg1,SMR_CCS,Hydrogen,0.0
821,2054,reg1,SMR_CCS,Hydrogen,0.0
822,2055,reg1,SMR_CCS,Hydrogen,0.0
823,2056,reg1,SMR_CCS,Hydrogen,0.0
824,2057,reg1,SMR_CCS,Hydrogen,0.0
825,2058,reg1,SMR_CCS,Hydrogen,0.0
826,2059,reg1,SMR_CCS,Hydrogen,1479.3789422829263
827,2060,reg1,SMR_CCS,Hydrogen,3375.9290096525347
828,2025,reg1,Electrolysis_PEM,Hydrogen,0.0
829,2026,reg1,Electrolysis_PEM,Hydrogen,0.0
830,2027,reg1,Electrolysis_PEM,Hydrogen,0.0
831,2028,reg1,Electrolysis_PEM,Hydrogen,0.0
832,2029,reg1,Electrolysis_PEM,Hydrogen,0.0
833,2030,reg1,Electrolysis_PEM,Hydrogen,0.0
834,2031,reg1,Electrolysis_PEM,Hydrogen,0.0
835,2032,reg1,Electrolysis_PEM,Hydrogen,0.0
836,2033,reg1,Electrolysis_PEM,Hydrogen,0.0
837,2034,reg1,Electrolysis_PEM,Hydrogen,0.0
838,2035,reg1,Electrolysis_PEM,Hydrogen,0.0
839,2036,reg1,Electrolysis_PEM,Hydrogen,0.0
840,2037,reg1,Electrolysis_PEM,Hydrogen,0.0
841,2038,reg1,Electrolysis_PEM,Hydrogen,135.61524825404825
842,2039,reg1,Electrolysis_PEM,Hydrogen,186.7946649909914
843,2040,reg1,Electrolysis_PEM,Hydrogen,259.0654281758833
844,2041,reg1,Electrolysis_PEM,Hydrogen,170.06340047624744
845,2042,reg1,Electrolysis_PEM,Hydrogen,151.8854495572793
846,2043,reg1,Electrolysis_PEM,Hydrogen,151.11
847,2044,reg1,Electrolysis_PEM,Hydrogen,151.11
848,2045,reg1,Electrolysis_PEM,Hydrogen,151.11
849,2046,reg1,Electrolysis_PEM,Hydrogen,151.11
850,2047,reg1,Electrolysis_PEM,Hydrogen,151.11
851,2048,reg1,Electrolysis_PEM,Hydrogen,176.29500000000002
852,2049,reg1,Electrolysis_PEM,Hydrogen,176.29500000000002
853,2050,reg1,Electrolysis_PEM,Hydrogen,176.29500000000002
854,2051,reg1,Electrolysis_PEM,Hydrogen,176.29500000000002
855,2052,reg1,Electrolysis_PEM,Hydrogen,176.29500000000002
856,2053,reg1,Electrolysis_PEM,Hydrogen,151.11
857,2054,reg1,Electrolysis_PEM,Hydrogen,151.11
858,2055,reg1,Electrolysis_PEM,Hydrogen,151.11
859,2056,reg1,Electrolysis_PEM,Hydrogen,151.11
860,2057,reg1,Electrolysis_PEM,Hydrogen,175.2769093014379
861,2058,reg1,Electrolysis_PEM,Hydrogen,0.0
862,2059,reg1,Electrolysis_PEM,Hydrogen,0.0
863,2060,reg1,Electrolysis_PEM,Hydrogen,0.0
864,2025,reg1,SFF_PP,Electricity,3141.437615999999
865,2026,reg1,SFF_PP,Electricity,2374.0616160000004
866,2027,reg1,SFF_PP,Electricity,1393.8176159999998
867,2028,reg1,SFF_PP,Electricity,1262.417616
868,2029,reg1,SFF_PP,Electricity,1123.1336160000003
869,2030,reg1,SFF_PP,Electricity,0.0
870,2031,reg1,SFF_PP,Electricity,0.0
871,2032,reg1,SFF_PP,Electricity,0.0
872,2033,reg1,SFF_PP,Electricity,0.0
873,2034,reg1,SFF_PP,Electricity,0.0
874,2035,reg1,SFF_PP,Electricity,0.0
875,2036,reg1,SFF_PP,Electricity,0.0
876,2037,reg1,SFF_PP,Electricity,0.0
877,2038,reg1,SFF_PP,Electricity,0.0
878,2039,reg1,SFF_PP,Electricity,0.0
879,2040,reg1,SFF_PP,Electricity,0.0
880,2041,reg1,SFF_PP,Electricity,0.0
881,2042,reg1,SFF_PP,Electricity,0.0
882,2043,reg1,SFF_PP,Electricity,0.0
883,2044,reg1,SFF_PP,Electricity,0.0
884,2045,reg1,SFF_PP,Electricity,0.0
885,2046,reg1,SFF_PP,Electricity,0.0
886,2047,reg1,SFF_PP,Electricity,0.0
887,2048,reg1,SFF_PP,Electricity,0.0
888,2049,reg1,SFF_PP,Electricity,0.0
889,2050,reg1,SFF_PP,Electricity,0.0
890,2051,reg1,SFF_PP,Electricity,0.0
891,2052,reg1,SFF_PP,Electricity,0.0
892,2053,reg1,SFF_PP,Electricity,0.0
893,2054,reg1,SFF_PP,Electricity,0.0
894,2055,reg1,SFF_PP,Electricity,0.0
895,2056,reg1,SFF_PP,Electricity,0.0
896,2057,reg1,SFF_PP,Electricity,0.0
897,2058,reg1,SFF_PP,Electricity,0.0
898,2059,reg1,SFF_PP,Electricity,0.0
899,2060,reg1,SFF_PP,Electricity,0.0
900,2025,reg1,Nuc_SMR_PP,Electricity,0.0
901,2026,reg1,Nuc_SMR_PP,Electricity,0.0
902,2027,reg1,Nuc_SMR_PP,Electricity,0.0
903,2028,reg1,Nuc_SMR_PP,Electricity,0.0
904,2029,reg1,Nuc_SMR_PP,Electricity,0.0
905,2030,reg1,Nuc_SMR_PP,Electricity,0.0
906,2031,reg1,Nuc_SMR_PP,Electricity,0.0
907,2032,reg1,Nuc_SMR_PP,Electricity,0.0
908,2033,reg1,Nuc_SMR_PP,Electricity,0.0
909,2034,reg1,Nuc_SMR_PP,Electricity,0.0
910,2035,reg1,Nuc_SMR_PP,Electricity,0.0
911,2036,reg1,Nuc_SMR_PP,Electricity,0.0
912,2037,reg1,Nuc_SMR_PP,Electricity,0.0
913,2038,reg1,Nuc_SMR_PP,Electricity,0.0
914,2039,reg1,Nuc_SMR_PP,Electricity,0.0
915,2040,reg1,Nuc_SMR_PP,Electricity,0.0
916,2041,reg1,Nuc_SMR_PP,Electricity,0.0
917,2042,reg1,Nuc_SMR_PP,Electricity,0.0
918,2043,reg1,Nuc_SMR_PP,Electricity,0.0
919,2044,reg1,Nuc_SMR_PP,Electricity,0.0
920,2045,reg1,Nuc_SMR_PP,Electricity,0.0
921,2046,reg1,Nuc_SMR_PP,Electricity,0.0
922,2047,reg1,Nuc_SMR_PP,Electricity,0.0
923,2048,reg1,Nuc_SMR_PP,Electricity,0.0
924,2049,reg1,Nuc_SMR_PP,Electricity,0.0
925,2050,reg1,Nuc_SMR_PP,Electricity,0.0
926,2051,reg1,Nuc_SMR_PP,Electricity,0.0
927,2052,reg1,Nuc_SMR_PP,Electricity,0.0
928,2053,reg1,Nuc_SMR_PP,Electricity,0.0
929,2054,reg1,Nuc_SMR_PP,Electricity,0.0
930,2055,reg1,Nuc_SMR_PP,Electricity,0.0
931,2056,reg1,Nuc_SMR_PP,Electricity,0.0
932,2057,reg1,Nuc_SMR_PP,Electricity,0.0
933,2058,reg1,Nuc_SMR_PP,Electricity,0.0
934,2059,reg1,Nuc_SMR_PP,Electricity,0.0
935,2060,reg1,Nuc_SMR_PP,Electricity,0.0
936,2025,reg1,Nuc_G3+_PP,Electricity,0.0
937,2026,reg1,Nuc_G3+_PP,Electricity,0.0
938,2027,reg1,Nuc_G3+_PP,Electricity,0.0
939,2028,reg1,Nuc_G3+_PP,Electricity,0.0
940,2029,reg1,Nuc_G3+_PP,Electricity,0.0
941,2030,reg1,Nuc_G3+_PP,Electricity,0.0
942,2031,reg1,Nuc_G3+_PP,Electricity,0.0
943,2032,reg1,Nuc_G3+_PP,Electricity,0.0
944,2033,reg1,Nuc_G3+_PP,Electricity,0.0
945,2034,reg1,Nuc_G3+_PP,Electricity,0.0
946,2035,reg1,Nuc_G3+_PP,Electricity,0.0
947,2036,reg1,Nuc_G3+_PP,Electricity,0.0
948,2037,reg1,Nuc_G3+_PP,Electricity,0.0
949,2038,reg1,Nuc_G3+_PP,Electricity,0.0
950,2039,reg1,Nuc_G3+_PP,Electricity,0.0
951,2040,reg1,Nuc_G3+_PP,Electricity,0.0
952,2041,reg1,Nuc_G3+_PP,Electricity,0.0
953,2042,reg1,Nuc_G3+_PP,Electricity,0.0
954,2043,reg1,Nuc_G3+_PP,Electricity,0.0
955,2044,reg1,Nuc_G3+_PP,Electricity,0.0
956,2045,reg1,Nuc_G3+_PP,Electricity,0.0
957,2046,reg1,Nuc_G3+_PP,Electricity,0.0
958,2047,reg1,Nuc_G3+_PP,Electricity,0.0
959,2048,reg1,Nuc_G3+_PP,Electricity,0.0
960,2049,reg1,Nuc_G3+_PP,Electricity,0.0
961,2050,reg1,Nuc_G3+_PP,Electricity,0.0
962,2051,reg1,Nuc_G3+_PP,Electricity,0.0
963,2052,reg1,Nuc_G3+_PP,Electricity,0.0
964,2053,reg1,Nuc_G3+_PP,Electricity,0.0
965,2054,reg1,Nuc_G3+_PP,Electricity,0.0
966,2055,reg1,Nuc_G3+_PP,Electricity,0.0
967,2056,reg1,Nuc_G3+_PP,Electricity,0.0
968,2057,reg1,Nuc_G3+_PP,Electricity,0.0
969,2058,reg1,Nuc_G3+_PP,Electricity,0.0
970,2059,reg1,Nuc_G3+_PP,Electricity,0.0
971,2060,reg1,Nuc_G3+_PP,Electricity,0.0
972,2025,reg1,Nuc_SMR_CHP,Nuc_CHP-Heat,0.0
973,2026,reg1,Nuc_SMR_CHP,Nuc_CHP-Heat,0.0
974,2027,reg1,Nuc_SMR_CHP,Nuc_CHP-Heat,0.0
975,2028,reg1,Nuc_SMR_CHP,Nuc_CHP-Heat,0.0
976,2029,reg1,Nuc_SMR_CHP,Nuc_CHP-Heat,0.0
977,2030,reg1,Nuc_SMR_CHP,Nuc_CHP-Heat,0.0
978,2031,reg1,Nuc_SMR_CHP,Nuc_CHP-Heat,0.0
979,2032,reg1,Nuc_SMR_CHP,Nuc_CHP-Heat,0.0
980,2033,reg1,Nuc_SMR_CHP,Nuc_CHP-Heat,0.0
981,2034,reg1,Nuc_SMR_CHP,Nuc_CHP-Heat,0.0
982,2035,reg1,Nuc_SMR_CHP,Nuc_CHP-Heat,0.0
983,2036,reg1,Nuc_SMR_CHP,Nuc_CHP-Heat,0.0
984,2037,reg1,Nuc_SMR_CHP,Nuc_CHP-Heat,0.0
985,2038,reg1,Nuc_SMR_CHP,Nuc_CHP-Heat,0.0
986,2039,reg1,Nuc_SMR_CHP,Nuc_CHP-Heat,0.0
987,2040,reg1,Nuc_SMR_CHP,Nuc_CHP-Heat,0.0
988,2041,reg1,Nuc_SMR_CHP,Nuc_CHP-Heat,0.0
989,2042,reg1,Nuc_SMR_CHP,Nuc_CHP-Heat,0.0
990,2043,reg1,Nuc_SMR_CHP,Nuc_CHP-Heat,0.0
991,2044,reg1,Nuc_SMR_CHP,Nuc_CHP-Heat,0.0
992,2045,reg1,Nuc_SMR_CHP,Nuc_CHP-Heat,0.0
993,2046,reg1,Nuc_SMR_CHP,Nuc_CHP-Heat,0.0
994,2047,reg1,Nuc_SMR_CHP,Nuc_CHP-Heat,0.0
995,2048,reg1,Nuc_SMR_CHP,Nuc_CHP-Heat,0.0
996,2049,reg1,Nuc_SMR_CHP,Nuc_CHP-Heat,0.0
997,2050,reg1,Nuc_SMR_CHP,Nuc_CHP-Heat,0.0
998,2051,reg1,Nuc_SMR_CHP,Nuc_CHP-Heat,0.0
999,2052,reg1,Nuc_SMR_CHP,Nuc_CHP-Heat,0.0
1000,2053,reg1,Nuc_SMR_CHP,Nuc_CHP-Heat,0.0
1001,2054,reg1,Nuc_SMR_CHP,Nuc_CHP-Heat,0.0
1002,2055,reg1,Nuc_SMR_CHP,Nuc_CHP-Heat,0.0
1003,2056,reg1,Nuc_SMR_CHP,Nuc_CHP-Heat,0.0
1004,2057,reg1,Nuc_SMR_CHP,Nuc_CHP-Heat,0.0
1005,2058,reg1,Nuc_SMR_CHP,Nuc_CHP-Heat,0.0
1006,2059,reg1,Nuc_SMR_CHP,Nuc_CHP-Heat,0.0
1007,2060,reg1,Nuc_SMR_CHP,Nuc_CHP-Heat,0.0
1008,2025,reg1,Nuc_SMR_Power-CHP,Electricity,0.0
1009,2026,reg1,Nuc_SMR_Power-CHP,Electricity,0.0
1010,2027,reg1,Nuc_SMR_Power-CHP,Electricity,0.0
1011,2028,reg1,Nuc_SMR_Power-CHP,Electricity,0.0
1012,2029,reg1,Nuc_SMR_Power-CHP,Electricity,0.0
1013,2030,reg1,Nuc_SMR_Power-CHP,Electricity,0.0
1014,2031,reg1,Nuc_SMR_Power-CHP,Electricity,0.0
1015,2032,reg1,Nuc_SMR_Power-CHP,Electricity,0.0
1016,2033,reg1,Nuc_SMR_Power-CHP,Electricity,0.0
1017,2034,reg1,Nuc_SMR_Power-CHP,Electricity,0.0
1018,2035,reg1,Nuc_SMR_Power-CHP,Electricity,0.0
1019,2036,reg1,Nuc_SMR_Power-CHP,Electricity,0.0
1020,2037,reg1,Nuc_SMR_Power-CHP,Electricity,0.0
1021,2038,reg1,Nuc_SMR_Power-CHP,Electricity,0.0
1022,2039,reg1,Nuc_SMR_Power-CHP,Electricity,0.0
1023,2040,reg1,Nuc_SMR_Power-CHP,Electricity,0.0
1024,2041,reg1,Nuc_SMR_Power-CHP,Electricity,0.0
1025,2042,reg1,Nuc_SMR_Power-CHP,Electricity,0.0
1026,2043,reg1,Nuc_SMR_Power-CHP,Electricity,0.0
1027,2044,reg1,Nuc_SMR_Power-CHP,Electricity,0.0
1028,2045,reg1,Nuc_SMR_Power-CHP,Electricity,0.0
1029,2046,reg1,Nuc_SMR_Power-CHP,Electricity,0.0
1030,2047,reg1,Nuc_SMR_Power-CHP,Electricity,0.0
1031,2048,reg1,Nuc_SMR_Power-CHP,Electricity,0.0
1032,2049,reg1,Nuc_SMR_Power-CHP,Electricity,0.0
1033,2050,reg1,Nuc_SMR_Power-CHP,Electricity,0.0
1034,2051,reg1,Nuc_SMR_Power-CHP,Electricity,0.0
1035,2052,reg1,Nuc_SMR_Power-CHP,Electricity,0.0
1036,2053,reg1,Nuc_SMR_Power-CHP,Electricity,0.0
1037,2054,reg1,Nuc_SMR_Power-CHP,Electricity,0.0
1038,2055,reg1,Nuc_SMR_Power-CHP,Electricity,0.0
1039,2056,reg1,Nuc_SMR_Power-CHP,Electricity,0.0
1040,2057,reg1,Nuc_SMR_Power-CHP,Electricity,0.0
1041,2058,reg1,Nuc_SMR_Power-CHP,Electricity,0.0
1042,2059,reg1,Nuc_SMR_Power-CHP,Electricity,0.0
1043,2060,reg1,Nuc_SMR_Power-CHP,Electricity,0.0
1044,2025,reg1,Nuc_SMR_Heat-CHP,Nuc_SMR-Heat,0.0
1045,2026,reg1,Nuc_SMR_Heat-CHP,Nuc_SMR-Heat,0.0
1046,2027,reg1,Nuc_SMR_Heat-CHP,Nuc_SMR-Heat,0.0
1047,2028,reg1,Nuc_SMR_Heat-CHP,Nuc_SMR-Heat,0.0
1048,2029,reg1,Nuc_SMR_Heat-CHP,Nuc_SMR-Heat,0.0
1049,2030,reg1,Nuc_SMR_Heat-CHP,Nuc_SMR-Heat,0.0
1050,2031,reg1,Nuc_SMR_Heat-CHP,Nuc_SMR-Heat,0.0
1051,2032,reg1,Nuc_SMR_Heat-CHP,Nuc_SMR-Heat,0.0
1052,2033,reg1,Nuc_SMR_Heat-CHP,Nuc_SMR-Heat,0.0
1053,2034,reg1,Nuc_SMR_Heat-CHP,Nuc_SMR-Heat,0.0
1054,2035,reg1,Nuc_SMR_Heat-CHP,Nuc_SMR-Heat,0.0
1055,2036,reg1,Nuc_SMR_Heat-CHP,Nuc_SMR-Heat,0.0
1056,2037,reg1,Nuc_SMR_Heat-CHP,Nuc_SMR-Heat,0.0
1057,2038,reg1,Nuc_SMR_Heat-CHP,Nuc_SMR-Heat,0.0
1058,2039,reg1,Nuc_SMR_Heat-CHP,Nuc_SMR-Heat,0.0
1059,2040,reg1,Nuc_SMR_Heat-CHP,Nuc_SMR-Heat,0.0
1060,2041,reg1,Nuc_SMR_Heat-CHP,Nuc_SMR-Heat,0.0
1061,2042,reg1,Nuc_SMR_Heat-CHP,Nuc_SMR-Heat,0.0
1062,2043,reg1,Nuc_SMR_Heat-CHP,Nuc_SMR-Heat,0.0
1063,2044,reg1,Nuc_SMR_Heat-CHP,Nuc_SMR-Heat,0.0
1064,2045,reg1,Nuc_SMR_Heat-CHP,Nuc_SMR-Heat,0.0
1065,2046,reg1,Nuc_SMR_Heat-CHP,Nuc_SMR-Heat,0.0
1066,2047,reg1,Nuc_SMR_Heat-CHP,Nuc_SMR-Heat,0.0
1067,2048,reg1,Nuc_SMR_Heat-CHP,Nuc_SMR-Heat,0.0
1068,2049,reg1,Nuc_SMR_Heat-CHP,Nuc_SMR-Heat,0.0
1069,2050,reg1,Nuc_SMR_Heat-CHP,Nuc_SMR-Heat,0.0
1070,2051,reg1,Nuc_SMR_Heat-CHP,Nuc_SMR-Heat,0.0
1071,2052,reg1,Nuc_SMR_Heat-CHP,Nuc_SMR-Heat,0.0
1072,2053,reg1,Nuc_SMR_Heat-CHP,Nuc_SMR-Heat,0.0
1073,2054,reg1,Nuc_SMR_Heat-CHP,Nuc_SMR-Heat,0.0
1074,2055,reg1,Nuc_SMR_Heat-CHP,Nuc_SMR-Heat,0.0
1075,2056,reg1,Nuc_SMR_Heat-CHP,Nuc_SMR-Heat,0.0
1076,2057,reg1,Nuc_SMR_Heat-CHP,Nuc_SMR-Heat,0.0
1077,2058,reg1,Nuc_SMR_Heat-CHP,Nuc_SMR-Heat,0.0
1078,2059,reg1,Nuc_SMR_Heat-CHP,Nuc_SMR-Heat,0.0
1079,2060,reg1,Nuc_SMR_Heat-CHP,Nuc_SMR-Heat,0.0
1080,2025,reg1,Nuc_SMR-H2_CHP,Nuc_CHP-H2-Heat,0.0
1081,2026,reg1,Nuc_SMR-H2_CHP,Nuc_CHP-H2-Heat,0.0
1082,2027,reg1,Nuc_SMR-H2_CHP,Nuc_CHP-H2-Heat,0.0
1083,2028,reg1,Nuc_SMR-H2_CHP,Nuc_CHP-H2-Heat,0.0
1084,2029,reg1,Nuc_SMR-H2_CHP,Nuc_CHP-H2-Heat,0.0
1085,2030,reg1,Nuc_SMR-H2_CHP,Nuc_CHP-H2-Heat,0.0
1086,2031,reg1,Nuc_SMR-H2_CHP,Nuc_CHP-H2-Heat,0.0
1087,2032,reg1,Nuc_SMR-H2_CHP,Nuc_CHP-H2-Heat,0.0
1088,2033,reg1,Nuc_SMR-H2_CHP,Nuc_CHP-H2-Heat,0.0
1089,2034,reg1,Nuc_SMR-H2_CHP,Nuc_CHP-H2-Heat,0.0
1090,2035,reg1,Nuc_SMR-H2_CHP,Nuc_CHP-H2-Heat,0.0
1091,2036,reg1,Nuc_SMR-H2_CHP,Nuc_CHP-H2-Heat,0.0
1092,2037,reg1,Nuc_SMR-H2_CHP,Nuc_CHP-H2-Heat,0.0
1093,2038,reg1,Nuc_SMR-H2_CHP,Nuc_CHP-H2-Heat,0.0
1094,2039,reg1,Nuc_SMR-H2_CHP,Nuc_CHP-H2-Heat,0.0
1095,2040,reg1,Nuc_SMR-H2_CHP,Nuc_CHP-H2-Heat,0.0
1096,2041,reg1,Nuc_SMR-H2_CHP,Nuc_CHP-H2-Heat,0.0
1097,2042,reg1,Nuc_SMR-H2_CHP,Nuc_CHP-H2-Heat,0.0
1098,2043,reg1,Nuc_SMR-H2_CHP,Nuc_CHP-H2-Heat,0.0
1099,2044,reg1,Nuc_SMR-H2_CHP,Nuc_CHP-H2-Heat,0.0
1100,2045,reg1,Nuc_SMR-H2_CHP,Nuc_CHP-H2-Heat,0.0
1101,2046,reg1,Nuc_SMR-H2_CHP,Nuc_CHP-H2-Heat,0.0
1102,2047,reg1,Nuc_SMR-H2_CHP,Nuc_CHP-H2-Heat,0.0
1103,2048,reg1,Nuc_SMR-H2_CHP,Nuc_CHP-H2-Heat,0.0
1104,2049,reg1,Nuc_SMR-H2_CHP,Nuc_CHP-H2-Heat,0.0
1105,2050,reg1,Nuc_SMR-H2_CHP,Nuc_CHP-H2-Heat,0.0
1106,2051,reg1,Nuc_SMR-H2_CHP,Nuc_CHP-H2-Heat,0.0
1107,2052,reg1,Nuc_SMR-H2_CHP,Nuc_CHP-H2-Heat,0.0
1108,2053,reg1,Nuc_SMR-H2_CHP,Nuc_CHP-H2-Heat,0.0
1109,2054,reg1,Nuc_SMR-H2_CHP,Nuc_CHP-H2-Heat,0.0
1110,2055,reg1,Nuc_SMR-H2_CHP,Nuc_CHP-H2-Heat,0.0
1111,2056,reg1,Nuc_SMR-H2_CHP,Nuc_CHP-H2-Heat,0.0
1112,2057,reg1,Nuc_SMR-H2_CHP,Nuc_CHP-H2-Heat,0.0
1113,2058,reg1,Nuc_SMR-H2_CHP,Nuc_CHP-H2-Heat,0.0
1114,2059,reg1,Nuc_SMR-H2_CHP,Nuc_CHP-H2-Heat,0.0
1115,2060,reg1,Nuc_SMR-H2_CHP,Nuc_CHP-H2-Heat,0.0
1116,2025,reg1,Nuc_SMR-H2_Power-CHP,Electricity,0.0
1117,2026,reg1,Nuc_SMR-H2_Power-CHP,Electricity,0.0
1118,2027,reg1,Nuc_SMR-H2_Power-CHP,Electricity,0.0
1119,2028,reg1,Nuc_SMR-H2_Power-CHP,Electricity,0.0
1120,2029,reg1,Nuc_SMR-H2_Power-CHP,Electricity,0.0
1121,2030,reg1,Nuc_SMR-H2_Power-CHP,Electricity,0.0
1122,2031,reg1,Nuc_SMR-H2_Power-CHP,Electricity,0.0
1123,2032,reg1,Nuc_SMR-H2_Power-CHP,Electricity,0.0
1124,2033,reg1,Nuc_SMR-H2_Power-CHP,Electricity,0.0
1125,2034,reg1,Nuc_SMR-H2_Power-CHP,Electricity,0.0
1126,2035,reg1,Nuc_SMR-H2_Power-CHP,Electricity,0.0
1127,2036,reg1,Nuc_SMR-H2_Power-CHP,Electricity,0.0
1128,2037,reg1,Nuc_SMR-H2_Power-CHP,Electricity,0.0
1129,2038,reg1,Nuc_SMR-H2_Power-CHP,Electricity,0.0
1130,2039,reg1,Nuc_SMR-H2_Power-CHP,Electricity,0.0
1131,2040,reg1,Nuc_SMR-H2_Power-CHP,Electricity,0.0
1132,2041,reg1,Nuc_SMR-H2_Power-CHP,Electricity,0.0
1133,2042,reg1,Nuc_SMR-H2_Power-CHP,Electricity,0.0
1134,2043,reg1,Nuc_SMR-H2_Power-CHP,Electricity,0.0
1135,2044,reg1,Nuc_SMR-H2_Power-CHP,Electricity,0.0
1136,2045,reg1,Nuc_SMR-H2_Power-CHP,Electricity,0.0
1137,2046,reg1,Nuc_SMR-H2_Power-CHP,Electricity,0.0
1138,2047,reg1,Nuc_SMR-H2_Power-CHP,Electricity,0.0
1139,2048,reg1,Nuc_SMR-H2_Power-CHP,Electricity,0.0
1140,2049,reg1,Nuc_SMR-H2_Power-CHP,Electricity,0.0
1141,2050,reg1,Nuc_SMR-H2_Power-CHP,Electricity,0.0
1142,2051,reg1,Nuc_SMR-H2_Power-CHP,Electricity,0.0
1143,2052,reg1,Nuc_SMR-H2_Power-CHP,Electricity,0.0
1144,2053,reg1,Nuc_SMR-H2_Power-CHP,Electricity,0.0
1145,2054,reg1,Nuc_SMR-H2_Power-CHP,Electricity,0.0
1146,2055,reg1,Nuc_SMR-H2_Power-CHP,Electricity,0.0
1147,2056,reg1,Nuc_SMR-H2_Power-CHP,Electricity,0.0
1148,2057,reg1,Nuc_SMR-H2_Power-CHP,Electricity,0.0
1149,2058,reg1,Nuc_SMR-H2_Power-CHP,Electricity,0.0
1150,2059,reg1,Nuc_SMR-H2_Power-CHP,Electricity,0.0
1151,2060,reg1,Nuc_SMR-H2_Power-CHP,Electricity,0.0
1152,2025,reg1,Nuc_SMR-H2_Heat-CHP,Nuc_SMR-H2-Heat,0.0
1153,2026,reg1,Nuc_SMR-H2_Heat-CHP,Nuc_SMR-H2-Heat,0.0
1154,2027,reg1,Nuc_SMR-H2_Heat-CHP,Nuc_SMR-H2-Heat,0.0
1155,2028,reg1,Nuc_SMR-H2_Heat-CHP,Nuc_SMR-H2-Heat,0.0
1156,2029,reg1,Nuc_SMR-H2_Heat-CHP,Nuc_SMR-H2-Heat,0.0
1157,2030,reg1,Nuc_SMR-H2_Heat-CHP,Nuc_SMR-H2-Heat,0.0
1158,2031,reg1,Nuc_SMR-H2_Heat-CHP,Nuc_SMR-H2-Heat,0.0
1159,2032,reg1,Nuc_SMR-H2_Heat-CHP,Nuc_SMR-H2-Heat,0.0
1160,2033,reg1,Nuc_SMR-H2_Heat-CHP,Nuc_SMR-H2-Heat,0.0
1161,2034,reg1,Nuc_SMR-H2_Heat-CHP,Nuc_SMR-H2-Heat,0.0
1162,2035,reg1,Nuc_SMR-H2_Heat-CHP,Nuc_SMR-H2-Heat,0.0
1163,2036,reg1,Nuc_SMR-H2_Heat-CHP,Nuc_SMR-H2-Heat,0.0
1164,2037,reg1,Nuc_SMR-H2_Heat-CHP,Nuc_SMR-H2-Heat,0.0
1165,2038,reg1,Nuc_SMR-H2_Heat-CHP,Nuc_SMR-H2-Heat,0.0
1166,2039,reg1,Nuc_SMR-H2_Heat-CHP,Nuc_SMR-H2-Heat,0.0
1167,2040,reg1,Nuc_SMR-H2_Heat-CHP,Nuc_SMR-H2-Heat,0.0
1168,2041,reg1,Nuc_SMR-H2_Heat-CHP,Nuc_SMR-H2-Heat,0.0
1169,2042,reg1,Nuc_SMR-H2_Heat-CHP,Nuc_SMR-H2-Heat,0.0
1170,2043,reg1,Nuc_SMR-H2_Heat-CHP,Nuc_SMR-H2-Heat,0.0
1171,2044,reg1,Nuc_SMR-H2_Heat-CHP,Nuc_SMR-H2-Heat,0.0
1172,2045,reg1,Nuc_SMR-H2_Heat-CHP,Nuc_SMR-H2-Heat,0.0
1173,2046,reg1,Nuc_SMR-H2_Heat-CHP,Nuc_SMR-H2-Heat,0.0
1174,2047,reg1,Nuc_SMR-H2_Heat-CHP,Nuc_SMR-H2-Heat,0.0
1175,2048,reg1,Nuc_SMR-H2_Heat-CHP,Nuc_SMR-H2-Heat,0.0
1176,2049,reg1,Nuc_SMR-H2_Heat-CHP,Nuc_SMR-H2-Heat,0.0
1177,2050,reg1,Nuc_SMR-H2_Heat-CHP,Nuc_SMR-H2-Heat,0.0
1178,2051,reg1,Nuc_SMR-H2_Heat-CHP,Nuc_SMR-H2-Heat,0.0
1179,2052,reg1,Nuc_SMR-H2_Heat-CHP,Nuc_SMR-H2-Heat,0.0
1180,2053,reg1,Nuc_SMR-H2_Heat-CHP,Nuc_SMR-H2-Heat,0.0
1181,2054,reg1,Nuc_SMR-H2_Heat-CHP,Nuc_SMR-H2-Heat,0.0
1182,2055,reg1,Nuc_SMR-H2_Heat-CHP,Nuc_SMR-H2-Heat,0.0
1183,2056,reg1,Nuc_SMR-H2_Heat-CHP,Nuc_SMR-H2-Heat,0.0
1184,2057,reg1,Nuc_SMR-H2_Heat-CHP,Nuc_SMR-H2-Heat,0.0
1185,2058,reg1,Nuc_SMR-H2_Heat-CHP,Nuc_SMR-H2-Heat,0.0
1186,2059,reg1,Nuc_SMR-H2_Heat-CHP,Nuc_SMR-H2-Heat,0.0
1187,2060,reg1,Nuc_SMR-H2_Heat-CHP,Nuc_SMR-H2-Heat,0.0
1188,2025,reg1,NGCC-CCS_CHP,NGCC_CHP-Heat,0.0
1189,2026,reg1,NGCC-CCS_CHP,NGCC_CHP-Heat,0.0
1190,2027,reg1,NGCC-CCS_CHP,NGCC_CHP-Heat,0.0
1191,2028,reg1,NGCC-CCS_CHP,NGCC_CHP-Heat,0.0
1192,2029,reg1,NGCC-CCS_CHP,NGCC_CHP-Heat,0.0
1193,2030,reg1,NGCC-CCS_CHP,NGCC_CHP-Heat,0.0
1194,2031,reg1,NGCC-CCS_CHP,NGCC_CHP-Heat,0.0
1195,2032,reg1,NGCC-CCS_CHP,NGCC_CHP-Heat,0.0
1196,2033,reg1,NGCC-CCS_CHP,NGCC_CHP-Heat,0.0
1197,2034,reg1,NGCC-CCS_CHP,NGCC_CHP-Heat,0.0
1198,2035,reg1,NGCC-CCS_CHP,NGCC_CHP-Heat,0.0
1199,2036,reg1,NGCC-CCS_CHP,NGCC_CHP-Heat,0.0
1200,2037,reg1,NGCC-CCS_CHP,NGCC_CHP-Heat,0.0
1201,2038,reg1,NGCC-CCS_CHP,NGCC_CHP-Heat,0.0
1202,2039,reg1,NGCC-CCS_CHP,NGCC_CHP-Heat,0.0
1203,2040,reg1,NGCC-CCS_CHP,NGCC_CHP-Heat,13257.51847224236
1204,2041,reg1,NGCC-CCS_CHP,NGCC_CHP-Heat,13205.7
1205,2042,reg1,NGCC-CCS_CHP,NGCC_CHP-Heat,13205.7
1206,2043,reg1,NGCC-CCS_CHP,NGCC_CHP-Heat,13205.7
1207,2044,reg1,NGCC-CCS_CHP,NGCC_CHP-Heat,13205.7
1208,2045,reg1,NGCC-CCS_CHP,NGCC_CHP-Heat,13205.7
1209,2046,reg1,NGCC-CCS_CHP,NGCC_CHP-Heat,13205.7
1210,2047,reg1,NGCC-CCS_CHP,NGCC_CHP-Heat,13194.487677892976
1211,2048,reg1,NGCC-CCS_CHP,NGCC_CHP-Heat,12472.05
1212,2049,reg1,NGCC-CCS_CHP,NGCC_CHP-Heat,12472.05
1213,2050,reg1,NGCC-CCS_CHP,NGCC_CHP-Heat,12472.05
1214,2051,reg1,NGCC-CCS_CHP,NGCC_CHP-Heat,12472.05
1215,2052,reg1,NGCC-CCS_CHP,NGCC_CHP-Heat,12472.05
1216,2053,reg1,NGCC-CCS_CHP,NGCC_CHP-Heat,13004.648162984617
1217,2054,reg1,NGCC-CCS_CHP,NGCC_CHP-Heat,13205.7
1218,2055,reg1,NGCC-CCS_CHP,NGCC_CHP-Heat,13640.472585834985
1219,2056,reg1,NGCC-CCS_CHP,NGCC_CHP-Heat,13693.868862751657
1220,2057,reg1,NGCC-CCS_CHP,NGCC_CHP-Heat,13693.868862751631
1221,2058,reg1,NGCC-CCS_CHP,NGCC_CHP-Heat,13505.563071353261
1222,2059,reg1,NGCC-CCS_CHP,NGCC_CHP-Heat,13505.563071353281
1223,2060,reg1,NGCC-CCS_CHP,NGCC_CHP-Heat,27291.780000000013
1224,2025,reg1,NGCC-CCS_Power-CHP,Electricity,0.0
1225,2026,reg1,NGCC-CCS_Power-CHP,Electricity,0.0
1226,2027,reg1,NGCC-CCS_Power-CHP,Electricity,0.0
1227,2028,reg1,NGCC-CCS_Power-CHP,Electricity,0.0
1228,2029,reg1,NGCC-CCS_Power-CHP,Electricity,0.0
1229,2030,reg1,NGCC-CCS_Power-CHP,Electricity,0.0
1230,2031,reg1,NGCC-CCS_Power-CHP,Electricity,0.0
1231,2032,reg1,NGCC-CCS_Power-CHP,Electricity,0.0
1232,2033,reg1,NGCC-CCS_Power-CHP,Electricity,0.0
1233,2034,reg1,NGCC-CCS_Power-CHP,Electricity,0.0
1234,2035,reg1,NGCC-CCS_Power-CHP,Electricity,0.0
1235,2036,reg1,NGCC-CCS_Power-CHP,Electricity,0.0
1236,2037,reg1,NGCC-CCS_Power-CHP,Electricity,0.0
1237,2038,reg1,NGCC-CCS_Power-CHP,Electricity,0.0
1238,2039,reg1,NGCC-CCS_Power-CHP,Electricity,0.0
1239,2040,reg1,NGCC-CCS_Power-CHP,Electricity,6048.96569649073
1240,2041,reg1,NGCC-CCS_Power-CHP,Electricity,6025.322647326222
1241,2042,reg1,NGCC-CCS_Power-CHP,Electricity,6025.322647326222
1242,2043,reg1,NGCC-CCS_Power-CHP,Electricity,6025.322647326222
1243,2044,reg1,NGCC-CCS_Power-CHP,Electricity,6025.322647326221
1244,2045,reg1,NGCC-CCS_Power-CHP,Electricity,6025.322647326221
1245,2046,reg1,NGCC-CCS_Power-CHP,Electricity,6025.322647326221
1246,2047,reg1,NGCC-CCS_Power-CHP,Electricity,6020.206836856457
1247,2048,reg1,NGCC-CCS_Power-CHP,Electricity,5690.5825002525435
1248,2049,reg1,NGCC-CCS_Power-CHP,Electricity,5690.582500252542
1249,2050,reg1,NGCC-CCS_Power-CHP,Electricity,5690.582500252542
1250,2051,reg1,NGCC-CCS_Power-CHP,Electricity,5690.582500252542
1251,2052,reg1,NGCC-CCS_Power-CHP,Electricity,5690.582500252542
1252,2053,reg1,NGCC-CCS_Power-CHP,Electricity,5933.589366481183
1253,2054,reg1,NGCC-CCS_Power-CHP,Electricity,6069.439625060287
1254,2055,reg1,NGCC-CCS_Power-CHP,Electricity,6232.2649748921385
1255,2056,reg1,NGCC-CCS_Power-CHP,Electricity,6248.057898350935
1256,2057,reg1,NGCC-CCS_Power-CHP,Electricity,6248.057898350922
1257,2058,reg1,NGCC-CCS_Power-CHP,Electricity,6192.363023687269
1258,2059,reg1,NGCC-CCS_Power-CHP,Electricity,6192.363023687278
1259,2060,reg1,NGCC-CCS_Power-CHP,Electricity,13090.32805624355
1260,2025,reg1,NGCC-CCS_Heat-CHP,Heat,0.0
1261,2026,reg1,NGCC-CCS_Heat-CHP,Heat,0.0
1262,2027,reg1,NGCC-CCS_Heat-CHP,Heat,0.0
1263,2028,reg1,NGCC-CCS_Heat-CHP,Heat,0.0
1264,2029,reg1,NGCC-CCS_Heat-CHP,Heat,0.0
1265,2030,reg1,NGCC-CCS_Heat-CHP,Heat,0.0
1266,2031,reg1,NGCC-CCS_Heat-CHP,Heat,0.0
1267,2032,reg1,NGCC-CCS_Heat-CHP,Heat,0.0
1268,2033,reg1,NGCC-CCS_Heat-CHP,Heat,0.0
1269,2034,reg1,NGCC-CCS_Heat-CHP,Heat,0.0
1270,2035,reg1,NGCC-CCS_Heat-CHP,Heat,0.0
1271,2036,reg1,NGCC-CCS_Heat-CHP,Heat,0.0
1272,2037,reg1,NGCC-CCS_Heat-CHP,Heat,0.0
1273,2038,reg1,NGCC-CCS_Heat-CHP,Heat,0.0
1274,2039,reg1,NGCC-CCS_Heat-CHP,Heat,0.0
1275,2040,reg1,NGCC-CCS_Heat-CHP,Heat,4625.679650257617
1276,2041,reg1,NGCC-CCS_Heat-CHP,Heat,4607.599671484759
1277,2042,reg1,NGCC-CCS_Heat-CHP,Heat,4607.599671484759
1278,2043,reg1,NGCC-CCS_Heat-CHP,Heat,4607.599671484759
1279,2044,reg1,NGCC-CCS_Heat-CHP,Heat,4607.599671484759
1280,2045,reg1,NGCC-CCS_Heat-CHP,Heat,4607.599671484759
1281,2046,reg1,NGCC-CCS_Heat-CHP,Heat,4607.599671484759
1282,2047,reg1,NGCC-CCS_Heat-CHP,Heat,4603.687581125527
1283,2048,reg1,NGCC-CCS_Heat-CHP,Heat,4351.621911957827
1284,2049,reg1,NGCC-CCS_Heat-CHP,Heat,4351.621911957827
1285,2050,reg1,NGCC-CCS_Heat-CHP,Heat,4351.621911957827
1286,2051,reg1,NGCC-CCS_Heat-CHP,Heat,4351.621911957827
1287,2052,reg1,NGCC-CCS_Heat-CHP,Heat,4351.621911957827
1288,2053,reg1,NGCC-CCS_Heat-CHP,Heat,4537.450692015023
1289,2054,reg1,NGCC-CCS_Heat-CHP,Heat,4415.786724814907
1290,2055,reg1,NGCC-CCS_Heat-CHP,Heat,4722.035156745764
1291,2056,reg1,NGCC-CCS_Heat-CHP,Heat,4777.926628150714
1292,2057,reg1,NGCC-CCS_Heat-CHP,Heat,4777.926628150706
1293,2058,reg1,NGCC-CCS_Heat-CHP,Heat,4580.821354840135
1294,2059,reg1,NGCC-CCS_Heat-CHP,Heat,4580.821354840142
1295,2060,reg1,NGCC-CCS_Heat-CHP,Heat,6748.483153955373
1296,2025,reg1,NG_PP,Electricity,44559.68287971747
1297,2026,reg1,NG_PP,Electricity,45411.962648740446
1298,2027,reg1,NG_PP,Electricity,37110.43446456037
1299,2028,reg1,NG_PP,Electricity,31795.89584404118
1300,2029,reg1,NG_PP,Electricity,31287.422268285554
1301,2030,reg1,NG_PP,Electricity,27954.05384293684
1302,2031,reg1,NG_PP,Electricity,27417.764743734693
1303,2032,reg1,NG_PP,Electricity,25791.448144083082
1304,2033,reg1,NG_PP,Electricity,25870.134836959412
1305,2034,reg1,NG_PP,Electricity,23876.26540049399
1306,2035,reg1,NG_PP,Electricity,22188.465099113593
1307,2036,reg1,NG_PP,Electricity,22333.86855405639
1308,2037,reg1,NG_PP,Electricity,22516.14040404949
1309,2038,reg1,NG_PP,Electricity,20957.367575187276
1310,2039,reg1,NG_PP,Electricity,19357.408477035264
1311,2040,reg1,NG_PP,Electricity,21266.80068637619
1312,2041,reg1,NG_PP,Electricity,26930.860647154776
1313,2042,reg1,NG_PP,Electricity,30406.65646176781
1314,2043,reg1,NG_PP,Electricity,32457.020956506443
1315,2044,reg1,NG_PP,Electricity,33309.86916358667
1316,2045,reg1,NG_PP,Electricity,31337.923712045907
1317,2046,reg1,NG_PP,Electricity,29887.52808107662
1318,2047,reg1,NG_PP,Electricity,30982.922401520664
1319,2048,reg1,NG_PP,Electricity,25188.150514392422
1320,2049,reg1,NG_PP,Electricity,25464.30321694553
1321,2050,reg1,NG_PP,Electricity,24372.203376760823
1322,2051,reg1,NG_PP,Electricity,26332.45407417974
1323,2052,reg1,NG_PP,Electricity,20688.08319999991
1324,2053,reg1,NG_PP,Electricity,15054.338537936823
1325,2054,reg1,NG_PP,Electricity,16820.266817288088
1326,2055,reg1,NG_PP,Electricity,20011.104850193773
1327,2056,reg1,NG_PP,Electricity,20029.50776632847
1328,2057,reg1,NG_PP,Electricity,20000.60180849403
1329,2058,reg1,NG_PP,Electricity,20012.21236076432
1330,2059,reg1,NG_PP,Electricity,20821.745122367945
1331,2060,reg1,NG_PP,Electricity,21349.313097430655
1332,2025,reg1,NG_PP_CCS,Electricity,0.0
1333,2026,reg1,NG_PP_CCS,Electricity,0.0
1334,2027,reg1,NG_PP_CCS,Electricity,0.0
1335,2028,reg1,NG_PP_CCS,Electricity,0.0
1336,2029,reg1,NG_PP_CCS,Electricity,0.0
1337,2030,reg1,NG_PP_CCS,Electricity,0.0
1338,2031,reg1,NG_PP_CCS,Electricity,0.0
1339,2032,reg1,NG_PP_CCS,Electricity,0.0
1340,2033,reg1,NG_PP_CCS,Electricity,0.0
1341,2034,reg1,NG_PP_CCS,Electricity,0.0
1342,2035,reg1,NG_PP_CCS,Electricity,0.0
1343,2036,reg1,NG_PP_CCS,Electricity,0.0
1344,2037,reg1,NG_PP_CCS,Electricity,0.0
1345,2038,reg1,NG_PP_CCS,Electricity,0.0
1346,2039,reg1,NG_PP_CCS,Electricity,0.0
1347,2040,reg1,NG_PP_CCS,Electricity,0.0
1348,2041,reg1,NG_PP_CCS,Electricity,0.0
1349,2042,reg1,NG_PP_CCS,Electricity,0.0
1350,2043,reg1,NG_PP_CCS,Electricity,0.0
1351,2044,reg1,NG_PP_CCS,Electricity,0.0
1352,2045,reg1,NG_PP_CCS,Electricity,0.0
1353,2046,reg1,NG_PP_CCS,Electricity,0.0
1354,2047,reg1,NG_PP_CCS,Electricity,0.0
1355,2048,reg1,NG_PP_CCS,Electricity,0.0
1356,2049,reg1,NG_PP_CCS,Electricity,0.0
1357,2050,reg1,NG_PP_CCS,Electricity,0.0
1358,2051,reg1,NG_PP_CCS,Electricity,0.0
1359,2052,reg1,NG_PP_CCS,Electricity,0.0
1360,2053,reg1,NG_PP_CCS,Electricity,0.0
1361,2054,reg1,NG_PP_CCS,Electricity,0.0
1362,2055,reg1,NG_PP_CCS,Electricity,0.0
1363,2056,reg1,NG_PP_CCS,Electricity,0.0
1364,2057,reg1,NG_PP_CCS,Electricity,0.0
1365,2058,reg1,NG_PP_CCS,Electricity,0.0
1366,2059,reg1,NG_PP_CCS,Electricity,0.0
1367,2060,reg1,NG_PP_CCS,Electricity,0.0
1368,2025,reg1,Electrolysis_HTSE,Hydrogen,0.0
1369,2026,reg1,Electrolysis_HTSE,Hydrogen,0.0
1370,2027,reg1,Electrolysis_HTSE,Hydrogen,0.0
1371,2028,reg1,Electrolysis_HTSE,Hydrogen,0.0
1372,2029,reg1,Electrolysis_HTSE,Hydrogen,0.0
1373,2030,reg1,Electrolysis_HTSE,Hydrogen,0.0
1374,2031,reg1,Electrolysis_HTSE,Hydrogen,0.0
1375,2032,reg1,Electrolysis_HTSE,Hydrogen,0.0
1376,2033,reg1,Electrolysis_HTSE,Hydrogen,0.0
1377,2034,reg1,Electrolysis_HTSE,Hydrogen,0.0
1378,2035,reg1,Electrolysis_HTSE,Hydrogen,0.0
1379,2036,reg1,Electrolysis_HTSE,Hydrogen,0.0
1380,2037,reg1,Electrolysis_HTSE,Hydrogen,0.0
1381,2038,reg1,Electrolysis_HTSE,Hydrogen,0.0
1382,2039,reg1,Electrolysis_HTSE,Hydrogen,0.0
1383,2040,reg1,Electrolysis_HTSE,Hydrogen,0.0
1384,2041,reg1,Electrolysis_HTSE,Hydrogen,0.0
1385,2042,reg1,Electrolysis_HTSE,Hydrogen,0.0
1386,2043,reg1,Electrolysis_HTSE,Hydrogen,0.0
1387,2044,reg1,Electrolysis_HTSE,Hydrogen,0.0
1388,2045,reg1,Electrolysis_HTSE,Hydrogen,0.0
1389,2046,reg1,Electrolysis_HTSE,Hydrogen,0.0
1390,2047,reg1,Electrolysis_HTSE,Hydrogen,0.0
1391,2048,reg1,Electrolysis_HTSE,Hydrogen,0.0
1392,2049,reg1,Electrolysis_HTSE,Hydrogen,0.0
1393,2050,reg1,Electrolysis_HTSE,Hydrogen,0.0
1394,2051,reg1,Electrolysis_HTSE,Hydrogen,0.0
1395,2052,reg1,Electrolysis_HTSE,Hydrogen,0.0
1396,2053,reg1,Electrolysis_HTSE,Hydrogen,0.0
1397,2054,reg1,Electrolysis_HTSE,Hydrogen,0.0
1398,2055,reg1,Electrolysis_HTSE,Hydrogen,0.0
1399,2056,reg1,Electrolysis_HTSE,Hydrogen,0.0
1400,2057,reg1,Electrolysis_HTSE,Hydrogen,0.0
1401,2058,reg1,Electrolysis_HTSE,Hydrogen,0.0
1402,2059,reg1,Electrolysis_HTSE,Hydrogen,0.0
1403,2060,reg1,Electrolysis_HTSE,Hydrogen,0.0
1404,2025,reg1,NG_CHP_P,Electricity,74739.60902740592
1405,2026,reg1,NG_CHP_P,Electricity,77996.5124831621
1406,2027,reg1,NG_CHP_P,Electricity,81150.86107708239
1407,2028,reg1,NG_CHP_P,Electricity,82592.37613440001
1408,2029,reg1,NG_CHP_P,Electricity,79533.40095360002
1409,2030,reg1,NG_CHP_P,Electricity,76474.42577280002
1410,2031,reg1,NG_CHP_P,Electricity,73415.45059200004
1411,2032,reg1,NG_CHP_P,Electricity,70356.47541120002
1412,2033,reg1,NG_CHP_P,Electricity,66450.02723269264
1413,2034,reg1,NG_CHP_P,Electricity,62300.26281930975
1414,2035,reg1,NG_CHP_P,Electricity,58701.84441403502
1415,2036,reg1,NG_CHP_P,Electricity,53779.28333742898
1416,2037,reg1,NG_CHP_P,Electricity,51366.651995817054
1417,2038,reg1,NG_CHP_P,Electricity,48446.743242805336
1418,2039,reg1,NG_CHP_P,Electricity,45539.208749437006
1419,2040,reg1,NG_CHP_P,Electricity,32465.656992020977
1420,2041,reg1,NG_CHP_P,Electricity,29320.051041405255
1421,2042,reg1,NG_CHP_P,Electricity,28921.49258694186
1422,2043,reg1,NG_CHP_P,Electricity,28674.9034078398
1423,2044,reg1,NG_CHP_P,Electricity,27907.443455185396
1424,2045,reg1,NG_CHP_P,Electricity,29887.86558541975
1425,2046,reg1,NG_CHP_P,Electricity,30157.440820351578
1426,2047,reg1,NG_CHP_P,Electricity,27447.758399993425
1427,2048,reg1,NG_CHP_P,Electricity,30671.48231141113
1428,2049,reg1,NG_CHP_P,Electricity,29483.66237854138
1429,2050,reg1,NG_CHP_P,Electricity,29133.886637360196
1430,2051,reg1,NG_CHP_P,Electricity,30229.8914048525
1431,2052,reg1,NG_CHP_P,Electricity,38719.52769433133
1432,2053,reg1,NG_CHP_P,Electricity,48210.093875890445
1433,2054,reg1,NG_CHP_P,Electricity,49673.45985421576
1434,2055,reg1,NG_CHP_P,Electricity,47968.253146380426
1435,2056,reg1,NG_CHP_P,Electricity,47952.14474206125
1436,2057,reg1,NG_CHP_P,Electricity,47937.41763492325
1437,2058,reg1,NG_CHP_P,Electricity,47902.75246011533
1438,2059,reg1,NG_CHP_P,Electricity,47891.37565834645
1439,2060,reg1,NG_CHP_P,Electricity,48142.71871500791
1440,2025,reg1,NG_CHP_P,Heat,38502.22283230002
1441,2026,reg1,NG_CHP_P,Heat,40180.02158223503
1442,2027,reg1,NG_CHP_P,Heat,41804.98903970911
1443,2028,reg1,NG_CHP_P,Heat,42547.5877056
1444,2029,reg1,NG_CHP_P,Heat,40971.75200640001
1445,2030,reg1,NG_CHP_P,Heat,39395.916307200016
1446,2031,reg1,NG_CHP_P,Heat,37820.08060800002
1447,2032,reg1,NG_CHP_P,Heat,36244.24490880001
1448,2033,reg1,NG_CHP_P,Heat,34231.83221078105
1449,2034,reg1,NG_CHP_P,Heat,32094.074785705023
1450,2035,reg1,NG_CHP_P,Heat,30240.344092078645
1451,2036,reg1,NG_CHP_P,Heat,27704.47929503917
1452,2037,reg1,NG_CHP_P,Heat,26461.608603905755
1453,2038,reg1,NG_CHP_P,Heat,24957.413185687597
1454,2039,reg1,NG_CHP_P,Heat,23459.59238607361
1455,2040,reg1,NG_CHP_P,Heat,16724.73238982899
1456,2041,reg1,NG_CHP_P,Heat,15104.268718299678
1457,2042,reg1,NG_CHP_P,Heat,14898.950726606412
1458,2043,reg1,NG_CHP_P,Heat,14771.919937372018
1459,2044,reg1,NG_CHP_P,Heat,14376.561779943991
1460,2045,reg1,NG_CHP_P,Heat,15396.779240973812
1461,2046,reg1,NG_CHP_P,Heat,15535.651331696268
1462,2047,reg1,NG_CHP_P,Heat,14139.754327269342
1463,2048,reg1,NG_CHP_P,Heat,15800.46058466634
1464,2049,reg1,NG_CHP_P,Heat,15188.553346521316
1465,2050,reg1,NG_CHP_P,Heat,15008.365843488586
1466,2051,reg1,NG_CHP_P,Heat,15572.97436007553
1467,2052,reg1,NG_CHP_P,Heat,19946.423357685835
1468,2053,reg1,NG_CHP_P,Heat,24835.502905761747
1469,2054,reg1,NG_CHP_P,Heat,25589.35810671721
1470,2055,reg1,NG_CHP_P,Heat,24710.91828752931
1471,2056,reg1,NG_CHP_P,Heat,24702.620018637615
1472,2057,reg1,NG_CHP_P,Heat,24695.033327081674
1473,2058,reg1,NG_CHP_P,Heat,24677.17550975638
1474,2059,reg1,NG_CHP_P,Heat,24671.314733087565
1475,2060,reg1,NG_CHP_P,Heat,24800.79448954953
1476,2025,reg1,BIO_CHP_P,Electricity,0.0
1477,2026,reg1,BIO_CHP_P,Electricity,140.81476204379572
1478,2027,reg1,BIO_CHP_P,Electricity,281.62952408759145
1479,2028,reg1,BIO_CHP_P,Electricity,422.44428613138706
1480,2029,reg1,BIO_CHP_P,Electricity,563.2590481751829
1481,2030,reg1,BIO_CHP_P,Electricity,704.0738102189786
1482,2031,reg1,BIO_CHP_P,Electricity,844.8885722627743
1483,2032,reg1,BIO_CHP_P,Electricity,985.7033343065697
1484,2033,reg1,BIO_CHP_P,Electricity,1126.5180963503658
1485,2034,reg1,BIO_CHP_P,Electricity,1267.3328583941607
1486,2035,reg1,BIO_CHP_P,Electricity,1408.1476204379567
1487,2036,reg1,BIO_CHP_P,Electricity,1548.9623824817531
1488,2037,reg1,BIO_CHP_P,Electricity,1689.7771445255482
1489,2038,reg1,BIO_CHP_P,Electricity,1830.5919065693433
1490,2039,reg1,BIO_CHP_P,Electricity,1971.4066686131391
1491,2040,reg1,BIO_CHP_P,Electricity,2112.221430656935
1492,2041,reg1,BIO_CHP_P,Electricity,2253.0361927007316
1493,2042,reg1,BIO_CHP_P,Electricity,2393.850954744528
1494,2043,reg1,BIO_CHP_P,Electricity,2534.6657167883213
1495,2044,reg1,BIO_CHP_P,Electricity,2675.480478832118
1496,2045,reg1,BIO_CHP_P,Electricity,2816.2952408759143
1497,2046,reg1,BIO_CHP_P,Electricity,2957.110002919709
1498,2047,reg1,BIO_CHP_P,Electricity,3097.924764963506
1499,2048,reg1,BIO_CHP_P,Electricity,3238.7395270073007
1500,2049,reg1,BIO_CHP_P,Electricity,3379.5542890510947
1501,2050,reg1,BIO_CHP_P,Electricity,3520.3690510948913
1502,2051,reg1,BIO_CHP_P,Electricity,3520.3690510948923
1503,2052,reg1,BIO_CHP_P,Electricity,3520.3690510948927
1504,2053,reg1,BIO_CHP_P,Electricity,3520.3690510948927
1505,2054,reg1,BIO_CHP_P,Electricity,3520.369051094893
1506,2055,reg1,BIO_CHP_P,Electricity,3520.369051094893
1507,2056,reg1,BIO_CHP_P,Electricity,3520.3690510948936
1508,2057,reg1,BIO_CHP_P,Electricity,3520.369051094893
1509,2058,reg1,BIO_CHP_P,Electricity,3520.369051094893
1510,2059,reg1,BIO_CHP_P,Electricity,3520.369051094893
1511,2060,reg1,BIO_CHP_P,Electricity,3520.369051094893
1512,2025,reg1,BIO_CHP_P,Heat,0.0
1513,2026,reg1,BIO_CHP_P,Heat,380.58043795620466
1514,2027,reg1,BIO_CHP_P,Heat,761.1608759124093
1515,2028,reg1,BIO_CHP_P,Heat,1141.7413138686136
1516,2029,reg1,BIO_CHP_P,Heat,1522.3217518248186
1517,2030,reg1,BIO_CHP_P,Heat,1902.902189781023
1518,2031,reg1,BIO_CHP_P,Heat,2283.482627737228
1519,2032,reg1,BIO_CHP_P,Heat,2664.063065693432
1520,2033,reg1,BIO_CHP_P,Heat,3044.6435036496373
1521,2034,reg1,BIO_CHP_P,Heat,3425.2239416058396
1522,2035,reg1,BIO_CHP_P,Heat,3805.804379562045
1523,2036,reg1,BIO_CHP_P,Heat,4186.384817518252
1524,2037,reg1,BIO_CHP_P,Heat,4566.965255474454
1525,2038,reg1,BIO_CHP_P,Heat,4947.545693430658
1526,2039,reg1,BIO_CHP_P,Heat,5328.126131386863
1527,2040,reg1,BIO_CHP_P,Heat,5708.706569343067
1528,2041,reg1,BIO_CHP_P,Heat,6089.287007299275
1529,2042,reg1,BIO_CHP_P,Heat,6469.867445255481
1530,2043,reg1,BIO_CHP_P,Heat,6850.447883211679
1531,2044,reg1,BIO_CHP_P,Heat,7231.028321167887
1532,2045,reg1,BIO_CHP_P,Heat,7611.608759124092
1533,2046,reg1,BIO_CHP_P,Heat,7992.189197080294
1534,2047,reg1,BIO_CHP_P,Heat,8372.769635036502
1535,2048,reg1,BIO_CHP_P,Heat,8753.350072992704
1536,2049,reg1,BIO_CHP_P,Heat,9133.930510948903
1537,2050,reg1,BIO_CHP_P,Heat,9514.510948905112
1538,2051,reg1,BIO_CHP_P,Heat,9514.510948905114
1539,2052,reg1,BIO_CHP_P,Heat,9514.510948905116
1540,2053,reg1,BIO_CHP_P,Heat,9514.510948905116
1541,2054,reg1,BIO_CHP_P,Heat,9514.510948905117
1542,2055,reg1,BIO_CHP_P,Heat,9514.510948905117
1543,2056,reg1,BIO_CHP_P,Heat,9514.510948905117
1544,2057,reg1,BIO_CHP_P,Heat,9514.510948905117
1545,2058,reg1,BIO_CHP_P,Heat,9514.510948905117
1546,2059,reg1,BIO_CHP_P,Heat,9514.510948905117
1547,2060,reg1,BIO_CHP_P,Heat,9514.510948905117
1548,2025,reg1,Biogas_CHP_P,Electricity,0.0
1549,2026,reg1,Biogas_CHP_P,Electricity,0.0
1550,2027,reg1,Biogas_CHP_P,Electricity,0.0
1551,2028,reg1,Biogas_CHP_P,Electricity,610.2215999999997
1552,2029,reg1,Biogas_CHP_P,Electricity,813.6288000000002
1553,2030,reg1,Biogas_CHP_P,Electricity,1017.0360000000001
1554,2031,reg1,Biogas_CHP_P,Electricity,1220.4431999999997
1555,2032,reg1,Biogas_CHP_P,Electricity,1423.8504
1556,2033,reg1,Biogas_CHP_P,Electricity,1149.0290136221465
1557,2034,reg1,Biogas_CHP_P,Electricity,1355.1594484459852
1558,2035,reg1,Biogas_CHP_P,Electricity,1245.538074012949
1559,2036,reg1,Biogas_CHP_P,Electricity,1312.4345165621223
1560,2037,reg1,Biogas_CHP_P,Electricity,1538.1221005372372
1561,2038,reg1,Biogas_CHP_P,Electricity,2141.5974139547698
1562,2039,reg1,Biogas_CHP_P,Electricity,2637.087083742555
1563,2040,reg1,Biogas_CHP_P,Electricity,2986.9415076926975
1564,2041,reg1,Biogas_CHP_P,Electricity,2943.3304254603195
1565,2042,reg1,Biogas_CHP_P,Electricity,3457.9224000000004
1566,2043,reg1,Biogas_CHP_P,Electricity,3661.3296000000023
1567,2044,reg1,Biogas_CHP_P,Electricity,3583.877897458055
1568,2045,reg1,Biogas_CHP_P,Electricity,3645.2903225806454
1569,2046,reg1,Biogas_CHP_P,Electricity,3827.554838709678
1570,2047,reg1,Biogas_CHP_P,Electricity,4009.81935483871
1571,2048,reg1,Biogas_CHP_P,Electricity,3959.1903225806454
1572,2049,reg1,Biogas_CHP_P,Electricity,4131.329032258065
1573,2050,reg1,Biogas_CHP_P,Electricity,4303.467741935484
1574,2051,reg1,Biogas_CHP_P,Electricity,4303.467741935484
1575,2052,reg1,Biogas_CHP_P,Electricity,4303.467741935484
1576,2053,reg1,Biogas_CHP_P,Electricity,3518.735571261342
1577,2054,reg1,Biogas_CHP_P,Electricity,3739.8411158120525
1578,2055,reg1,Biogas_CHP_P,Electricity,5085.18
1579,2056,reg1,Biogas_CHP_P,Electricity,5085.18
1580,2057,reg1,Biogas_CHP_P,Electricity,5085.179999999998
1581,2058,reg1,Biogas_CHP_P,Electricity,5085.18
1582,2059,reg1,Biogas_CHP_P,Electricity,5085.18
1583,2060,reg1,Biogas_CHP_P,Electricity,5085.18
1584,2025,reg1,Biogas_CHP_P,Heat,0.0
1585,2026,reg1,Biogas_CHP_P,Heat,0.0
1586,2027,reg1,Biogas_CHP_P,Heat,0.0
1587,2028,reg1,Biogas_CHP_P,Heat,709.5599999999996
1588,2029,reg1,Biogas_CHP_P,Heat,946.0800000000002
1589,2030,reg1,Biogas_CHP_P,Heat,1182.6
1590,2031,reg1,Biogas_CHP_P,Heat,1419.1199999999994
1591,2032,reg1,Biogas_CHP_P,Heat,1655.6399999999996
1592,2033,reg1,Biogas_CHP_P,Heat,1336.0802483978446
1593,2034,reg1,Biogas_CHP_P,Heat,1575.7668005185874
1594,2035,reg1,Biogas_CHP_P,Heat,1448.3000860615684
1595,2036,reg1,Biogas_CHP_P,Heat,1526.0866471652582
1596,2037,reg1,Biogas_CHP_P,Heat,1788.514070392136
1597,2038,reg1,Biogas_CHP_P,Heat,2490.2295511101975
1598,2039,reg1,Biogas_CHP_P,Heat,3066.3803299332035
1599,2040,reg1,Biogas_CHP_P,Heat,3473.1877996426715
1600,2041,reg1,Biogas_CHP_P,Heat,3422.4772389073473
1601,2042,reg1,Biogas_CHP_P,Heat,4020.84
1602,2043,reg1,Biogas_CHP_P,Heat,4257.360000000002
1603,2044,reg1,Biogas_CHP_P,Heat,4167.299880765179
1604,2045,reg1,Biogas_CHP_P,Heat,4238.709677419354
1605,2046,reg1,Biogas_CHP_P,Heat,4450.645161290323
1606,2047,reg1,Biogas_CHP_P,Heat,4662.58064516129
1607,2048,reg1,Biogas_CHP_P,Heat,4603.709677419354
1608,2049,reg1,Biogas_CHP_P,Heat,4803.870967741936
1609,2050,reg1,Biogas_CHP_P,Heat,5004.032258064516
1610,2051,reg1,Biogas_CHP_P,Heat,5004.032258064516
1611,2052,reg1,Biogas_CHP_P,Heat,5004.032258064516
1612,2053,reg1,Biogas_CHP_P,Heat,4091.552989838769
1613,2054,reg1,Biogas_CHP_P,Heat,4348.652460246572
1614,2055,reg1,Biogas_CHP_P,Heat,5913.0
1615,2056,reg1,Biogas_CHP_P,Heat,5913.0
1616,2057,reg1,Biogas_CHP_P,Heat,5912.999999999997
1617,2058,reg1,Biogas_CHP_P,Heat,5913.0
1618,2059,reg1,Biogas_CHP_P,Heat,5913.0
1619,2060,reg1,Biogas_CHP_P,Heat,5913.0
1620,2025,reg1,WtE_CHP_P,Electricity,0.0
1621,2026,reg1,WtE_CHP_P,Electricity,0.0
1622,2027,reg1,WtE_CHP_P,Electricity,0.0
1623,2028,reg1,WtE_CHP_P,Electricity,0.0
1624,2029,reg1,WtE_CHP_P,Electricity,0.0
1625,2030,reg1,WtE_CHP_P,Electricity,352.8582750000001
1626,2031,reg1,WtE_CHP_P,Electricity,705.7165500000002
1627,2032,reg1,WtE_CHP_P,Electricity,1058.574825
1628,2033,reg1,WtE_CHP_P,Electricity,1411.4331000000004
1629,2034,reg1,WtE_CHP_P,Electricity,1764.2913749999998
1630,2035,reg1,WtE_CHP_P,Electricity,2117.14965
1631,2036,reg1,WtE_CHP_P,Electricity,2470.007924999999
1632,2037,reg1,WtE_CHP_P,Electricity,2822.866200000001
1633,2038,reg1,WtE_CHP_P,Electricity,3175.724474999999
1634,2039,reg1,WtE_CHP_P,Electricity,3528.58275
1635,2040,reg1,WtE_CHP_P,Electricity,3881.4410250000005
1636,2041,reg1,WtE_CHP_P,Electricity,3881.4410250000014
1637,2042,reg1,WtE_CHP_P,Electricity,3881.4410250000014
1638,2043,reg1,WtE_CHP_P,Electricity,3881.4410250000005
1639,2044,reg1,WtE_CHP_P,Electricity,3881.4410250000005
1640,2045,reg1,WtE_CHP_P,Electricity,3881.4410250000005
1641,2046,reg1,WtE_CHP_P,Electricity,3881.4410250000005
1642,2047,reg1,WtE_CHP_P,Electricity,3881.4410250000005
1643,2048,reg1,WtE_CHP_P,Electricity,3881.4410250000005
1644,2049,reg1,WtE_CHP_P,Electricity,3881.441024999999
1645,2050,reg1,WtE_CHP_P,Electricity,3881.4410250000005
1646,2051,reg1,WtE_CHP_P,Electricity,3881.4410249999964
1647,2052,reg1,WtE_CHP_P,Electricity,3881.4410250000005
1648,2053,reg1,WtE_CHP_P,Electricity,3881.4410250000005
1649,2054,reg1,WtE_CHP_P,Electricity,3881.4410250000014
1650,2055,reg1,WtE_CHP_P,Electricity,3881.4410250000014
1651,2056,reg1,WtE_CHP_P,Electricity,3881.4410250000014
1652,2057,reg1,WtE_CHP_P,Electricity,3881.4410250000014
1653,2058,reg1,WtE_CHP_P,Electricity,3881.4410249999974
1654,2059,reg1,WtE_CHP_P,Electricity,3881.441024999994
1655,2060,reg1,WtE_CHP_P,Electricity,3528.58275
1656,2025,reg1,WtE_CHP_P,Heat,0.0
1657,2026,reg1,WtE_CHP_P,Heat,0.0
1658,2027,reg1,WtE_CHP_P,Heat,0.0
1659,2028,reg1,WtE_CHP_P,Heat,0.0
1660,2029,reg1,WtE_CHP_P,Heat,0.0
1661,2030,reg1,WtE_CHP_P,Heat,1260.208125
1662,2031,reg1,WtE_CHP_P,Heat,2520.41625
1663,2032,reg1,WtE_CHP_P,Heat,3780.6243749999994
1664,2033,reg1,WtE_CHP_P,Heat,5040.8325
1665,2034,reg1,WtE_CHP_P,Heat,6301.040624999999
1666,2035,reg1,WtE_CHP_P,Heat,7561.248749999999
1667,2036,reg1,WtE_CHP_P,Heat,8821.456874999996
1668,2037,reg1,WtE_CHP_P,Heat,10081.665
1669,2038,reg1,WtE_CHP_P,Heat,11341.873124999995
1670,2039,reg1,WtE_CHP_P,Heat,12602.08125
1671,2040,reg1,WtE_CHP_P,Heat,13862.289375
1672,2041,reg1,WtE_CHP_P,Heat,13862.289375000004
1673,2042,reg1,WtE_CHP_P,Heat,13862.289375000004
1674,2043,reg1,WtE_CHP_P,Heat,13862.289375
1675,2044,reg1,WtE_CHP_P,Heat,13862.289375
1676,2045,reg1,WtE_CHP_P,Heat,13862.289375
1677,2046,reg1,WtE_CHP_P,Heat,13862.289375
1678,2047,reg1,WtE_CHP_P,Heat,13862.289375
1679,2048,reg1,WtE_CHP_P,Heat,13862.289375
1680,2049,reg1,WtE_CHP_P,Heat,13862.289374999995
1681,2050,reg1,WtE_CHP_P,Heat,13862.289375
1682,2051,reg1,WtE_CHP_P,Heat,13862.289374999986
1683,2052,reg1,WtE_CHP_P,Heat,13862.289375
1684,2053,reg1,WtE_CHP_P,Heat,13862.289375
1685,2054,reg1,WtE_CHP_P,Heat,13862.289375000004
1686,2055,reg1,WtE_CHP_P,Heat,13862.289375000004
1687,2056,reg1,WtE_CHP_P,Heat,13862.289375000004
1688,2057,reg1,WtE_CHP_P,Heat,13862.289375000004
1689,2058,reg1,WtE_CHP_P,Heat,13862.28937499999
1690,2059,reg1,WtE_CHP_P,Heat,13862.289374999978
1691,2060,reg1,WtE_CHP_P,Heat,12602.08125
1692,2025,reg1,WtE-CCS_CHP_P,Electricity,0.0
1693,2026,reg1,WtE-CCS_CHP_P,Electricity,0.0
1694,2027,reg1,WtE-CCS_CHP_P,Electricity,0.0
1695,2028,reg1,WtE-CCS_CHP_P,Electricity,0.0
1696,2029,reg1,WtE-CCS_CHP_P,Electricity,0.0
1697,2030,reg1,WtE-CCS_CHP_P,Electricity,352.8582750000001
1698,2031,reg1,WtE-CCS_CHP_P,Electricity,352.8582750000001
1699,2032,reg1,WtE-CCS_CHP_P,Electricity,352.8582750000001
1700,2033,reg1,WtE-CCS_CHP_P,Electricity,352.8582750000001
1701,2034,reg1,WtE-CCS_CHP_P,Electricity,352.8582750000001
1702,2035,reg1,WtE-CCS_CHP_P,Electricity,352.8582750000001
1703,2036,reg1,WtE-CCS_CHP_P,Electricity,352.8582750000001
1704,2037,reg1,WtE-CCS_CHP_P,Electricity,352.8582750000001
1705,2038,reg1,WtE-CCS_CHP_P,Electricity,352.8582750000001
1706,2039,reg1,WtE-CCS_CHP_P,Electricity,352.8582750000001
1707,2040,reg1,WtE-CCS_CHP_P,Electricity,252.64142769845245
1708,2041,reg1,WtE-CCS_CHP_P,Electricity,252.64142769845225
1709,2042,reg1,WtE-CCS_CHP_P,Electricity,252.641427698452
1710,2043,reg1,WtE-CCS_CHP_P,Electricity,252.6414276984519
1711,2044,reg1,WtE-CCS_CHP_P,Electricity,252.64142769845543
1712,2045,reg1,WtE-CCS_CHP_P,Electricity,252.64142769845495
1713,2046,reg1,WtE-CCS_CHP_P,Electricity,252.6414276984527
1714,2047,reg1,WtE-CCS_CHP_P,Electricity,252.64142769845265
1715,2048,reg1,WtE-CCS_CHP_P,Electricity,252.64142769845026
1716,2049,reg1,WtE-CCS_CHP_P,Electricity,252.6414276984527
1717,2050,reg1,WtE-CCS_CHP_P,Electricity,252.641427698453
1718,2051,reg1,WtE-CCS_CHP_P,Electricity,252.64142769845316
1719,2052,reg1,WtE-CCS_CHP_P,Electricity,252.64142769845336
1720,2053,reg1,WtE-CCS_CHP_P,Electricity,252.6414276984533
1721,2054,reg1,WtE-CCS_CHP_P,Electricity,252.6414276984529
1722,2055,reg1,WtE-CCS_CHP_P,Electricity,252.6414276984509
1723,2056,reg1,WtE-CCS_CHP_P,Electricity,252.6414276984492
1724,2057,reg1,WtE-CCS_CHP_P,Electricity,252.6414276984474
1725,2058,reg1,WtE-CCS_CHP_P,Electricity,252.64142769845046
1726,2059,reg1,WtE-CCS_CHP_P,Electricity,252.6414276984506
1727,2060,reg1,WtE-CCS_CHP_P,Electricity,352.8582750000001
1728,2025,reg1,WtE-CCS_CHP_P,Heat,0.0
1729,2026,reg1,WtE-CCS_CHP_P,Heat,0.0
1730,2027,reg1,WtE-CCS_CHP_P,Heat,0.0
1731,2028,reg1,WtE-CCS_CHP_P,Heat,0.0
1732,2029,reg1,WtE-CCS_CHP_P,Heat,0.0
1733,2030,reg1,WtE-CCS_CHP_P,Heat,1260.208125
1734,2031,reg1,WtE-CCS_CHP_P,Heat,1260.208125
1735,2032,reg1,WtE-CCS_CHP_P,Heat,1260.208125
1736,2033,reg1,WtE-CCS_CHP_P,Heat,1260.208125
1737,2034,reg1,WtE-CCS_CHP_P,Heat,1260.208125
1738,2035,reg1,WtE-CCS_CHP_P,Heat,1260.208125
1739,2036,reg1,WtE-CCS_CHP_P,Heat,1260.208125
1740,2037,reg1,WtE-CCS_CHP_P,Heat,1260.208125
1741,2038,reg1,WtE-CCS_CHP_P,Heat,1260.208125
1742,2039,reg1,WtE-CCS_CHP_P,Heat,1260.208125
1743,2040,reg1,WtE-CCS_CHP_P,Heat,902.2908132087587
1744,2041,reg1,WtE-CCS_CHP_P,Heat,902.290813208758
1745,2042,reg1,WtE-CCS_CHP_P,Heat,902.2908132087571
1746,2043,reg1,WtE-CCS_CHP_P,Heat,902.2908132087567
1747,2044,reg1,WtE-CCS_CHP_P,Heat,902.2908132087694
1748,2045,reg1,WtE-CCS_CHP_P,Heat,902.2908132087675
1749,2046,reg1,WtE-CCS_CHP_P,Heat,902.2908132087596
1750,2047,reg1,WtE-CCS_CHP_P,Heat,902.2908132087593
1751,2048,reg1,WtE-CCS_CHP_P,Heat,902.2908132087508
1752,2049,reg1,WtE-CCS_CHP_P,Heat,902.2908132087596
1753,2050,reg1,WtE-CCS_CHP_P,Heat,902.2908132087606
1754,2051,reg1,WtE-CCS_CHP_P,Heat,902.2908132087612
1755,2052,reg1,WtE-CCS_CHP_P,Heat,902.2908132087618
1756,2053,reg1,WtE-CCS_CHP_P,Heat,902.2908132087616
1757,2054,reg1,WtE-CCS_CHP_P,Heat,902.2908132087603
1758,2055,reg1,WtE-CCS_CHP_P,Heat,902.2908132087531
1759,2056,reg1,WtE-CCS_CHP_P,Heat,902.2908132087471
1760,2057,reg1,WtE-CCS_CHP_P,Heat,902.2908132087405
1761,2058,reg1,WtE-CCS_CHP_P,Heat,902.2908132087515
1762,2059,reg1,WtE-CCS_CHP_P,Heat,902.2908132087521
1763,2060,reg1,WtE-CCS_CHP_P,Heat,1260.208125
1764,2025,reg1,SOFC_CHP_P,Electricity,0.0
1765,2026,reg1,SOFC_CHP_P,Electricity,0.0
1766,2027,reg1,SOFC_CHP_P,Electricity,0.0
1767,2028,reg1,SOFC_CHP_P,Electricity,0.0
1768,2029,reg1,SOFC_CHP_P,Electricity,0.0
1769,2030,reg1,SOFC_CHP_P,Electricity,0.0
1770,2031,reg1,SOFC_CHP_P,Electricity,0.0
1771,2032,reg1,SOFC_CHP_P,Electricity,0.0
1772,2033,reg1,SOFC_CHP_P,Electricity,0.0
1773,2034,reg1,SOFC_CHP_P,Electricity,0.0
1774,2035,reg1,SOFC_CHP_P,Electricity,0.0
1775,2036,reg1,SOFC_CHP_P,Electricity,0.0
1776,2037,reg1,SOFC_CHP_P,Electricity,0.0
1777,2038,reg1,SOFC_CHP_P,Electricity,0.0
1778,2039,reg1,SOFC_CHP_P,Electricity,0.0
1779,2040,reg1,SOFC_CHP_P,Electricity,0.0
1780,2041,reg1,SOFC_CHP_P,Electricity,0.0
1781,2042,reg1,SOFC_CHP_P,Electricity,0.0
1782,2043,reg1,SOFC_CHP_P,Electricity,0.0
1783,2044,reg1,SOFC_CHP_P,Electricity,0.0
1784,2045,reg1,SOFC_CHP_P,Electricity,0.0
1785,2046,reg1,SOFC_CHP_P,Electricity,0.0
1786,2047,reg1,SOFC_CHP_P,Electricity,0.0
1787,2048,reg1,SOFC_CHP_P,Electricity,0.0
1788,2049,reg1,SOFC_CHP_P,Electricity,0.0
1789,2050,reg1,SOFC_CHP_P,Electricity,0.0
1790,2051,reg1,SOFC_CHP_P,Electricity,0.0
1791,2052,reg1,SOFC_CHP_P,Electricity,0.0
1792,2053,reg1,SOFC_CHP_P,Electricity,0.0
1793,2054,reg1,SOFC_CHP_P,Electricity,0.0
1794,2055,reg1,SOFC_CHP_P,Electricity,0.0
1795,2056,reg1,SOFC_CHP_P,Electricity,0.0
1796,2057,reg1,SOFC_CHP_P,Electricity,0.0
1797,2058,reg1,SOFC_CHP_P,Electricity,0.0
1798,2059,reg1,SOFC_CHP_P,Electricity,0.0
1799,2060,reg1,SOFC_CHP_P,Electricity,0.0
1800,2025,reg1,SOFC_CHP_P,Heat,0.0
1801,2026,reg1,SOFC_CHP_P,Heat,0.0
1802,2027,reg1,SOFC_CHP_P,Heat,0.0
1803,2028,reg1,SOFC_CHP_P,Heat,0.0
1804,2029,reg1,SOFC_CHP_P,Heat,0.0
1805,2030,reg1,SOFC_CHP_P,Heat,0.0
1806,2031,reg1,SOFC_CHP_P,Heat,0.0
1807,2032,reg1,SOFC_CHP_P,Heat,0.0
1808,2033,reg1,SOFC_CHP_P,Heat,0.0
1809,2034,reg1,SOFC_CHP_P,Heat,0.0
1810,2035,reg1,SOFC_CHP_P,Heat,0.0
1811,2036,reg1,SOFC_CHP_P,Heat,0.0
1812,2037,reg1,SOFC_CHP_P,Heat,0.0
1813,2038,reg1,SOFC_CHP_P,Heat,0.0
1814,2039,reg1,SOFC_CHP_P,Heat,0.0
1815,2040,reg1,SOFC_CHP_P,Heat,0.0
1816,2041,reg1,SOFC_CHP_P,Heat,0.0
1817,2042,reg1,SOFC_CHP_P,Heat,0.0
1818,2043,reg1,SOFC_CHP_P,Heat,0.0
1819,2044,reg1,SOFC_CHP_P,Heat,0.0
1820,2045,reg1,SOFC_CHP_P,Heat,0.0
1821,2046,reg1,SOFC_CHP_P,Heat,0.0
1822,2047,reg1,SOFC_CHP_P,Heat,0.0
1823,2048,reg1,SOFC_CHP_P,Heat,0.0
1824,2049,reg1,SOFC_CHP_P,Heat,0.0
1825,2050,reg1,SOFC_CHP_P,Heat,0.0
1826,2051,reg1,SOFC_CHP_P,Heat,0.0
1827,2052,reg1,SOFC_CHP_P,Heat,0.0
1828,2053,reg1,SOFC_CHP_P,Heat,0.0
1829,2054,reg1,SOFC_CHP_P,Heat,0.0
1830,2055,reg1,SOFC_CHP_P,Heat,0.0
1831,2056,reg1,SOFC_CHP_P,Heat,0.0
1832,2057,reg1,SOFC_CHP_P,Heat,0.0
1833,2058,reg1,SOFC_CHP_P,Heat,0.0
1834,2059,reg1,SOFC_CHP_P,Heat,0.0
1835,2060,reg1,SOFC_CHP_P,Heat,0.0
1836,2025,reg1,Oil_CHP,Electricity,12678.05414484284
1837,2026,reg1,Oil_CHP,Electricity,12255.452340014752
1838,2027,reg1,Oil_CHP,Electricity,11832.85053518665
1839,2028,reg1,Oil_CHP,Electricity,11410.248730358562
1840,2029,reg1,Oil_CHP,Electricity,10987.64692553046
1841,2030,reg1,Oil_CHP,Electricity,10565.045120702365
1842,2031,reg1,Oil_CHP,Electricity,10142.443315874265
1843,2032,reg1,Oil_CHP,Electricity,9719.841511046176
1844,2033,reg1,Oil_CHP,Electricity,9297.23970621808
1845,2034,reg1,Oil_CHP,Electricity,8874.637901389995
1846,2035,reg1,Oil_CHP,Electricity,8452.036096561895
1847,2036,reg1,Oil_CHP,Electricity,8029.434291733799
1848,2037,reg1,Oil_CHP,Electricity,7606.832486905702
1849,2038,reg1,Oil_CHP,Electricity,7184.230682077612
1850,2039,reg1,Oil_CHP,Electricity,6761.628877249517
1851,2040,reg1,Oil_CHP,Electricity,6339.02707242142
1852,2041,reg1,Oil_CHP,Electricity,5916.425267593334
1853,2042,reg1,Oil_CHP,Electricity,4833.580138523437
1854,2043,reg1,Oil_CHP,Electricity,4310.207050539058
1855,2044,reg1,Oil_CHP,Electricity,4648.619853109041
1856,2045,reg1,Oil_CHP,Electricity,4226.018048280949
1857,2046,reg1,Oil_CHP,Electricity,3803.416243452857
1858,2047,reg1,Oil_CHP,Electricity,3380.8144386247577
1859,2048,reg1,Oil_CHP,Electricity,2958.212633796667
1860,2049,reg1,Oil_CHP,Electricity,2535.6108289685703
1861,2050,reg1,Oil_CHP,Electricity,2113.0090241404746
1862,2051,reg1,Oil_CHP,Electricity,1690.4072193123789
1863,2052,reg1,Oil_CHP,Electricity,1267.8054144842847
1864,2053,reg1,Oil_CHP,Electricity,845.2036096561902
1865,2054,reg1,Oil_CHP,Electricity,422.60180482809426
1866,2055,reg1,Oil_CHP,Electricity,0.0
1867,2056,reg1,Oil_CHP,Electricity,0.0
1868,2057,reg1,Oil_CHP,Electricity,0.0
1869,2058,reg1,Oil_CHP,Electricity,0.0
1870,2059,reg1,Oil_CHP,Electricity,0.0
1871,2060,reg1,Oil_CHP,Electricity,0.0
1872,2025,reg1,Oil_CHP,Heat,7770.420282323033
1873,2026,reg1,Oil_CHP,Heat,7511.406272912268
1874,2027,reg1,Oil_CHP,Heat,7252.392263501496
1875,2028,reg1,Oil_CHP,Heat,6993.378254090732
1876,2029,reg1,Oil_CHP,Heat,6734.36424467996
1877,2030,reg1,Oil_CHP,Heat,6475.350235269192
1878,2031,reg1,Oil_CHP,Heat,6216.336225858421
1879,2032,reg1,Oil_CHP,Heat,5957.322216447657
1880,2033,reg1,Oil_CHP,Heat,5698.308207036889
1881,2034,reg1,Oil_CHP,Heat,5439.294197626127
1882,2035,reg1,Oil_CHP,Heat,5180.280188215356
1883,2036,reg1,Oil_CHP,Heat,4921.266178804587
1884,2037,reg1,Oil_CHP,Heat,4662.252169393818
1885,2038,reg1,Oil_CHP,Heat,4403.238159983053
1886,2039,reg1,Oil_CHP,Heat,4144.224150572286
1887,2040,reg1,Oil_CHP,Heat,3885.2101411615163
1888,2041,reg1,Oil_CHP,Heat,3626.1961317507535
1889,2042,reg1,Oil_CHP,Heat,2962.51685909501
1890,2043,reg1,Oil_CHP,Heat,2641.7398051691007
1891,2044,reg1,Oil_CHP,Heat,2849.154103518445
1892,2045,reg1,Oil_CHP,Heat,2590.140094107679
1893,2046,reg1,Oil_CHP,Heat,2331.126084696913
1894,2047,reg1,Oil_CHP,Heat,2072.112075286142
1895,2048,reg1,Oil_CHP,Heat,1813.0980658753767
1896,2049,reg1,Oil_CHP,Heat,1554.0840564646078
1897,2050,reg1,Oil_CHP,Heat,1295.0700470538395
1898,2051,reg1,Oil_CHP,Heat,1036.056037643071
1899,2052,reg1,Oil_CHP,Heat,777.0420282323037
1900,2053,reg1,Oil_CHP,Heat,518.0280188215361
1901,2054,reg1,Oil_CHP,Heat,259.01400941076747
1902,2055,reg1,Oil_CHP,Heat,0.0
1903,2056,reg1,Oil_CHP,Heat,0.0
1904,2057,reg1,Oil_CHP,Heat,0.0
1905,2058,reg1,Oil_CHP,Heat,0.0
1906,2059,reg1,Oil_CHP,Heat,0.0
1907,2060,reg1,Oil_CHP,Heat,0.0
1908,2025,reg1,BW_CHP_P,Electricity,14741.276431556847
1909,2026,reg1,BW_CHP_P,Electricity,14151.625374294572
1910,2027,reg1,BW_CHP_P,Electricity,13561.974317032296
1911,2028,reg1,BW_CHP_P,Electricity,12972.323259770024
1912,2029,reg1,BW_CHP_P,Electricity,12382.67220250775
1913,2030,reg1,BW_CHP_P,Electricity,11793.021145245473
1914,2031,reg1,BW_CHP_P,Electricity,11203.370087983201
1915,2032,reg1,BW_CHP_P,Electricity,10613.719030720924
1916,2033,reg1,BW_CHP_P,Electricity,10024.067973458645
1917,2034,reg1,BW_CHP_P,Electricity,9434.416916196376
1918,2035,reg1,BW_CHP_P,Electricity,8844.7658589341
1919,2036,reg1,BW_CHP_P,Electricity,8255.114801671827
1920,2037,reg1,BW_CHP_P,Electricity,7303.4103224342225
1921,2038,reg1,BW_CHP_P,Electricity,6440.74604972344
1922,2039,reg1,BW_CHP_P,Electricity,5712.5054111160125
1923,2040,reg1,BW_CHP_P,Electricity,4913.7588105189425
1924,2041,reg1,BW_CHP_P,Electricity,4422.382929467048
1925,2042,reg1,BW_CHP_P,Electricity,3931.0070484151533
1926,2043,reg1,BW_CHP_P,Electricity,3439.631167363258
1927,2044,reg1,BW_CHP_P,Electricity,2948.2552863113638
1928,2045,reg1,BW_CHP_P,Electricity,2456.8794052594685
1929,2046,reg1,BW_CHP_P,Electricity,1965.5035242075742
1930,2047,reg1,BW_CHP_P,Electricity,1474.1276431556794
1931,2048,reg1,BW_CHP_P,Electricity,928.1544419869075
1932,2049,reg1,BW_CHP_P,Electricity,464.0772209934512
1933,2050,reg1,BW_CHP_P,Electricity,0.0
1934,2051,reg1,BW_CHP_P,Electricity,0.0
1935,2052,reg1,BW_CHP_P,Electricity,0.0
1936,2053,reg1,BW_CHP_P,Electricity,0.0
1937,2054,reg1,BW_CHP_P,Electricity,0.0
1938,2055,reg1,BW_CHP_P,Electricity,0.0
1939,2056,reg1,BW_CHP_P,Electricity,0.0
1940,2057,reg1,BW_CHP_P,Electricity,0.0
1941,2058,reg1,BW_CHP_P,Electricity,0.0
1942,2059,reg1,BW_CHP_P,Electricity,0.0
1943,2060,reg1,BW_CHP_P,Electricity,0.0
1944,2025,reg1,BW_CHP_P,Heat,10243.93785921747
1945,2026,reg1,BW_CHP_P,Heat,9834.18034484877
1946,2027,reg1,BW_CHP_P,Heat,9424.42283048007
1947,2028,reg1,BW_CHP_P,Heat,9014.665316111372
1948,2029,reg1,BW_CHP_P,Heat,8604.907801742675
1949,2030,reg1,BW_CHP_P,Heat,8195.150287373974
1950,2031,reg1,BW_CHP_P,Heat,7785.392773005276
1951,2032,reg1,BW_CHP_P,Heat,7375.635258636575
1952,2033,reg1,BW_CHP_P,Heat,6965.877744267872
1953,2034,reg1,BW_CHP_P,Heat,6556.120229899177
1954,2035,reg1,BW_CHP_P,Heat,6146.362715530477
1955,2036,reg1,BW_CHP_P,Heat,5736.6052011617785
1956,2037,reg1,BW_CHP_P,Heat,5075.251241013612
1957,2038,reg1,BW_CHP_P,Heat,4475.772678621373
1958,2039,reg1,BW_CHP_P,Heat,3969.7071500975676
1959,2040,reg1,BW_CHP_P,Heat,3414.6459530724856
1960,2041,reg1,BW_CHP_P,Heat,3073.1813577652365
1961,2042,reg1,BW_CHP_P,Heat,2731.716762457988
1962,2043,reg1,BW_CHP_P,Heat,2390.252167150739
1963,2044,reg1,BW_CHP_P,Heat,2048.7875718434902
1964,2045,reg1,BW_CHP_P,Heat,1707.322976536241
1965,2046,reg1,BW_CHP_P,Heat,1365.8583812289924
1966,2047,reg1,BW_CHP_P,Heat,1024.3937859217433
1967,2048,reg1,BW_CHP_P,Heat,644.9886800248001
1968,2049,reg1,BW_CHP_P,Heat,322.49434001239825
1969,2050,reg1,BW_CHP_P,Heat,0.0
1970,2051,reg1,BW_CHP_P,Heat,0.0
1971,2052,reg1,BW_CHP_P,Heat,0.0
1972,2053,reg1,BW_CHP_P,Heat,0.0
1973,2054,reg1,BW_CHP_P,Heat,0.0
1974,2055,reg1,BW_CHP_P,Heat,0.0
1975,2056,reg1,BW_CHP_P,Heat,0.0
1976,2057,reg1,BW_CHP_P,Heat,0.0
1977,2058,reg1,BW_CHP_P,Heat,0.0
1978,2059,reg1,BW_CHP_P,Heat,0.0
1979,2060,reg1,BW_CHP_P,Heat,0.0
1980,2025,reg1,Heat_transmission_distribution,Final_heat,40339.772769178766
1981,2026,reg1,Heat_transmission_distribution,Final_heat,41326.3942106981
1982,2027,reg1,Heat_transmission_distribution,Final_heat,42275.50543457018
1983,2028,reg1,Heat_transmission_distribution,Final_heat,43187.10644079499
1984,2029,reg1,Heat_transmission_distribution,Final_heat,44061.197229372534
1985,2030,reg1,Heat_transmission_distribution,Final_heat,44897.77780030281
1986,2031,reg1,Heat_transmission_distribution,Final_heat,45264.866197127616
1987,2032,reg1,Heat_transmission_distribution,Final_heat,45628.49738396274
1988,2033,reg1,Heat_transmission_distribution,Final_heat,45988.671360808235
1989,2034,reg1,Heat_transmission_distribution,Final_heat,46345.38812766407
1990,2035,reg1,Heat_transmission_distribution,Final_heat,46698.64768453025
1991,2036,reg1,Heat_transmission_distribution,Final_heat,47048.45003140676
1992,2037,reg1,Heat_transmission_distribution,Final_heat,47394.79516829363
1993,2038,reg1,Heat_transmission_distribution,Final_heat,47737.68309519085
1994,2039,reg1,Heat_transmission_distribution,Final_heat,48077.113812098425
1995,2040,reg1,Heat_transmission_distribution,Final_heat,48413.087319016326
1996,2041,reg1,Heat_transmission_distribution,Final_heat,49002.9454018628
1997,2042,reg1,Heat_transmission_distribution,Final_heat,49548.87752587636
1998,2043,reg1,Heat_transmission_distribution,Final_heat,50050.88369105701
1999,2044,reg1,Heat_transmission_distribution,Final_heat,50508.96389740474
2000,2045,reg1,Heat_transmission_distribution,Final_heat,50923.11814491957
2001,2046,reg1,Heat_transmission_distribution,Final_heat,51293.34643360149
2002,2047,reg1,Heat_transmission_distribution,Final_heat,51619.648763450474
2003,2048,reg1,Heat_transmission_distribution,Final_heat,51902.02513446657
2004,2049,reg1,Heat_transmission_distribution,Final_heat,52140.47554664974
2005,2050,reg1,Heat_transmission_distribution,Final_heat,52335.0
2006,2051,reg1,Heat_transmission_distribution,Final_heat,52335.0
2007,2052,reg1,Heat_transmission_distribution,Final_heat,52335.0
2008,2053,reg1,Heat_transmission_distribution,Final_heat,52335.0
2009,2054,reg1,Heat_transmission_distribution,Final_heat,52335.0
2010,2055,reg1,Heat_transmission_distribution,Final_heat,52335.0
2011,2056,reg1,Heat_transmission_distribution,Final_heat,52335.0
2012,2057,reg1,Heat_transmission_distribution,Final_heat,52335.0
2013,2058,reg1,Heat_transmission_distribution,Final_heat,52335.0
2014,2059,reg1,Heat_transmission_distribution,Final_heat,52335.0
2015,2060,reg1,Heat_transmission_distribution,Final_heat,52335.0
2016,2025,reg1,Elec_transmission_distribution,Final_electricity,292700.0
2017,2026,reg1,Elec_transmission_distribution,Final_electricity,306056.3057363256
2018,2027,reg1,Elec_transmission_distribution,Final_electricity,310731.30967194634
2019,2028,reg1,Elec_transmission_distribution,Final_electricity,315111.1232706418
2020,2029,reg1,Elec_transmission_distribution,Final_electricity,319195.74653241184
2021,2030,reg1,Elec_transmission_distribution,Final_electricity,322985.17945725645
2022,2031,reg1,Elec_transmission_distribution,Final_electricity,327292.9043939094
2023,2032,reg1,Elec_transmission_distribution,Final_electricity,331499.0217761862
2024,2033,reg1,Elec_transmission_distribution,Final_electricity,335603.53160408675
2025,2034,reg1,Elec_transmission_distribution,Final_electricity,339606.4338776114
2026,2035,reg1,Elec_transmission_distribution,Final_electricity,343507.7285967598
2027,2036,reg1,Elec_transmission_distribution,Final_electricity,347307.41576153203
2028,2037,reg1,Elec_transmission_distribution,Final_electricity,351005.4953719282
2029,2038,reg1,Elec_transmission_distribution,Final_electricity,354601.9674279483
2030,2039,reg1,Elec_transmission_distribution,Final_electricity,358096.83192959224
2031,2040,reg1,Elec_transmission_distribution,Final_electricity,361490.08887686004
2032,2041,reg1,Elec_transmission_distribution,Final_electricity,374068.5357376555
2033,2042,reg1,Elec_transmission_distribution,Final_electricity,385402.1675124044
2034,2043,reg1,Elec_transmission_distribution,Final_electricity,395490.9842011066
2035,2044,reg1,Elec_transmission_distribution,Final_electricity,404334.9858037622
2036,2045,reg1,Elec_transmission_distribution,Final_electricity,411934.17232037114
2037,2046,reg1,Elec_transmission_distribution,Final_electricity,418288.54375093343
2038,2047,reg1,Elec_transmission_distribution,Final_electricity,423398.10009544925
2039,2048,reg1,Elec_transmission_distribution,Final_electricity,427262.84135391837
2040,2049,reg1,Elec_transmission_distribution,Final_electricity,429882.7675263408
2041,2050,reg1,Elec_transmission_distribution,Final_electricity,431257.87861271674
2042,2051,reg1,Elec_transmission_distribution,Final_electricity,431257.87861271674
2043,2052,reg1,Elec_transmission_distribution,Final_electricity,431257.87861271674
2044,2053,reg1,Elec_transmission_distribution,Final_electricity,431257.87861271674
2045,2054,reg1,Elec_transmission_distribution,Final_electricity,431257.87861271674
2046,2055,reg1,Elec_transmission_distribution,Final_electricity,431257.87861271674
2047,2056,reg1,Elec_transmission_distribution,Final_electricity,431257.87861271674
2048,2057,reg1,Elec_transmission_distribution,Final_electricity,431257.87861271674
2049,2058,reg1,Elec_transmission_distribution,Final_electricity,431257.87861271674
2050,2059,reg1,Elec_transmission_distribution,Final_electricity,431257.87861271674
2051,2060,reg1,Elec_transmission_distribution,Final_electricity,431257.87861271674
