,Year,Region,Technology,Carrier,Value
0,2025,reg1,NG_supply,NG,267511.1777264894
1,2026,reg1,NG_supply,NG,279387.5311232606
2,2027,reg1,NG_supply,NG,272762.40280487697
3,2028,reg1,NG_supply,NG,267914.1436503363
4,2029,reg1,NG_supply,NG,261784.77079382082
5,2030,reg1,NG_supply,NG,249980.77177820366
6,2031,reg1,NG_supply,NG,241876.31869858305
7,2032,reg1,NG_supply,NG,231598.64810492593
8,2033,reg1,NG_supply,NG,222383.0640560671
9,2034,reg1,NG_supply,NG,212311.9007560496
10,2035,reg1,NG_supply,NG,208022.5493299611
11,2036,reg1,NG_supply,NG,204236.0335996741
12,2037,reg1,NG_supply,NG,204393.21193392598
13,2038,reg1,NG_supply,NG,203856.55705833746
14,2039,reg1,NG_supply,NG,203826.26030660787
15,2040,reg1,NG_supply,NG,204401.3446561422
16,2041,reg1,NG_supply,NG,210114.72507056844
17,2042,reg1,NG_supply,NG,215076.2966488935
18,2043,reg1,NG_supply,NG,218024.6228999584
19,2044,reg1,NG_supply,NG,218951.3610523172
20,2045,reg1,NG_supply,NG,217702.32902397387
21,2046,reg1,NG_supply,NG,209726.72459736615
22,2047,reg1,NG_supply,NG,201090.50005271687
23,2048,reg1,NG_supply,NG,195883.3945285483
24,2049,reg1,NG_supply,NG,188811.47301215294
25,2050,reg1,NG_supply,NG,181043.6809290756
26,2051,reg1,NG_supply,NG,185653.95265029647
27,2052,reg1,NG_supply,NG,187314.46474147117
28,2053,reg1,NG_supply,NG,188744.32309286366
29,2054,reg1,NG_supply,NG,198853.58996512365
30,2055,reg1,NG_supply,NG,208124.67523950693
31,2056,reg1,NG_supply,NG,223215.58983666217
32,2057,reg1,NG_supply,NG,233454.09442996184
33,2058,reg1,NG_supply,NG,244258.26001193526
34,2059,reg1,NG_supply,NG,255432.33889071032
35,2060,reg1,NG_supply,NG,273522.5897505807
36,2025,reg1,SFF_supply,Solid_fossil_fuels,9540.399291570613
37,2026,reg1,SFF_supply,Solid_fossil_fuels,7209.914226554355
38,2027,reg1,SFF_supply,Solid_fossil_fuels,4232.958989393169
39,2028,reg1,SFF_supply,Solid_fossil_fuels,3833.9033275753154
40,2029,reg1,SFF_supply,Solid_fossil_fuels,3410.9043260483922
41,2030,reg1,SFF_supply,Solid_fossil_fuels,0.0
42,2031,reg1,SFF_supply,Solid_fossil_fuels,0.0
43,2032,reg1,SFF_supply,Solid_fossil_fuels,0.0
44,2033,reg1,SFF_supply,Solid_fossil_fuels,0.0
45,2034,reg1,SFF_supply,Solid_fossil_fuels,0.0
46,2035,reg1,SFF_supply,Solid_fossil_fuels,0.0
47,2036,reg1,SFF_supply,Solid_fossil_fuels,0.0
48,2037,reg1,SFF_supply,Solid_fossil_fuels,0.0
49,2038,reg1,SFF_supply,Solid_fossil_fuels,0.0
50,2039,reg1,SFF_supply,Solid_fossil_fuels,0.0
51,2040,reg1,SFF_supply,Solid_fossil_fuels,0.0
52,2041,reg1,SFF_supply,Solid_fossil_fuels,0.0
53,2042,reg1,SFF_supply,Solid_fossil_fuels,0.0
54,2043,reg1,SFF_supply,Solid_fossil_fuels,0.0
55,2044,reg1,SFF_supply,Solid_fossil_fuels,0.0
56,2045,reg1,SFF_supply,Solid_fossil_fuels,0.0
57,2046,reg1,SFF_supply,Solid_fossil_fuels,0.0
58,2047,reg1,SFF_supply,Solid_fossil_fuels,0.0
59,2048,reg1,SFF_supply,Solid_fossil_fuels,0.0
60,2049,reg1,SFF_supply,Solid_fossil_fuels,0.0
61,2050,reg1,SFF_supply,Solid_fossil_fuels,0.0
62,2051,reg1,SFF_supply,Solid_fossil_fuels,0.0
63,2052,reg1,SFF_supply,Solid_fossil_fuels,0.0
64,2053,reg1,SFF_supply,Solid_fossil_fuels,0.0
65,2054,reg1,SFF_supply,Solid_fossil_fuels,0.0
66,2055,reg1,SFF_supply,Solid_fossil_fuels,0.0
67,2056,reg1,SFF_supply,Solid_fossil_fuels,0.0
68,2057,reg1,SFF_supply,Solid_fossil_fuels,0.0
69,2058,reg1,SFF_supply,Solid_fossil_fuels,0.0
70,2059,reg1,SFF_supply,Solid_fossil_fuels,0.0
71,2060,reg1,SFF_supply,Solid_fossil_fuels,0.0
72,2025,reg1,OP_supply,Petroleum_products,50896.446174116936
73,2026,reg1,OP_supply,Petroleum_products,49199.89796831307
74,2027,reg1,OP_supply,Petroleum_products,47503.34976250914
75,2028,reg1,OP_supply,Petroleum_products,45806.801556705264
76,2029,reg1,OP_supply,Petroleum_products,44110.253350901345
77,2030,reg1,OP_supply,Petroleum_products,42413.70514509744
78,2031,reg1,OP_supply,Petroleum_products,40717.15693929352
79,2032,reg1,OP_supply,Petroleum_products,39020.60873348965
80,2033,reg1,OP_supply,Petroleum_products,37324.06052768575
81,2034,reg1,OP_supply,Petroleum_products,35627.51232188189
82,2035,reg1,OP_supply,Petroleum_products,33930.96411607797
83,2036,reg1,OP_supply,Petroleum_products,32234.415910274063
84,2037,reg1,OP_supply,Petroleum_products,30537.867704470154
85,2038,reg1,OP_supply,Petroleum_products,28841.31949866628
86,2039,reg1,OP_supply,Petroleum_products,27144.77129286238
87,2040,reg1,OP_supply,Petroleum_products,25448.223087058468
88,2041,reg1,OP_supply,Petroleum_products,23751.6748812546
89,2042,reg1,OP_supply,Petroleum_products,22055.126675450687
90,2043,reg1,OP_supply,Petroleum_products,20358.578469646793
91,2044,reg1,OP_supply,Petroleum_products,18662.030263842884
92,2045,reg1,OP_supply,Petroleum_products,16965.482058038997
93,2046,reg1,OP_supply,Petroleum_products,15268.93385223511
94,2047,reg1,OP_supply,Petroleum_products,13572.38564643119
95,2048,reg1,OP_supply,Petroleum_products,11875.837440627303
96,2049,reg1,OP_supply,Petroleum_products,10179.2892348234
97,2050,reg1,OP_supply,Petroleum_products,8482.7410290195
98,2051,reg1,OP_supply,Petroleum_products,6786.192823215595
99,2052,reg1,OP_supply,Petroleum_products,5089.644617411699
100,2053,reg1,OP_supply,Petroleum_products,3393.0964116078007
101,2054,reg1,OP_supply,Petroleum_products,1696.5482058038972
102,2055,reg1,OP_supply,Petroleum_products,0.0
103,2056,reg1,OP_supply,Petroleum_products,0.0
104,2057,reg1,OP_supply,Petroleum_products,0.0
105,2058,reg1,OP_supply,Petroleum_products,0.0
106,2059,reg1,OP_supply,Petroleum_products,0.0
107,2060,reg1,OP_supply,Petroleum_products,0.0
108,2025,reg1,BW_supply,Biofuels_waste,58447.122226788386
109,2026,reg1,BW_supply,Biofuels_waste,56109.23733771685
110,2027,reg1,BW_supply,Biofuels_waste,53771.35244864531
111,2028,reg1,BW_supply,Biofuels_waste,51433.46755957378
112,2029,reg1,BW_supply,Biofuels_waste,49095.58267050224
113,2030,reg1,BW_supply,Biofuels_waste,46757.69778143069
114,2031,reg1,BW_supply,Biofuels_waste,44419.812892359165
115,2032,reg1,BW_supply,Biofuels_waste,42081.928003287605
116,2033,reg1,BW_supply,Biofuels_waste,39744.04311421607
117,2034,reg1,BW_supply,Biofuels_waste,37406.15822514454
118,2035,reg1,BW_supply,Biofuels_waste,35068.273336073
119,2036,reg1,BW_supply,Biofuels_waste,32730.388447001475
120,2037,reg1,BW_supply,Biofuels_waste,28957.011814384638
121,2038,reg1,BW_supply,Biofuels_waste,25536.667285746964
122,2039,reg1,BW_supply,Biofuels_waste,21458.704347733714
123,2040,reg1,BW_supply,Biofuels_waste,19482.374075596104
124,2041,reg1,BW_supply,Biofuels_waste,17534.136668036488
125,2042,reg1,BW_supply,Biofuels_waste,15585.89926047688
126,2043,reg1,BW_supply,Biofuels_waste,13637.661852917267
127,2044,reg1,BW_supply,Biofuels_waste,11689.424445357667
128,2045,reg1,BW_supply,Biofuels_waste,9741.18703779805
129,2046,reg1,BW_supply,Biofuels_waste,7792.949630238438
130,2047,reg1,BW_supply,Biofuels_waste,5520.005988085553
131,2048,reg1,BW_supply,Biofuels_waste,3680.003992057026
132,2049,reg1,BW_supply,Biofuels_waste,1840.001996028505
133,2050,reg1,BW_supply,Biofuels_waste,0.0
134,2051,reg1,BW_supply,Biofuels_waste,0.0
135,2052,reg1,BW_supply,Biofuels_waste,0.0
136,2053,reg1,BW_supply,Biofuels_waste,0.0
137,2054,reg1,BW_supply,Biofuels_waste,0.0
138,2055,reg1,BW_supply,Biofuels_waste,0.0
139,2056,reg1,BW_supply,Biofuels_waste,0.0
140,2057,reg1,BW_supply,Biofuels_waste,0.0
141,2058,reg1,BW_supply,Biofuels_waste,0.0
142,2059,reg1,BW_supply,Biofuels_waste,0.0
143,2060,reg1,BW_supply,Biofuels_waste,0.0
144,2025,reg1,BIO_supply,Biomass,0.0
145,2026,reg1,BIO_supply,Biomass,489.7904766740722
146,2027,reg1,BIO_supply,Biomass,979.5809533481444
147,2028,reg1,BIO_supply,Biomass,1469.3714300222155
148,2029,reg1,BIO_supply,Biomass,1959.1619066962876
149,2030,reg1,BIO_supply,Biomass,2448.9523833703597
150,2031,reg1,BIO_supply,Biomass,2938.7428600444327
151,2032,reg1,BIO_supply,Biomass,3428.533336718504
152,2033,reg1,BIO_supply,Biomass,3918.3238133925774
153,2034,reg1,BIO_supply,Biomass,4408.114290066649
154,2035,reg1,BIO_supply,Biomass,4897.904766740719
155,2036,reg1,BIO_supply,Biomass,5387.695243414792
156,2037,reg1,BIO_supply,Biomass,5877.4857200888655
157,2038,reg1,BIO_supply,Biomass,6367.276196762938
158,2039,reg1,BIO_supply,Biomass,6857.066673437004
159,2040,reg1,BIO_supply,Biomass,7346.857150111078
160,2041,reg1,BIO_supply,Biomass,7836.647626785153
161,2042,reg1,BIO_supply,Biomass,8326.438103459222
162,2043,reg1,BIO_supply,Biomass,8816.228580133293
163,2044,reg1,BIO_supply,Biomass,9306.019056807343
164,2045,reg1,BIO_supply,Biomass,9795.809533481413
165,2046,reg1,BIO_supply,Biomass,10285.600010155478
166,2047,reg1,BIO_supply,Biomass,10775.390486829554
167,2048,reg1,BIO_supply,Biomass,11265.180963503653
168,2049,reg1,BIO_supply,Biomass,11754.971440177691
169,2050,reg1,BIO_supply,Biomass,12244.76191685177
170,2051,reg1,BIO_supply,Biomass,12244.76191685177
171,2052,reg1,BIO_supply,Biomass,12244.761916851778
172,2053,reg1,BIO_supply,Biomass,12244.761916851772
173,2054,reg1,BIO_supply,Biomass,12244.761916851772
174,2055,reg1,BIO_supply,Biomass,12244.761916851807
175,2056,reg1,BIO_supply,Biomass,12244.761916851807
176,2057,reg1,BIO_supply,Biomass,12244.761916851807
177,2058,reg1,BIO_supply,Biomass,12244.761916851809
178,2059,reg1,BIO_supply,Biomass,12244.761916851807
179,2060,reg1,BIO_supply,Biomass,12244.761916851807
180,2025,reg1,Biogas_supply,Biogas,0.0
181,2026,reg1,Biogas_supply,Biogas,0.0
182,2027,reg1,Biogas_supply,Biogas,0.0
183,2028,reg1,Biogas_supply,Biogas,1452.9085714285711
184,2029,reg1,Biogas_supply,Biogas,1937.2114285714285
185,2030,reg1,Biogas_supply,Biogas,2421.5142857142855
186,2031,reg1,Biogas_supply,Biogas,2905.8171428571413
187,2032,reg1,Biogas_supply,Biogas,3390.119999999998
188,2033,reg1,Biogas_supply,Biogas,2735.7833657670244
189,2034,reg1,Biogas_supply,Biogas,2126.0689739820455
190,2035,reg1,Biogas_supply,Biogas,2552.931257993113
191,2036,reg1,Biogas_supply,Biogas,3124.84408705269
192,2037,reg1,Biogas_supply,Biogas,3662.195477469691
193,2038,reg1,Biogas_supply,Biogas,4551.474602322528
194,2039,reg1,Biogas_supply,Biogas,6167.829925578348
195,2040,reg1,Biogas_supply,Biogas,6763.127463164794
196,2041,reg1,Biogas_supply,Biogas,6943.410138248868
197,2042,reg1,Biogas_supply,Biogas,7377.373271889422
198,2043,reg1,Biogas_supply,Biogas,7811.336405529977
199,2044,reg1,Biogas_supply,Biogas,8255.891565729833
200,2045,reg1,Biogas_supply,Biogas,8717.530716014751
201,2046,reg1,Biogas_supply,Biogas,9113.225806451637
202,2047,reg1,Biogas_supply,Biogas,9016.789554531513
203,2048,reg1,Biogas_supply,Biogas,9426.64362519204
204,2049,reg1,Biogas_supply,Biogas,9836.497695852562
205,2050,reg1,Biogas_supply,Biogas,10246.351766513084
206,2051,reg1,Biogas_supply,Biogas,10113.735844983696
207,2052,reg1,Biogas_supply,Biogas,9221.818625701653
208,2053,reg1,Biogas_supply,Biogas,9119.05413345827
209,2054,reg1,Biogas_supply,Biogas,8638.700401554936
210,2055,reg1,Biogas_supply,Biogas,9552.728462880868
211,2056,reg1,Biogas_supply,Biogas,10366.664501495025
212,2057,reg1,Biogas_supply,Biogas,10366.664501495125
213,2058,reg1,Biogas_supply,Biogas,10366.664501495037
214,2059,reg1,Biogas_supply,Biogas,10408.267841340145
215,2060,reg1,Biogas_supply,Biogas,10749.646355105739
216,2025,reg1,Waste_supply,Waste,0.0
217,2026,reg1,Waste_supply,Waste,0.0
218,2027,reg1,Waste_supply,Waste,0.0
219,2028,reg1,Waste_supply,Waste,0.0
220,2029,reg1,Waste_supply,Waste,0.0
221,2030,reg1,Waste_supply,Waste,3694.029124485561
222,2031,reg1,Waste_supply,Waste,5381.612178833388
223,2032,reg1,Waste_supply,Waste,7069.195233181213
224,2033,reg1,Waste_supply,Waste,8756.77828752904
225,2034,reg1,Waste_supply,Waste,10444.361341876867
226,2035,reg1,Waste_supply,Waste,12131.944396224688
227,2036,reg1,Waste_supply,Waste,13819.527450572517
228,2037,reg1,Waste_supply,Waste,15507.110504920332
229,2038,reg1,Waste_supply,Waste,17194.693559268166
230,2039,reg1,Waste_supply,Waste,18882.276613616
231,2040,reg1,Waste_supply,Waste,20000.000000000004
232,2041,reg1,Waste_supply,Waste,20000.0
233,2042,reg1,Waste_supply,Waste,20000.0
234,2043,reg1,Waste_supply,Waste,20000.0
235,2044,reg1,Waste_supply,Waste,20000.000000000007
236,2045,reg1,Waste_supply,Waste,20000.00000000001
237,2046,reg1,Waste_supply,Waste,20000.00000000001
238,2047,reg1,Waste_supply,Waste,20000.00000000001
239,2048,reg1,Waste_supply,Waste,20000.0
240,2049,reg1,Waste_supply,Waste,20000.00000000001
241,2050,reg1,Waste_supply,Waste,20000.00000000001
242,2051,reg1,Waste_supply,Waste,20000.00000000001
243,2052,reg1,Waste_supply,Waste,20000.00000000001
244,2053,reg1,Waste_supply,Waste,20000.00000000001
245,2054,reg1,Waste_supply,Waste,20000.00000000001
246,2055,reg1,Waste_supply,Waste,19999.999999999996
247,2056,reg1,Waste_supply,Waste,20000.0
248,2057,reg1,Waste_supply,Waste,20000.0
249,2058,reg1,Waste_supply,Waste,19999.999999999993
250,2059,reg1,Waste_supply,Waste,20000.0
251,2060,reg1,Waste_supply,Waste,18882.27661361599
252,2025,reg1,Geo_PP,Electricity,5308.804676435999
253,2026,reg1,Geo_PP,Electricity,5308.804676436001
254,2027,reg1,Geo_PP,Electricity,5308.804676436
255,2028,reg1,Geo_PP,Electricity,5308.802219840001
256,2029,reg1,Geo_PP,Electricity,5308.802219839999
257,2030,reg1,Geo_PP,Electricity,5129.578714372474
258,2031,reg1,Geo_PP,Electricity,4866.402034853333
259,2032,reg1,Geo_PP,Electricity,4866.402034853332
260,2033,reg1,Geo_PP,Electricity,5087.602127346665
261,2034,reg1,Geo_PP,Electricity,4645.201942359999
262,2035,reg1,Geo_PP,Electricity,4552.010666141975
263,2036,reg1,Geo_PP,Electricity,4424.001849866665
264,2037,reg1,Geo_PP,Electricity,4424.001849866665
265,2038,reg1,Geo_PP,Electricity,4202.801757373332
266,2039,reg1,Geo_PP,Electricity,3981.6016648799987
267,2040,reg1,Geo_PP,Electricity,3981.6016648799987
268,2041,reg1,Geo_PP,Electricity,4424.001849866666
269,2042,reg1,Geo_PP,Electricity,3981.6016648799996
270,2043,reg1,Geo_PP,Electricity,4202.801757373332
271,2044,reg1,Geo_PP,Electricity,3981.6016648799996
272,2045,reg1,Geo_PP,Electricity,3981.6016648799996
273,2046,reg1,Geo_PP,Electricity,4031.7598458831853
274,2047,reg1,Geo_PP,Electricity,3951.6895982915003
275,2048,reg1,Geo_PP,Electricity,4202.801757373332
276,2049,reg1,Geo_PP,Electricity,3981.6016648799996
277,2050,reg1,Geo_PP,Electricity,3760.401572386666
278,2051,reg1,Geo_PP,Electricity,6045.781019839997
279,2052,reg1,Geo_PP,Electricity,6782.759819839994
280,2053,reg1,Geo_PP,Electricity,7519.738619839994
281,2054,reg1,Geo_PP,Electricity,8256.717419839995
282,2055,reg1,Geo_PP,Electricity,8993.696219839996
283,2056,reg1,Geo_PP,Electricity,8993.696219839996
284,2057,reg1,Geo_PP,Electricity,8993.696219839996
285,2058,reg1,Geo_PP,Electricity,8614.523083836
286,2059,reg1,Geo_PP,Electricity,8235.347491235996
287,2060,reg1,Geo_PP,Electricity,7856.171898635999
288,2025,reg1,Solar_PV_PP,Electricity,58442.25618765205
289,2026,reg1,Solar_PV_PP,Electricity,69124.9569698601
290,2027,reg1,Solar_PV_PP,Electricity,79807.65775206815
291,2028,reg1,Solar_PV_PP,Electricity,90490.35853427618
292,2029,reg1,Solar_PV_PP,Electricity,101173.05931648423
293,2030,reg1,Solar_PV_PP,Electricity,111855.76009869228
294,2031,reg1,Solar_PV_PP,Electricity,122236.6393562714
295,2032,reg1,Solar_PV_PP,Electricity,132196.8500372544
296,2033,reg1,Solar_PV_PP,Electricity,142543.50249781326
297,2034,reg1,Solar_PV_PP,Electricity,153253.91898275568
298,2035,reg1,Solar_PV_PP,Electricity,161844.1685035489
299,2036,reg1,Solar_PV_PP,Electricity,170364.80700974306
300,2037,reg1,Solar_PV_PP,Electricity,177348.4369263662
301,2038,reg1,Solar_PV_PP,Electricity,183374.0337867704
302,2039,reg1,Solar_PV_PP,Electricity,187509.78587507017
303,2040,reg1,Solar_PV_PP,Electricity,193584.2293746862
304,2041,reg1,Solar_PV_PP,Electricity,204110.63997492788
305,2042,reg1,Solar_PV_PP,Electricity,212680.68044556899
306,2043,reg1,Solar_PV_PP,Electricity,222005.68744217113
307,2044,reg1,Solar_PV_PP,Electricity,232279.46289293945
308,2045,reg1,Solar_PV_PP,Electricity,242550.4635484885
309,2046,reg1,Solar_PV_PP,Electricity,254094.39481308323
310,2047,reg1,Solar_PV_PP,Electricity,264807.8648491838
311,2048,reg1,Solar_PV_PP,Electricity,268714.2339528826
312,2049,reg1,Solar_PV_PP,Electricity,277429.9896824074
313,2050,reg1,Solar_PV_PP,Electricity,282204.1006064931
314,2051,reg1,Solar_PV_PP,Electricity,280958.77791582874
315,2052,reg1,Solar_PV_PP,Electricity,278916.44176387874
316,2053,reg1,Solar_PV_PP,Electricity,271972.03415915207
317,2054,reg1,Solar_PV_PP,Electricity,269726.6706168894
318,2055,reg1,Solar_PV_PP,Electricity,258233.22501520684
319,2056,reg1,Solar_PV_PP,Electricity,245321.56376444647
320,2057,reg1,Solar_PV_PP,Electricity,239838.37747020804
321,2058,reg1,Solar_PV_PP,Electricity,234486.76192133623
322,2059,reg1,Solar_PV_PP,Electricity,228955.62111646868
323,2060,reg1,Solar_PV_PP,Electricity,221342.13352726254
324,2025,reg1,Wind_On-Shore_PP,Electricity,22829.55393479698
325,2026,reg1,Wind_On-Shore_PP,Electricity,24199.327170884815
326,2027,reg1,Wind_On-Shore_PP,Electricity,25569.10040697264
327,2028,reg1,Wind_On-Shore_PP,Electricity,26938.873643060466
328,2029,reg1,Wind_On-Shore_PP,Electricity,28308.646879148295
329,2030,reg1,Wind_On-Shore_PP,Electricity,29678.42011523612
330,2031,reg1,Wind_On-Shore_PP,Electricity,30992.84525918883
331,2032,reg1,Wind_On-Shore_PP,Electricity,32417.96658741177
332,2033,reg1,Wind_On-Shore_PP,Electricity,32967.37123926162
333,2034,reg1,Wind_On-Shore_PP,Electricity,33585.3338377874
334,2035,reg1,Wind_On-Shore_PP,Electricity,33311.15061388691
335,2036,reg1,Wind_On-Shore_PP,Electricity,32973.797178975605
336,2037,reg1,Wind_On-Shore_PP,Electricity,32374.615060177613
337,2038,reg1,Wind_On-Shore_PP,Electricity,32862.52751576247
338,2039,reg1,Wind_On-Shore_PP,Electricity,34633.30913414351
339,2040,reg1,Wind_On-Shore_PP,Electricity,34012.77523046244
340,2041,reg1,Wind_On-Shore_PP,Electricity,35086.86286931915
341,2042,reg1,Wind_On-Shore_PP,Electricity,38021.35024509233
342,2043,reg1,Wind_On-Shore_PP,Electricity,39150.69728207527
343,2044,reg1,Wind_On-Shore_PP,Electricity,39394.13969290597
344,2045,reg1,Wind_On-Shore_PP,Electricity,39128.25860000237
345,2046,reg1,Wind_On-Shore_PP,Electricity,40195.392925456996
346,2047,reg1,Wind_On-Shore_PP,Electricity,41262.527250911604
347,2048,reg1,Wind_On-Shore_PP,Electricity,44797.43246698999
348,2049,reg1,Wind_On-Shore_PP,Electricity,43396.79590182083
349,2050,reg1,Wind_On-Shore_PP,Electricity,44878.348458137654
350,2051,reg1,Wind_On-Shore_PP,Electricity,42161.45530534901
351,2052,reg1,Wind_On-Shore_PP,Electricity,43745.76477264541
352,2053,reg1,Wind_On-Shore_PP,Electricity,49858.229822722526
353,2054,reg1,Wind_On-Shore_PP,Electricity,46853.26996060675
354,2055,reg1,Wind_On-Shore_PP,Electricity,52688.03032463764
355,2056,reg1,Wind_On-Shore_PP,Electricity,57073.88483699247
356,2057,reg1,Wind_On-Shore_PP,Electricity,57073.884836992474
357,2058,reg1,Wind_On-Shore_PP,Electricity,57073.88483699247
358,2059,reg1,Wind_On-Shore_PP,Electricity,57073.88483699248
359,2060,reg1,Wind_On-Shore_PP,Electricity,57073.884836992474
360,2025,reg1,Wind_Off-Shore_PP,Electricity,76.64064781414194
361,2026,reg1,Wind_Off-Shore_PP,Electricity,76.6406478141414
362,2027,reg1,Wind_Off-Shore_PP,Electricity,76.64064781414021
363,2028,reg1,Wind_Off-Shore_PP,Electricity,76.64064781414024
364,2029,reg1,Wind_Off-Shore_PP,Electricity,76.64064781414203
365,2030,reg1,Wind_Off-Shore_PP,Electricity,76.64064781414243
366,2031,reg1,Wind_Off-Shore_PP,Electricity,70.59104022992699
367,2032,reg1,Wind_Off-Shore_PP,Electricity,70.59104022992699
368,2033,reg1,Wind_Off-Shore_PP,Electricity,70.59104022992699
369,2034,reg1,Wind_Off-Shore_PP,Electricity,67.61407872290144
370,2035,reg1,Wind_Off-Shore_PP,Electricity,64.49325913312042
371,2036,reg1,Wind_Off-Shore_PP,Electricity,61.50823050666057
372,2037,reg1,Wind_Off-Shore_PP,Electricity,64.49325913312042
373,2038,reg1,Wind_Off-Shore_PP,Electricity,61.50823050666057
374,2039,reg1,Wind_Off-Shore_PP,Electricity,58.317605542746335
375,2040,reg1,Wind_Off-Shore_PP,Electricity,58.317605542746335
376,2041,reg1,Wind_Off-Shore_PP,Electricity,58.317605542746335
377,2042,reg1,Wind_Off-Shore_PP,Electricity,58.317605542746335
378,2043,reg1,Wind_Off-Shore_PP,Electricity,61.50823050666057
379,2044,reg1,Wind_Off-Shore_PP,Electricity,58.317605542746335
380,2045,reg1,Wind_Off-Shore_PP,Electricity,58.317605542746335
381,2046,reg1,Wind_Off-Shore_PP,Electricity,61.302634169206186
382,2047,reg1,Wind_Off-Shore_PP,Electricity,55.31561712468063
383,2048,reg1,Wind_Off-Shore_PP,Electricity,55.31561712468063
384,2049,reg1,Wind_Off-Shore_PP,Electricity,58.30064575114049
385,2050,reg1,Wind_Off-Shore_PP,Electricity,58.50624208859486
386,2051,reg1,Wind_Off-Shore_PP,Electricity,58.317605542746335
387,2052,reg1,Wind_Off-Shore_PP,Electricity,61.302634169206186
388,2053,reg1,Wind_Off-Shore_PP,Electricity,64.35412664142333
389,2054,reg1,Wind_Off-Shore_PP,Electricity,64.42345375898721
390,2055,reg1,Wind_Off-Shore_PP,Electricity,0.0
391,2056,reg1,Wind_Off-Shore_PP,Electricity,0.0
392,2057,reg1,Wind_Off-Shore_PP,Electricity,0.0
393,2058,reg1,Wind_Off-Shore_PP,Electricity,0.0
394,2059,reg1,Wind_Off-Shore_PP,Electricity,0.0
395,2060,reg1,Wind_Off-Shore_PP,Electricity,0.0
396,2025,reg1,Hydro_PP,Electricity,45704.90667599997
397,2026,reg1,Hydro_PP,Electricity,46022.403239999985
398,2027,reg1,Hydro_PP,Electricity,46252.8
399,2028,reg1,Hydro_PP,Electricity,46252.8
400,2029,reg1,Hydro_PP,Electricity,46252.8
401,2030,reg1,Hydro_PP,Electricity,46252.8
402,2031,reg1,Hydro_PP,Electricity,46252.80000000001
403,2032,reg1,Hydro_PP,Electricity,46252.8
404,2033,reg1,Hydro_PP,Electricity,46252.8
405,2034,reg1,Hydro_PP,Electricity,46252.80000000001
406,2035,reg1,Hydro_PP,Electricity,46252.8
407,2036,reg1,Hydro_PP,Electricity,46252.800000000025
408,2037,reg1,Hydro_PP,Electricity,46252.799999999996
409,2038,reg1,Hydro_PP,Electricity,46252.80000000001
410,2039,reg1,Hydro_PP,Electricity,46252.799999999974
411,2040,reg1,Hydro_PP,Electricity,46252.79999999999
412,2041,reg1,Hydro_PP,Electricity,46252.79999999999
413,2042,reg1,Hydro_PP,Electricity,46252.79999999998
414,2043,reg1,Hydro_PP,Electricity,46252.79999999999
415,2044,reg1,Hydro_PP,Electricity,46252.79999999998
416,2045,reg1,Hydro_PP,Electricity,46252.79999999998
417,2046,reg1,Hydro_PP,Electricity,46252.79999999999
418,2047,reg1,Hydro_PP,Electricity,46252.79999999999
419,2048,reg1,Hydro_PP,Electricity,46252.799999999996
420,2049,reg1,Hydro_PP,Electricity,46252.7999999998
421,2050,reg1,Hydro_PP,Electricity,46252.80000000001
422,2051,reg1,Hydro_PP,Electricity,46252.80000000002
423,2052,reg1,Hydro_PP,Electricity,46252.79999999999
424,2053,reg1,Hydro_PP,Electricity,46252.79999999999
425,2054,reg1,Hydro_PP,Electricity,46252.799999999996
426,2055,reg1,Hydro_PP,Electricity,46252.8
427,2056,reg1,Hydro_PP,Electricity,46252.8
428,2057,reg1,Hydro_PP,Electricity,46252.8
429,2058,reg1,Hydro_PP,Electricity,46252.799999999974
430,2059,reg1,Hydro_PP,Electricity,46252.79999999994
431,2060,reg1,Hydro_PP,Electricity,45704.906675999955
432,2025,reg1,UO2_supply ,UO2_fuel,0.0
433,2026,reg1,UO2_supply ,UO2_fuel,0.0
434,2027,reg1,UO2_supply ,UO2_fuel,0.0
435,2028,reg1,UO2_supply ,UO2_fuel,0.0
436,2029,reg1,UO2_supply ,UO2_fuel,0.0
437,2030,reg1,UO2_supply ,UO2_fuel,0.0
438,2031,reg1,UO2_supply ,UO2_fuel,0.0
439,2032,reg1,UO2_supply ,UO2_fuel,0.0
440,2033,reg1,UO2_supply ,UO2_fuel,0.0
441,2034,reg1,UO2_supply ,UO2_fuel,0.0
442,2035,reg1,UO2_supply ,UO2_fuel,0.0
443,2036,reg1,UO2_supply ,UO2_fuel,0.0
444,2037,reg1,UO2_supply ,UO2_fuel,0.0
445,2038,reg1,UO2_supply ,UO2_fuel,0.0
446,2039,reg1,UO2_supply ,UO2_fuel,0.0
447,2040,reg1,UO2_supply ,UO2_fuel,0.0
448,2041,reg1,UO2_supply ,UO2_fuel,0.0
449,2042,reg1,UO2_supply ,UO2_fuel,0.0
450,2043,reg1,UO2_supply ,UO2_fuel,0.0
451,2044,reg1,UO2_supply ,UO2_fuel,0.0
452,2045,reg1,UO2_supply ,UO2_fuel,0.0
453,2046,reg1,UO2_supply ,UO2_fuel,0.0
454,2047,reg1,UO2_supply ,UO2_fuel,1.5013880791172155e-09
455,2048,reg1,UO2_supply ,UO2_fuel,0.0
456,2049,reg1,UO2_supply ,UO2_fuel,4.394678398966791e-09
457,2050,reg1,UO2_supply ,UO2_fuel,0.0
458,2051,reg1,UO2_supply ,UO2_fuel,0.0
459,2052,reg1,UO2_supply ,UO2_fuel,6.484343808338557e-07
460,2053,reg1,UO2_supply ,UO2_fuel,2.8012365252022577e-06
461,2054,reg1,UO2_supply ,UO2_fuel,2.7234243995021937e-06
462,2055,reg1,UO2_supply ,UO2_fuel,2.3343637710018804e-06
463,2056,reg1,UO2_supply ,UO2_fuel,2.801236525202257e-06
464,2057,reg1,UO2_supply ,UO2_fuel,3.1124850280025074e-06
465,2058,reg1,UO2_supply ,UO2_fuel,2.8012069607300427e-06
466,2059,reg1,UO2_supply ,UO2_fuel,2.8012365252022577e-06
467,2060,reg1,UO2_supply ,UO2_fuel,2.8012365252022577e-06
468,2025,reg1,Electricity_net_imports,Electricity,42999.999999999985
469,2026,reg1,Electricity_net_imports,Electricity,42999.99999999999
470,2027,reg1,Electricity_net_imports,Electricity,43000.0
471,2028,reg1,Electricity_net_imports,Electricity,40750.750787105964
472,2029,reg1,Electricity_net_imports,Electricity,39655.57950505425
473,2030,reg1,Electricity_net_imports,Electricity,39761.54168092752
474,2031,reg1,Electricity_net_imports,Electricity,37777.245786821775
475,2032,reg1,Electricity_net_imports,Electricity,37115.34891717789
476,2033,reg1,Electricity_net_imports,Electricity,36300.702403941366
477,2034,reg1,Electricity_net_imports,Electricity,35897.492203870774
478,2035,reg1,Electricity_net_imports,Electricity,34499.99999999999
479,2036,reg1,Electricity_net_imports,Electricity,32799.99999999999
480,2037,reg1,Electricity_net_imports,Electricity,31099.99999999999
481,2038,reg1,Electricity_net_imports,Electricity,29399.999999999993
482,2039,reg1,Electricity_net_imports,Electricity,27699.999999999993
483,2040,reg1,Electricity_net_imports,Electricity,26000.0
484,2041,reg1,Electricity_net_imports,Electricity,26000.0
485,2042,reg1,Electricity_net_imports,Electricity,26000.0
486,2043,reg1,Electricity_net_imports,Electricity,26000.0
487,2044,reg1,Electricity_net_imports,Electricity,25999.999999999996
488,2045,reg1,Electricity_net_imports,Electricity,26000.0
489,2046,reg1,Electricity_net_imports,Electricity,26000.0
490,2047,reg1,Electricity_net_imports,Electricity,25999.999999999993
491,2048,reg1,Electricity_net_imports,Electricity,26000.0
492,2049,reg1,Electricity_net_imports,Electricity,26000.0
493,2050,reg1,Electricity_net_imports,Electricity,26000.0
494,2051,reg1,Electricity_net_imports,Electricity,25999.999999999996
495,2052,reg1,Electricity_net_imports,Electricity,25999.99999999999
496,2053,reg1,Electricity_net_imports,Electricity,25999.999999999993
497,2054,reg1,Electricity_net_imports,Electricity,25999.999999999996
498,2055,reg1,Electricity_net_imports,Electricity,25999.999999999996
499,2056,reg1,Electricity_net_imports,Electricity,25999.999999999993
500,2057,reg1,Electricity_net_imports,Electricity,25999.999999999996
501,2058,reg1,Electricity_net_imports,Electricity,25999.999999999993
502,2059,reg1,Electricity_net_imports,Electricity,25999.999999999993
503,2060,reg1,Electricity_net_imports,Electricity,26000.0
504,2025,reg1,Geo_HP,Heat,300.00039119999997
505,2026,reg1,Geo_HP,Heat,300.00039119999997
506,2027,reg1,Geo_HP,Heat,300.00039119999997
507,2028,reg1,Geo_HP,Heat,300.0
508,2029,reg1,Geo_HP,Heat,300.0
509,2030,reg1,Geo_HP,Heat,300.0
510,2031,reg1,Geo_HP,Heat,300.0
511,2032,reg1,Geo_HP,Heat,300.0
512,2033,reg1,Geo_HP,Heat,300.0
513,2034,reg1,Geo_HP,Heat,300.0
514,2035,reg1,Geo_HP,Heat,300.0
515,2036,reg1,Geo_HP,Heat,300.0
516,2037,reg1,Geo_HP,Heat,300.0
517,2038,reg1,Geo_HP,Heat,300.0
518,2039,reg1,Geo_HP,Heat,300.0
519,2040,reg1,Geo_HP,Heat,300.0
520,2041,reg1,Geo_HP,Heat,300.0
521,2042,reg1,Geo_HP,Heat,300.0
522,2043,reg1,Geo_HP,Heat,300.0
523,2044,reg1,Geo_HP,Heat,300.0
524,2045,reg1,Geo_HP,Heat,300.0
525,2046,reg1,Geo_HP,Heat,300.0
526,2047,reg1,Geo_HP,Heat,300.0
527,2048,reg1,Geo_HP,Heat,300.0
528,2049,reg1,Geo_HP,Heat,300.0
529,2050,reg1,Geo_HP,Heat,300.0
530,2051,reg1,Geo_HP,Heat,300.0
531,2052,reg1,Geo_HP,Heat,300.0
532,2053,reg1,Geo_HP,Heat,300.0
533,2054,reg1,Geo_HP,Heat,300.0
534,2055,reg1,Geo_HP,Heat,300.0
535,2056,reg1,Geo_HP,Heat,300.0
536,2057,reg1,Geo_HP,Heat,300.0
537,2058,reg1,Geo_HP,Heat,300.0
538,2059,reg1,Geo_HP,Heat,300.0
539,2060,reg1,Geo_HP,Heat,300.0
540,2025,reg1,Pump_hydro_ST,Electricity,0.0
541,2026,reg1,Pump_hydro_ST,Electricity,0.0
542,2027,reg1,Pump_hydro_ST,Electricity,0.0
543,2028,reg1,Pump_hydro_ST,Electricity,2075.3198127948585
544,2029,reg1,Pump_hydro_ST,Electricity,5677.802053136718
545,2030,reg1,Pump_hydro_ST,Electricity,6384.965561875394
546,2031,reg1,Pump_hydro_ST,Electricity,7949.98334639924
547,2032,reg1,Pump_hydro_ST,Electricity,10740.882832393925
548,2033,reg1,Pump_hydro_ST,Electricity,11648.98154860008
549,2034,reg1,Pump_hydro_ST,Electricity,12120.638456578388
550,2035,reg1,Pump_hydro_ST,Electricity,12628.843638631959
551,2036,reg1,Pump_hydro_ST,Electricity,13095.6558822501
552,2037,reg1,Pump_hydro_ST,Electricity,13386.131011291018
553,2038,reg1,Pump_hydro_ST,Electricity,13675.819275707388
554,2039,reg1,Pump_hydro_ST,Electricity,13969.81291690332
555,2040,reg1,Pump_hydro_ST,Electricity,14268.11193487882
556,2041,reg1,Pump_hydro_ST,Electricity,13633.609768228243
557,2042,reg1,Pump_hydro_ST,Electricity,13836.192130338566
558,2043,reg1,Pump_hydro_ST,Electricity,14084.336113961188
559,2044,reg1,Pump_hydro_ST,Electricity,14377.072874685899
560,2045,reg1,Pump_hydro_ST,Electricity,14813.619878895037
561,2046,reg1,Pump_hydro_ST,Electricity,17814.265879949027
562,2047,reg1,Pump_hydro_ST,Electricity,19591.412461353804
563,2048,reg1,Pump_hydro_ST,Electricity,19716.423999999985
564,2049,reg1,Pump_hydro_ST,Electricity,19337.26199999998
565,2050,reg1,Pump_hydro_ST,Electricity,18958.099999999984
566,2051,reg1,Pump_hydro_ST,Electricity,18578.93799999999
567,2052,reg1,Pump_hydro_ST,Electricity,18199.775999999994
568,2053,reg1,Pump_hydro_ST,Electricity,17820.614
569,2054,reg1,Pump_hydro_ST,Electricity,16997.099167178356
570,2055,reg1,Pump_hydro_ST,Electricity,16019.00509658035
571,2056,reg1,Pump_hydro_ST,Electricity,15013.2626494641
572,2057,reg1,Pump_hydro_ST,Electricity,14395.27910451619
573,2058,reg1,Pump_hydro_ST,Electricity,13934.203500000003
574,2059,reg1,Pump_hydro_ST,Electricity,13602.43675
575,2060,reg1,Pump_hydro_ST,Electricity,14956.828714082703
576,2025,reg1,Electrochemical_ST,Electricity,0.0
577,2026,reg1,Electrochemical_ST,Electricity,0.0
578,2027,reg1,Electrochemical_ST,Electricity,1701.6451420296266
579,2028,reg1,Electrochemical_ST,Electricity,3683.3759623871138
580,2029,reg1,Electrochemical_ST,Electricity,3683.375962387114
581,2030,reg1,Electrochemical_ST,Electricity,3683.3759623871138
582,2031,reg1,Electrochemical_ST,Electricity,3683.3759623871133
583,2032,reg1,Electrochemical_ST,Electricity,3683.3759623871138
584,2033,reg1,Electrochemical_ST,Electricity,3683.3759623871138
585,2034,reg1,Electrochemical_ST,Electricity,3683.3759623871138
586,2035,reg1,Electrochemical_ST,Electricity,3683.375962387114
587,2036,reg1,Electrochemical_ST,Electricity,3683.3759623871138
588,2037,reg1,Electrochemical_ST,Electricity,3683.3759623871147
589,2038,reg1,Electrochemical_ST,Electricity,3683.375962387114
590,2039,reg1,Electrochemical_ST,Electricity,3683.375962387114
591,2040,reg1,Electrochemical_ST,Electricity,3683.3759623871138
592,2041,reg1,Electrochemical_ST,Electricity,7098.652700808174
593,2042,reg1,Electrochemical_ST,Electricity,10513.929439229234
594,2043,reg1,Electrochemical_ST,Electricity,13929.206177650292
595,2044,reg1,Electrochemical_ST,Electricity,17344.482916071356
596,2045,reg1,Electrochemical_ST,Electricity,20759.75965449242
597,2046,reg1,Electrochemical_ST,Electricity,24175.036392913476
598,2047,reg1,Electrochemical_ST,Electricity,27590.31313133454
599,2048,reg1,Electrochemical_ST,Electricity,31005.589869755597
600,2049,reg1,Electrochemical_ST,Electricity,34420.866608176664
601,2050,reg1,Electrochemical_ST,Electricity,37836.143346597724
602,2051,reg1,Electrochemical_ST,Electricity,40514.74489254136
603,2052,reg1,Electrochemical_ST,Electricity,43193.34643848501
604,2053,reg1,Electrochemical_ST,Electricity,45778.89430411676
605,2054,reg1,Electrochemical_ST,Electricity,45042.21911163936
606,2055,reg1,Electrochemical_ST,Electricity,44305.54391916197
607,2056,reg1,Electrochemical_ST,Electricity,40890.267180740804
608,2057,reg1,Electrochemical_ST,Electricity,37474.99044231979
609,2058,reg1,Electrochemical_ST,Electricity,34059.71370389873
610,2059,reg1,Electrochemical_ST,Electricity,30644.43696547758
611,2060,reg1,Electrochemical_ST,Electricity,27229.16022705663
612,2025,reg1,Hydrogen_ST,Hydrogen,0.0
613,2026,reg1,Hydrogen_ST,Hydrogen,4.28867909918221
614,2027,reg1,Hydrogen_ST,Hydrogen,8.694907335572323
615,2028,reg1,Hydrogen_ST,Hydrogen,13.223444489165264
616,2029,reg1,Hydrogen_ST,Hydrogen,17.98191570534456
617,2030,reg1,Hydrogen_ST,Hydrogen,26.649208870099336
618,2031,reg1,Hydrogen_ST,Hydrogen,25.815415470207252
619,2032,reg1,Hydrogen_ST,Hydrogen,25.000498738832558
620,2033,reg1,Hydrogen_ST,Hydrogen,24.204458670629034
621,2034,reg1,Hydrogen_ST,Hydrogen,23.445543462612132
622,2035,reg1,Hydrogen_ST,Hydrogen,22.937148602547094
623,2036,reg1,Hydrogen_ST,Hydrogen,22.441409638994454
624,2037,reg1,Hydrogen_ST,Hydrogen,21.95832657195353
625,2038,reg1,Hydrogen_ST,Hydrogen,21.48789940142444
626,2039,reg1,Hydrogen_ST,Hydrogen,21.030128127407405
627,2040,reg1,Hydrogen_ST,Hydrogen,20.585012749902315
628,2041,reg1,Hydrogen_ST,Hydrogen,0.0
629,2042,reg1,Hydrogen_ST,Hydrogen,0.0
630,2043,reg1,Hydrogen_ST,Hydrogen,0.0
631,2044,reg1,Hydrogen_ST,Hydrogen,0.0
632,2045,reg1,Hydrogen_ST,Hydrogen,0.0
633,2046,reg1,Hydrogen_ST,Hydrogen,0.0
634,2047,reg1,Hydrogen_ST,Hydrogen,0.0
635,2048,reg1,Hydrogen_ST,Hydrogen,0.0
636,2049,reg1,Hydrogen_ST,Hydrogen,0.0
637,2050,reg1,Hydrogen_ST,Hydrogen,0.0
638,2051,reg1,Hydrogen_ST,Hydrogen,0.0
639,2052,reg1,Hydrogen_ST,Hydrogen,0.0
640,2053,reg1,Hydrogen_ST,Hydrogen,0.0
641,2054,reg1,Hydrogen_ST,Hydrogen,0.0
642,2055,reg1,Hydrogen_ST,Hydrogen,0.0
643,2056,reg1,Hydrogen_ST,Hydrogen,0.0
644,2057,reg1,Hydrogen_ST,Hydrogen,25.003782890436415
645,2058,reg1,Hydrogen_ST,Hydrogen,25.003780587803877
646,2059,reg1,Hydrogen_ST,Hydrogen,25.003780587803877
647,2060,reg1,Hydrogen_ST,Hydrogen,27.58746104352473
648,2025,reg1,Thermal_ST,Heat,0.0
649,2026,reg1,Thermal_ST,Heat,0.0
650,2027,reg1,Thermal_ST,Heat,0.0
651,2028,reg1,Thermal_ST,Heat,0.0
652,2029,reg1,Thermal_ST,Heat,0.0
653,2030,reg1,Thermal_ST,Heat,0.0
654,2031,reg1,Thermal_ST,Heat,0.0
655,2032,reg1,Thermal_ST,Heat,0.0
656,2033,reg1,Thermal_ST,Heat,0.0
657,2034,reg1,Thermal_ST,Heat,0.0
658,2035,reg1,Thermal_ST,Heat,0.0
659,2036,reg1,Thermal_ST,Heat,0.0
660,2037,reg1,Thermal_ST,Heat,0.0
661,2038,reg1,Thermal_ST,Heat,0.0
662,2039,reg1,Thermal_ST,Heat,0.0
663,2040,reg1,Thermal_ST,Heat,0.0
664,2041,reg1,Thermal_ST,Heat,0.0
665,2042,reg1,Thermal_ST,Heat,0.0
666,2043,reg1,Thermal_ST,Heat,0.0
667,2044,reg1,Thermal_ST,Heat,0.0
668,2045,reg1,Thermal_ST,Heat,0.0
669,2046,reg1,Thermal_ST,Heat,0.0
670,2047,reg1,Thermal_ST,Heat,4.610301199890073e-09
671,2048,reg1,Thermal_ST,Heat,0.0
672,2049,reg1,Thermal_ST,Heat,0.0
673,2050,reg1,Thermal_ST,Heat,0.0
674,2051,reg1,Thermal_ST,Heat,0.0
675,2052,reg1,Thermal_ST,Heat,0.0
676,2053,reg1,Thermal_ST,Heat,0.0
677,2054,reg1,Thermal_ST,Heat,0.0
678,2055,reg1,Thermal_ST,Heat,0.0
679,2056,reg1,Thermal_ST,Heat,0.0
680,2057,reg1,Thermal_ST,Heat,0.0
681,2058,reg1,Thermal_ST,Heat,0.0
682,2059,reg1,Thermal_ST,Heat,0.0
683,2060,reg1,Thermal_ST,Heat,0.0
684,2025,reg1,Thermal-H2_ST,Heat-H2,0.0
685,2026,reg1,Thermal-H2_ST,Heat-H2,0.0
686,2027,reg1,Thermal-H2_ST,Heat-H2,0.0
687,2028,reg1,Thermal-H2_ST,Heat-H2,0.0
688,2029,reg1,Thermal-H2_ST,Heat-H2,0.0
689,2030,reg1,Thermal-H2_ST,Heat-H2,0.0
690,2031,reg1,Thermal-H2_ST,Heat-H2,0.0
691,2032,reg1,Thermal-H2_ST,Heat-H2,0.0
692,2033,reg1,Thermal-H2_ST,Heat-H2,0.0
693,2034,reg1,Thermal-H2_ST,Heat-H2,0.0
694,2035,reg1,Thermal-H2_ST,Heat-H2,0.0
695,2036,reg1,Thermal-H2_ST,Heat-H2,0.0
696,2037,reg1,Thermal-H2_ST,Heat-H2,0.0
697,2038,reg1,Thermal-H2_ST,Heat-H2,0.0
698,2039,reg1,Thermal-H2_ST,Heat-H2,0.0
699,2040,reg1,Thermal-H2_ST,Heat-H2,0.0
700,2041,reg1,Thermal-H2_ST,Heat-H2,0.0
701,2042,reg1,Thermal-H2_ST,Heat-H2,0.0
702,2043,reg1,Thermal-H2_ST,Heat-H2,0.0
703,2044,reg1,Thermal-H2_ST,Heat-H2,0.0
704,2045,reg1,Thermal-H2_ST,Heat-H2,0.0
705,2046,reg1,Thermal-H2_ST,Heat-H2,0.0
706,2047,reg1,Thermal-H2_ST,Heat-H2,0.0
707,2048,reg1,Thermal-H2_ST,Heat-H2,0.0
708,2049,reg1,Thermal-H2_ST,Heat-H2,4.4232548925654484e-08
709,2050,reg1,Thermal-H2_ST,Heat-H2,0.0
710,2051,reg1,Thermal-H2_ST,Heat-H2,0.0
711,2052,reg1,Thermal-H2_ST,Heat-H2,1.1767883207725542e-08
712,2053,reg1,Thermal-H2_ST,Heat-H2,2.2129021275662628e-07
713,2054,reg1,Thermal-H2_ST,Heat-H2,0.0
714,2055,reg1,Thermal-H2_ST,Heat-H2,0.0
715,2056,reg1,Thermal-H2_ST,Heat-H2,2.553036855910816e-07
716,2057,reg1,Thermal-H2_ST,Heat-H2,3.071866631468003e-07
717,2058,reg1,Thermal-H2_ST,Heat-H2,3.450867330363247e-07
718,2059,reg1,Thermal-H2_ST,Heat-H2,4.707153283090217e-08
719,2060,reg1,Thermal-H2_ST,Heat-H2,5.436826809921262e-08
720,2025,reg1,HTHP,Heat,0.0
721,2026,reg1,HTHP,Heat,0.0
722,2027,reg1,HTHP,Heat,0.0
723,2028,reg1,HTHP,Heat,119.97789032223301
724,2029,reg1,HTHP,Heat,2978.5984620744202
725,2030,reg1,HTHP,Heat,3263.971491365676
726,2031,reg1,HTHP,Heat,4148.296062409787
727,2032,reg1,HTHP,Heat,5027.751323609274
728,2033,reg1,HTHP,Heat,6957.765781914247
729,2034,reg1,HTHP,Heat,9303.894403165048
730,2035,reg1,HTHP,Heat,10487.601203130147
731,2036,reg1,HTHP,Heat,11808.935439757075
732,2037,reg1,HTHP,Heat,12556.76816621968
733,2038,reg1,HTHP,Heat,13526.886504917176
734,2039,reg1,HTHP,Heat,14254.653685085917
735,2040,reg1,HTHP,Heat,15169.231565806145
736,2041,reg1,HTHP,Heat,17412.048472582363
737,2042,reg1,HTHP,Heat,17565.172691471696
738,2043,reg1,HTHP,Heat,17750.652635219292
739,2044,reg1,HTHP,Heat,17972.109298951218
740,2045,reg1,HTHP,Heat,18175.622020368435
741,2046,reg1,HTHP,Heat,18796.988984845186
742,2047,reg1,HTHP,Heat,20975.746629951278
743,2048,reg1,HTHP,Heat,21192.030473306095
744,2049,reg1,HTHP,Heat,21441.997742160987
745,2050,reg1,HTHP,Heat,20254.976667835246
746,2051,reg1,HTHP,Heat,16931.81493528237
747,2052,reg1,HTHP,Heat,16400.42778717842
748,2053,reg1,HTHP,Heat,15675.474091167567
749,2054,reg1,HTHP,Heat,14687.051372118085
750,2055,reg1,HTHP,Heat,13688.01445415436
751,2056,reg1,HTHP,Heat,12663.977718865255
752,2057,reg1,HTHP,Heat,12496.871031588456
753,2058,reg1,HTHP,Heat,12327.63306282219
754,2059,reg1,HTHP,Heat,12087.464905578148
755,2060,reg1,HTHP,Heat,12043.206085663649
756,2025,reg1,SMR,Hydrogen,0.0
757,2026,reg1,SMR,Hydrogen,1812.4376858969795
758,2027,reg1,SMR,Hydrogen,3579.301686100553
759,2028,reg1,SMR,Hydrogen,5300.592649671629
760,2029,reg1,SMR,Hydrogen,6976.325252766396
761,2030,reg1,SMR,Hydrogen,8607.001161914763
762,2031,reg1,SMR,Hydrogen,8823.694598206079
763,2032,reg1,SMR,Hydrogen,9035.482204066946
764,2033,reg1,SMR,Hydrogen,9242.363979496637
765,2034,reg1,SMR,Hydrogen,9444.342412885657
766,2035,reg1,SMR,Hydrogen,9641.446603618697
767,2036,reg1,SMR,Hydrogen,9833.6441156342
768,2037,reg1,SMR,Hydrogen,10020.934948932161
769,2038,reg1,SMR,Hydrogen,10203.319103512586
770,2039,reg1,SMR,Hydrogen,10380.796579375474
771,2040,reg1,SMR,Hydrogen,10553.367376520822
772,2041,reg1,SMR,Hydrogen,10301.546089823547
773,2042,reg1,SMR,Hydrogen,10052.53185031944
774,2043,reg1,SMR,Hydrogen,9803.517610815336
775,2044,reg1,SMR,Hydrogen,9554.50337125873
776,2045,reg1,SMR,Hydrogen,9305.489131807119
777,2046,reg1,SMR,Hydrogen,9056.474892251543
778,2047,reg1,SMR,Hydrogen,8807.460652731625
779,2048,reg1,SMR,Hydrogen,8558.446413294798
780,2049,reg1,SMR,Hydrogen,8309.432173617879
781,2050,reg1,SMR,Hydrogen,8060.417934286584
782,2051,reg1,SMR,Hydrogen,8060.417934286584
783,2052,reg1,SMR,Hydrogen,8060.417934240608
784,2053,reg1,SMR,Hydrogen,8060.417933446401
785,2054,reg1,SMR,Hydrogen,8060.417934286584
786,2055,reg1,SMR,Hydrogen,8060.417934286584
787,2056,reg1,SMR,Hydrogen,8060.417934295322
788,2057,reg1,SMR,Hydrogen,8063.827540433038
789,2058,reg1,SMR,Hydrogen,8063.827539382164
790,2059,reg1,SMR,Hydrogen,8063.8275406844
791,2060,reg1,SMR,Hydrogen,8064.179860951081
792,2025,reg1,SMR_CCS,Hydrogen,0.0
793,2026,reg1,SMR_CCS,Hydrogen,0.0
794,2027,reg1,SMR_CCS,Hydrogen,0.0
795,2028,reg1,SMR_CCS,Hydrogen,0.0
796,2029,reg1,SMR_CCS,Hydrogen,0.0
797,2030,reg1,SMR_CCS,Hydrogen,0.0
798,2031,reg1,SMR_CCS,Hydrogen,0.0
799,2032,reg1,SMR_CCS,Hydrogen,0.0
800,2033,reg1,SMR_CCS,Hydrogen,0.0
801,2034,reg1,SMR_CCS,Hydrogen,0.0
802,2035,reg1,SMR_CCS,Hydrogen,0.0
803,2036,reg1,SMR_CCS,Hydrogen,0.0
804,2037,reg1,SMR_CCS,Hydrogen,0.0
805,2038,reg1,SMR_CCS,Hydrogen,0.0
806,2039,reg1,SMR_CCS,Hydrogen,0.0
807,2040,reg1,SMR_CCS,Hydrogen,0.0
808,2041,reg1,SMR_CCS,Hydrogen,0.0
809,2042,reg1,SMR_CCS,Hydrogen,0.0
810,2043,reg1,SMR_CCS,Hydrogen,0.0
811,2044,reg1,SMR_CCS,Hydrogen,0.0
812,2045,reg1,SMR_CCS,Hydrogen,0.0
813,2046,reg1,SMR_CCS,Hydrogen,0.0
814,2047,reg1,SMR_CCS,Hydrogen,0.0
815,2048,reg1,SMR_CCS,Hydrogen,0.0
816,2049,reg1,SMR_CCS,Hydrogen,0.0
817,2050,reg1,SMR_CCS,Hydrogen,0.0
818,2051,reg1,SMR_CCS,Hydrogen,0.0
819,2052,reg1,SMR_CCS,Hydrogen,0.0
820,2053,reg1,SMR_CCS,Hydrogen,0.0
821,2054,reg1,SMR_CCS,Hydrogen,0.0
822,2055,reg1,SMR_CCS,Hydrogen,0.0
823,2056,reg1,SMR_CCS,Hydrogen,0.0
824,2057,reg1,SMR_CCS,Hydrogen,0.0
825,2058,reg1,SMR_CCS,Hydrogen,0.0
826,2059,reg1,SMR_CCS,Hydrogen,0.0
827,2060,reg1,SMR_CCS,Hydrogen,0.0
828,2025,reg1,Electrolysis_PEM,Hydrogen,0.0
829,2026,reg1,Electrolysis_PEM,Hydrogen,0.0
830,2027,reg1,Electrolysis_PEM,Hydrogen,0.0
831,2028,reg1,Electrolysis_PEM,Hydrogen,0.0
832,2029,reg1,Electrolysis_PEM,Hydrogen,0.0
833,2030,reg1,Electrolysis_PEM,Hydrogen,0.0
834,2031,reg1,Electrolysis_PEM,Hydrogen,0.0
835,2032,reg1,Electrolysis_PEM,Hydrogen,0.0
836,2033,reg1,Electrolysis_PEM,Hydrogen,0.0
837,2034,reg1,Electrolysis_PEM,Hydrogen,0.0
838,2035,reg1,Electrolysis_PEM,Hydrogen,0.0
839,2036,reg1,Electrolysis_PEM,Hydrogen,0.0
840,2037,reg1,Electrolysis_PEM,Hydrogen,0.0
841,2038,reg1,Electrolysis_PEM,Hydrogen,0.0
842,2039,reg1,Electrolysis_PEM,Hydrogen,0.0
843,2040,reg1,Electrolysis_PEM,Hydrogen,0.0
844,2041,reg1,Electrolysis_PEM,Hydrogen,0.0
845,2042,reg1,Electrolysis_PEM,Hydrogen,0.0
846,2043,reg1,Electrolysis_PEM,Hydrogen,0.0
847,2044,reg1,Electrolysis_PEM,Hydrogen,5.249603418633343e-08
848,2045,reg1,Electrolysis_PEM,Hydrogen,0.0
849,2046,reg1,Electrolysis_PEM,Hydrogen,5.1470124162733575e-08
850,2047,reg1,Electrolysis_PEM,Hydrogen,6.728078005835417e-08
851,2048,reg1,Electrolysis_PEM,Hydrogen,0.0
852,2049,reg1,Electrolysis_PEM,Hydrogen,0.0
853,2050,reg1,Electrolysis_PEM,Hydrogen,0.0
854,2051,reg1,Electrolysis_PEM,Hydrogen,0.0
855,2052,reg1,Electrolysis_PEM,Hydrogen,0.0
856,2053,reg1,Electrolysis_PEM,Hydrogen,2.1605046640615917e-08
857,2054,reg1,Electrolysis_PEM,Hydrogen,0.0
858,2055,reg1,Electrolysis_PEM,Hydrogen,0.0
859,2056,reg1,Electrolysis_PEM,Hydrogen,0.0
860,2057,reg1,Electrolysis_PEM,Hydrogen,1.3649696484208114e-08
861,2058,reg1,Electrolysis_PEM,Hydrogen,0.0
862,2059,reg1,Electrolysis_PEM,Hydrogen,0.0
863,2060,reg1,Electrolysis_PEM,Hydrogen,1.7826096154749402e-09
864,2025,reg1,SFF_PP,Electricity,3141.437615999999
865,2026,reg1,SFF_PP,Electricity,2374.0616160000004
866,2027,reg1,SFF_PP,Electricity,1393.8176159999998
867,2028,reg1,SFF_PP,Electricity,1262.417616
868,2029,reg1,SFF_PP,Electricity,1123.1336160000003
869,2030,reg1,SFF_PP,Electricity,0.0
870,2031,reg1,SFF_PP,Electricity,0.0
871,2032,reg1,SFF_PP,Electricity,0.0
872,2033,reg1,SFF_PP,Electricity,0.0
873,2034,reg1,SFF_PP,Electricity,0.0
874,2035,reg1,SFF_PP,Electricity,0.0
875,2036,reg1,SFF_PP,Electricity,0.0
876,2037,reg1,SFF_PP,Electricity,0.0
877,2038,reg1,SFF_PP,Electricity,0.0
878,2039,reg1,SFF_PP,Electricity,0.0
879,2040,reg1,SFF_PP,Electricity,0.0
880,2041,reg1,SFF_PP,Electricity,0.0
881,2042,reg1,SFF_PP,Electricity,0.0
882,2043,reg1,SFF_PP,Electricity,0.0
883,2044,reg1,SFF_PP,Electricity,0.0
884,2045,reg1,SFF_PP,Electricity,0.0
885,2046,reg1,SFF_PP,Electricity,0.0
886,2047,reg1,SFF_PP,Electricity,0.0
887,2048,reg1,SFF_PP,Electricity,0.0
888,2049,reg1,SFF_PP,Electricity,0.0
889,2050,reg1,SFF_PP,Electricity,0.0
890,2051,reg1,SFF_PP,Electricity,0.0
891,2052,reg1,SFF_PP,Electricity,0.0
892,2053,reg1,SFF_PP,Electricity,0.0
893,2054,reg1,SFF_PP,Electricity,0.0
894,2055,reg1,SFF_PP,Electricity,0.0
895,2056,reg1,SFF_PP,Electricity,0.0
896,2057,reg1,SFF_PP,Electricity,0.0
897,2058,reg1,SFF_PP,Electricity,0.0
898,2059,reg1,SFF_PP,Electricity,0.0
899,2060,reg1,SFF_PP,Electricity,0.0
900,2025,reg1,Nuc_SMR_PP,Electricity,0.0
901,2026,reg1,Nuc_SMR_PP,Electricity,0.0
902,2027,reg1,Nuc_SMR_PP,Electricity,0.0
903,2028,reg1,Nuc_SMR_PP,Electricity,0.0
904,2029,reg1,Nuc_SMR_PP,Electricity,0.0
905,2030,reg1,Nuc_SMR_PP,Electricity,0.0
906,2031,reg1,Nuc_SMR_PP,Electricity,0.0
907,2032,reg1,Nuc_SMR_PP,Electricity,0.0
908,2033,reg1,Nuc_SMR_PP,Electricity,0.0
909,2034,reg1,Nuc_SMR_PP,Electricity,0.0
910,2035,reg1,Nuc_SMR_PP,Electricity,0.0
911,2036,reg1,Nuc_SMR_PP,Electricity,0.0
912,2037,reg1,Nuc_SMR_PP,Electricity,0.0
913,2038,reg1,Nuc_SMR_PP,Electricity,0.0
914,2039,reg1,Nuc_SMR_PP,Electricity,0.0
915,2040,reg1,Nuc_SMR_PP,Electricity,0.0
916,2041,reg1,Nuc_SMR_PP,Electricity,0.0
917,2042,reg1,Nuc_SMR_PP,Electricity,0.0
918,2043,reg1,Nuc_SMR_PP,Electricity,0.0
919,2044,reg1,Nuc_SMR_PP,Electricity,0.0
920,2045,reg1,Nuc_SMR_PP,Electricity,0.0
921,2046,reg1,Nuc_SMR_PP,Electricity,0.0
922,2047,reg1,Nuc_SMR_PP,Electricity,4.729372449219229e-10
923,2048,reg1,Nuc_SMR_PP,Electricity,0.0
924,2049,reg1,Nuc_SMR_PP,Electricity,0.0
925,2050,reg1,Nuc_SMR_PP,Electricity,0.0
926,2051,reg1,Nuc_SMR_PP,Electricity,0.0
927,2052,reg1,Nuc_SMR_PP,Electricity,0.0
928,2053,reg1,Nuc_SMR_PP,Electricity,0.0
929,2054,reg1,Nuc_SMR_PP,Electricity,0.0
930,2055,reg1,Nuc_SMR_PP,Electricity,0.0
931,2056,reg1,Nuc_SMR_PP,Electricity,0.0
932,2057,reg1,Nuc_SMR_PP,Electricity,0.0
933,2058,reg1,Nuc_SMR_PP,Electricity,0.0
934,2059,reg1,Nuc_SMR_PP,Electricity,0.0
935,2060,reg1,Nuc_SMR_PP,Electricity,0.0
936,2025,reg1,Nuc_G3+_PP,Electricity,0.0
937,2026,reg1,Nuc_G3+_PP,Electricity,0.0
938,2027,reg1,Nuc_G3+_PP,Electricity,0.0
939,2028,reg1,Nuc_G3+_PP,Electricity,0.0
940,2029,reg1,Nuc_G3+_PP,Electricity,0.0
941,2030,reg1,Nuc_G3+_PP,Electricity,0.0
942,2031,reg1,Nuc_G3+_PP,Electricity,0.0
943,2032,reg1,Nuc_G3+_PP,Electricity,0.0
944,2033,reg1,Nuc_G3+_PP,Electricity,0.0
945,2034,reg1,Nuc_G3+_PP,Electricity,0.0
946,2035,reg1,Nuc_G3+_PP,Electricity,0.0
947,2036,reg1,Nuc_G3+_PP,Electricity,0.0
948,2037,reg1,Nuc_G3+_PP,Electricity,0.0
949,2038,reg1,Nuc_G3+_PP,Electricity,0.0
950,2039,reg1,Nuc_G3+_PP,Electricity,0.0
951,2040,reg1,Nuc_G3+_PP,Electricity,0.0
952,2041,reg1,Nuc_G3+_PP,Electricity,0.0
953,2042,reg1,Nuc_G3+_PP,Electricity,0.0
954,2043,reg1,Nuc_G3+_PP,Electricity,0.0
955,2044,reg1,Nuc_G3+_PP,Electricity,0.0
956,2045,reg1,Nuc_G3+_PP,Electricity,0.0
957,2046,reg1,Nuc_G3+_PP,Electricity,0.0
958,2047,reg1,Nuc_G3+_PP,Electricity,0.0
959,2048,reg1,Nuc_G3+_PP,Electricity,0.0
960,2049,reg1,Nuc_G3+_PP,Electricity,0.0
961,2050,reg1,Nuc_G3+_PP,Electricity,0.0
962,2051,reg1,Nuc_G3+_PP,Electricity,0.0
963,2052,reg1,Nuc_G3+_PP,Electricity,0.0
964,2053,reg1,Nuc_G3+_PP,Electricity,0.0
965,2054,reg1,Nuc_G3+_PP,Electricity,0.0
966,2055,reg1,Nuc_G3+_PP,Electricity,0.0
967,2056,reg1,Nuc_G3+_PP,Electricity,0.0
968,2057,reg1,Nuc_G3+_PP,Electricity,0.0
969,2058,reg1,Nuc_G3+_PP,Electricity,0.0
970,2059,reg1,Nuc_G3+_PP,Electricity,0.0
971,2060,reg1,Nuc_G3+_PP,Electricity,0.0
972,2025,reg1,Nuc_SMR_CHP,Nuc_CHP-Heat,0.0
973,2026,reg1,Nuc_SMR_CHP,Nuc_CHP-Heat,0.0
974,2027,reg1,Nuc_SMR_CHP,Nuc_CHP-Heat,0.0
975,2028,reg1,Nuc_SMR_CHP,Nuc_CHP-Heat,0.0
976,2029,reg1,Nuc_SMR_CHP,Nuc_CHP-Heat,0.0
977,2030,reg1,Nuc_SMR_CHP,Nuc_CHP-Heat,0.0
978,2031,reg1,Nuc_SMR_CHP,Nuc_CHP-Heat,0.0
979,2032,reg1,Nuc_SMR_CHP,Nuc_CHP-Heat,0.0
980,2033,reg1,Nuc_SMR_CHP,Nuc_CHP-Heat,0.0
981,2034,reg1,Nuc_SMR_CHP,Nuc_CHP-Heat,0.0
982,2035,reg1,Nuc_SMR_CHP,Nuc_CHP-Heat,0.0
983,2036,reg1,Nuc_SMR_CHP,Nuc_CHP-Heat,0.0
984,2037,reg1,Nuc_SMR_CHP,Nuc_CHP-Heat,0.0
985,2038,reg1,Nuc_SMR_CHP,Nuc_CHP-Heat,0.0
986,2039,reg1,Nuc_SMR_CHP,Nuc_CHP-Heat,0.0
987,2040,reg1,Nuc_SMR_CHP,Nuc_CHP-Heat,0.0
988,2041,reg1,Nuc_SMR_CHP,Nuc_CHP-Heat,0.0
989,2042,reg1,Nuc_SMR_CHP,Nuc_CHP-Heat,0.0
990,2043,reg1,Nuc_SMR_CHP,Nuc_CHP-Heat,0.0
991,2044,reg1,Nuc_SMR_CHP,Nuc_CHP-Heat,0.0
992,2045,reg1,Nuc_SMR_CHP,Nuc_CHP-Heat,0.0
993,2046,reg1,Nuc_SMR_CHP,Nuc_CHP-Heat,0.0
994,2047,reg1,Nuc_SMR_CHP,Nuc_CHP-Heat,0.0
995,2048,reg1,Nuc_SMR_CHP,Nuc_CHP-Heat,0.0
996,2049,reg1,Nuc_SMR_CHP,Nuc_CHP-Heat,0.0
997,2050,reg1,Nuc_SMR_CHP,Nuc_CHP-Heat,0.0
998,2051,reg1,Nuc_SMR_CHP,Nuc_CHP-Heat,0.0
999,2052,reg1,Nuc_SMR_CHP,Nuc_CHP-Heat,0.0
1000,2053,reg1,Nuc_SMR_CHP,Nuc_CHP-Heat,0.0
1001,2054,reg1,Nuc_SMR_CHP,Nuc_CHP-Heat,0.0
1002,2055,reg1,Nuc_SMR_CHP,Nuc_CHP-Heat,0.0
1003,2056,reg1,Nuc_SMR_CHP,Nuc_CHP-Heat,0.0
1004,2057,reg1,Nuc_SMR_CHP,Nuc_CHP-Heat,0.0
1005,2058,reg1,Nuc_SMR_CHP,Nuc_CHP-Heat,0.0
1006,2059,reg1,Nuc_SMR_CHP,Nuc_CHP-Heat,0.0
1007,2060,reg1,Nuc_SMR_CHP,Nuc_CHP-Heat,0.0
1008,2025,reg1,Nuc_SMR_Power-CHP,Electricity,0.0
1009,2026,reg1,Nuc_SMR_Power-CHP,Electricity,0.0
1010,2027,reg1,Nuc_SMR_Power-CHP,Electricity,0.0
1011,2028,reg1,Nuc_SMR_Power-CHP,Electricity,0.0
1012,2029,reg1,Nuc_SMR_Power-CHP,Electricity,0.0
1013,2030,reg1,Nuc_SMR_Power-CHP,Electricity,0.0
1014,2031,reg1,Nuc_SMR_Power-CHP,Electricity,0.0
1015,2032,reg1,Nuc_SMR_Power-CHP,Electricity,0.0
1016,2033,reg1,Nuc_SMR_Power-CHP,Electricity,0.0
1017,2034,reg1,Nuc_SMR_Power-CHP,Electricity,0.0
1018,2035,reg1,Nuc_SMR_Power-CHP,Electricity,0.0
1019,2036,reg1,Nuc_SMR_Power-CHP,Electricity,0.0
1020,2037,reg1,Nuc_SMR_Power-CHP,Electricity,0.0
1021,2038,reg1,Nuc_SMR_Power-CHP,Electricity,0.0
1022,2039,reg1,Nuc_SMR_Power-CHP,Electricity,0.0
1023,2040,reg1,Nuc_SMR_Power-CHP,Electricity,0.0
1024,2041,reg1,Nuc_SMR_Power-CHP,Electricity,0.0
1025,2042,reg1,Nuc_SMR_Power-CHP,Electricity,0.0
1026,2043,reg1,Nuc_SMR_Power-CHP,Electricity,0.0
1027,2044,reg1,Nuc_SMR_Power-CHP,Electricity,0.0
1028,2045,reg1,Nuc_SMR_Power-CHP,Electricity,0.0
1029,2046,reg1,Nuc_SMR_Power-CHP,Electricity,0.0
1030,2047,reg1,Nuc_SMR_Power-CHP,Electricity,0.0
1031,2048,reg1,Nuc_SMR_Power-CHP,Electricity,0.0
1032,2049,reg1,Nuc_SMR_Power-CHP,Electricity,0.0
1033,2050,reg1,Nuc_SMR_Power-CHP,Electricity,0.0
1034,2051,reg1,Nuc_SMR_Power-CHP,Electricity,0.0
1035,2052,reg1,Nuc_SMR_Power-CHP,Electricity,0.0
1036,2053,reg1,Nuc_SMR_Power-CHP,Electricity,0.0
1037,2054,reg1,Nuc_SMR_Power-CHP,Electricity,0.0
1038,2055,reg1,Nuc_SMR_Power-CHP,Electricity,0.0
1039,2056,reg1,Nuc_SMR_Power-CHP,Electricity,0.0
1040,2057,reg1,Nuc_SMR_Power-CHP,Electricity,0.0
1041,2058,reg1,Nuc_SMR_Power-CHP,Electricity,0.0
1042,2059,reg1,Nuc_SMR_Power-CHP,Electricity,0.0
1043,2060,reg1,Nuc_SMR_Power-CHP,Electricity,0.0
1044,2025,reg1,Nuc_SMR_Heat-CHP,Nuc_SMR-Heat,0.0
1045,2026,reg1,Nuc_SMR_Heat-CHP,Nuc_SMR-Heat,0.0
1046,2027,reg1,Nuc_SMR_Heat-CHP,Nuc_SMR-Heat,0.0
1047,2028,reg1,Nuc_SMR_Heat-CHP,Nuc_SMR-Heat,0.0
1048,2029,reg1,Nuc_SMR_Heat-CHP,Nuc_SMR-Heat,0.0
1049,2030,reg1,Nuc_SMR_Heat-CHP,Nuc_SMR-Heat,0.0
1050,2031,reg1,Nuc_SMR_Heat-CHP,Nuc_SMR-Heat,0.0
1051,2032,reg1,Nuc_SMR_Heat-CHP,Nuc_SMR-Heat,0.0
1052,2033,reg1,Nuc_SMR_Heat-CHP,Nuc_SMR-Heat,0.0
1053,2034,reg1,Nuc_SMR_Heat-CHP,Nuc_SMR-Heat,0.0
1054,2035,reg1,Nuc_SMR_Heat-CHP,Nuc_SMR-Heat,0.0
1055,2036,reg1,Nuc_SMR_Heat-CHP,Nuc_SMR-Heat,0.0
1056,2037,reg1,Nuc_SMR_Heat-CHP,Nuc_SMR-Heat,0.0
1057,2038,reg1,Nuc_SMR_Heat-CHP,Nuc_SMR-Heat,0.0
1058,2039,reg1,Nuc_SMR_Heat-CHP,Nuc_SMR-Heat,0.0
1059,2040,reg1,Nuc_SMR_Heat-CHP,Nuc_SMR-Heat,0.0
1060,2041,reg1,Nuc_SMR_Heat-CHP,Nuc_SMR-Heat,0.0
1061,2042,reg1,Nuc_SMR_Heat-CHP,Nuc_SMR-Heat,0.0
1062,2043,reg1,Nuc_SMR_Heat-CHP,Nuc_SMR-Heat,0.0
1063,2044,reg1,Nuc_SMR_Heat-CHP,Nuc_SMR-Heat,0.0
1064,2045,reg1,Nuc_SMR_Heat-CHP,Nuc_SMR-Heat,0.0
1065,2046,reg1,Nuc_SMR_Heat-CHP,Nuc_SMR-Heat,0.0
1066,2047,reg1,Nuc_SMR_Heat-CHP,Nuc_SMR-Heat,0.0
1067,2048,reg1,Nuc_SMR_Heat-CHP,Nuc_SMR-Heat,0.0
1068,2049,reg1,Nuc_SMR_Heat-CHP,Nuc_SMR-Heat,0.0
1069,2050,reg1,Nuc_SMR_Heat-CHP,Nuc_SMR-Heat,0.0
1070,2051,reg1,Nuc_SMR_Heat-CHP,Nuc_SMR-Heat,0.0
1071,2052,reg1,Nuc_SMR_Heat-CHP,Nuc_SMR-Heat,0.0
1072,2053,reg1,Nuc_SMR_Heat-CHP,Nuc_SMR-Heat,0.0
1073,2054,reg1,Nuc_SMR_Heat-CHP,Nuc_SMR-Heat,0.0
1074,2055,reg1,Nuc_SMR_Heat-CHP,Nuc_SMR-Heat,0.0
1075,2056,reg1,Nuc_SMR_Heat-CHP,Nuc_SMR-Heat,0.0
1076,2057,reg1,Nuc_SMR_Heat-CHP,Nuc_SMR-Heat,0.0
1077,2058,reg1,Nuc_SMR_Heat-CHP,Nuc_SMR-Heat,0.0
1078,2059,reg1,Nuc_SMR_Heat-CHP,Nuc_SMR-Heat,0.0
1079,2060,reg1,Nuc_SMR_Heat-CHP,Nuc_SMR-Heat,0.0
1080,2025,reg1,Nuc_SMR-H2_CHP,Nuc_CHP-H2-Heat,0.0
1081,2026,reg1,Nuc_SMR-H2_CHP,Nuc_CHP-H2-Heat,0.0
1082,2027,reg1,Nuc_SMR-H2_CHP,Nuc_CHP-H2-Heat,0.0
1083,2028,reg1,Nuc_SMR-H2_CHP,Nuc_CHP-H2-Heat,0.0
1084,2029,reg1,Nuc_SMR-H2_CHP,Nuc_CHP-H2-Heat,0.0
1085,2030,reg1,Nuc_SMR-H2_CHP,Nuc_CHP-H2-Heat,0.0
1086,2031,reg1,Nuc_SMR-H2_CHP,Nuc_CHP-H2-Heat,0.0
1087,2032,reg1,Nuc_SMR-H2_CHP,Nuc_CHP-H2-Heat,0.0
1088,2033,reg1,Nuc_SMR-H2_CHP,Nuc_CHP-H2-Heat,0.0
1089,2034,reg1,Nuc_SMR-H2_CHP,Nuc_CHP-H2-Heat,0.0
1090,2035,reg1,Nuc_SMR-H2_CHP,Nuc_CHP-H2-Heat,0.0
1091,2036,reg1,Nuc_SMR-H2_CHP,Nuc_CHP-H2-Heat,0.0
1092,2037,reg1,Nuc_SMR-H2_CHP,Nuc_CHP-H2-Heat,0.0
1093,2038,reg1,Nuc_SMR-H2_CHP,Nuc_CHP-H2-Heat,0.0
1094,2039,reg1,Nuc_SMR-H2_CHP,Nuc_CHP-H2-Heat,0.0
1095,2040,reg1,Nuc_SMR-H2_CHP,Nuc_CHP-H2-Heat,0.0
1096,2041,reg1,Nuc_SMR-H2_CHP,Nuc_CHP-H2-Heat,0.0
1097,2042,reg1,Nuc_SMR-H2_CHP,Nuc_CHP-H2-Heat,0.0
1098,2043,reg1,Nuc_SMR-H2_CHP,Nuc_CHP-H2-Heat,0.0
1099,2044,reg1,Nuc_SMR-H2_CHP,Nuc_CHP-H2-Heat,0.0
1100,2045,reg1,Nuc_SMR-H2_CHP,Nuc_CHP-H2-Heat,0.0
1101,2046,reg1,Nuc_SMR-H2_CHP,Nuc_CHP-H2-Heat,0.0
1102,2047,reg1,Nuc_SMR-H2_CHP,Nuc_CHP-H2-Heat,0.0
1103,2048,reg1,Nuc_SMR-H2_CHP,Nuc_CHP-H2-Heat,0.0
1104,2049,reg1,Nuc_SMR-H2_CHP,Nuc_CHP-H2-Heat,4.394678398966791e-09
1105,2050,reg1,Nuc_SMR-H2_CHP,Nuc_CHP-H2-Heat,0.0
1106,2051,reg1,Nuc_SMR-H2_CHP,Nuc_CHP-H2-Heat,0.0
1107,2052,reg1,Nuc_SMR-H2_CHP,Nuc_CHP-H2-Heat,6.484343808338557e-07
1108,2053,reg1,Nuc_SMR-H2_CHP,Nuc_CHP-H2-Heat,2.8012365252022577e-06
1109,2054,reg1,Nuc_SMR-H2_CHP,Nuc_CHP-H2-Heat,2.7234243995021937e-06
1110,2055,reg1,Nuc_SMR-H2_CHP,Nuc_CHP-H2-Heat,2.3343637710018804e-06
1111,2056,reg1,Nuc_SMR-H2_CHP,Nuc_CHP-H2-Heat,2.801236525202257e-06
1112,2057,reg1,Nuc_SMR-H2_CHP,Nuc_CHP-H2-Heat,3.1124850280025074e-06
1113,2058,reg1,Nuc_SMR-H2_CHP,Nuc_CHP-H2-Heat,2.8012069607300427e-06
1114,2059,reg1,Nuc_SMR-H2_CHP,Nuc_CHP-H2-Heat,2.8012365252022577e-06
1115,2060,reg1,Nuc_SMR-H2_CHP,Nuc_CHP-H2-Heat,2.8012365252022577e-06
1116,2025,reg1,Nuc_SMR-H2_Power-CHP,Electricity,0.0
1117,2026,reg1,Nuc_SMR-H2_Power-CHP,Electricity,0.0
1118,2027,reg1,Nuc_SMR-H2_Power-CHP,Electricity,0.0
1119,2028,reg1,Nuc_SMR-H2_Power-CHP,Electricity,0.0
1120,2029,reg1,Nuc_SMR-H2_Power-CHP,Electricity,0.0
1121,2030,reg1,Nuc_SMR-H2_Power-CHP,Electricity,0.0
1122,2031,reg1,Nuc_SMR-H2_Power-CHP,Electricity,0.0
1123,2032,reg1,Nuc_SMR-H2_Power-CHP,Electricity,0.0
1124,2033,reg1,Nuc_SMR-H2_Power-CHP,Electricity,0.0
1125,2034,reg1,Nuc_SMR-H2_Power-CHP,Electricity,0.0
1126,2035,reg1,Nuc_SMR-H2_Power-CHP,Electricity,0.0
1127,2036,reg1,Nuc_SMR-H2_Power-CHP,Electricity,0.0
1128,2037,reg1,Nuc_SMR-H2_Power-CHP,Electricity,0.0
1129,2038,reg1,Nuc_SMR-H2_Power-CHP,Electricity,0.0
1130,2039,reg1,Nuc_SMR-H2_Power-CHP,Electricity,0.0
1131,2040,reg1,Nuc_SMR-H2_Power-CHP,Electricity,0.0
1132,2041,reg1,Nuc_SMR-H2_Power-CHP,Electricity,0.0
1133,2042,reg1,Nuc_SMR-H2_Power-CHP,Electricity,0.0
1134,2043,reg1,Nuc_SMR-H2_Power-CHP,Electricity,0.0
1135,2044,reg1,Nuc_SMR-H2_Power-CHP,Electricity,0.0
1136,2045,reg1,Nuc_SMR-H2_Power-CHP,Electricity,0.0
1137,2046,reg1,Nuc_SMR-H2_Power-CHP,Electricity,0.0
1138,2047,reg1,Nuc_SMR-H2_Power-CHP,Electricity,0.0
1139,2048,reg1,Nuc_SMR-H2_Power-CHP,Electricity,0.0
1140,2049,reg1,Nuc_SMR-H2_Power-CHP,Electricity,1.2614354663700978e-09
1141,2050,reg1,Nuc_SMR-H2_Power-CHP,Electricity,0.0
1142,2051,reg1,Nuc_SMR-H2_Power-CHP,Electricity,0.0
1143,2052,reg1,Nuc_SMR-H2_Power-CHP,Electricity,2.0413674952176948e-07
1144,2053,reg1,Nuc_SMR-H2_Power-CHP,Electricity,8.818707579340446e-07
1145,2054,reg1,Nuc_SMR-H2_Power-CHP,Electricity,8.429646950840128e-07
1146,2055,reg1,Nuc_SMR-H2_Power-CHP,Electricity,7.348922982783697e-07
1147,2056,reg1,Nuc_SMR-H2_Power-CHP,Electricity,8.863239465077622e-07
1148,2057,reg1,Nuc_SMR-H2_Power-CHP,Electricity,9.330250257553813e-07
1149,2058,reg1,Nuc_SMR-H2_Power-CHP,Electricity,7.762226547727524e-07
1150,2059,reg1,Nuc_SMR-H2_Power-CHP,Electricity,8.818707579340441e-07
1151,2060,reg1,Nuc_SMR-H2_Power-CHP,Electricity,8.871932388498307e-07
1152,2025,reg1,Nuc_SMR-H2_Heat-CHP,Nuc_SMR-H2-Heat,0.0
1153,2026,reg1,Nuc_SMR-H2_Heat-CHP,Nuc_SMR-H2-Heat,0.0
1154,2027,reg1,Nuc_SMR-H2_Heat-CHP,Nuc_SMR-H2-Heat,0.0
1155,2028,reg1,Nuc_SMR-H2_Heat-CHP,Nuc_SMR-H2-Heat,0.0
1156,2029,reg1,Nuc_SMR-H2_Heat-CHP,Nuc_SMR-H2-Heat,0.0
1157,2030,reg1,Nuc_SMR-H2_Heat-CHP,Nuc_SMR-H2-Heat,0.0
1158,2031,reg1,Nuc_SMR-H2_Heat-CHP,Nuc_SMR-H2-Heat,0.0
1159,2032,reg1,Nuc_SMR-H2_Heat-CHP,Nuc_SMR-H2-Heat,0.0
1160,2033,reg1,Nuc_SMR-H2_Heat-CHP,Nuc_SMR-H2-Heat,0.0
1161,2034,reg1,Nuc_SMR-H2_Heat-CHP,Nuc_SMR-H2-Heat,0.0
1162,2035,reg1,Nuc_SMR-H2_Heat-CHP,Nuc_SMR-H2-Heat,0.0
1163,2036,reg1,Nuc_SMR-H2_Heat-CHP,Nuc_SMR-H2-Heat,0.0
1164,2037,reg1,Nuc_SMR-H2_Heat-CHP,Nuc_SMR-H2-Heat,0.0
1165,2038,reg1,Nuc_SMR-H2_Heat-CHP,Nuc_SMR-H2-Heat,0.0
1166,2039,reg1,Nuc_SMR-H2_Heat-CHP,Nuc_SMR-H2-Heat,0.0
1167,2040,reg1,Nuc_SMR-H2_Heat-CHP,Nuc_SMR-H2-Heat,0.0
1168,2041,reg1,Nuc_SMR-H2_Heat-CHP,Nuc_SMR-H2-Heat,0.0
1169,2042,reg1,Nuc_SMR-H2_Heat-CHP,Nuc_SMR-H2-Heat,0.0
1170,2043,reg1,Nuc_SMR-H2_Heat-CHP,Nuc_SMR-H2-Heat,0.0
1171,2044,reg1,Nuc_SMR-H2_Heat-CHP,Nuc_SMR-H2-Heat,0.0
1172,2045,reg1,Nuc_SMR-H2_Heat-CHP,Nuc_SMR-H2-Heat,0.0
1173,2046,reg1,Nuc_SMR-H2_Heat-CHP,Nuc_SMR-H2-Heat,0.0
1174,2047,reg1,Nuc_SMR-H2_Heat-CHP,Nuc_SMR-H2-Heat,0.0
1175,2048,reg1,Nuc_SMR-H2_Heat-CHP,Nuc_SMR-H2-Heat,0.0
1176,2049,reg1,Nuc_SMR-H2_Heat-CHP,Nuc_SMR-H2-Heat,4.493134192513349e-08
1177,2050,reg1,Nuc_SMR-H2_Heat-CHP,Nuc_SMR-H2-Heat,0.0
1178,2051,reg1,Nuc_SMR-H2_Heat-CHP,Nuc_SMR-H2-Heat,0.0
1179,2052,reg1,Nuc_SMR-H2_Heat-CHP,Nuc_SMR-H2-Heat,6.004022044757923e-08
1180,2053,reg1,Nuc_SMR-H2_Heat-CHP,Nuc_SMR-H2-Heat,2.2580633954757762e-07
1181,2054,reg1,Nuc_SMR-H2_Heat-CHP,Nuc_SMR-H2-Heat,1.6811261725322185e-07
1182,2055,reg1,Nuc_SMR-H2_Heat-CHP,Nuc_SMR-H2-Heat,0.0
1183,2056,reg1,Nuc_SMR-H2_Heat-CHP,Nuc_SMR-H2-Heat,2.7421771424593654e-07
1184,2057,reg1,Nuc_SMR-H2_Heat-CHP,Nuc_SMR-H2-Heat,1.8012066134273768e-07
1185,2058,reg1,Nuc_SMR-H2_Heat-CHP,Nuc_SMR-H2-Heat,3.5212931942482073e-07
1186,2059,reg1,Nuc_SMR-H2_Heat-CHP,Nuc_SMR-H2-Heat,7.204826453709508e-08
1187,2060,reg1,Nuc_SMR-H2_Heat-CHP,Nuc_SMR-H2-Heat,9.699469404342655e-08
1188,2025,reg1,NGCC-CCS_CHP,NGCC_CHP-Heat,0.0
1189,2026,reg1,NGCC-CCS_CHP,NGCC_CHP-Heat,0.0
1190,2027,reg1,NGCC-CCS_CHP,NGCC_CHP-Heat,0.0
1191,2028,reg1,NGCC-CCS_CHP,NGCC_CHP-Heat,0.0
1192,2029,reg1,NGCC-CCS_CHP,NGCC_CHP-Heat,0.0
1193,2030,reg1,NGCC-CCS_CHP,NGCC_CHP-Heat,0.0
1194,2031,reg1,NGCC-CCS_CHP,NGCC_CHP-Heat,0.0
1195,2032,reg1,NGCC-CCS_CHP,NGCC_CHP-Heat,0.0
1196,2033,reg1,NGCC-CCS_CHP,NGCC_CHP-Heat,0.0
1197,2034,reg1,NGCC-CCS_CHP,NGCC_CHP-Heat,0.0
1198,2035,reg1,NGCC-CCS_CHP,NGCC_CHP-Heat,0.0
1199,2036,reg1,NGCC-CCS_CHP,NGCC_CHP-Heat,0.0
1200,2037,reg1,NGCC-CCS_CHP,NGCC_CHP-Heat,0.0
1201,2038,reg1,NGCC-CCS_CHP,NGCC_CHP-Heat,0.0
1202,2039,reg1,NGCC-CCS_CHP,NGCC_CHP-Heat,0.0
1203,2040,reg1,NGCC-CCS_CHP,NGCC_CHP-Heat,0.0
1204,2041,reg1,NGCC-CCS_CHP,NGCC_CHP-Heat,0.0
1205,2042,reg1,NGCC-CCS_CHP,NGCC_CHP-Heat,0.0
1206,2043,reg1,NGCC-CCS_CHP,NGCC_CHP-Heat,0.0
1207,2044,reg1,NGCC-CCS_CHP,NGCC_CHP-Heat,0.0
1208,2045,reg1,NGCC-CCS_CHP,NGCC_CHP-Heat,0.0
1209,2046,reg1,NGCC-CCS_CHP,NGCC_CHP-Heat,0.0
1210,2047,reg1,NGCC-CCS_CHP,NGCC_CHP-Heat,0.0
1211,2048,reg1,NGCC-CCS_CHP,NGCC_CHP-Heat,0.0
1212,2049,reg1,NGCC-CCS_CHP,NGCC_CHP-Heat,0.0
1213,2050,reg1,NGCC-CCS_CHP,NGCC_CHP-Heat,0.0
1214,2051,reg1,NGCC-CCS_CHP,NGCC_CHP-Heat,0.0
1215,2052,reg1,NGCC-CCS_CHP,NGCC_CHP-Heat,0.0
1216,2053,reg1,NGCC-CCS_CHP,NGCC_CHP-Heat,0.0
1217,2054,reg1,NGCC-CCS_CHP,NGCC_CHP-Heat,0.0
1218,2055,reg1,NGCC-CCS_CHP,NGCC_CHP-Heat,0.0
1219,2056,reg1,NGCC-CCS_CHP,NGCC_CHP-Heat,0.0
1220,2057,reg1,NGCC-CCS_CHP,NGCC_CHP-Heat,0.0
1221,2058,reg1,NGCC-CCS_CHP,NGCC_CHP-Heat,0.0
1222,2059,reg1,NGCC-CCS_CHP,NGCC_CHP-Heat,0.0
1223,2060,reg1,NGCC-CCS_CHP,NGCC_CHP-Heat,0.0
1224,2025,reg1,NGCC-CCS_Power-CHP,Electricity,0.0
1225,2026,reg1,NGCC-CCS_Power-CHP,Electricity,0.0
1226,2027,reg1,NGCC-CCS_Power-CHP,Electricity,0.0
1227,2028,reg1,NGCC-CCS_Power-CHP,Electricity,0.0
1228,2029,reg1,NGCC-CCS_Power-CHP,Electricity,0.0
1229,2030,reg1,NGCC-CCS_Power-CHP,Electricity,0.0
1230,2031,reg1,NGCC-CCS_Power-CHP,Electricity,0.0
1231,2032,reg1,NGCC-CCS_Power-CHP,Electricity,0.0
1232,2033,reg1,NGCC-CCS_Power-CHP,Electricity,0.0
1233,2034,reg1,NGCC-CCS_Power-CHP,Electricity,0.0
1234,2035,reg1,NGCC-CCS_Power-CHP,Electricity,0.0
1235,2036,reg1,NGCC-CCS_Power-CHP,Electricity,0.0
1236,2037,reg1,NGCC-CCS_Power-CHP,Electricity,0.0
1237,2038,reg1,NGCC-CCS_Power-CHP,Electricity,0.0
1238,2039,reg1,NGCC-CCS_Power-CHP,Electricity,0.0
1239,2040,reg1,NGCC-CCS_Power-CHP,Electricity,0.0
1240,2041,reg1,NGCC-CCS_Power-CHP,Electricity,0.0
1241,2042,reg1,NGCC-CCS_Power-CHP,Electricity,0.0
1242,2043,reg1,NGCC-CCS_Power-CHP,Electricity,0.0
1243,2044,reg1,NGCC-CCS_Power-CHP,Electricity,0.0
1244,2045,reg1,NGCC-CCS_Power-CHP,Electricity,0.0
1245,2046,reg1,NGCC-CCS_Power-CHP,Electricity,0.0
1246,2047,reg1,NGCC-CCS_Power-CHP,Electricity,0.0
1247,2048,reg1,NGCC-CCS_Power-CHP,Electricity,0.0
1248,2049,reg1,NGCC-CCS_Power-CHP,Electricity,0.0
1249,2050,reg1,NGCC-CCS_Power-CHP,Electricity,0.0
1250,2051,reg1,NGCC-CCS_Power-CHP,Electricity,0.0
1251,2052,reg1,NGCC-CCS_Power-CHP,Electricity,0.0
1252,2053,reg1,NGCC-CCS_Power-CHP,Electricity,0.0
1253,2054,reg1,NGCC-CCS_Power-CHP,Electricity,0.0
1254,2055,reg1,NGCC-CCS_Power-CHP,Electricity,0.0
1255,2056,reg1,NGCC-CCS_Power-CHP,Electricity,0.0
1256,2057,reg1,NGCC-CCS_Power-CHP,Electricity,0.0
1257,2058,reg1,NGCC-CCS_Power-CHP,Electricity,0.0
1258,2059,reg1,NGCC-CCS_Power-CHP,Electricity,0.0
1259,2060,reg1,NGCC-CCS_Power-CHP,Electricity,0.0
1260,2025,reg1,NGCC-CCS_Heat-CHP,Heat,0.0
1261,2026,reg1,NGCC-CCS_Heat-CHP,Heat,0.0
1262,2027,reg1,NGCC-CCS_Heat-CHP,Heat,0.0
1263,2028,reg1,NGCC-CCS_Heat-CHP,Heat,0.0
1264,2029,reg1,NGCC-CCS_Heat-CHP,Heat,0.0
1265,2030,reg1,NGCC-CCS_Heat-CHP,Heat,0.0
1266,2031,reg1,NGCC-CCS_Heat-CHP,Heat,0.0
1267,2032,reg1,NGCC-CCS_Heat-CHP,Heat,0.0
1268,2033,reg1,NGCC-CCS_Heat-CHP,Heat,0.0
1269,2034,reg1,NGCC-CCS_Heat-CHP,Heat,0.0
1270,2035,reg1,NGCC-CCS_Heat-CHP,Heat,0.0
1271,2036,reg1,NGCC-CCS_Heat-CHP,Heat,0.0
1272,2037,reg1,NGCC-CCS_Heat-CHP,Heat,0.0
1273,2038,reg1,NGCC-CCS_Heat-CHP,Heat,0.0
1274,2039,reg1,NGCC-CCS_Heat-CHP,Heat,0.0
1275,2040,reg1,NGCC-CCS_Heat-CHP,Heat,0.0
1276,2041,reg1,NGCC-CCS_Heat-CHP,Heat,0.0
1277,2042,reg1,NGCC-CCS_Heat-CHP,Heat,0.0
1278,2043,reg1,NGCC-CCS_Heat-CHP,Heat,0.0
1279,2044,reg1,NGCC-CCS_Heat-CHP,Heat,0.0
1280,2045,reg1,NGCC-CCS_Heat-CHP,Heat,0.0
1281,2046,reg1,NGCC-CCS_Heat-CHP,Heat,0.0
1282,2047,reg1,NGCC-CCS_Heat-CHP,Heat,0.0
1283,2048,reg1,NGCC-CCS_Heat-CHP,Heat,0.0
1284,2049,reg1,NGCC-CCS_Heat-CHP,Heat,0.0
1285,2050,reg1,NGCC-CCS_Heat-CHP,Heat,0.0
1286,2051,reg1,NGCC-CCS_Heat-CHP,Heat,0.0
1287,2052,reg1,NGCC-CCS_Heat-CHP,Heat,0.0
1288,2053,reg1,NGCC-CCS_Heat-CHP,Heat,0.0
1289,2054,reg1,NGCC-CCS_Heat-CHP,Heat,0.0
1290,2055,reg1,NGCC-CCS_Heat-CHP,Heat,0.0
1291,2056,reg1,NGCC-CCS_Heat-CHP,Heat,0.0
1292,2057,reg1,NGCC-CCS_Heat-CHP,Heat,0.0
1293,2058,reg1,NGCC-CCS_Heat-CHP,Heat,0.0
1294,2059,reg1,NGCC-CCS_Heat-CHP,Heat,0.0
1295,2060,reg1,NGCC-CCS_Heat-CHP,Heat,0.0
1296,2025,reg1,NG_PP,Electricity,44559.68287971747
1297,2026,reg1,NG_PP,Electricity,45411.962648740446
1298,2027,reg1,NG_PP,Electricity,37110.434464560385
1299,2028,reg1,NG_PP,Electricity,31795.895844041184
1300,2029,reg1,NG_PP,Electricity,31287.42226828554
1301,2030,reg1,NG_PP,Electricity,27954.05384293683
1302,2031,reg1,NG_PP,Electricity,27417.76474373468
1303,2032,reg1,NG_PP,Electricity,25791.448144083006
1304,2033,reg1,NG_PP,Electricity,25870.13483695939
1305,2034,reg1,NG_PP,Electricity,26556.842903491386
1306,2035,reg1,NG_PP,Electricity,28632.667569524645
1307,2036,reg1,NG_PP,Electricity,31463.46886417657
1308,2037,reg1,NG_PP,Electricity,34324.342260113546
1309,2038,reg1,NG_PP,Electricity,37916.98680433656
1310,2039,reg1,NG_PP,Electricity,41773.08720835274
1311,2040,reg1,NG_PP,Electricity,45243.67767702363
1312,2041,reg1,NG_PP,Electricity,51277.57904686988
1313,2042,reg1,NG_PP,Electricity,52480.09836083576
1314,2043,reg1,NG_PP,Electricity,52890.109406701755
1315,2044,reg1,NG_PP,Electricity,52523.97482244362
1316,2045,reg1,NG_PP,Electricity,51185.47902649347
1317,2046,reg1,NG_PP,Electricity,47509.337673133035
1318,2047,reg1,NG_PP,Electricity,46591.64625197265
1319,2048,reg1,NG_PP,Electricity,43710.985567833064
1320,2049,reg1,NG_PP,Electricity,40115.59067531214
1321,2050,reg1,NG_PP,Electricity,32955.155555525045
1322,2051,reg1,NG_PP,Electricity,26748.04758122659
1323,2052,reg1,NG_PP,Electricity,24717.090848746986
1324,2053,reg1,NG_PP,Electricity,23018.598107648777
1325,2054,reg1,NG_PP,Electricity,24639.32553297619
1326,2055,reg1,NG_PP,Electricity,27405.669527711198
1327,2056,reg1,NG_PP,Electricity,33532.61012707578
1328,2057,reg1,NG_PP,Electricity,38290.32288400365
1329,2058,reg1,NG_PP,Electricity,43329.87531090798
1330,2059,reg1,NG_PP,Electricity,48437.18981992027
1331,2060,reg1,NG_PP,Electricity,55714.364392231655
1332,2025,reg1,NG_PP_CCS,Electricity,0.0
1333,2026,reg1,NG_PP_CCS,Electricity,0.0
1334,2027,reg1,NG_PP_CCS,Electricity,0.0
1335,2028,reg1,NG_PP_CCS,Electricity,0.0
1336,2029,reg1,NG_PP_CCS,Electricity,0.0
1337,2030,reg1,NG_PP_CCS,Electricity,0.0
1338,2031,reg1,NG_PP_CCS,Electricity,0.0
1339,2032,reg1,NG_PP_CCS,Electricity,0.0
1340,2033,reg1,NG_PP_CCS,Electricity,0.0
1341,2034,reg1,NG_PP_CCS,Electricity,0.0
1342,2035,reg1,NG_PP_CCS,Electricity,0.0
1343,2036,reg1,NG_PP_CCS,Electricity,0.0
1344,2037,reg1,NG_PP_CCS,Electricity,0.0
1345,2038,reg1,NG_PP_CCS,Electricity,0.0
1346,2039,reg1,NG_PP_CCS,Electricity,0.0
1347,2040,reg1,NG_PP_CCS,Electricity,0.0
1348,2041,reg1,NG_PP_CCS,Electricity,0.0
1349,2042,reg1,NG_PP_CCS,Electricity,0.0
1350,2043,reg1,NG_PP_CCS,Electricity,0.0
1351,2044,reg1,NG_PP_CCS,Electricity,0.0
1352,2045,reg1,NG_PP_CCS,Electricity,0.0
1353,2046,reg1,NG_PP_CCS,Electricity,0.0
1354,2047,reg1,NG_PP_CCS,Electricity,0.0
1355,2048,reg1,NG_PP_CCS,Electricity,0.0
1356,2049,reg1,NG_PP_CCS,Electricity,0.0
1357,2050,reg1,NG_PP_CCS,Electricity,0.0
1358,2051,reg1,NG_PP_CCS,Electricity,0.0
1359,2052,reg1,NG_PP_CCS,Electricity,0.0
1360,2053,reg1,NG_PP_CCS,Electricity,0.0
1361,2054,reg1,NG_PP_CCS,Electricity,0.0
1362,2055,reg1,NG_PP_CCS,Electricity,0.0
1363,2056,reg1,NG_PP_CCS,Electricity,0.0
1364,2057,reg1,NG_PP_CCS,Electricity,0.0
1365,2058,reg1,NG_PP_CCS,Electricity,0.0
1366,2059,reg1,NG_PP_CCS,Electricity,0.0
1367,2060,reg1,NG_PP_CCS,Electricity,0.0
1368,2025,reg1,Electrolysis_HTSE,Hydrogen,0.0
1369,2026,reg1,Electrolysis_HTSE,Hydrogen,0.0
1370,2027,reg1,Electrolysis_HTSE,Hydrogen,0.0
1371,2028,reg1,Electrolysis_HTSE,Hydrogen,0.0
1372,2029,reg1,Electrolysis_HTSE,Hydrogen,0.0
1373,2030,reg1,Electrolysis_HTSE,Hydrogen,0.0
1374,2031,reg1,Electrolysis_HTSE,Hydrogen,0.0
1375,2032,reg1,Electrolysis_HTSE,Hydrogen,0.0
1376,2033,reg1,Electrolysis_HTSE,Hydrogen,0.0
1377,2034,reg1,Electrolysis_HTSE,Hydrogen,0.0
1378,2035,reg1,Electrolysis_HTSE,Hydrogen,0.0
1379,2036,reg1,Electrolysis_HTSE,Hydrogen,0.0
1380,2037,reg1,Electrolysis_HTSE,Hydrogen,0.0
1381,2038,reg1,Electrolysis_HTSE,Hydrogen,0.0
1382,2039,reg1,Electrolysis_HTSE,Hydrogen,0.0
1383,2040,reg1,Electrolysis_HTSE,Hydrogen,0.0
1384,2041,reg1,Electrolysis_HTSE,Hydrogen,0.0
1385,2042,reg1,Electrolysis_HTSE,Hydrogen,0.0
1386,2043,reg1,Electrolysis_HTSE,Hydrogen,0.0
1387,2044,reg1,Electrolysis_HTSE,Hydrogen,0.0
1388,2045,reg1,Electrolysis_HTSE,Hydrogen,0.0
1389,2046,reg1,Electrolysis_HTSE,Hydrogen,0.0
1390,2047,reg1,Electrolysis_HTSE,Hydrogen,0.0
1391,2048,reg1,Electrolysis_HTSE,Hydrogen,0.0
1392,2049,reg1,Electrolysis_HTSE,Hydrogen,1.7281103958391636e-07
1393,2050,reg1,Electrolysis_HTSE,Hydrogen,0.0
1394,2051,reg1,Electrolysis_HTSE,Hydrogen,0.0
1395,2052,reg1,Electrolysis_HTSE,Hydrogen,4.5975648707182727e-08
1396,2053,reg1,Electrolysis_HTSE,Hydrogen,8.645531999635443e-07
1397,2054,reg1,Electrolysis_HTSE,Hydrogen,0.0
1398,2055,reg1,Electrolysis_HTSE,Hydrogen,0.0
1399,2056,reg1,Electrolysis_HTSE,Hydrogen,9.974395866436572e-07
1400,2057,reg1,Electrolysis_HTSE,Hydrogen,1.2001398945816554e-06
1401,2058,reg1,Electrolysis_HTSE,Hydrogen,1.3482107301312912e-06
1402,2059,reg1,Electrolysis_HTSE,Hydrogen,1.8390259482873093e-07
1403,2060,reg1,Electrolysis_HTSE,Hydrogen,2.124100274301113e-07
1404,2025,reg1,NG_CHP_P,Electricity,74739.60902740592
1405,2026,reg1,NG_CHP_P,Electricity,77996.5124831621
1406,2027,reg1,NG_CHP_P,Electricity,81150.86107708237
1407,2028,reg1,NG_CHP_P,Electricity,82592.3761344
1408,2029,reg1,NG_CHP_P,Electricity,79533.40095360004
1409,2030,reg1,NG_CHP_P,Electricity,76474.42577280004
1410,2031,reg1,NG_CHP_P,Electricity,73415.45059200002
1411,2032,reg1,NG_CHP_P,Electricity,70356.47541120008
1412,2033,reg1,NG_CHP_P,Electricity,66328.17617590122
1413,2034,reg1,NG_CHP_P,Electricity,61440.37111036154
1414,2035,reg1,NG_CHP_P,Electricity,57816.888038540455
1415,2036,reg1,NG_CHP_P,Electricity,53779.28333742903
1416,2037,reg1,NG_CHP_P,Electricity,51366.651995817054
1417,2038,reg1,NG_CHP_P,Electricity,48059.32852860935
1418,2039,reg1,NG_CHP_P,Electricity,44747.4586286076
1419,2040,reg1,NG_CHP_P,Electricity,42011.23195700172
1420,2041,reg1,NG_CHP_P,Electricity,39526.1810592549
1421,2042,reg1,NG_CHP_P,Electricity,40737.003371102706
1422,2043,reg1,NG_CHP_P,Electricity,41764.92168337177
1423,2044,reg1,NG_CHP_P,Electricity,42592.86559046771
1424,2045,reg1,NG_CHP_P,Electricity,43319.350125330384
1425,2046,reg1,NG_CHP_P,Electricity,43177.12605890036
1426,2047,reg1,NG_CHP_P,Electricity,40468.65845090035
1427,2048,reg1,NG_CHP_P,Electricity,40822.33299333124
1428,2049,reg1,NG_CHP_P,Electricity,40990.526234937475
1429,2050,reg1,NG_CHP_P,Electricity,43828.0716090405
1430,2051,reg1,NG_CHP_P,Electricity,50907.42894346768
1431,2052,reg1,NG_CHP_P,Electricity,53287.28923823626
1432,2053,reg1,NG_CHP_P,Electricity,55294.76662143455
1433,2054,reg1,NG_CHP_P,Electricity,58171.6446705373
1434,2055,reg1,NG_CHP_P,Electricity,59747.2299228568
1435,2056,reg1,NG_CHP_P,Electricity,60963.44121234466
1436,2057,reg1,NG_CHP_P,Electricity,61287.82478176423
1437,2058,reg1,NG_CHP_P,Electricity,61616.34554466354
1438,2059,reg1,NG_CHP_P,Electricity,62043.11367136207
1439,2060,reg1,NG_CHP_P,Electricity,63556.901112350235
1440,2025,reg1,NG_CHP_P,Heat,38502.22283230002
1441,2026,reg1,NG_CHP_P,Heat,40180.02158223503
1442,2027,reg1,NG_CHP_P,Heat,41804.9890397091
1443,2028,reg1,NG_CHP_P,Heat,42547.587705599995
1444,2029,reg1,NG_CHP_P,Heat,40971.75200640002
1445,2030,reg1,NG_CHP_P,Heat,39395.916307200016
1446,2031,reg1,NG_CHP_P,Heat,37820.08060800001
1447,2032,reg1,NG_CHP_P,Heat,36244.24490880004
1448,2033,reg1,NG_CHP_P,Heat,34169.06045425215
1449,2034,reg1,NG_CHP_P,Heat,31651.10026897413
1450,2035,reg1,NG_CHP_P,Heat,29784.45747439963
1451,2036,reg1,NG_CHP_P,Heat,27704.479295039197
1452,2037,reg1,NG_CHP_P,Heat,26461.608603905755
1453,2038,reg1,NG_CHP_P,Heat,24757.835908677545
1454,2039,reg1,NG_CHP_P,Heat,23051.72111170695
1455,2040,reg1,NG_CHP_P,Heat,21642.14979603119
1456,2041,reg1,NG_CHP_P,Heat,20361.972060828284
1457,2042,reg1,NG_CHP_P,Heat,20985.72900935594
1458,2043,reg1,NG_CHP_P,Heat,21515.262685373338
1459,2044,reg1,NG_CHP_P,Heat,21941.779243574274
1460,2045,reg1,NG_CHP_P,Heat,22316.028852442923
1461,2046,reg1,NG_CHP_P,Heat,22242.761909130488
1462,2047,reg1,NG_CHP_P,Heat,20847.490717130484
1463,2048,reg1,NG_CHP_P,Heat,21029.686693534277
1464,2049,reg1,NG_CHP_P,Heat,21116.331696785972
1465,2050,reg1,NG_CHP_P,Heat,22578.09749556632
1466,2051,reg1,NG_CHP_P,Heat,26225.039152695474
1467,2052,reg1,NG_CHP_P,Heat,27451.027789394437
1468,2053,reg1,NG_CHP_P,Heat,28485.18280498144
1469,2054,reg1,NG_CHP_P,Heat,29967.210890882852
1470,2055,reg1,NG_CHP_P,Heat,30778.876020865624
1471,2056,reg1,NG_CHP_P,Heat,31405.40910938967
1472,2057,reg1,NG_CHP_P,Heat,31572.515796666423
1473,2058,reg1,NG_CHP_P,Heat,31741.75376543273
1474,2059,reg1,NG_CHP_P,Heat,31961.60401251986
1475,2060,reg1,NG_CHP_P,Heat,32741.433906362243
1476,2025,reg1,BIO_CHP_P,Electricity,0.0
1477,2026,reg1,BIO_CHP_P,Electricity,140.81476204379572
1478,2027,reg1,BIO_CHP_P,Electricity,281.62952408759145
1479,2028,reg1,BIO_CHP_P,Electricity,422.44428613138433
1480,2029,reg1,BIO_CHP_P,Electricity,563.2590481751732
1481,2030,reg1,BIO_CHP_P,Electricity,704.0738102189688
1482,2031,reg1,BIO_CHP_P,Electricity,844.888572262764
1483,2032,reg1,BIO_CHP_P,Electricity,985.7033343065611
1484,2033,reg1,BIO_CHP_P,Electricity,1126.5180963503565
1485,2034,reg1,BIO_CHP_P,Electricity,1267.3328583941527
1486,2035,reg1,BIO_CHP_P,Electricity,1408.147620437949
1487,2036,reg1,BIO_CHP_P,Electricity,1548.9623824817443
1488,2037,reg1,BIO_CHP_P,Electricity,1689.777144525538
1489,2038,reg1,BIO_CHP_P,Electricity,1830.5919065693352
1490,2039,reg1,BIO_CHP_P,Electricity,1971.4066686131284
1491,2040,reg1,BIO_CHP_P,Electricity,2112.2214306569276
1492,2041,reg1,BIO_CHP_P,Electricity,2253.036192700724
1493,2042,reg1,BIO_CHP_P,Electricity,2393.8509547445196
1494,2043,reg1,BIO_CHP_P,Electricity,2534.665716788313
1495,2044,reg1,BIO_CHP_P,Electricity,2675.48047883211
1496,2045,reg1,BIO_CHP_P,Electricity,2816.2952408759047
1497,2046,reg1,BIO_CHP_P,Electricity,2957.1100029196996
1498,2047,reg1,BIO_CHP_P,Electricity,3097.924764963495
1499,2048,reg1,BIO_CHP_P,Electricity,3238.739527007292
1500,2049,reg1,BIO_CHP_P,Electricity,3379.554289051086
1501,2050,reg1,BIO_CHP_P,Electricity,3520.3690510948836
1502,2051,reg1,BIO_CHP_P,Electricity,3520.369051094884
1503,2052,reg1,BIO_CHP_P,Electricity,3520.3690510948836
1504,2053,reg1,BIO_CHP_P,Electricity,3520.3690510948877
1505,2054,reg1,BIO_CHP_P,Electricity,3520.3690510948877
1506,2055,reg1,BIO_CHP_P,Electricity,3520.3690510948863
1507,2056,reg1,BIO_CHP_P,Electricity,3520.369051094887
1508,2057,reg1,BIO_CHP_P,Electricity,3520.369051094888
1509,2058,reg1,BIO_CHP_P,Electricity,3520.369051094889
1510,2059,reg1,BIO_CHP_P,Electricity,3520.3690510948877
1511,2060,reg1,BIO_CHP_P,Electricity,3520.369051094893
1512,2025,reg1,BIO_CHP_P,Heat,0.0
1513,2026,reg1,BIO_CHP_P,Heat,380.58043795620466
1514,2027,reg1,BIO_CHP_P,Heat,761.1608759124093
1515,2028,reg1,BIO_CHP_P,Heat,1141.7413138686063
1516,2029,reg1,BIO_CHP_P,Heat,1522.3217518247925
1517,2030,reg1,BIO_CHP_P,Heat,1902.9021897809967
1518,2031,reg1,BIO_CHP_P,Heat,2283.4826277372
1519,2032,reg1,BIO_CHP_P,Heat,2664.0630656934086
1520,2033,reg1,BIO_CHP_P,Heat,3044.643503649612
1521,2034,reg1,BIO_CHP_P,Heat,3425.2239416058183
1522,2035,reg1,BIO_CHP_P,Heat,3805.804379562024
1523,2036,reg1,BIO_CHP_P,Heat,4186.3848175182275
1524,2037,reg1,BIO_CHP_P,Heat,4566.965255474427
1525,2038,reg1,BIO_CHP_P,Heat,4947.545693430636
1526,2039,reg1,BIO_CHP_P,Heat,5328.126131386834
1527,2040,reg1,BIO_CHP_P,Heat,5708.706569343047
1528,2041,reg1,BIO_CHP_P,Heat,6089.287007299254
1529,2042,reg1,BIO_CHP_P,Heat,6469.867445255459
1530,2043,reg1,BIO_CHP_P,Heat,6850.4478832116565
1531,2044,reg1,BIO_CHP_P,Heat,7231.028321167864
1532,2045,reg1,BIO_CHP_P,Heat,7611.608759124067
1533,2046,reg1,BIO_CHP_P,Heat,7992.189197080269
1534,2047,reg1,BIO_CHP_P,Heat,8372.769635036473
1535,2048,reg1,BIO_CHP_P,Heat,8753.350072992682
1536,2049,reg1,BIO_CHP_P,Heat,9133.930510948881
1537,2050,reg1,BIO_CHP_P,Heat,9514.51094890509
1538,2051,reg1,BIO_CHP_P,Heat,9514.510948905092
1539,2052,reg1,BIO_CHP_P,Heat,9514.51094890509
1540,2053,reg1,BIO_CHP_P,Heat,9514.510948905103
1541,2054,reg1,BIO_CHP_P,Heat,9514.510948905103
1542,2055,reg1,BIO_CHP_P,Heat,9514.510948905097
1543,2056,reg1,BIO_CHP_P,Heat,9514.5109489051
1544,2057,reg1,BIO_CHP_P,Heat,9514.510948905103
1545,2058,reg1,BIO_CHP_P,Heat,9514.510948905105
1546,2059,reg1,BIO_CHP_P,Heat,9514.510948905103
1547,2060,reg1,BIO_CHP_P,Heat,9514.510948905117
1548,2025,reg1,Biogas_CHP_P,Electricity,0.0
1549,2026,reg1,Biogas_CHP_P,Electricity,0.0
1550,2027,reg1,Biogas_CHP_P,Electricity,0.0
1551,2028,reg1,Biogas_CHP_P,Electricity,610.221599999996
1552,2029,reg1,Biogas_CHP_P,Electricity,813.6287999999967
1553,2030,reg1,Biogas_CHP_P,Electricity,1017.0359999999959
1554,2031,reg1,Biogas_CHP_P,Electricity,1220.4431999999956
1555,2032,reg1,Biogas_CHP_P,Electricity,1423.850399999995
1556,2033,reg1,Biogas_CHP_P,Electricity,1149.029013622145
1557,2034,reg1,Biogas_CHP_P,Electricity,892.9489690724562
1558,2035,reg1,Biogas_CHP_P,Electricity,1072.2311283571037
1559,2036,reg1,Biogas_CHP_P,Electricity,1312.4345165621205
1560,2037,reg1,Biogas_CHP_P,Electricity,1538.1221005372654
1561,2038,reg1,Biogas_CHP_P,Electricity,1911.619332975457
1562,2039,reg1,Biogas_CHP_P,Electricity,2590.488568742899
1563,2040,reg1,Biogas_CHP_P,Electricity,2840.513534529205
1564,2041,reg1,Biogas_CHP_P,Electricity,2916.232258064516
1565,2042,reg1,Biogas_CHP_P,Electricity,3098.4967741935484
1566,2043,reg1,Biogas_CHP_P,Electricity,3280.761290322581
1567,2044,reg1,Biogas_CHP_P,Electricity,3467.4744576065173
1568,2045,reg1,Biogas_CHP_P,Electricity,3661.362900726183
1569,2046,reg1,Biogas_CHP_P,Electricity,3827.554838709678
1570,2047,reg1,Biogas_CHP_P,Electricity,3787.051612903226
1571,2048,reg1,Biogas_CHP_P,Electricity,3959.1903225806454
1572,2049,reg1,Biogas_CHP_P,Electricity,4131.329032258065
1573,2050,reg1,Biogas_CHP_P,Electricity,4303.467741935484
1574,2051,reg1,Biogas_CHP_P,Electricity,4247.769054893143
1575,2052,reg1,Biogas_CHP_P,Electricity,3873.163822794687
1576,2053,reg1,Biogas_CHP_P,Electricity,3830.002736052468
1577,2054,reg1,Biogas_CHP_P,Electricity,3628.254168653068
1578,2055,reg1,Biogas_CHP_P,Electricity,4012.145954409957
1579,2056,reg1,Biogas_CHP_P,Electricity,4353.999090627901
1580,2057,reg1,Biogas_CHP_P,Electricity,4353.99909062794
1581,2058,reg1,Biogas_CHP_P,Electricity,4353.999090627906
1582,2059,reg1,Biogas_CHP_P,Electricity,4371.472493362854
1583,2060,reg1,Biogas_CHP_P,Electricity,4514.851469144401
1584,2025,reg1,Biogas_CHP_P,Heat,0.0
1585,2026,reg1,Biogas_CHP_P,Heat,0.0
1586,2027,reg1,Biogas_CHP_P,Heat,0.0
1587,2028,reg1,Biogas_CHP_P,Heat,709.5599999999952
1588,2029,reg1,Biogas_CHP_P,Heat,946.079999999996
1589,2030,reg1,Biogas_CHP_P,Heat,1182.599999999995
1590,2031,reg1,Biogas_CHP_P,Heat,1419.119999999995
1591,2032,reg1,Biogas_CHP_P,Heat,1655.6399999999942
1592,2033,reg1,Biogas_CHP_P,Heat,1336.080248397843
1593,2034,reg1,Biogas_CHP_P,Heat,1038.312754735414
1594,2035,reg1,Biogas_CHP_P,Heat,1246.7803818105856
1595,2036,reg1,Biogas_CHP_P,Heat,1526.086647165256
1596,2037,reg1,Biogas_CHP_P,Heat,1788.5140703921688
1597,2038,reg1,Biogas_CHP_P,Heat,2222.813177878438
1598,2039,reg1,Biogas_CHP_P,Heat,3012.196010166161
1599,2040,reg1,Biogas_CHP_P,Heat,3302.9227145688424
1600,2041,reg1,Biogas_CHP_P,Heat,3390.967741935483
1601,2042,reg1,Biogas_CHP_P,Heat,3602.9032258064512
1602,2043,reg1,Biogas_CHP_P,Heat,3814.8387096774195
1603,2044,reg1,Biogas_CHP_P,Heat,4031.9470437285077
1604,2045,reg1,Biogas_CHP_P,Heat,4257.398721774631
1605,2046,reg1,Biogas_CHP_P,Heat,4450.645161290323
1606,2047,reg1,Biogas_CHP_P,Heat,4403.548387096774
1607,2048,reg1,Biogas_CHP_P,Heat,4603.709677419354
1608,2049,reg1,Biogas_CHP_P,Heat,4803.870967741936
1609,2050,reg1,Biogas_CHP_P,Heat,5004.032258064516
1610,2051,reg1,Biogas_CHP_P,Heat,4939.266342899003
1611,2052,reg1,Biogas_CHP_P,Heat,4503.678863714752
1612,2053,reg1,Biogas_CHP_P,Heat,4453.491553549381
1613,2054,reg1,Biogas_CHP_P,Heat,4218.900196108219
1614,2055,reg1,Biogas_CHP_P,Heat,4665.28599349995
1615,2056,reg1,Biogas_CHP_P,Heat,5062.789640265001
1616,2057,reg1,Biogas_CHP_P,Heat,5062.789640265046
1617,2058,reg1,Biogas_CHP_P,Heat,5062.789640265007
1618,2059,reg1,Biogas_CHP_P,Heat,5083.107550421923
1619,2060,reg1,Biogas_CHP_P,Heat,5249.82728970279
1620,2025,reg1,WtE_CHP_P,Electricity,0.0
1621,2026,reg1,WtE_CHP_P,Electricity,0.0
1622,2027,reg1,WtE_CHP_P,Electricity,0.0
1623,2028,reg1,WtE_CHP_P,Electricity,0.0
1624,2029,reg1,WtE_CHP_P,Electricity,0.0
1625,2030,reg1,WtE_CHP_P,Electricity,352.8582750000001
1626,2031,reg1,WtE_CHP_P,Electricity,705.7165500000002
1627,2032,reg1,WtE_CHP_P,Electricity,1058.574825
1628,2033,reg1,WtE_CHP_P,Electricity,1411.4331
1629,2034,reg1,WtE_CHP_P,Electricity,1764.2913749999998
1630,2035,reg1,WtE_CHP_P,Electricity,2117.1496499999985
1631,2036,reg1,WtE_CHP_P,Electricity,2470.007924999999
1632,2037,reg1,WtE_CHP_P,Electricity,2822.8661999999968
1633,2038,reg1,WtE_CHP_P,Electricity,3175.7244749999973
1634,2039,reg1,WtE_CHP_P,Electricity,3528.5827499999996
1635,2040,reg1,WtE_CHP_P,Electricity,3881.4410249999964
1636,2041,reg1,WtE_CHP_P,Electricity,3881.4410250000005
1637,2042,reg1,WtE_CHP_P,Electricity,3881.4410250000005
1638,2043,reg1,WtE_CHP_P,Electricity,3881.4410250000005
1639,2044,reg1,WtE_CHP_P,Electricity,3881.4410250000005
1640,2045,reg1,WtE_CHP_P,Electricity,3881.4410250000005
1641,2046,reg1,WtE_CHP_P,Electricity,3881.4410250000014
1642,2047,reg1,WtE_CHP_P,Electricity,3881.4410250000005
1643,2048,reg1,WtE_CHP_P,Electricity,3881.4410250000005
1644,2049,reg1,WtE_CHP_P,Electricity,3881.4410250000014
1645,2050,reg1,WtE_CHP_P,Electricity,3881.4410250000005
1646,2051,reg1,WtE_CHP_P,Electricity,3881.4410250000005
1647,2052,reg1,WtE_CHP_P,Electricity,3881.4410250000005
1648,2053,reg1,WtE_CHP_P,Electricity,3881.4410250000014
1649,2054,reg1,WtE_CHP_P,Electricity,3881.4410250000014
1650,2055,reg1,WtE_CHP_P,Electricity,3881.4410250000014
1651,2056,reg1,WtE_CHP_P,Electricity,3881.4410250000005
1652,2057,reg1,WtE_CHP_P,Electricity,3881.4410250000005
1653,2058,reg1,WtE_CHP_P,Electricity,3881.4410249999983
1654,2059,reg1,WtE_CHP_P,Electricity,3881.4410250000014
1655,2060,reg1,WtE_CHP_P,Electricity,3528.5827499999996
1656,2025,reg1,WtE_CHP_P,Heat,0.0
1657,2026,reg1,WtE_CHP_P,Heat,0.0
1658,2027,reg1,WtE_CHP_P,Heat,0.0
1659,2028,reg1,WtE_CHP_P,Heat,0.0
1660,2029,reg1,WtE_CHP_P,Heat,0.0
1661,2030,reg1,WtE_CHP_P,Heat,1260.208125
1662,2031,reg1,WtE_CHP_P,Heat,2520.41625
1663,2032,reg1,WtE_CHP_P,Heat,3780.6243749999994
1664,2033,reg1,WtE_CHP_P,Heat,5040.832499999999
1665,2034,reg1,WtE_CHP_P,Heat,6301.040624999999
1666,2035,reg1,WtE_CHP_P,Heat,7561.248749999994
1667,2036,reg1,WtE_CHP_P,Heat,8821.456874999996
1668,2037,reg1,WtE_CHP_P,Heat,10081.664999999986
1669,2038,reg1,WtE_CHP_P,Heat,11341.87312499999
1670,2039,reg1,WtE_CHP_P,Heat,12602.081249999996
1671,2040,reg1,WtE_CHP_P,Heat,13862.289374999986
1672,2041,reg1,WtE_CHP_P,Heat,13862.289375
1673,2042,reg1,WtE_CHP_P,Heat,13862.289375
1674,2043,reg1,WtE_CHP_P,Heat,13862.289375
1675,2044,reg1,WtE_CHP_P,Heat,13862.289375
1676,2045,reg1,WtE_CHP_P,Heat,13862.289375
1677,2046,reg1,WtE_CHP_P,Heat,13862.289375000004
1678,2047,reg1,WtE_CHP_P,Heat,13862.289375
1679,2048,reg1,WtE_CHP_P,Heat,13862.289375
1680,2049,reg1,WtE_CHP_P,Heat,13862.289375000004
1681,2050,reg1,WtE_CHP_P,Heat,13862.289375
1682,2051,reg1,WtE_CHP_P,Heat,13862.289375
1683,2052,reg1,WtE_CHP_P,Heat,13862.289375
1684,2053,reg1,WtE_CHP_P,Heat,13862.289375000004
1685,2054,reg1,WtE_CHP_P,Heat,13862.289375000004
1686,2055,reg1,WtE_CHP_P,Heat,13862.289375000004
1687,2056,reg1,WtE_CHP_P,Heat,13862.289375
1688,2057,reg1,WtE_CHP_P,Heat,13862.289375
1689,2058,reg1,WtE_CHP_P,Heat,13862.289374999991
1690,2059,reg1,WtE_CHP_P,Heat,13862.289375000004
1691,2060,reg1,WtE_CHP_P,Heat,12602.081249999997
1692,2025,reg1,WtE-CCS_CHP_P,Electricity,0.0
1693,2026,reg1,WtE-CCS_CHP_P,Electricity,0.0
1694,2027,reg1,WtE-CCS_CHP_P,Electricity,0.0
1695,2028,reg1,WtE-CCS_CHP_P,Electricity,0.0
1696,2029,reg1,WtE-CCS_CHP_P,Electricity,0.0
1697,2030,reg1,WtE-CCS_CHP_P,Electricity,352.8582750000001
1698,2031,reg1,WtE-CCS_CHP_P,Electricity,352.8582750000001
1699,2032,reg1,WtE-CCS_CHP_P,Electricity,352.8582750000001
1700,2033,reg1,WtE-CCS_CHP_P,Electricity,352.8582750000001
1701,2034,reg1,WtE-CCS_CHP_P,Electricity,352.8582750000001
1702,2035,reg1,WtE-CCS_CHP_P,Electricity,352.8582750000001
1703,2036,reg1,WtE-CCS_CHP_P,Electricity,352.8582750000001
1704,2037,reg1,WtE-CCS_CHP_P,Electricity,352.8582750000001
1705,2038,reg1,WtE-CCS_CHP_P,Electricity,352.8582750000001
1706,2039,reg1,WtE-CCS_CHP_P,Electricity,352.8582750000001
1707,2040,reg1,WtE-CCS_CHP_P,Electricity,252.64142769845216
1708,2041,reg1,WtE-CCS_CHP_P,Electricity,252.64142769845017
1709,2042,reg1,WtE-CCS_CHP_P,Electricity,252.64142769845031
1710,2043,reg1,WtE-CCS_CHP_P,Electricity,252.6414276984502
1711,2044,reg1,WtE-CCS_CHP_P,Electricity,252.64142769845324
1712,2045,reg1,WtE-CCS_CHP_P,Electricity,252.64142769845336
1713,2046,reg1,WtE-CCS_CHP_P,Electricity,252.64142769845316
1714,2047,reg1,WtE-CCS_CHP_P,Electricity,252.6414276984533
1715,2048,reg1,WtE-CCS_CHP_P,Electricity,252.64142769845026
1716,2049,reg1,WtE-CCS_CHP_P,Electricity,252.6414276984533
1717,2050,reg1,WtE-CCS_CHP_P,Electricity,252.64142769845324
1718,2051,reg1,WtE-CCS_CHP_P,Electricity,252.64142769845324
1719,2052,reg1,WtE-CCS_CHP_P,Electricity,252.64142769845336
1720,2053,reg1,WtE-CCS_CHP_P,Electricity,252.6414276984535
1721,2054,reg1,WtE-CCS_CHP_P,Electricity,252.64142769845336
1722,2055,reg1,WtE-CCS_CHP_P,Electricity,252.64142769845012
1723,2056,reg1,WtE-CCS_CHP_P,Electricity,252.64142769845037
1724,2057,reg1,WtE-CCS_CHP_P,Electricity,252.64142769845031
1725,2058,reg1,WtE-CCS_CHP_P,Electricity,252.64142769844926
1726,2059,reg1,WtE-CCS_CHP_P,Electricity,252.64142769845037
1727,2060,reg1,WtE-CCS_CHP_P,Electricity,352.8582750000001
1728,2025,reg1,WtE-CCS_CHP_P,Heat,0.0
1729,2026,reg1,WtE-CCS_CHP_P,Heat,0.0
1730,2027,reg1,WtE-CCS_CHP_P,Heat,0.0
1731,2028,reg1,WtE-CCS_CHP_P,Heat,0.0
1732,2029,reg1,WtE-CCS_CHP_P,Heat,0.0
1733,2030,reg1,WtE-CCS_CHP_P,Heat,1260.208125
1734,2031,reg1,WtE-CCS_CHP_P,Heat,1260.208125
1735,2032,reg1,WtE-CCS_CHP_P,Heat,1260.208125
1736,2033,reg1,WtE-CCS_CHP_P,Heat,1260.208125
1737,2034,reg1,WtE-CCS_CHP_P,Heat,1260.208125
1738,2035,reg1,WtE-CCS_CHP_P,Heat,1260.208125
1739,2036,reg1,WtE-CCS_CHP_P,Heat,1260.208125
1740,2037,reg1,WtE-CCS_CHP_P,Heat,1260.208125
1741,2038,reg1,WtE-CCS_CHP_P,Heat,1260.208125
1742,2039,reg1,WtE-CCS_CHP_P,Heat,1260.208125
1743,2040,reg1,WtE-CCS_CHP_P,Heat,902.2908132087575
1744,2041,reg1,WtE-CCS_CHP_P,Heat,902.2908132087505
1745,2042,reg1,WtE-CCS_CHP_P,Heat,902.290813208751
1746,2043,reg1,WtE-CCS_CHP_P,Heat,902.2908132087506
1747,2044,reg1,WtE-CCS_CHP_P,Heat,902.2908132087615
1748,2045,reg1,WtE-CCS_CHP_P,Heat,902.2908132087618
1749,2046,reg1,WtE-CCS_CHP_P,Heat,902.2908132087612
1750,2047,reg1,WtE-CCS_CHP_P,Heat,902.2908132087616
1751,2048,reg1,WtE-CCS_CHP_P,Heat,902.2908132087508
1752,2049,reg1,WtE-CCS_CHP_P,Heat,902.2908132087616
1753,2050,reg1,WtE-CCS_CHP_P,Heat,902.2908132087615
1754,2051,reg1,WtE-CCS_CHP_P,Heat,902.2908132087615
1755,2052,reg1,WtE-CCS_CHP_P,Heat,902.2908132087618
1756,2053,reg1,WtE-CCS_CHP_P,Heat,902.2908132087624
1757,2054,reg1,WtE-CCS_CHP_P,Heat,902.2908132087618
1758,2055,reg1,WtE-CCS_CHP_P,Heat,902.2908132087503
1759,2056,reg1,WtE-CCS_CHP_P,Heat,902.2908132087512
1760,2057,reg1,WtE-CCS_CHP_P,Heat,902.290813208751
1761,2058,reg1,WtE-CCS_CHP_P,Heat,902.2908132087473
1762,2059,reg1,WtE-CCS_CHP_P,Heat,902.2908132087512
1763,2060,reg1,WtE-CCS_CHP_P,Heat,1260.208125
1764,2025,reg1,SOFC_CHP_P,Electricity,0.0
1765,2026,reg1,SOFC_CHP_P,Electricity,0.0
1766,2027,reg1,SOFC_CHP_P,Electricity,0.0
1767,2028,reg1,SOFC_CHP_P,Electricity,0.0
1768,2029,reg1,SOFC_CHP_P,Electricity,0.0
1769,2030,reg1,SOFC_CHP_P,Electricity,0.0
1770,2031,reg1,SOFC_CHP_P,Electricity,0.0
1771,2032,reg1,SOFC_CHP_P,Electricity,0.0
1772,2033,reg1,SOFC_CHP_P,Electricity,0.0
1773,2034,reg1,SOFC_CHP_P,Electricity,0.0
1774,2035,reg1,SOFC_CHP_P,Electricity,0.0
1775,2036,reg1,SOFC_CHP_P,Electricity,0.0
1776,2037,reg1,SOFC_CHP_P,Electricity,0.0
1777,2038,reg1,SOFC_CHP_P,Electricity,0.0
1778,2039,reg1,SOFC_CHP_P,Electricity,0.0
1779,2040,reg1,SOFC_CHP_P,Electricity,0.0
1780,2041,reg1,SOFC_CHP_P,Electricity,0.0
1781,2042,reg1,SOFC_CHP_P,Electricity,0.0
1782,2043,reg1,SOFC_CHP_P,Electricity,0.0
1783,2044,reg1,SOFC_CHP_P,Electricity,0.0
1784,2045,reg1,SOFC_CHP_P,Electricity,0.0
1785,2046,reg1,SOFC_CHP_P,Electricity,0.0
1786,2047,reg1,SOFC_CHP_P,Electricity,0.0
1787,2048,reg1,SOFC_CHP_P,Electricity,0.0
1788,2049,reg1,SOFC_CHP_P,Electricity,0.0
1789,2050,reg1,SOFC_CHP_P,Electricity,0.0
1790,2051,reg1,SOFC_CHP_P,Electricity,0.0
1791,2052,reg1,SOFC_CHP_P,Electricity,0.0
1792,2053,reg1,SOFC_CHP_P,Electricity,0.0
1793,2054,reg1,SOFC_CHP_P,Electricity,0.0
1794,2055,reg1,SOFC_CHP_P,Electricity,0.0
1795,2056,reg1,SOFC_CHP_P,Electricity,0.0
1796,2057,reg1,SOFC_CHP_P,Electricity,0.0
1797,2058,reg1,SOFC_CHP_P,Electricity,0.0
1798,2059,reg1,SOFC_CHP_P,Electricity,0.0
1799,2060,reg1,SOFC_CHP_P,Electricity,0.0
1800,2025,reg1,SOFC_CHP_P,Heat,0.0
1801,2026,reg1,SOFC_CHP_P,Heat,0.0
1802,2027,reg1,SOFC_CHP_P,Heat,0.0
1803,2028,reg1,SOFC_CHP_P,Heat,0.0
1804,2029,reg1,SOFC_CHP_P,Heat,0.0
1805,2030,reg1,SOFC_CHP_P,Heat,0.0
1806,2031,reg1,SOFC_CHP_P,Heat,0.0
1807,2032,reg1,SOFC_CHP_P,Heat,0.0
1808,2033,reg1,SOFC_CHP_P,Heat,0.0
1809,2034,reg1,SOFC_CHP_P,Heat,0.0
1810,2035,reg1,SOFC_CHP_P,Heat,0.0
1811,2036,reg1,SOFC_CHP_P,Heat,0.0
1812,2037,reg1,SOFC_CHP_P,Heat,0.0
1813,2038,reg1,SOFC_CHP_P,Heat,0.0
1814,2039,reg1,SOFC_CHP_P,Heat,0.0
1815,2040,reg1,SOFC_CHP_P,Heat,0.0
1816,2041,reg1,SOFC_CHP_P,Heat,0.0
1817,2042,reg1,SOFC_CHP_P,Heat,0.0
1818,2043,reg1,SOFC_CHP_P,Heat,0.0
1819,2044,reg1,SOFC_CHP_P,Heat,0.0
1820,2045,reg1,SOFC_CHP_P,Heat,0.0
1821,2046,reg1,SOFC_CHP_P,Heat,0.0
1822,2047,reg1,SOFC_CHP_P,Heat,0.0
1823,2048,reg1,SOFC_CHP_P,Heat,0.0
1824,2049,reg1,SOFC_CHP_P,Heat,0.0
1825,2050,reg1,SOFC_CHP_P,Heat,0.0
1826,2051,reg1,SOFC_CHP_P,Heat,0.0
1827,2052,reg1,SOFC_CHP_P,Heat,0.0
1828,2053,reg1,SOFC_CHP_P,Heat,0.0
1829,2054,reg1,SOFC_CHP_P,Heat,0.0
1830,2055,reg1,SOFC_CHP_P,Heat,0.0
1831,2056,reg1,SOFC_CHP_P,Heat,0.0
1832,2057,reg1,SOFC_CHP_P,Heat,0.0
1833,2058,reg1,SOFC_CHP_P,Heat,0.0
1834,2059,reg1,SOFC_CHP_P,Heat,0.0
1835,2060,reg1,SOFC_CHP_P,Heat,0.0
1836,2025,reg1,Oil_CHP,Electricity,12678.05414484284
1837,2026,reg1,Oil_CHP,Electricity,12255.452340014752
1838,2027,reg1,Oil_CHP,Electricity,11832.85053518665
1839,2028,reg1,Oil_CHP,Electricity,11410.248730358559
1840,2029,reg1,Oil_CHP,Electricity,10987.64692553046
1841,2030,reg1,Oil_CHP,Electricity,10565.045120702365
1842,2031,reg1,Oil_CHP,Electricity,10142.443315874265
1843,2032,reg1,Oil_CHP,Electricity,9719.841511046176
1844,2033,reg1,Oil_CHP,Electricity,9297.23970621808
1845,2034,reg1,Oil_CHP,Electricity,8874.637901389995
1846,2035,reg1,Oil_CHP,Electricity,8452.036096561895
1847,2036,reg1,Oil_CHP,Electricity,8029.434291733798
1848,2037,reg1,Oil_CHP,Electricity,7606.832486905703
1849,2038,reg1,Oil_CHP,Electricity,7184.230682077612
1850,2039,reg1,Oil_CHP,Electricity,6761.628877249517
1851,2040,reg1,Oil_CHP,Electricity,6339.02707242142
1852,2041,reg1,Oil_CHP,Electricity,5916.425267593331
1853,2042,reg1,Oil_CHP,Electricity,5493.823462765235
1854,2043,reg1,Oil_CHP,Electricity,5071.221657937141
1855,2044,reg1,Oil_CHP,Electricity,4648.619853109041
1856,2045,reg1,Oil_CHP,Electricity,4226.018048280949
1857,2046,reg1,Oil_CHP,Electricity,3803.416243452857
1858,2047,reg1,Oil_CHP,Electricity,3380.814438624758
1859,2048,reg1,Oil_CHP,Electricity,2958.212633796667
1860,2049,reg1,Oil_CHP,Electricity,2535.6108289685703
1861,2050,reg1,Oil_CHP,Electricity,2113.0090241404746
1862,2051,reg1,Oil_CHP,Electricity,1690.4072193123789
1863,2052,reg1,Oil_CHP,Electricity,1267.8054144842847
1864,2053,reg1,Oil_CHP,Electricity,845.2036096561902
1865,2054,reg1,Oil_CHP,Electricity,422.60180482809426
1866,2055,reg1,Oil_CHP,Electricity,0.0
1867,2056,reg1,Oil_CHP,Electricity,0.0
1868,2057,reg1,Oil_CHP,Electricity,0.0
1869,2058,reg1,Oil_CHP,Electricity,0.0
1870,2059,reg1,Oil_CHP,Electricity,0.0
1871,2060,reg1,Oil_CHP,Electricity,0.0
1872,2025,reg1,Oil_CHP,Heat,7770.420282323033
1873,2026,reg1,Oil_CHP,Heat,7511.406272912268
1874,2027,reg1,Oil_CHP,Heat,7252.392263501496
1875,2028,reg1,Oil_CHP,Heat,6993.3782540907305
1876,2029,reg1,Oil_CHP,Heat,6734.36424467996
1877,2030,reg1,Oil_CHP,Heat,6475.350235269192
1878,2031,reg1,Oil_CHP,Heat,6216.336225858421
1879,2032,reg1,Oil_CHP,Heat,5957.322216447657
1880,2033,reg1,Oil_CHP,Heat,5698.308207036889
1881,2034,reg1,Oil_CHP,Heat,5439.294197626127
1882,2035,reg1,Oil_CHP,Heat,5180.280188215356
1883,2036,reg1,Oil_CHP,Heat,4921.266178804587
1884,2037,reg1,Oil_CHP,Heat,4662.252169393819
1885,2038,reg1,Oil_CHP,Heat,4403.238159983053
1886,2039,reg1,Oil_CHP,Heat,4144.224150572286
1887,2040,reg1,Oil_CHP,Heat,3885.2101411615163
1888,2041,reg1,Oil_CHP,Heat,3626.196131750752
1889,2042,reg1,Oil_CHP,Heat,3367.182122339983
1890,2043,reg1,Oil_CHP,Heat,3108.1681129292156
1891,2044,reg1,Oil_CHP,Heat,2849.154103518445
1892,2045,reg1,Oil_CHP,Heat,2590.140094107679
1893,2046,reg1,Oil_CHP,Heat,2331.126084696913
1894,2047,reg1,Oil_CHP,Heat,2072.1120752861425
1895,2048,reg1,Oil_CHP,Heat,1813.0980658753767
1896,2049,reg1,Oil_CHP,Heat,1554.0840564646078
1897,2050,reg1,Oil_CHP,Heat,1295.0700470538395
1898,2051,reg1,Oil_CHP,Heat,1036.056037643071
1899,2052,reg1,Oil_CHP,Heat,777.0420282323037
1900,2053,reg1,Oil_CHP,Heat,518.0280188215361
1901,2054,reg1,Oil_CHP,Heat,259.01400941076747
1902,2055,reg1,Oil_CHP,Heat,0.0
1903,2056,reg1,Oil_CHP,Heat,0.0
1904,2057,reg1,Oil_CHP,Heat,0.0
1905,2058,reg1,Oil_CHP,Heat,0.0
1906,2059,reg1,Oil_CHP,Heat,0.0
1907,2060,reg1,Oil_CHP,Heat,0.0
1908,2025,reg1,BW_CHP_P,Electricity,14741.276431556847
1909,2026,reg1,BW_CHP_P,Electricity,14151.625374294572
1910,2027,reg1,BW_CHP_P,Electricity,13561.974317032296
1911,2028,reg1,BW_CHP_P,Electricity,12972.323259770024
1912,2029,reg1,BW_CHP_P,Electricity,12382.67220250775
1913,2030,reg1,BW_CHP_P,Electricity,11793.021145245473
1914,2031,reg1,BW_CHP_P,Electricity,11203.370087983201
1915,2032,reg1,BW_CHP_P,Electricity,10613.719030720924
1916,2033,reg1,BW_CHP_P,Electricity,10024.067973458647
1917,2034,reg1,BW_CHP_P,Electricity,9434.416916196376
1918,2035,reg1,BW_CHP_P,Electricity,8844.7658589341
1919,2036,reg1,BW_CHP_P,Electricity,8255.114801671829
1920,2037,reg1,BW_CHP_P,Electricity,7303.410322434231
1921,2038,reg1,BW_CHP_P,Electricity,6440.746049723442
1922,2039,reg1,BW_CHP_P,Electricity,5412.220150473188
1923,2040,reg1,BW_CHP_P,Electricity,4913.7588105189425
1924,2041,reg1,BW_CHP_P,Electricity,4422.382929467048
1925,2042,reg1,BW_CHP_P,Electricity,3931.0070484151533
1926,2043,reg1,BW_CHP_P,Electricity,3439.631167363258
1927,2044,reg1,BW_CHP_P,Electricity,2948.2552863113638
1928,2045,reg1,BW_CHP_P,Electricity,2456.8794052594685
1929,2046,reg1,BW_CHP_P,Electricity,1965.5035242075742
1930,2047,reg1,BW_CHP_P,Electricity,1392.231662980364
1931,2048,reg1,BW_CHP_P,Electricity,928.1544419869075
1932,2049,reg1,BW_CHP_P,Electricity,464.0772209934512
1933,2050,reg1,BW_CHP_P,Electricity,0.0
1934,2051,reg1,BW_CHP_P,Electricity,0.0
1935,2052,reg1,BW_CHP_P,Electricity,0.0
1936,2053,reg1,BW_CHP_P,Electricity,0.0
1937,2054,reg1,BW_CHP_P,Electricity,0.0
1938,2055,reg1,BW_CHP_P,Electricity,0.0
1939,2056,reg1,BW_CHP_P,Electricity,0.0
1940,2057,reg1,BW_CHP_P,Electricity,0.0
1941,2058,reg1,BW_CHP_P,Electricity,0.0
1942,2059,reg1,BW_CHP_P,Electricity,0.0
1943,2060,reg1,BW_CHP_P,Electricity,0.0
1944,2025,reg1,BW_CHP_P,Heat,10243.93785921747
1945,2026,reg1,BW_CHP_P,Heat,9834.18034484877
1946,2027,reg1,BW_CHP_P,Heat,9424.42283048007
1947,2028,reg1,BW_CHP_P,Heat,9014.665316111372
1948,2029,reg1,BW_CHP_P,Heat,8604.907801742675
1949,2030,reg1,BW_CHP_P,Heat,8195.150287373974
1950,2031,reg1,BW_CHP_P,Heat,7785.392773005276
1951,2032,reg1,BW_CHP_P,Heat,7375.635258636575
1952,2033,reg1,BW_CHP_P,Heat,6965.877744267873
1953,2034,reg1,BW_CHP_P,Heat,6556.120229899177
1954,2035,reg1,BW_CHP_P,Heat,6146.362715530477
1955,2036,reg1,BW_CHP_P,Heat,5736.605201161779
1956,2037,reg1,BW_CHP_P,Heat,5075.251241013618
1957,2038,reg1,BW_CHP_P,Heat,4475.772678621375
1958,2039,reg1,BW_CHP_P,Heat,3761.0343418542493
1959,2040,reg1,BW_CHP_P,Heat,3414.6459530724856
1960,2041,reg1,BW_CHP_P,Heat,3073.1813577652365
1961,2042,reg1,BW_CHP_P,Heat,2731.716762457988
1962,2043,reg1,BW_CHP_P,Heat,2390.252167150739
1963,2044,reg1,BW_CHP_P,Heat,2048.7875718434902
1964,2045,reg1,BW_CHP_P,Heat,1707.322976536241
1965,2046,reg1,BW_CHP_P,Heat,1365.8583812289924
1966,2047,reg1,BW_CHP_P,Heat,967.4830200372021
1967,2048,reg1,BW_CHP_P,Heat,644.9886800248001
1968,2049,reg1,BW_CHP_P,Heat,322.49434001239825
1969,2050,reg1,BW_CHP_P,Heat,0.0
1970,2051,reg1,BW_CHP_P,Heat,0.0
1971,2052,reg1,BW_CHP_P,Heat,0.0
1972,2053,reg1,BW_CHP_P,Heat,0.0
1973,2054,reg1,BW_CHP_P,Heat,0.0
1974,2055,reg1,BW_CHP_P,Heat,0.0
1975,2056,reg1,BW_CHP_P,Heat,0.0
1976,2057,reg1,BW_CHP_P,Heat,0.0
1977,2058,reg1,BW_CHP_P,Heat,0.0
1978,2059,reg1,BW_CHP_P,Heat,0.0
1979,2060,reg1,BW_CHP_P,Heat,0.0
1980,2025,reg1,Heat_transmission_distribution,Final_heat,40339.772769178766
1981,2026,reg1,Heat_transmission_distribution,Final_heat,41326.3942106981
1982,2027,reg1,Heat_transmission_distribution,Final_heat,42275.50543457018
1983,2028,reg1,Heat_transmission_distribution,Final_heat,43187.10644079499
1984,2029,reg1,Heat_transmission_distribution,Final_heat,44061.197229372534
1985,2030,reg1,Heat_transmission_distribution,Final_heat,44897.77780030281
1986,2031,reg1,Heat_transmission_distribution,Final_heat,45264.866197127616
1987,2032,reg1,Heat_transmission_distribution,Final_heat,45628.49738396274
1988,2033,reg1,Heat_transmission_distribution,Final_heat,45988.671360808235
1989,2034,reg1,Heat_transmission_distribution,Final_heat,46345.38812766407
1990,2035,reg1,Heat_transmission_distribution,Final_heat,46698.64768453025
1991,2036,reg1,Heat_transmission_distribution,Final_heat,47048.45003140676
1992,2037,reg1,Heat_transmission_distribution,Final_heat,47394.79516829363
1993,2038,reg1,Heat_transmission_distribution,Final_heat,47737.68309519085
1994,2039,reg1,Heat_transmission_distribution,Final_heat,48077.113812098425
1995,2040,reg1,Heat_transmission_distribution,Final_heat,48413.087319016326
1996,2041,reg1,Heat_transmission_distribution,Final_heat,49002.9454018628
1997,2042,reg1,Heat_transmission_distribution,Final_heat,49548.87752587636
1998,2043,reg1,Heat_transmission_distribution,Final_heat,50050.88369105701
1999,2044,reg1,Heat_transmission_distribution,Final_heat,50508.96389740474
2000,2045,reg1,Heat_transmission_distribution,Final_heat,50923.11814491957
2001,2046,reg1,Heat_transmission_distribution,Final_heat,51293.34643360149
2002,2047,reg1,Heat_transmission_distribution,Final_heat,51619.648763450474
2003,2048,reg1,Heat_transmission_distribution,Final_heat,51902.02513446657
2004,2049,reg1,Heat_transmission_distribution,Final_heat,52140.47554664974
2005,2050,reg1,Heat_transmission_distribution,Final_heat,52335.0
2006,2051,reg1,Heat_transmission_distribution,Final_heat,52335.0
2007,2052,reg1,Heat_transmission_distribution,Final_heat,52335.0
2008,2053,reg1,Heat_transmission_distribution,Final_heat,52335.0
2009,2054,reg1,Heat_transmission_distribution,Final_heat,52335.0
2010,2055,reg1,Heat_transmission_distribution,Final_heat,52335.0
2011,2056,reg1,Heat_transmission_distribution,Final_heat,52335.0
2012,2057,reg1,Heat_transmission_distribution,Final_heat,52335.0
2013,2058,reg1,Heat_transmission_distribution,Final_heat,52335.0
2014,2059,reg1,Heat_transmission_distribution,Final_heat,52335.0
2015,2060,reg1,Heat_transmission_distribution,Final_heat,52335.0
2016,2025,reg1,Elec_transmission_distribution,Final_electricity,292700.0
2017,2026,reg1,Elec_transmission_distribution,Final_electricity,306056.3057363256
2018,2027,reg1,Elec_transmission_distribution,Final_electricity,310731.30967194634
2019,2028,reg1,Elec_transmission_distribution,Final_electricity,315111.1232706418
2020,2029,reg1,Elec_transmission_distribution,Final_electricity,319195.74653241184
2021,2030,reg1,Elec_transmission_distribution,Final_electricity,322985.17945725645
2022,2031,reg1,Elec_transmission_distribution,Final_electricity,327292.9043939094
2023,2032,reg1,Elec_transmission_distribution,Final_electricity,331499.0217761862
2024,2033,reg1,Elec_transmission_distribution,Final_electricity,335603.53160408675
2025,2034,reg1,Elec_transmission_distribution,Final_electricity,339606.4338776114
2026,2035,reg1,Elec_transmission_distribution,Final_electricity,343507.7285967598
2027,2036,reg1,Elec_transmission_distribution,Final_electricity,347307.41576153203
2028,2037,reg1,Elec_transmission_distribution,Final_electricity,351005.4953719282
2029,2038,reg1,Elec_transmission_distribution,Final_electricity,354601.9674279483
2030,2039,reg1,Elec_transmission_distribution,Final_electricity,358096.83192959224
2031,2040,reg1,Elec_transmission_distribution,Final_electricity,361490.08887686004
2032,2041,reg1,Elec_transmission_distribution,Final_electricity,374068.5357376555
2033,2042,reg1,Elec_transmission_distribution,Final_electricity,385402.1675124044
2034,2043,reg1,Elec_transmission_distribution,Final_electricity,395490.9842011066
2035,2044,reg1,Elec_transmission_distribution,Final_electricity,404334.9858037622
2036,2045,reg1,Elec_transmission_distribution,Final_electricity,411934.17232037114
2037,2046,reg1,Elec_transmission_distribution,Final_electricity,418288.54375093343
2038,2047,reg1,Elec_transmission_distribution,Final_electricity,423398.10009544925
2039,2048,reg1,Elec_transmission_distribution,Final_electricity,427262.84135391837
2040,2049,reg1,Elec_transmission_distribution,Final_electricity,429882.7675263408
2041,2050,reg1,Elec_transmission_distribution,Final_electricity,431257.87861271674
2042,2051,reg1,Elec_transmission_distribution,Final_electricity,431257.87861271674
2043,2052,reg1,Elec_transmission_distribution,Final_electricity,431257.87861271674
2044,2053,reg1,Elec_transmission_distribution,Final_electricity,431257.87861271674
2045,2054,reg1,Elec_transmission_distribution,Final_electricity,431257.87861271674
2046,2055,reg1,Elec_transmission_distribution,Final_electricity,431257.87861271674
2047,2056,reg1,Elec_transmission_distribution,Final_electricity,431257.87861271674
2048,2057,reg1,Elec_transmission_distribution,Final_electricity,431257.87861271674
2049,2058,reg1,Elec_transmission_distribution,Final_electricity,431257.87861271674
2050,2059,reg1,Elec_transmission_distribution,Final_electricity,431257.87861271674
2051,2060,reg1,Elec_transmission_distribution,Final_electricity,431257.87861271674
