,Year,Region,Technology,Carrier,Value
0,2025,reg1,NG_supply,NG,267511.1777264894
1,2026,reg1,NG_supply,NG,279387.5311232606
2,2027,reg1,NG_supply,NG,272762.4028048769
3,2028,reg1,NG_supply,NG,267914.14365033637
4,2029,reg1,NG_supply,NG,261784.77079382082
5,2030,reg1,NG_supply,NG,249980.77177820372
6,2031,reg1,NG_supply,NG,241876.31869858305
7,2032,reg1,NG_supply,NG,232813.92593729586
8,2033,reg1,NG_supply,NG,234318.87274899968
9,2034,reg1,NG_supply,NG,236668.8703231434
10,2035,reg1,NG_supply,NG,235593.5111978884
11,2036,reg1,NG_supply,NG,228051.1346189368
12,2037,reg1,NG_supply,NG,234714.43156672662
13,2038,reg1,NG_supply,NG,238431.96213046694
14,2039,reg1,NG_supply,NG,244142.05531097794
15,2040,reg1,NG_supply,NG,247284.4933247374
16,2041,reg1,NG_supply,NG,263899.49272111786
17,2042,reg1,NG_supply,NG,279826.4097535893
18,2043,reg1,NG_supply,NG,293960.18764913257
19,2044,reg1,NG_supply,NG,291575.4171123368
20,2045,reg1,NG_supply,NG,288933.5419193583
21,2046,reg1,NG_supply,NG,287054.49027239624
22,2047,reg1,NG_supply,NG,282772.65124794847
23,2048,reg1,NG_supply,NG,277016.2424861181
24,2049,reg1,NG_supply,NG,267286.57861769234
25,2050,reg1,NG_supply,NG,255738.47558942507
26,2051,reg1,NG_supply,NG,258308.13101409608
27,2052,reg1,NG_supply,NG,260162.11492141284
28,2053,reg1,NG_supply,NG,262968.02209727047
29,2054,reg1,NG_supply,NG,265773.9292731292
30,2055,reg1,NG_supply,NG,267587.7819500015
31,2056,reg1,NG_supply,NG,269467.71867997915
32,2057,reg1,NG_supply,NG,269470.95646310074
33,2058,reg1,NG_supply,NG,269971.5037494268
34,2059,reg1,NG_supply,NG,281066.1865112178
35,2060,reg1,NG_supply,NG,302017.7778850517
36,2025,reg1,SFF_supply,Solid_fossil_fuels,9540.399291570613
37,2026,reg1,SFF_supply,Solid_fossil_fuels,7209.914226554355
38,2027,reg1,SFF_supply,Solid_fossil_fuels,4232.958989393169
39,2028,reg1,SFF_supply,Solid_fossil_fuels,3833.903327575316
40,2029,reg1,SFF_supply,Solid_fossil_fuels,3410.9043260483922
41,2030,reg1,SFF_supply,Solid_fossil_fuels,0.0
42,2031,reg1,SFF_supply,Solid_fossil_fuels,0.0
43,2032,reg1,SFF_supply,Solid_fossil_fuels,0.0
44,2033,reg1,SFF_supply,Solid_fossil_fuels,0.0
45,2034,reg1,SFF_supply,Solid_fossil_fuels,0.0
46,2035,reg1,SFF_supply,Solid_fossil_fuels,0.0
47,2036,reg1,SFF_supply,Solid_fossil_fuels,0.0
48,2037,reg1,SFF_supply,Solid_fossil_fuels,0.0
49,2038,reg1,SFF_supply,Solid_fossil_fuels,0.0
50,2039,reg1,SFF_supply,Solid_fossil_fuels,0.0
51,2040,reg1,SFF_supply,Solid_fossil_fuels,0.0
52,2041,reg1,SFF_supply,Solid_fossil_fuels,0.0
53,2042,reg1,SFF_supply,Solid_fossil_fuels,0.0
54,2043,reg1,SFF_supply,Solid_fossil_fuels,0.0
55,2044,reg1,SFF_supply,Solid_fossil_fuels,0.0
56,2045,reg1,SFF_supply,Solid_fossil_fuels,0.0
57,2046,reg1,SFF_supply,Solid_fossil_fuels,0.0
58,2047,reg1,SFF_supply,Solid_fossil_fuels,0.0
59,2048,reg1,SFF_supply,Solid_fossil_fuels,0.0
60,2049,reg1,SFF_supply,Solid_fossil_fuels,0.0
61,2050,reg1,SFF_supply,Solid_fossil_fuels,0.0
62,2051,reg1,SFF_supply,Solid_fossil_fuels,0.0
63,2052,reg1,SFF_supply,Solid_fossil_fuels,0.0
64,2053,reg1,SFF_supply,Solid_fossil_fuels,0.0
65,2054,reg1,SFF_supply,Solid_fossil_fuels,0.0
66,2055,reg1,SFF_supply,Solid_fossil_fuels,0.0
67,2056,reg1,SFF_supply,Solid_fossil_fuels,0.0
68,2057,reg1,SFF_supply,Solid_fossil_fuels,0.0
69,2058,reg1,SFF_supply,Solid_fossil_fuels,0.0
70,2059,reg1,SFF_supply,Solid_fossil_fuels,0.0
71,2060,reg1,SFF_supply,Solid_fossil_fuels,0.0
72,2025,reg1,OP_supply,Petroleum_products,50896.446174116936
73,2026,reg1,OP_supply,Petroleum_products,49199.89796831307
74,2027,reg1,OP_supply,Petroleum_products,47503.34976250915
75,2028,reg1,OP_supply,Petroleum_products,45806.801556705264
76,2029,reg1,OP_supply,Petroleum_products,44110.253350901345
77,2030,reg1,OP_supply,Petroleum_products,42413.70514509745
78,2031,reg1,OP_supply,Petroleum_products,40717.15693929352
79,2032,reg1,OP_supply,Petroleum_products,39020.60873348966
80,2033,reg1,OP_supply,Petroleum_products,37324.06052768575
81,2034,reg1,OP_supply,Petroleum_products,35627.51232188189
82,2035,reg1,OP_supply,Petroleum_products,33930.964116077965
83,2036,reg1,OP_supply,Petroleum_products,32234.41591027406
84,2037,reg1,OP_supply,Petroleum_products,30537.867704470154
85,2038,reg1,OP_supply,Petroleum_products,28841.31949866628
86,2039,reg1,OP_supply,Petroleum_products,27144.771292862377
87,2040,reg1,OP_supply,Petroleum_products,25448.223087058468
88,2041,reg1,OP_supply,Petroleum_products,23751.674881254603
89,2042,reg1,OP_supply,Petroleum_products,22055.12667545069
90,2043,reg1,OP_supply,Petroleum_products,20358.578469646793
91,2044,reg1,OP_supply,Petroleum_products,18662.030263842884
92,2045,reg1,OP_supply,Petroleum_products,16965.482058039
93,2046,reg1,OP_supply,Petroleum_products,15268.93385223511
94,2047,reg1,OP_supply,Petroleum_products,13572.38564643119
95,2048,reg1,OP_supply,Petroleum_products,11875.837440627303
96,2049,reg1,OP_supply,Petroleum_products,10179.2892348234
97,2050,reg1,OP_supply,Petroleum_products,8482.7410290195
98,2051,reg1,OP_supply,Petroleum_products,6786.192823215595
99,2052,reg1,OP_supply,Petroleum_products,5089.644617411699
100,2053,reg1,OP_supply,Petroleum_products,3393.0964116078007
101,2054,reg1,OP_supply,Petroleum_products,1696.548205803897
102,2055,reg1,OP_supply,Petroleum_products,0.0
103,2056,reg1,OP_supply,Petroleum_products,0.0
104,2057,reg1,OP_supply,Petroleum_products,0.0
105,2058,reg1,OP_supply,Petroleum_products,0.0
106,2059,reg1,OP_supply,Petroleum_products,0.0
107,2060,reg1,OP_supply,Petroleum_products,0.0
108,2025,reg1,BW_supply,Biofuels_waste,58447.122226788386
109,2026,reg1,BW_supply,Biofuels_waste,56109.23733771685
110,2027,reg1,BW_supply,Biofuels_waste,53771.35244864531
111,2028,reg1,BW_supply,Biofuels_waste,51433.46755957378
112,2029,reg1,BW_supply,Biofuels_waste,49095.58267050224
113,2030,reg1,BW_supply,Biofuels_waste,46757.69778143069
114,2031,reg1,BW_supply,Biofuels_waste,44419.812892359165
115,2032,reg1,BW_supply,Biofuels_waste,42081.92800328761
116,2033,reg1,BW_supply,Biofuels_waste,39744.04311421607
117,2034,reg1,BW_supply,Biofuels_waste,37406.15822514454
118,2035,reg1,BW_supply,Biofuels_waste,35068.273336073
119,2036,reg1,BW_supply,Biofuels_waste,32730.388447001475
120,2037,reg1,BW_supply,Biofuels_waste,30392.503557929937
121,2038,reg1,BW_supply,Biofuels_waste,28054.61866885839
122,2039,reg1,BW_supply,Biofuels_waste,25716.733779786853
123,2040,reg1,BW_supply,Biofuels_waste,23378.84889071533
124,2041,reg1,BW_supply,Biofuels_waste,21040.96400164379
125,2042,reg1,BW_supply,Biofuels_waste,18703.079112572257
126,2043,reg1,BW_supply,Biofuels_waste,16365.19422350072
127,2044,reg1,BW_supply,Biofuels_waste,14027.309334429201
128,2045,reg1,BW_supply,Biofuels_waste,11689.424445357658
129,2046,reg1,BW_supply,Biofuels_waste,9351.539556286123
130,2047,reg1,BW_supply,Biofuels_waste,7013.654667214587
131,2048,reg1,BW_supply,Biofuels_waste,4675.769778143045
132,2049,reg1,BW_supply,Biofuels_waste,2337.8848890715126
133,2050,reg1,BW_supply,Biofuels_waste,0.0
134,2051,reg1,BW_supply,Biofuels_waste,0.0
135,2052,reg1,BW_supply,Biofuels_waste,0.0
136,2053,reg1,BW_supply,Biofuels_waste,0.0
137,2054,reg1,BW_supply,Biofuels_waste,0.0
138,2055,reg1,BW_supply,Biofuels_waste,0.0
139,2056,reg1,BW_supply,Biofuels_waste,0.0
140,2057,reg1,BW_supply,Biofuels_waste,0.0
141,2058,reg1,BW_supply,Biofuels_waste,0.0
142,2059,reg1,BW_supply,Biofuels_waste,0.0
143,2060,reg1,BW_supply,Biofuels_waste,0.0
144,2025,reg1,BIO_supply,Biomass,0.0
145,2026,reg1,BIO_supply,Biomass,489.7904766740721
146,2027,reg1,BIO_supply,Biomass,979.5809533481444
147,2028,reg1,BIO_supply,Biomass,1469.3714300222155
148,2029,reg1,BIO_supply,Biomass,1959.1619066962876
149,2030,reg1,BIO_supply,Biomass,2448.9523833703597
150,2031,reg1,BIO_supply,Biomass,2938.7428600444327
151,2032,reg1,BIO_supply,Biomass,3428.533336718504
152,2033,reg1,BIO_supply,Biomass,3918.3238133925774
153,2034,reg1,BIO_supply,Biomass,4408.114290066648
154,2035,reg1,BIO_supply,Biomass,4897.904766740719
155,2036,reg1,BIO_supply,Biomass,5387.695243414792
156,2037,reg1,BIO_supply,Biomass,5877.4857200888655
157,2038,reg1,BIO_supply,Biomass,6367.276196762938
158,2039,reg1,BIO_supply,Biomass,6857.066673437004
159,2040,reg1,BIO_supply,Biomass,7346.85715011108
160,2041,reg1,BIO_supply,Biomass,7836.647626785154
161,2042,reg1,BIO_supply,Biomass,8326.438103459222
162,2043,reg1,BIO_supply,Biomass,8816.228580133298
163,2044,reg1,BIO_supply,Biomass,9306.019056807345
164,2045,reg1,BIO_supply,Biomass,9795.80953348141
165,2046,reg1,BIO_supply,Biomass,10285.600010155482
166,2047,reg1,BIO_supply,Biomass,10775.390486829561
167,2048,reg1,BIO_supply,Biomass,11265.18096350366
168,2049,reg1,BIO_supply,Biomass,11754.971440177695
169,2050,reg1,BIO_supply,Biomass,12244.761916851772
170,2051,reg1,BIO_supply,Biomass,12244.761916851769
171,2052,reg1,BIO_supply,Biomass,12244.76191685177
172,2053,reg1,BIO_supply,Biomass,12244.761916851772
173,2054,reg1,BIO_supply,Biomass,12244.761916851772
174,2055,reg1,BIO_supply,Biomass,12244.761916851809
175,2056,reg1,BIO_supply,Biomass,12244.761916851809
176,2057,reg1,BIO_supply,Biomass,12244.761916851807
177,2058,reg1,BIO_supply,Biomass,12244.761916851809
178,2059,reg1,BIO_supply,Biomass,12244.761916851807
179,2060,reg1,BIO_supply,Biomass,12244.761916851807
180,2025,reg1,Biogas_supply,Biogas,0.0
181,2026,reg1,Biogas_supply,Biogas,0.0
182,2027,reg1,Biogas_supply,Biogas,0.0
183,2028,reg1,Biogas_supply,Biogas,1452.9085714285713
184,2029,reg1,Biogas_supply,Biogas,1937.2114285714283
185,2030,reg1,Biogas_supply,Biogas,2421.5142857142855
186,2031,reg1,Biogas_supply,Biogas,2905.8171428571413
187,2032,reg1,Biogas_supply,Biogas,3390.119999999998
188,2033,reg1,Biogas_supply,Biogas,3874.4228571428557
189,2034,reg1,Biogas_supply,Biogas,4358.7257142857125
190,2035,reg1,Biogas_supply,Biogas,4843.028571428569
191,2036,reg1,Biogas_supply,Biogas,5327.3314285714305
192,2037,reg1,Biogas_supply,Biogas,5811.6342857142845
193,2038,reg1,Biogas_supply,Biogas,6295.937142857144
194,2039,reg1,Biogas_supply,Biogas,6780.239999999998
195,2040,reg1,Biogas_supply,Biogas,7264.5428571428565
196,2041,reg1,Biogas_supply,Biogas,7748.845714285718
197,2042,reg1,Biogas_supply,Biogas,8233.14857142857
198,2043,reg1,Biogas_supply,Biogas,8717.451428571432
199,2044,reg1,Biogas_supply,Biogas,9201.75428571428
200,2045,reg1,Biogas_supply,Biogas,9686.057142857142
201,2046,reg1,Biogas_supply,Biogas,7959.0497521626885
202,2047,reg1,Biogas_supply,Biogas,8323.108634769644
203,2048,reg1,Biogas_supply,Biogas,8711.203142865692
204,2049,reg1,Biogas_supply,Biogas,8608.526201510529
205,2050,reg1,Biogas_supply,Biogas,8960.058842230203
206,2051,reg1,Biogas_supply,Biogas,9457.20152886998
207,2052,reg1,Biogas_supply,Biogas,8328.138138419548
208,2053,reg1,Biogas_supply,Biogas,8012.177786514167
209,2054,reg1,Biogas_supply,Biogas,7696.217434608826
210,2055,reg1,Biogas_supply,Biogas,8256.342598093808
211,2056,reg1,Biogas_supply,Biogas,8866.794627054422
212,2057,reg1,Biogas_supply,Biogas,8866.794627054422
213,2058,reg1,Biogas_supply,Biogas,8866.794627054418
214,2059,reg1,Biogas_supply,Biogas,8866.794627054425
215,2060,reg1,Biogas_supply,Biogas,9336.629242010487
216,2025,reg1,Waste_supply,Waste,0.0
217,2026,reg1,Waste_supply,Waste,0.0
218,2027,reg1,Waste_supply,Waste,0.0
219,2028,reg1,Waste_supply,Waste,0.0
220,2029,reg1,Waste_supply,Waste,0.0
221,2030,reg1,Waste_supply,Waste,3694.029124485561
222,2031,reg1,Waste_supply,Waste,5381.612178833388
223,2032,reg1,Waste_supply,Waste,7069.195233181213
224,2033,reg1,Waste_supply,Waste,8756.77828752904
225,2034,reg1,Waste_supply,Waste,10444.361341876867
226,2035,reg1,Waste_supply,Waste,12131.944396224688
227,2036,reg1,Waste_supply,Waste,13819.527450572517
228,2037,reg1,Waste_supply,Waste,15507.110504920334
229,2038,reg1,Waste_supply,Waste,17194.693559268162
230,2039,reg1,Waste_supply,Waste,18882.276613616
231,2040,reg1,Waste_supply,Waste,19999.999999999978
232,2041,reg1,Waste_supply,Waste,19999.999999999993
233,2042,reg1,Waste_supply,Waste,19999.999999999996
234,2043,reg1,Waste_supply,Waste,19999.999999999996
235,2044,reg1,Waste_supply,Waste,20000.000000000007
236,2045,reg1,Waste_supply,Waste,20000.000000000007
237,2046,reg1,Waste_supply,Waste,20000.000000000015
238,2047,reg1,Waste_supply,Waste,20000.000000000007
239,2048,reg1,Waste_supply,Waste,19999.999999999996
240,2049,reg1,Waste_supply,Waste,20000.00000000001
241,2050,reg1,Waste_supply,Waste,20000.00000000001
242,2051,reg1,Waste_supply,Waste,20000.000000000007
243,2052,reg1,Waste_supply,Waste,20000.000000000007
244,2053,reg1,Waste_supply,Waste,20000.00000000001
245,2054,reg1,Waste_supply,Waste,20000.00000000001
246,2055,reg1,Waste_supply,Waste,20000.0
247,2056,reg1,Waste_supply,Waste,20000.0
248,2057,reg1,Waste_supply,Waste,20000.0
249,2058,reg1,Waste_supply,Waste,20000.0
250,2059,reg1,Waste_supply,Waste,20000.0
251,2060,reg1,Waste_supply,Waste,18882.27661361599
252,2025,reg1,Geo_PP,Electricity,5308.804676435999
253,2026,reg1,Geo_PP,Electricity,5308.804676436
254,2027,reg1,Geo_PP,Electricity,5308.804676436
255,2028,reg1,Geo_PP,Electricity,5308.802219840001
256,2029,reg1,Geo_PP,Electricity,5308.802219839999
257,2030,reg1,Geo_PP,Electricity,5129.578714372474
258,2031,reg1,Geo_PP,Electricity,5087.602127346667
259,2032,reg1,Geo_PP,Electricity,5087.602127346665
260,2033,reg1,Geo_PP,Electricity,5308.8022198399985
261,2034,reg1,Geo_PP,Electricity,5308.8022198399985
262,2035,reg1,Geo_PP,Electricity,5087.602127346665
263,2036,reg1,Geo_PP,Electricity,4866.402034853332
264,2037,reg1,Geo_PP,Electricity,4866.402034853332
265,2038,reg1,Geo_PP,Electricity,5087.602127346665
266,2039,reg1,Geo_PP,Electricity,5087.602127346665
267,2040,reg1,Geo_PP,Electricity,5087.602127346665
268,2041,reg1,Geo_PP,Electricity,4866.402034853332
269,2042,reg1,Geo_PP,Electricity,5308.802219839996
270,2043,reg1,Geo_PP,Electricity,5316.041824268189
271,2044,reg1,Geo_PP,Electricity,6053.020624268191
272,2045,reg1,Geo_PP,Electricity,6507.08278159035
273,2046,reg1,Geo_PP,Electricity,7526.97822426819
274,2047,reg1,Geo_PP,Electricity,8263.957024268191
275,2048,reg1,Geo_PP,Electricity,9000.93582426819
276,2049,reg1,Geo_PP,Electricity,9737.914624268189
277,2050,reg1,Geo_PP,Electricity,10474.89342426819
278,2051,reg1,Geo_PP,Electricity,11211.872224268189
279,2052,reg1,Geo_PP,Electricity,11948.851024268213
280,2053,reg1,Geo_PP,Electricity,12685.829824268192
281,2054,reg1,Geo_PP,Electricity,13422.808624268195
282,2055,reg1,Geo_PP,Electricity,14159.787424268194
283,2056,reg1,Geo_PP,Electricity,14159.787424268186
284,2057,reg1,Geo_PP,Electricity,14159.787424268186
285,2058,reg1,Geo_PP,Electricity,13780.614288264189
286,2059,reg1,Geo_PP,Electricity,13401.438695664192
287,2060,reg1,Geo_PP,Electricity,13022.263103064202
288,2025,reg1,Solar_PV_PP,Electricity,58442.256187652056
289,2026,reg1,Solar_PV_PP,Electricity,69124.9569698601
290,2027,reg1,Solar_PV_PP,Electricity,79807.65775206815
291,2028,reg1,Solar_PV_PP,Electricity,90490.35853427618
292,2029,reg1,Solar_PV_PP,Electricity,101173.05931648423
293,2030,reg1,Solar_PV_PP,Electricity,111855.76009869228
294,2031,reg1,Solar_PV_PP,Electricity,121954.04156405875
295,2032,reg1,Solar_PV_PP,Electricity,131138.77207862237
296,2033,reg1,Solar_PV_PP,Electricity,133063.3387815997
297,2034,reg1,Solar_PV_PP,Electricity,136050.4317822471
298,2035,reg1,Solar_PV_PP,Electricity,141735.7016459443
299,2036,reg1,Solar_PV_PP,Electricity,151189.87216220214
300,2037,reg1,Solar_PV_PP,Electricity,152006.68048058255
301,2038,reg1,Solar_PV_PP,Electricity,154264.97281908392
302,2039,reg1,Solar_PV_PP,Electricity,155593.05946367414
303,2040,reg1,Solar_PV_PP,Electricity,158844.08412236604
304,2041,reg1,Solar_PV_PP,Electricity,164198.84250868924
305,2042,reg1,Solar_PV_PP,Electricity,167745.0294299045
306,2043,reg1,Solar_PV_PP,Electricity,171236.8439137758
307,2044,reg1,Solar_PV_PP,Electricity,184558.5730198291
308,2045,reg1,Solar_PV_PP,Electricity,191958.7145488781
309,2046,reg1,Solar_PV_PP,Electricity,200531.37087265326
310,2047,reg1,Solar_PV_PP,Electricity,206357.25656845706
311,2048,reg1,Solar_PV_PP,Electricity,211283.95197363762
312,2049,reg1,Solar_PV_PP,Electricity,218284.43191863253
313,2050,reg1,Solar_PV_PP,Electricity,224586.7260828234
314,2051,reg1,Solar_PV_PP,Electricity,222672.4235194506
315,2052,reg1,Solar_PV_PP,Electricity,222183.13951415865
316,2053,reg1,Solar_PV_PP,Electricity,220698.14139899838
317,2054,reg1,Solar_PV_PP,Electricity,219213.14328383817
318,2055,reg1,Solar_PV_PP,Electricity,217749.68201676087
319,2056,reg1,Solar_PV_PP,Electricity,216405.40261201395
320,2057,reg1,Solar_PV_PP,Electricity,216405.40261201395
321,2058,reg1,Solar_PV_PP,Electricity,216531.6765159902
322,2059,reg1,Solar_PV_PP,Electricity,211308.67303374814
323,2060,reg1,Solar_PV_PP,Electricity,202569.54641980387
324,2025,reg1,Wind_On-Shore_PP,Electricity,22829.553934796983
325,2026,reg1,Wind_On-Shore_PP,Electricity,24199.32717088482
326,2027,reg1,Wind_On-Shore_PP,Electricity,25569.10040697264
327,2028,reg1,Wind_On-Shore_PP,Electricity,26938.873643060466
328,2029,reg1,Wind_On-Shore_PP,Electricity,28308.646879148295
329,2030,reg1,Wind_On-Shore_PP,Electricity,29678.42011523612
330,2031,reg1,Wind_On-Shore_PP,Electricity,31048.193351323942
331,2032,reg1,Wind_On-Shore_PP,Electricity,32417.96658741177
332,2033,reg1,Wind_On-Shore_PP,Electricity,33787.73982349959
333,2034,reg1,Wind_On-Shore_PP,Electricity,35157.51305958742
334,2035,reg1,Wind_On-Shore_PP,Electricity,36527.28629567525
335,2036,reg1,Wind_On-Shore_PP,Electricity,37897.05953176308
336,2037,reg1,Wind_On-Shore_PP,Electricity,39266.83276785091
337,2038,reg1,Wind_On-Shore_PP,Electricity,40636.60600393874
338,2039,reg1,Wind_On-Shore_PP,Electricity,42006.37924002657
339,2040,reg1,Wind_On-Shore_PP,Electricity,43376.152476114396
340,2041,reg1,Wind_On-Shore_PP,Electricity,44745.92571220222
341,2042,reg1,Wind_On-Shore_PP,Electricity,46115.698948290046
342,2043,reg1,Wind_On-Shore_PP,Electricity,47485.47218437787
343,2044,reg1,Wind_On-Shore_PP,Electricity,45746.93928228626
344,2045,reg1,Wind_On-Shore_PP,Electricity,48736.97214492765
345,2046,reg1,Wind_On-Shore_PP,Electricity,49537.93987223585
346,2047,reg1,Wind_On-Shore_PP,Electricity,51827.23178450992
347,2048,reg1,Wind_On-Shore_PP,Electricity,54334.33836481688
348,2049,reg1,Wind_On-Shore_PP,Electricity,55697.406937993685
349,2050,reg1,Wind_On-Shore_PP,Electricity,57073.88483699246
350,2051,reg1,Wind_On-Shore_PP,Electricity,57073.884836992474
351,2052,reg1,Wind_On-Shore_PP,Electricity,57073.88483699247
352,2053,reg1,Wind_On-Shore_PP,Electricity,57073.88483699247
353,2054,reg1,Wind_On-Shore_PP,Electricity,57073.88483699247
354,2055,reg1,Wind_On-Shore_PP,Electricity,57073.88483699247
355,2056,reg1,Wind_On-Shore_PP,Electricity,57073.88483699247
356,2057,reg1,Wind_On-Shore_PP,Electricity,57073.88483699246
357,2058,reg1,Wind_On-Shore_PP,Electricity,57073.88483699246
358,2059,reg1,Wind_On-Shore_PP,Electricity,56825.25707364066
359,2060,reg1,Wind_On-Shore_PP,Electricity,56629.5024159848
360,2025,reg1,Wind_Off-Shore_PP,Electricity,76.64064781414211
361,2026,reg1,Wind_Off-Shore_PP,Electricity,76.64064781414153
362,2027,reg1,Wind_Off-Shore_PP,Electricity,76.640647814142
363,2028,reg1,Wind_Off-Shore_PP,Electricity,76.64064781414166
364,2029,reg1,Wind_Off-Shore_PP,Electricity,76.6406478141414
365,2030,reg1,Wind_Off-Shore_PP,Electricity,76.64064781414204
366,2031,reg1,Wind_Off-Shore_PP,Electricity,76.64064781414231
367,2032,reg1,Wind_Off-Shore_PP,Electricity,70.59104022992699
368,2033,reg1,Wind_Off-Shore_PP,Electricity,73.64253270214415
369,2034,reg1,Wind_Off-Shore_PP,Electricity,73.64253270214415
370,2035,reg1,Wind_Off-Shore_PP,Electricity,70.59104022992699
371,2036,reg1,Wind_Off-Shore_PP,Electricity,70.59104022992699
372,2037,reg1,Wind_Off-Shore_PP,Electricity,70.59104022992699
373,2038,reg1,Wind_Off-Shore_PP,Electricity,70.59104022992699
374,2039,reg1,Wind_Off-Shore_PP,Electricity,70.59104022992699
375,2040,reg1,Wind_Off-Shore_PP,Electricity,70.59104022992699
376,2041,reg1,Wind_Off-Shore_PP,Electricity,70.59104022992699
377,2042,reg1,Wind_Off-Shore_PP,Electricity,70.59104022992699
378,2043,reg1,Wind_Off-Shore_PP,Electricity,70.59104022992699
379,2044,reg1,Wind_Off-Shore_PP,Electricity,76.64064781414231
380,2045,reg1,Wind_Off-Shore_PP,Electricity,70.59104022992699
381,2046,reg1,Wind_Off-Shore_PP,Electricity,70.59104022992699
382,2047,reg1,Wind_Off-Shore_PP,Electricity,70.59104022992699
383,2048,reg1,Wind_Off-Shore_PP,Electricity,73.64253270214415
384,2049,reg1,Wind_Off-Shore_PP,Electricity,76.64064781414231
385,2050,reg1,Wind_Off-Shore_PP,Electricity,73.58915534192516
386,2051,reg1,Wind_Off-Shore_PP,Electricity,76.64064781414231
387,2052,reg1,Wind_Off-Shore_PP,Electricity,76.64064781414231
388,2053,reg1,Wind_Off-Shore_PP,Electricity,76.64064781414231
389,2054,reg1,Wind_Off-Shore_PP,Electricity,76.64064781414231
390,2055,reg1,Wind_Off-Shore_PP,Electricity,0.0
391,2056,reg1,Wind_Off-Shore_PP,Electricity,0.0
392,2057,reg1,Wind_Off-Shore_PP,Electricity,0.0
393,2058,reg1,Wind_Off-Shore_PP,Electricity,0.0
394,2059,reg1,Wind_Off-Shore_PP,Electricity,0.0
395,2060,reg1,Wind_Off-Shore_PP,Electricity,0.0
396,2025,reg1,Hydro_PP,Electricity,45704.90667599997
397,2026,reg1,Hydro_PP,Electricity,46022.403239999985
398,2027,reg1,Hydro_PP,Electricity,46252.8
399,2028,reg1,Hydro_PP,Electricity,46252.8
400,2029,reg1,Hydro_PP,Electricity,46252.8
401,2030,reg1,Hydro_PP,Electricity,46252.80000000001
402,2031,reg1,Hydro_PP,Electricity,46252.799999999996
403,2032,reg1,Hydro_PP,Electricity,46252.799999999654
404,2033,reg1,Hydro_PP,Electricity,46252.80000000002
405,2034,reg1,Hydro_PP,Electricity,46252.80000000002
406,2035,reg1,Hydro_PP,Electricity,46252.80000000002
407,2036,reg1,Hydro_PP,Electricity,46252.80000000001
408,2037,reg1,Hydro_PP,Electricity,46252.8
409,2038,reg1,Hydro_PP,Electricity,46252.8
410,2039,reg1,Hydro_PP,Electricity,46252.79999999999
411,2040,reg1,Hydro_PP,Electricity,46252.799999999996
412,2041,reg1,Hydro_PP,Electricity,46252.799999999974
413,2042,reg1,Hydro_PP,Electricity,46252.79999999983
414,2043,reg1,Hydro_PP,Electricity,46252.79999999996
415,2044,reg1,Hydro_PP,Electricity,46252.79999999996
416,2045,reg1,Hydro_PP,Electricity,46252.80000000002
417,2046,reg1,Hydro_PP,Electricity,46252.79999999997
418,2047,reg1,Hydro_PP,Electricity,46252.79999999999
419,2048,reg1,Hydro_PP,Electricity,46252.799999999974
420,2049,reg1,Hydro_PP,Electricity,46252.79999999999
421,2050,reg1,Hydro_PP,Electricity,46252.79999999996
422,2051,reg1,Hydro_PP,Electricity,46252.8
423,2052,reg1,Hydro_PP,Electricity,46252.799999999945
424,2053,reg1,Hydro_PP,Electricity,46252.799999999996
425,2054,reg1,Hydro_PP,Electricity,46252.799999999945
426,2055,reg1,Hydro_PP,Electricity,46252.8
427,2056,reg1,Hydro_PP,Electricity,46252.8
428,2057,reg1,Hydro_PP,Electricity,46252.79999999999
429,2058,reg1,Hydro_PP,Electricity,46252.79999999827
430,2059,reg1,Hydro_PP,Electricity,46252.8
431,2060,reg1,Hydro_PP,Electricity,45704.90667599999
432,2025,reg1,UO2_supply ,UO2_fuel,0.0
433,2026,reg1,UO2_supply ,UO2_fuel,0.0
434,2027,reg1,UO2_supply ,UO2_fuel,0.0
435,2028,reg1,UO2_supply ,UO2_fuel,0.0
436,2029,reg1,UO2_supply ,UO2_fuel,0.0
437,2030,reg1,UO2_supply ,UO2_fuel,0.0
438,2031,reg1,UO2_supply ,UO2_fuel,0.0
439,2032,reg1,UO2_supply ,UO2_fuel,0.0
440,2033,reg1,UO2_supply ,UO2_fuel,0.0
441,2034,reg1,UO2_supply ,UO2_fuel,0.0
442,2035,reg1,UO2_supply ,UO2_fuel,0.0
443,2036,reg1,UO2_supply ,UO2_fuel,0.0
444,2037,reg1,UO2_supply ,UO2_fuel,0.0
445,2038,reg1,UO2_supply ,UO2_fuel,0.0
446,2039,reg1,UO2_supply ,UO2_fuel,0.0
447,2040,reg1,UO2_supply ,UO2_fuel,0.0
448,2041,reg1,UO2_supply ,UO2_fuel,0.0
449,2042,reg1,UO2_supply ,UO2_fuel,0.0
450,2043,reg1,UO2_supply ,UO2_fuel,0.0
451,2044,reg1,UO2_supply ,UO2_fuel,0.0
452,2045,reg1,UO2_supply ,UO2_fuel,0.0
453,2046,reg1,UO2_supply ,UO2_fuel,0.0
454,2047,reg1,UO2_supply ,UO2_fuel,0.0
455,2048,reg1,UO2_supply ,UO2_fuel,0.0
456,2049,reg1,UO2_supply ,UO2_fuel,0.0
457,2050,reg1,UO2_supply ,UO2_fuel,0.0
458,2051,reg1,UO2_supply ,UO2_fuel,0.0
459,2052,reg1,UO2_supply ,UO2_fuel,0.0
460,2053,reg1,UO2_supply ,UO2_fuel,0.0
461,2054,reg1,UO2_supply ,UO2_fuel,0.0
462,2055,reg1,UO2_supply ,UO2_fuel,0.0
463,2056,reg1,UO2_supply ,UO2_fuel,0.0
464,2057,reg1,UO2_supply ,UO2_fuel,0.0
465,2058,reg1,UO2_supply ,UO2_fuel,0.0
466,2059,reg1,UO2_supply ,UO2_fuel,0.0
467,2060,reg1,UO2_supply ,UO2_fuel,1.7478090217931338e-07
468,2025,reg1,Electricity_net_imports,Electricity,42999.999999999985
469,2026,reg1,Electricity_net_imports,Electricity,43000.0
470,2027,reg1,Electricity_net_imports,Electricity,43000.0
471,2028,reg1,Electricity_net_imports,Electricity,40750.750787105964
472,2029,reg1,Electricity_net_imports,Electricity,39655.57950505425
473,2030,reg1,Electricity_net_imports,Electricity,39761.54168092752
474,2031,reg1,Electricity_net_imports,Electricity,37777.245786821775
475,2032,reg1,Electricity_net_imports,Electricity,37209.005306450126
476,2033,reg1,Electricity_net_imports,Electricity,37358.65374674446
477,2034,reg1,Electricity_net_imports,Electricity,36199.99999999999
478,2035,reg1,Electricity_net_imports,Electricity,34499.999999999985
479,2036,reg1,Electricity_net_imports,Electricity,32799.99999999951
480,2037,reg1,Electricity_net_imports,Electricity,31099.999999999993
481,2038,reg1,Electricity_net_imports,Electricity,29399.999999999993
482,2039,reg1,Electricity_net_imports,Electricity,27699.99999999909
483,2040,reg1,Electricity_net_imports,Electricity,25999.999999999996
484,2041,reg1,Electricity_net_imports,Electricity,25999.999999999993
485,2042,reg1,Electricity_net_imports,Electricity,25999.999999999996
486,2043,reg1,Electricity_net_imports,Electricity,25999.999999999996
487,2044,reg1,Electricity_net_imports,Electricity,25999.999999999996
488,2045,reg1,Electricity_net_imports,Electricity,25999.999999999996
489,2046,reg1,Electricity_net_imports,Electricity,26000.0
490,2047,reg1,Electricity_net_imports,Electricity,25999.999999999993
491,2048,reg1,Electricity_net_imports,Electricity,26000.0
492,2049,reg1,Electricity_net_imports,Electricity,25999.999999999993
493,2050,reg1,Electricity_net_imports,Electricity,26000.0
494,2051,reg1,Electricity_net_imports,Electricity,25999.999999999996
495,2052,reg1,Electricity_net_imports,Electricity,26000.0
496,2053,reg1,Electricity_net_imports,Electricity,26000.0
497,2054,reg1,Electricity_net_imports,Electricity,26000.0
498,2055,reg1,Electricity_net_imports,Electricity,26000.0
499,2056,reg1,Electricity_net_imports,Electricity,25999.999999999993
500,2057,reg1,Electricity_net_imports,Electricity,26000.0
501,2058,reg1,Electricity_net_imports,Electricity,26000.0
502,2059,reg1,Electricity_net_imports,Electricity,26000.0
503,2060,reg1,Electricity_net_imports,Electricity,26000.0
504,2025,reg1,Geo_HP,Heat,300.00039119999997
505,2026,reg1,Geo_HP,Heat,300.00039119999997
506,2027,reg1,Geo_HP,Heat,300.00039119999997
507,2028,reg1,Geo_HP,Heat,300.0
508,2029,reg1,Geo_HP,Heat,300.0
509,2030,reg1,Geo_HP,Heat,300.0
510,2031,reg1,Geo_HP,Heat,300.0
511,2032,reg1,Geo_HP,Heat,300.0
512,2033,reg1,Geo_HP,Heat,300.0
513,2034,reg1,Geo_HP,Heat,300.0
514,2035,reg1,Geo_HP,Heat,300.0
515,2036,reg1,Geo_HP,Heat,300.0
516,2037,reg1,Geo_HP,Heat,300.0
517,2038,reg1,Geo_HP,Heat,300.0
518,2039,reg1,Geo_HP,Heat,300.0
519,2040,reg1,Geo_HP,Heat,300.0
520,2041,reg1,Geo_HP,Heat,300.0
521,2042,reg1,Geo_HP,Heat,300.0
522,2043,reg1,Geo_HP,Heat,300.0
523,2044,reg1,Geo_HP,Heat,300.0
524,2045,reg1,Geo_HP,Heat,300.0
525,2046,reg1,Geo_HP,Heat,300.0
526,2047,reg1,Geo_HP,Heat,300.0
527,2048,reg1,Geo_HP,Heat,300.0
528,2049,reg1,Geo_HP,Heat,300.0
529,2050,reg1,Geo_HP,Heat,300.0
530,2051,reg1,Geo_HP,Heat,300.0
531,2052,reg1,Geo_HP,Heat,300.0
532,2053,reg1,Geo_HP,Heat,300.0
533,2054,reg1,Geo_HP,Heat,300.0
534,2055,reg1,Geo_HP,Heat,300.0
535,2056,reg1,Geo_HP,Heat,300.0
536,2057,reg1,Geo_HP,Heat,300.0
537,2058,reg1,Geo_HP,Heat,300.0
538,2059,reg1,Geo_HP,Heat,300.0
539,2060,reg1,Geo_HP,Heat,300.0
540,2025,reg1,Pump_hydro_ST,Electricity,0.0
541,2026,reg1,Pump_hydro_ST,Electricity,0.0
542,2027,reg1,Pump_hydro_ST,Electricity,0.0
543,2028,reg1,Pump_hydro_ST,Electricity,2075.319812794859
544,2029,reg1,Pump_hydro_ST,Electricity,5677.802053136716
545,2030,reg1,Pump_hydro_ST,Electricity,6384.965561875392
546,2031,reg1,Pump_hydro_ST,Electricity,7949.9833463992545
547,2032,reg1,Pump_hydro_ST,Electricity,10213.463419513193
548,2033,reg1,Pump_hydro_ST,Electricity,8965.752937278432
549,2034,reg1,Pump_hydro_ST,Electricity,8010.765135777699
550,2035,reg1,Pump_hydro_ST,Electricity,8365.638352142843
551,2036,reg1,Pump_hydro_ST,Electricity,11267.30983754134
552,2037,reg1,Pump_hydro_ST,Electricity,9562.347767080146
553,2038,reg1,Pump_hydro_ST,Electricity,9052.817902915302
554,2039,reg1,Pump_hydro_ST,Electricity,8424.417795629395
555,2040,reg1,Pump_hydro_ST,Electricity,9838.087550870001
556,2041,reg1,Pump_hydro_ST,Electricity,9973.80242677695
557,2042,reg1,Pump_hydro_ST,Electricity,9768.572539340716
558,2043,reg1,Pump_hydro_ST,Electricity,9628.26204590001
559,2044,reg1,Pump_hydro_ST,Electricity,10989.617316854285
560,2045,reg1,Pump_hydro_ST,Electricity,11508.355016936863
561,2046,reg1,Pump_hydro_ST,Electricity,11989.589971387912
562,2047,reg1,Pump_hydro_ST,Electricity,12231.667816405377
563,2048,reg1,Pump_hydro_ST,Electricity,12483.834529139733
564,2049,reg1,Pump_hydro_ST,Electricity,12878.959789928102
565,2050,reg1,Pump_hydro_ST,Electricity,13602.43675
566,2051,reg1,Pump_hydro_ST,Electricity,13201.822533950735
567,2052,reg1,Pump_hydro_ST,Electricity,13199.918094495133
568,2053,reg1,Pump_hydro_ST,Electricity,13132.571466387411
569,2054,reg1,Pump_hydro_ST,Electricity,13065.224838279684
570,2055,reg1,Pump_hydro_ST,Electricity,12929.276496420955
571,2056,reg1,Pump_hydro_ST,Electricity,12840.925246263163
572,2057,reg1,Pump_hydro_ST,Electricity,12840.925246263174
573,2058,reg1,Pump_hydro_ST,Electricity,12836.585351892696
574,2059,reg1,Pump_hydro_ST,Electricity,12480.670142925424
575,2060,reg1,Pump_hydro_ST,Electricity,14631.662282642936
576,2025,reg1,Electrochemical_ST,Electricity,0.0
577,2026,reg1,Electrochemical_ST,Electricity,0.0
578,2027,reg1,Electrochemical_ST,Electricity,1701.6451420296266
579,2028,reg1,Electrochemical_ST,Electricity,3683.3759623871138
580,2029,reg1,Electrochemical_ST,Electricity,3683.3759623871138
581,2030,reg1,Electrochemical_ST,Electricity,3683.3759623871147
582,2031,reg1,Electrochemical_ST,Electricity,3683.3759623871138
583,2032,reg1,Electrochemical_ST,Electricity,3683.3759623871138
584,2033,reg1,Electrochemical_ST,Electricity,3683.375962387114
585,2034,reg1,Electrochemical_ST,Electricity,3683.3759623871133
586,2035,reg1,Electrochemical_ST,Electricity,3683.3759623871138
587,2036,reg1,Electrochemical_ST,Electricity,3683.3759623871138
588,2037,reg1,Electrochemical_ST,Electricity,3683.375962387114
589,2038,reg1,Electrochemical_ST,Electricity,3683.375962387114
590,2039,reg1,Electrochemical_ST,Electricity,3683.375962387114
591,2040,reg1,Electrochemical_ST,Electricity,3683.3759623871147
592,2041,reg1,Electrochemical_ST,Electricity,3683.375962387114
593,2042,reg1,Electrochemical_ST,Electricity,3683.3759623871138
594,2043,reg1,Electrochemical_ST,Electricity,3683.375962387114
595,2044,reg1,Electrochemical_ST,Electricity,7098.652700808173
596,2045,reg1,Electrochemical_ST,Electricity,10513.929439229236
597,2046,reg1,Electrochemical_ST,Electricity,13929.20617765029
598,2047,reg1,Electrochemical_ST,Electricity,17344.482916071338
599,2048,reg1,Electrochemical_ST,Electricity,20759.759654492398
600,2049,reg1,Electrochemical_ST,Electricity,24175.036392913484
601,2050,reg1,Electrochemical_ST,Electricity,27590.313131334548
602,2051,reg1,Electrochemical_ST,Electricity,27586.487435834475
603,2052,reg1,Electrochemical_ST,Electricity,26849.812243356817
604,2053,reg1,Electrochemical_ST,Electricity,26113.137050879664
605,2054,reg1,Electrochemical_ST,Electricity,25376.46185840205
606,2055,reg1,Electrochemical_ST,Electricity,24639.78666592501
607,2056,reg1,Electrochemical_ST,Electricity,24639.786665924716
608,2057,reg1,Electrochemical_ST,Electricity,24639.786665924687
609,2058,reg1,Electrochemical_ST,Electricity,24639.786665924756
610,2059,reg1,Electrochemical_ST,Electricity,21224.509927503703
611,2060,reg1,Electrochemical_ST,Electricity,17809.233189082643
612,2025,reg1,Hydrogen_ST,Hydrogen,0.0
613,2026,reg1,Hydrogen_ST,Hydrogen,4.28867909918221
614,2027,reg1,Hydrogen_ST,Hydrogen,8.694907335572323
615,2028,reg1,Hydrogen_ST,Hydrogen,13.223444489165264
616,2029,reg1,Hydrogen_ST,Hydrogen,17.98191570534456
617,2030,reg1,Hydrogen_ST,Hydrogen,26.649208870535666
618,2031,reg1,Hydrogen_ST,Hydrogen,25.815415470207025
619,2032,reg1,Hydrogen_ST,Hydrogen,25.00049873883233
620,2033,reg1,Hydrogen_ST,Hydrogen,24.204458670628807
621,2034,reg1,Hydrogen_ST,Hydrogen,23.445543462611962
622,2035,reg1,Hydrogen_ST,Hydrogen,22.937148602546923
623,2036,reg1,Hydrogen_ST,Hydrogen,22.441409638994283
624,2037,reg1,Hydrogen_ST,Hydrogen,21.95832657195336
625,2038,reg1,Hydrogen_ST,Hydrogen,21.48789940142427
626,2039,reg1,Hydrogen_ST,Hydrogen,21.030128191389057
627,2040,reg1,Hydrogen_ST,Hydrogen,20.58501281388391
628,2041,reg1,Hydrogen_ST,Hydrogen,0.0
629,2042,reg1,Hydrogen_ST,Hydrogen,0.0
630,2043,reg1,Hydrogen_ST,Hydrogen,0.0
631,2044,reg1,Hydrogen_ST,Hydrogen,0.0
632,2045,reg1,Hydrogen_ST,Hydrogen,0.0
633,2046,reg1,Hydrogen_ST,Hydrogen,0.0
634,2047,reg1,Hydrogen_ST,Hydrogen,0.0
635,2048,reg1,Hydrogen_ST,Hydrogen,0.0
636,2049,reg1,Hydrogen_ST,Hydrogen,0.0
637,2050,reg1,Hydrogen_ST,Hydrogen,0.0
638,2051,reg1,Hydrogen_ST,Hydrogen,0.0
639,2052,reg1,Hydrogen_ST,Hydrogen,0.0
640,2053,reg1,Hydrogen_ST,Hydrogen,0.0
641,2054,reg1,Hydrogen_ST,Hydrogen,0.0
642,2055,reg1,Hydrogen_ST,Hydrogen,0.0
643,2056,reg1,Hydrogen_ST,Hydrogen,0.0
644,2057,reg1,Hydrogen_ST,Hydrogen,18.04524459737851
645,2058,reg1,Hydrogen_ST,Hydrogen,18.04524459737851
646,2059,reg1,Hydrogen_ST,Hydrogen,18.04524527495627
647,2060,reg1,Hydrogen_ST,Hydrogen,18.045244690770428
648,2025,reg1,Thermal_ST,Heat,0.0
649,2026,reg1,Thermal_ST,Heat,0.0
650,2027,reg1,Thermal_ST,Heat,0.0
651,2028,reg1,Thermal_ST,Heat,0.0
652,2029,reg1,Thermal_ST,Heat,0.0
653,2030,reg1,Thermal_ST,Heat,0.0
654,2031,reg1,Thermal_ST,Heat,0.0
655,2032,reg1,Thermal_ST,Heat,0.0
656,2033,reg1,Thermal_ST,Heat,0.0
657,2034,reg1,Thermal_ST,Heat,0.0
658,2035,reg1,Thermal_ST,Heat,0.0
659,2036,reg1,Thermal_ST,Heat,0.0
660,2037,reg1,Thermal_ST,Heat,0.0
661,2038,reg1,Thermal_ST,Heat,0.0
662,2039,reg1,Thermal_ST,Heat,0.0
663,2040,reg1,Thermal_ST,Heat,0.0
664,2041,reg1,Thermal_ST,Heat,0.0
665,2042,reg1,Thermal_ST,Heat,0.0
666,2043,reg1,Thermal_ST,Heat,0.0
667,2044,reg1,Thermal_ST,Heat,0.0
668,2045,reg1,Thermal_ST,Heat,0.0
669,2046,reg1,Thermal_ST,Heat,0.0
670,2047,reg1,Thermal_ST,Heat,0.0
671,2048,reg1,Thermal_ST,Heat,0.0
672,2049,reg1,Thermal_ST,Heat,0.0
673,2050,reg1,Thermal_ST,Heat,0.0
674,2051,reg1,Thermal_ST,Heat,0.0
675,2052,reg1,Thermal_ST,Heat,0.0
676,2053,reg1,Thermal_ST,Heat,0.0
677,2054,reg1,Thermal_ST,Heat,0.0
678,2055,reg1,Thermal_ST,Heat,0.0
679,2056,reg1,Thermal_ST,Heat,0.0
680,2057,reg1,Thermal_ST,Heat,0.0
681,2058,reg1,Thermal_ST,Heat,0.0
682,2059,reg1,Thermal_ST,Heat,0.0
683,2060,reg1,Thermal_ST,Heat,0.0
684,2025,reg1,Thermal-H2_ST,Heat-H2,0.0
685,2026,reg1,Thermal-H2_ST,Heat-H2,0.0
686,2027,reg1,Thermal-H2_ST,Heat-H2,0.0
687,2028,reg1,Thermal-H2_ST,Heat-H2,0.0
688,2029,reg1,Thermal-H2_ST,Heat-H2,0.0
689,2030,reg1,Thermal-H2_ST,Heat-H2,0.0
690,2031,reg1,Thermal-H2_ST,Heat-H2,0.0
691,2032,reg1,Thermal-H2_ST,Heat-H2,0.0
692,2033,reg1,Thermal-H2_ST,Heat-H2,0.0
693,2034,reg1,Thermal-H2_ST,Heat-H2,0.0
694,2035,reg1,Thermal-H2_ST,Heat-H2,0.0
695,2036,reg1,Thermal-H2_ST,Heat-H2,0.0
696,2037,reg1,Thermal-H2_ST,Heat-H2,0.0
697,2038,reg1,Thermal-H2_ST,Heat-H2,0.0
698,2039,reg1,Thermal-H2_ST,Heat-H2,0.0
699,2040,reg1,Thermal-H2_ST,Heat-H2,0.0
700,2041,reg1,Thermal-H2_ST,Heat-H2,0.0
701,2042,reg1,Thermal-H2_ST,Heat-H2,0.0
702,2043,reg1,Thermal-H2_ST,Heat-H2,0.0
703,2044,reg1,Thermal-H2_ST,Heat-H2,0.0
704,2045,reg1,Thermal-H2_ST,Heat-H2,0.0
705,2046,reg1,Thermal-H2_ST,Heat-H2,0.0
706,2047,reg1,Thermal-H2_ST,Heat-H2,0.0
707,2048,reg1,Thermal-H2_ST,Heat-H2,0.0
708,2049,reg1,Thermal-H2_ST,Heat-H2,0.0
709,2050,reg1,Thermal-H2_ST,Heat-H2,0.0
710,2051,reg1,Thermal-H2_ST,Heat-H2,0.0
711,2052,reg1,Thermal-H2_ST,Heat-H2,0.0
712,2053,reg1,Thermal-H2_ST,Heat-H2,0.0
713,2054,reg1,Thermal-H2_ST,Heat-H2,0.0
714,2055,reg1,Thermal-H2_ST,Heat-H2,0.0
715,2056,reg1,Thermal-H2_ST,Heat-H2,0.0
716,2057,reg1,Thermal-H2_ST,Heat-H2,0.0
717,2058,reg1,Thermal-H2_ST,Heat-H2,0.0
718,2059,reg1,Thermal-H2_ST,Heat-H2,1.0405929401429655e-06
719,2060,reg1,Thermal-H2_ST,Heat-H2,0.0
720,2025,reg1,HTHP,Heat,0.0
721,2026,reg1,HTHP,Heat,0.0
722,2027,reg1,HTHP,Heat,0.0
723,2028,reg1,HTHP,Heat,119.97789032222838
724,2029,reg1,HTHP,Heat,2978.598462074423
725,2030,reg1,HTHP,Heat,3263.971491365677
726,2031,reg1,HTHP,Heat,4148.29606240978
727,2032,reg1,HTHP,Heat,5027.751323609291
728,2033,reg1,HTHP,Heat,5902.337274964211
729,2034,reg1,HTHP,Heat,6772.053916474583
730,2035,reg1,HTHP,Heat,7636.901248140361
731,2036,reg1,HTHP,Heat,8496.879269961528
732,2037,reg1,HTHP,Heat,9351.987981938135
733,2038,reg1,HTHP,Heat,10202.227384070145
734,2039,reg1,HTHP,Heat,10674.452014484572
735,2040,reg1,HTHP,Heat,10079.945388989601
736,2041,reg1,HTHP,Heat,10183.056013705824
737,2042,reg1,HTHP,Heat,10264.664704831968
738,2043,reg1,HTHP,Heat,10297.51616919617
739,2044,reg1,HTHP,Heat,10318.664270722968
740,2045,reg1,HTHP,Heat,10635.11979319197
741,2046,reg1,HTHP,Heat,10606.193466481303
742,2047,reg1,HTHP,Heat,10820.367532734721
743,2048,reg1,HTHP,Heat,10964.325126485783
744,2049,reg1,HTHP,Heat,11602.021560165169
745,2050,reg1,HTHP,Heat,11850.747088892516
746,2051,reg1,HTHP,Heat,11401.726083211677
747,2052,reg1,HTHP,Heat,11792.10718642933
748,2053,reg1,HTHP,Heat,11745.032525942792
749,2054,reg1,HTHP,Heat,11697.957865456281
750,2055,reg1,HTHP,Heat,11867.001110508669
751,2056,reg1,HTHP,Heat,11315.63434623279
752,2057,reg1,HTHP,Heat,11315.63434623279
753,2058,reg1,HTHP,Heat,11314.004296500634
754,2059,reg1,HTHP,Heat,11095.553818136459
755,2060,reg1,HTHP,Heat,10424.18615068368
756,2025,reg1,SMR,Hydrogen,0.0
757,2026,reg1,SMR,Hydrogen,1812.4376858969795
758,2027,reg1,SMR,Hydrogen,3579.3016861005535
759,2028,reg1,SMR,Hydrogen,5300.592649671628
760,2029,reg1,SMR,Hydrogen,6976.325252766396
761,2030,reg1,SMR,Hydrogen,8607.001161914824
762,2031,reg1,SMR,Hydrogen,8823.694598206077
763,2032,reg1,SMR,Hydrogen,9035.482204066946
764,2033,reg1,SMR,Hydrogen,9242.363979496637
765,2034,reg1,SMR,Hydrogen,9444.342412885657
766,2035,reg1,SMR,Hydrogen,9641.446603618697
767,2036,reg1,SMR,Hydrogen,9833.6441156342
768,2037,reg1,SMR,Hydrogen,10020.934948932161
769,2038,reg1,SMR,Hydrogen,10203.319103512586
770,2039,reg1,SMR,Hydrogen,10380.796579384198
771,2040,reg1,SMR,Hydrogen,10553.367376529548
772,2041,reg1,SMR,Hydrogen,10301.546089823547
773,2042,reg1,SMR,Hydrogen,10052.53185031944
774,2043,reg1,SMR,Hydrogen,9803.517610815336
775,2044,reg1,SMR,Hydrogen,9554.503371311226
776,2045,reg1,SMR,Hydrogen,9305.489131806731
777,2046,reg1,SMR,Hydrogen,9056.474892303013
778,2047,reg1,SMR,Hydrogen,8807.460652798905
779,2048,reg1,SMR,Hydrogen,8558.446413294798
780,2049,reg1,SMR,Hydrogen,8309.43217379069
781,2050,reg1,SMR,Hydrogen,8060.417934286584
782,2051,reg1,SMR,Hydrogen,8060.417934286584
783,2052,reg1,SMR,Hydrogen,8060.417934286584
784,2053,reg1,SMR,Hydrogen,8060.417934286584
785,2054,reg1,SMR,Hydrogen,8060.417934286584
786,2055,reg1,SMR,Hydrogen,8060.417934286584
787,2056,reg1,SMR,Hydrogen,8060.417934286584
788,2057,reg1,SMR,Hydrogen,8062.878649458953
789,2058,reg1,SMR,Hydrogen,8062.878649440067
790,2059,reg1,SMR,Hydrogen,8062.878645485884
791,2060,reg1,SMR,Hydrogen,8062.87864947169
792,2025,reg1,SMR_CCS,Hydrogen,0.0
793,2026,reg1,SMR_CCS,Hydrogen,0.0
794,2027,reg1,SMR_CCS,Hydrogen,0.0
795,2028,reg1,SMR_CCS,Hydrogen,0.0
796,2029,reg1,SMR_CCS,Hydrogen,0.0
797,2030,reg1,SMR_CCS,Hydrogen,0.0
798,2031,reg1,SMR_CCS,Hydrogen,0.0
799,2032,reg1,SMR_CCS,Hydrogen,0.0
800,2033,reg1,SMR_CCS,Hydrogen,0.0
801,2034,reg1,SMR_CCS,Hydrogen,0.0
802,2035,reg1,SMR_CCS,Hydrogen,0.0
803,2036,reg1,SMR_CCS,Hydrogen,0.0
804,2037,reg1,SMR_CCS,Hydrogen,0.0
805,2038,reg1,SMR_CCS,Hydrogen,0.0
806,2039,reg1,SMR_CCS,Hydrogen,0.0
807,2040,reg1,SMR_CCS,Hydrogen,0.0
808,2041,reg1,SMR_CCS,Hydrogen,0.0
809,2042,reg1,SMR_CCS,Hydrogen,0.0
810,2043,reg1,SMR_CCS,Hydrogen,0.0
811,2044,reg1,SMR_CCS,Hydrogen,0.0
812,2045,reg1,SMR_CCS,Hydrogen,0.0
813,2046,reg1,SMR_CCS,Hydrogen,0.0
814,2047,reg1,SMR_CCS,Hydrogen,0.0
815,2048,reg1,SMR_CCS,Hydrogen,0.0
816,2049,reg1,SMR_CCS,Hydrogen,0.0
817,2050,reg1,SMR_CCS,Hydrogen,0.0
818,2051,reg1,SMR_CCS,Hydrogen,0.0
819,2052,reg1,SMR_CCS,Hydrogen,0.0
820,2053,reg1,SMR_CCS,Hydrogen,0.0
821,2054,reg1,SMR_CCS,Hydrogen,0.0
822,2055,reg1,SMR_CCS,Hydrogen,0.0
823,2056,reg1,SMR_CCS,Hydrogen,0.0
824,2057,reg1,SMR_CCS,Hydrogen,0.0
825,2058,reg1,SMR_CCS,Hydrogen,0.0
826,2059,reg1,SMR_CCS,Hydrogen,0.0
827,2060,reg1,SMR_CCS,Hydrogen,0.0
828,2025,reg1,Electrolysis_PEM,Hydrogen,0.0
829,2026,reg1,Electrolysis_PEM,Hydrogen,0.0
830,2027,reg1,Electrolysis_PEM,Hydrogen,0.0
831,2028,reg1,Electrolysis_PEM,Hydrogen,0.0
832,2029,reg1,Electrolysis_PEM,Hydrogen,0.0
833,2030,reg1,Electrolysis_PEM,Hydrogen,0.0
834,2031,reg1,Electrolysis_PEM,Hydrogen,0.0
835,2032,reg1,Electrolysis_PEM,Hydrogen,0.0
836,2033,reg1,Electrolysis_PEM,Hydrogen,0.0
837,2034,reg1,Electrolysis_PEM,Hydrogen,0.0
838,2035,reg1,Electrolysis_PEM,Hydrogen,0.0
839,2036,reg1,Electrolysis_PEM,Hydrogen,0.0
840,2037,reg1,Electrolysis_PEM,Hydrogen,0.0
841,2038,reg1,Electrolysis_PEM,Hydrogen,0.0
842,2039,reg1,Electrolysis_PEM,Hydrogen,0.0
843,2040,reg1,Electrolysis_PEM,Hydrogen,0.0
844,2041,reg1,Electrolysis_PEM,Hydrogen,0.0
845,2042,reg1,Electrolysis_PEM,Hydrogen,0.0
846,2043,reg1,Electrolysis_PEM,Hydrogen,0.0
847,2044,reg1,Electrolysis_PEM,Hydrogen,0.0
848,2045,reg1,Electrolysis_PEM,Hydrogen,0.0
849,2046,reg1,Electrolysis_PEM,Hydrogen,0.0
850,2047,reg1,Electrolysis_PEM,Hydrogen,0.0
851,2048,reg1,Electrolysis_PEM,Hydrogen,0.0
852,2049,reg1,Electrolysis_PEM,Hydrogen,0.0
853,2050,reg1,Electrolysis_PEM,Hydrogen,0.0
854,2051,reg1,Electrolysis_PEM,Hydrogen,0.0
855,2052,reg1,Electrolysis_PEM,Hydrogen,0.0
856,2053,reg1,Electrolysis_PEM,Hydrogen,0.0
857,2054,reg1,Electrolysis_PEM,Hydrogen,0.0
858,2055,reg1,Electrolysis_PEM,Hydrogen,0.0
859,2056,reg1,Electrolysis_PEM,Hydrogen,0.0
860,2057,reg1,Electrolysis_PEM,Hydrogen,0.0
861,2058,reg1,Electrolysis_PEM,Hydrogen,0.0
862,2059,reg1,Electrolysis_PEM,Hydrogen,0.0
863,2060,reg1,Electrolysis_PEM,Hydrogen,0.0
864,2025,reg1,SFF_PP,Electricity,3141.437615999999
865,2026,reg1,SFF_PP,Electricity,2374.0616160000004
866,2027,reg1,SFF_PP,Electricity,1393.8176159999998
867,2028,reg1,SFF_PP,Electricity,1262.417616
868,2029,reg1,SFF_PP,Electricity,1123.1336160000003
869,2030,reg1,SFF_PP,Electricity,0.0
870,2031,reg1,SFF_PP,Electricity,0.0
871,2032,reg1,SFF_PP,Electricity,0.0
872,2033,reg1,SFF_PP,Electricity,0.0
873,2034,reg1,SFF_PP,Electricity,0.0
874,2035,reg1,SFF_PP,Electricity,0.0
875,2036,reg1,SFF_PP,Electricity,0.0
876,2037,reg1,SFF_PP,Electricity,0.0
877,2038,reg1,SFF_PP,Electricity,0.0
878,2039,reg1,SFF_PP,Electricity,0.0
879,2040,reg1,SFF_PP,Electricity,0.0
880,2041,reg1,SFF_PP,Electricity,0.0
881,2042,reg1,SFF_PP,Electricity,0.0
882,2043,reg1,SFF_PP,Electricity,0.0
883,2044,reg1,SFF_PP,Electricity,0.0
884,2045,reg1,SFF_PP,Electricity,0.0
885,2046,reg1,SFF_PP,Electricity,0.0
886,2047,reg1,SFF_PP,Electricity,0.0
887,2048,reg1,SFF_PP,Electricity,0.0
888,2049,reg1,SFF_PP,Electricity,0.0
889,2050,reg1,SFF_PP,Electricity,0.0
890,2051,reg1,SFF_PP,Electricity,0.0
891,2052,reg1,SFF_PP,Electricity,0.0
892,2053,reg1,SFF_PP,Electricity,0.0
893,2054,reg1,SFF_PP,Electricity,0.0
894,2055,reg1,SFF_PP,Electricity,0.0
895,2056,reg1,SFF_PP,Electricity,0.0
896,2057,reg1,SFF_PP,Electricity,0.0
897,2058,reg1,SFF_PP,Electricity,0.0
898,2059,reg1,SFF_PP,Electricity,0.0
899,2060,reg1,SFF_PP,Electricity,0.0
900,2025,reg1,Nuc_SMR_PP,Electricity,0.0
901,2026,reg1,Nuc_SMR_PP,Electricity,0.0
902,2027,reg1,Nuc_SMR_PP,Electricity,0.0
903,2028,reg1,Nuc_SMR_PP,Electricity,0.0
904,2029,reg1,Nuc_SMR_PP,Electricity,0.0
905,2030,reg1,Nuc_SMR_PP,Electricity,0.0
906,2031,reg1,Nuc_SMR_PP,Electricity,0.0
907,2032,reg1,Nuc_SMR_PP,Electricity,0.0
908,2033,reg1,Nuc_SMR_PP,Electricity,0.0
909,2034,reg1,Nuc_SMR_PP,Electricity,0.0
910,2035,reg1,Nuc_SMR_PP,Electricity,0.0
911,2036,reg1,Nuc_SMR_PP,Electricity,0.0
912,2037,reg1,Nuc_SMR_PP,Electricity,0.0
913,2038,reg1,Nuc_SMR_PP,Electricity,0.0
914,2039,reg1,Nuc_SMR_PP,Electricity,0.0
915,2040,reg1,Nuc_SMR_PP,Electricity,0.0
916,2041,reg1,Nuc_SMR_PP,Electricity,0.0
917,2042,reg1,Nuc_SMR_PP,Electricity,0.0
918,2043,reg1,Nuc_SMR_PP,Electricity,0.0
919,2044,reg1,Nuc_SMR_PP,Electricity,0.0
920,2045,reg1,Nuc_SMR_PP,Electricity,0.0
921,2046,reg1,Nuc_SMR_PP,Electricity,0.0
922,2047,reg1,Nuc_SMR_PP,Electricity,0.0
923,2048,reg1,Nuc_SMR_PP,Electricity,0.0
924,2049,reg1,Nuc_SMR_PP,Electricity,0.0
925,2050,reg1,Nuc_SMR_PP,Electricity,0.0
926,2051,reg1,Nuc_SMR_PP,Electricity,0.0
927,2052,reg1,Nuc_SMR_PP,Electricity,0.0
928,2053,reg1,Nuc_SMR_PP,Electricity,0.0
929,2054,reg1,Nuc_SMR_PP,Electricity,0.0
930,2055,reg1,Nuc_SMR_PP,Electricity,0.0
931,2056,reg1,Nuc_SMR_PP,Electricity,0.0
932,2057,reg1,Nuc_SMR_PP,Electricity,0.0
933,2058,reg1,Nuc_SMR_PP,Electricity,0.0
934,2059,reg1,Nuc_SMR_PP,Electricity,0.0
935,2060,reg1,Nuc_SMR_PP,Electricity,0.0
936,2025,reg1,Nuc_G3+_PP,Electricity,0.0
937,2026,reg1,Nuc_G3+_PP,Electricity,0.0
938,2027,reg1,Nuc_G3+_PP,Electricity,0.0
939,2028,reg1,Nuc_G3+_PP,Electricity,0.0
940,2029,reg1,Nuc_G3+_PP,Electricity,0.0
941,2030,reg1,Nuc_G3+_PP,Electricity,0.0
942,2031,reg1,Nuc_G3+_PP,Electricity,0.0
943,2032,reg1,Nuc_G3+_PP,Electricity,0.0
944,2033,reg1,Nuc_G3+_PP,Electricity,0.0
945,2034,reg1,Nuc_G3+_PP,Electricity,0.0
946,2035,reg1,Nuc_G3+_PP,Electricity,0.0
947,2036,reg1,Nuc_G3+_PP,Electricity,0.0
948,2037,reg1,Nuc_G3+_PP,Electricity,0.0
949,2038,reg1,Nuc_G3+_PP,Electricity,0.0
950,2039,reg1,Nuc_G3+_PP,Electricity,0.0
951,2040,reg1,Nuc_G3+_PP,Electricity,0.0
952,2041,reg1,Nuc_G3+_PP,Electricity,0.0
953,2042,reg1,Nuc_G3+_PP,Electricity,0.0
954,2043,reg1,Nuc_G3+_PP,Electricity,0.0
955,2044,reg1,Nuc_G3+_PP,Electricity,0.0
956,2045,reg1,Nuc_G3+_PP,Electricity,0.0
957,2046,reg1,Nuc_G3+_PP,Electricity,0.0
958,2047,reg1,Nuc_G3+_PP,Electricity,0.0
959,2048,reg1,Nuc_G3+_PP,Electricity,0.0
960,2049,reg1,Nuc_G3+_PP,Electricity,0.0
961,2050,reg1,Nuc_G3+_PP,Electricity,0.0
962,2051,reg1,Nuc_G3+_PP,Electricity,0.0
963,2052,reg1,Nuc_G3+_PP,Electricity,0.0
964,2053,reg1,Nuc_G3+_PP,Electricity,0.0
965,2054,reg1,Nuc_G3+_PP,Electricity,0.0
966,2055,reg1,Nuc_G3+_PP,Electricity,0.0
967,2056,reg1,Nuc_G3+_PP,Electricity,0.0
968,2057,reg1,Nuc_G3+_PP,Electricity,0.0
969,2058,reg1,Nuc_G3+_PP,Electricity,0.0
970,2059,reg1,Nuc_G3+_PP,Electricity,0.0
971,2060,reg1,Nuc_G3+_PP,Electricity,0.0
972,2025,reg1,Nuc_SMR_CHP,Nuc_CHP-Heat,0.0
973,2026,reg1,Nuc_SMR_CHP,Nuc_CHP-Heat,0.0
974,2027,reg1,Nuc_SMR_CHP,Nuc_CHP-Heat,0.0
975,2028,reg1,Nuc_SMR_CHP,Nuc_CHP-Heat,0.0
976,2029,reg1,Nuc_SMR_CHP,Nuc_CHP-Heat,0.0
977,2030,reg1,Nuc_SMR_CHP,Nuc_CHP-Heat,0.0
978,2031,reg1,Nuc_SMR_CHP,Nuc_CHP-Heat,0.0
979,2032,reg1,Nuc_SMR_CHP,Nuc_CHP-Heat,0.0
980,2033,reg1,Nuc_SMR_CHP,Nuc_CHP-Heat,0.0
981,2034,reg1,Nuc_SMR_CHP,Nuc_CHP-Heat,0.0
982,2035,reg1,Nuc_SMR_CHP,Nuc_CHP-Heat,0.0
983,2036,reg1,Nuc_SMR_CHP,Nuc_CHP-Heat,0.0
984,2037,reg1,Nuc_SMR_CHP,Nuc_CHP-Heat,0.0
985,2038,reg1,Nuc_SMR_CHP,Nuc_CHP-Heat,0.0
986,2039,reg1,Nuc_SMR_CHP,Nuc_CHP-Heat,0.0
987,2040,reg1,Nuc_SMR_CHP,Nuc_CHP-Heat,0.0
988,2041,reg1,Nuc_SMR_CHP,Nuc_CHP-Heat,0.0
989,2042,reg1,Nuc_SMR_CHP,Nuc_CHP-Heat,0.0
990,2043,reg1,Nuc_SMR_CHP,Nuc_CHP-Heat,0.0
991,2044,reg1,Nuc_SMR_CHP,Nuc_CHP-Heat,0.0
992,2045,reg1,Nuc_SMR_CHP,Nuc_CHP-Heat,0.0
993,2046,reg1,Nuc_SMR_CHP,Nuc_CHP-Heat,0.0
994,2047,reg1,Nuc_SMR_CHP,Nuc_CHP-Heat,0.0
995,2048,reg1,Nuc_SMR_CHP,Nuc_CHP-Heat,0.0
996,2049,reg1,Nuc_SMR_CHP,Nuc_CHP-Heat,0.0
997,2050,reg1,Nuc_SMR_CHP,Nuc_CHP-Heat,0.0
998,2051,reg1,Nuc_SMR_CHP,Nuc_CHP-Heat,0.0
999,2052,reg1,Nuc_SMR_CHP,Nuc_CHP-Heat,0.0
1000,2053,reg1,Nuc_SMR_CHP,Nuc_CHP-Heat,0.0
1001,2054,reg1,Nuc_SMR_CHP,Nuc_CHP-Heat,0.0
1002,2055,reg1,Nuc_SMR_CHP,Nuc_CHP-Heat,0.0
1003,2056,reg1,Nuc_SMR_CHP,Nuc_CHP-Heat,0.0
1004,2057,reg1,Nuc_SMR_CHP,Nuc_CHP-Heat,0.0
1005,2058,reg1,Nuc_SMR_CHP,Nuc_CHP-Heat,0.0
1006,2059,reg1,Nuc_SMR_CHP,Nuc_CHP-Heat,0.0
1007,2060,reg1,Nuc_SMR_CHP,Nuc_CHP-Heat,0.0
1008,2025,reg1,Nuc_SMR_Power-CHP,Electricity,0.0
1009,2026,reg1,Nuc_SMR_Power-CHP,Electricity,0.0
1010,2027,reg1,Nuc_SMR_Power-CHP,Electricity,0.0
1011,2028,reg1,Nuc_SMR_Power-CHP,Electricity,0.0
1012,2029,reg1,Nuc_SMR_Power-CHP,Electricity,0.0
1013,2030,reg1,Nuc_SMR_Power-CHP,Electricity,0.0
1014,2031,reg1,Nuc_SMR_Power-CHP,Electricity,0.0
1015,2032,reg1,Nuc_SMR_Power-CHP,Electricity,0.0
1016,2033,reg1,Nuc_SMR_Power-CHP,Electricity,0.0
1017,2034,reg1,Nuc_SMR_Power-CHP,Electricity,0.0
1018,2035,reg1,Nuc_SMR_Power-CHP,Electricity,0.0
1019,2036,reg1,Nuc_SMR_Power-CHP,Electricity,0.0
1020,2037,reg1,Nuc_SMR_Power-CHP,Electricity,0.0
1021,2038,reg1,Nuc_SMR_Power-CHP,Electricity,0.0
1022,2039,reg1,Nuc_SMR_Power-CHP,Electricity,0.0
1023,2040,reg1,Nuc_SMR_Power-CHP,Electricity,0.0
1024,2041,reg1,Nuc_SMR_Power-CHP,Electricity,0.0
1025,2042,reg1,Nuc_SMR_Power-CHP,Electricity,0.0
1026,2043,reg1,Nuc_SMR_Power-CHP,Electricity,0.0
1027,2044,reg1,Nuc_SMR_Power-CHP,Electricity,0.0
1028,2045,reg1,Nuc_SMR_Power-CHP,Electricity,0.0
1029,2046,reg1,Nuc_SMR_Power-CHP,Electricity,0.0
1030,2047,reg1,Nuc_SMR_Power-CHP,Electricity,0.0
1031,2048,reg1,Nuc_SMR_Power-CHP,Electricity,0.0
1032,2049,reg1,Nuc_SMR_Power-CHP,Electricity,0.0
1033,2050,reg1,Nuc_SMR_Power-CHP,Electricity,0.0
1034,2051,reg1,Nuc_SMR_Power-CHP,Electricity,0.0
1035,2052,reg1,Nuc_SMR_Power-CHP,Electricity,0.0
1036,2053,reg1,Nuc_SMR_Power-CHP,Electricity,0.0
1037,2054,reg1,Nuc_SMR_Power-CHP,Electricity,0.0
1038,2055,reg1,Nuc_SMR_Power-CHP,Electricity,0.0
1039,2056,reg1,Nuc_SMR_Power-CHP,Electricity,0.0
1040,2057,reg1,Nuc_SMR_Power-CHP,Electricity,0.0
1041,2058,reg1,Nuc_SMR_Power-CHP,Electricity,0.0
1042,2059,reg1,Nuc_SMR_Power-CHP,Electricity,0.0
1043,2060,reg1,Nuc_SMR_Power-CHP,Electricity,0.0
1044,2025,reg1,Nuc_SMR_Heat-CHP,Nuc_SMR-Heat,0.0
1045,2026,reg1,Nuc_SMR_Heat-CHP,Nuc_SMR-Heat,0.0
1046,2027,reg1,Nuc_SMR_Heat-CHP,Nuc_SMR-Heat,0.0
1047,2028,reg1,Nuc_SMR_Heat-CHP,Nuc_SMR-Heat,0.0
1048,2029,reg1,Nuc_SMR_Heat-CHP,Nuc_SMR-Heat,0.0
1049,2030,reg1,Nuc_SMR_Heat-CHP,Nuc_SMR-Heat,0.0
1050,2031,reg1,Nuc_SMR_Heat-CHP,Nuc_SMR-Heat,0.0
1051,2032,reg1,Nuc_SMR_Heat-CHP,Nuc_SMR-Heat,0.0
1052,2033,reg1,Nuc_SMR_Heat-CHP,Nuc_SMR-Heat,0.0
1053,2034,reg1,Nuc_SMR_Heat-CHP,Nuc_SMR-Heat,0.0
1054,2035,reg1,Nuc_SMR_Heat-CHP,Nuc_SMR-Heat,0.0
1055,2036,reg1,Nuc_SMR_Heat-CHP,Nuc_SMR-Heat,0.0
1056,2037,reg1,Nuc_SMR_Heat-CHP,Nuc_SMR-Heat,0.0
1057,2038,reg1,Nuc_SMR_Heat-CHP,Nuc_SMR-Heat,0.0
1058,2039,reg1,Nuc_SMR_Heat-CHP,Nuc_SMR-Heat,0.0
1059,2040,reg1,Nuc_SMR_Heat-CHP,Nuc_SMR-Heat,0.0
1060,2041,reg1,Nuc_SMR_Heat-CHP,Nuc_SMR-Heat,0.0
1061,2042,reg1,Nuc_SMR_Heat-CHP,Nuc_SMR-Heat,0.0
1062,2043,reg1,Nuc_SMR_Heat-CHP,Nuc_SMR-Heat,0.0
1063,2044,reg1,Nuc_SMR_Heat-CHP,Nuc_SMR-Heat,0.0
1064,2045,reg1,Nuc_SMR_Heat-CHP,Nuc_SMR-Heat,0.0
1065,2046,reg1,Nuc_SMR_Heat-CHP,Nuc_SMR-Heat,0.0
1066,2047,reg1,Nuc_SMR_Heat-CHP,Nuc_SMR-Heat,0.0
1067,2048,reg1,Nuc_SMR_Heat-CHP,Nuc_SMR-Heat,0.0
1068,2049,reg1,Nuc_SMR_Heat-CHP,Nuc_SMR-Heat,0.0
1069,2050,reg1,Nuc_SMR_Heat-CHP,Nuc_SMR-Heat,0.0
1070,2051,reg1,Nuc_SMR_Heat-CHP,Nuc_SMR-Heat,0.0
1071,2052,reg1,Nuc_SMR_Heat-CHP,Nuc_SMR-Heat,0.0
1072,2053,reg1,Nuc_SMR_Heat-CHP,Nuc_SMR-Heat,0.0
1073,2054,reg1,Nuc_SMR_Heat-CHP,Nuc_SMR-Heat,0.0
1074,2055,reg1,Nuc_SMR_Heat-CHP,Nuc_SMR-Heat,0.0
1075,2056,reg1,Nuc_SMR_Heat-CHP,Nuc_SMR-Heat,0.0
1076,2057,reg1,Nuc_SMR_Heat-CHP,Nuc_SMR-Heat,0.0
1077,2058,reg1,Nuc_SMR_Heat-CHP,Nuc_SMR-Heat,0.0
1078,2059,reg1,Nuc_SMR_Heat-CHP,Nuc_SMR-Heat,0.0
1079,2060,reg1,Nuc_SMR_Heat-CHP,Nuc_SMR-Heat,0.0
1080,2025,reg1,Nuc_SMR-H2_CHP,Nuc_CHP-H2-Heat,0.0
1081,2026,reg1,Nuc_SMR-H2_CHP,Nuc_CHP-H2-Heat,0.0
1082,2027,reg1,Nuc_SMR-H2_CHP,Nuc_CHP-H2-Heat,0.0
1083,2028,reg1,Nuc_SMR-H2_CHP,Nuc_CHP-H2-Heat,0.0
1084,2029,reg1,Nuc_SMR-H2_CHP,Nuc_CHP-H2-Heat,0.0
1085,2030,reg1,Nuc_SMR-H2_CHP,Nuc_CHP-H2-Heat,0.0
1086,2031,reg1,Nuc_SMR-H2_CHP,Nuc_CHP-H2-Heat,0.0
1087,2032,reg1,Nuc_SMR-H2_CHP,Nuc_CHP-H2-Heat,0.0
1088,2033,reg1,Nuc_SMR-H2_CHP,Nuc_CHP-H2-Heat,0.0
1089,2034,reg1,Nuc_SMR-H2_CHP,Nuc_CHP-H2-Heat,0.0
1090,2035,reg1,Nuc_SMR-H2_CHP,Nuc_CHP-H2-Heat,0.0
1091,2036,reg1,Nuc_SMR-H2_CHP,Nuc_CHP-H2-Heat,0.0
1092,2037,reg1,Nuc_SMR-H2_CHP,Nuc_CHP-H2-Heat,0.0
1093,2038,reg1,Nuc_SMR-H2_CHP,Nuc_CHP-H2-Heat,0.0
1094,2039,reg1,Nuc_SMR-H2_CHP,Nuc_CHP-H2-Heat,0.0
1095,2040,reg1,Nuc_SMR-H2_CHP,Nuc_CHP-H2-Heat,0.0
1096,2041,reg1,Nuc_SMR-H2_CHP,Nuc_CHP-H2-Heat,0.0
1097,2042,reg1,Nuc_SMR-H2_CHP,Nuc_CHP-H2-Heat,0.0
1098,2043,reg1,Nuc_SMR-H2_CHP,Nuc_CHP-H2-Heat,0.0
1099,2044,reg1,Nuc_SMR-H2_CHP,Nuc_CHP-H2-Heat,0.0
1100,2045,reg1,Nuc_SMR-H2_CHP,Nuc_CHP-H2-Heat,0.0
1101,2046,reg1,Nuc_SMR-H2_CHP,Nuc_CHP-H2-Heat,0.0
1102,2047,reg1,Nuc_SMR-H2_CHP,Nuc_CHP-H2-Heat,0.0
1103,2048,reg1,Nuc_SMR-H2_CHP,Nuc_CHP-H2-Heat,0.0
1104,2049,reg1,Nuc_SMR-H2_CHP,Nuc_CHP-H2-Heat,0.0
1105,2050,reg1,Nuc_SMR-H2_CHP,Nuc_CHP-H2-Heat,0.0
1106,2051,reg1,Nuc_SMR-H2_CHP,Nuc_CHP-H2-Heat,0.0
1107,2052,reg1,Nuc_SMR-H2_CHP,Nuc_CHP-H2-Heat,0.0
1108,2053,reg1,Nuc_SMR-H2_CHP,Nuc_CHP-H2-Heat,0.0
1109,2054,reg1,Nuc_SMR-H2_CHP,Nuc_CHP-H2-Heat,0.0
1110,2055,reg1,Nuc_SMR-H2_CHP,Nuc_CHP-H2-Heat,0.0
1111,2056,reg1,Nuc_SMR-H2_CHP,Nuc_CHP-H2-Heat,0.0
1112,2057,reg1,Nuc_SMR-H2_CHP,Nuc_CHP-H2-Heat,0.0
1113,2058,reg1,Nuc_SMR-H2_CHP,Nuc_CHP-H2-Heat,0.0
1114,2059,reg1,Nuc_SMR-H2_CHP,Nuc_CHP-H2-Heat,0.0
1115,2060,reg1,Nuc_SMR-H2_CHP,Nuc_CHP-H2-Heat,1.7478090217931338e-07
1116,2025,reg1,Nuc_SMR-H2_Power-CHP,Electricity,0.0
1117,2026,reg1,Nuc_SMR-H2_Power-CHP,Electricity,0.0
1118,2027,reg1,Nuc_SMR-H2_Power-CHP,Electricity,0.0
1119,2028,reg1,Nuc_SMR-H2_Power-CHP,Electricity,0.0
1120,2029,reg1,Nuc_SMR-H2_Power-CHP,Electricity,0.0
1121,2030,reg1,Nuc_SMR-H2_Power-CHP,Electricity,0.0
1122,2031,reg1,Nuc_SMR-H2_Power-CHP,Electricity,0.0
1123,2032,reg1,Nuc_SMR-H2_Power-CHP,Electricity,0.0
1124,2033,reg1,Nuc_SMR-H2_Power-CHP,Electricity,0.0
1125,2034,reg1,Nuc_SMR-H2_Power-CHP,Electricity,0.0
1126,2035,reg1,Nuc_SMR-H2_Power-CHP,Electricity,0.0
1127,2036,reg1,Nuc_SMR-H2_Power-CHP,Electricity,0.0
1128,2037,reg1,Nuc_SMR-H2_Power-CHP,Electricity,0.0
1129,2038,reg1,Nuc_SMR-H2_Power-CHP,Electricity,0.0
1130,2039,reg1,Nuc_SMR-H2_Power-CHP,Electricity,0.0
1131,2040,reg1,Nuc_SMR-H2_Power-CHP,Electricity,0.0
1132,2041,reg1,Nuc_SMR-H2_Power-CHP,Electricity,0.0
1133,2042,reg1,Nuc_SMR-H2_Power-CHP,Electricity,0.0
1134,2043,reg1,Nuc_SMR-H2_Power-CHP,Electricity,0.0
1135,2044,reg1,Nuc_SMR-H2_Power-CHP,Electricity,0.0
1136,2045,reg1,Nuc_SMR-H2_Power-CHP,Electricity,0.0
1137,2046,reg1,Nuc_SMR-H2_Power-CHP,Electricity,0.0
1138,2047,reg1,Nuc_SMR-H2_Power-CHP,Electricity,0.0
1139,2048,reg1,Nuc_SMR-H2_Power-CHP,Electricity,0.0
1140,2049,reg1,Nuc_SMR-H2_Power-CHP,Electricity,0.0
1141,2050,reg1,Nuc_SMR-H2_Power-CHP,Electricity,0.0
1142,2051,reg1,Nuc_SMR-H2_Power-CHP,Electricity,0.0
1143,2052,reg1,Nuc_SMR-H2_Power-CHP,Electricity,0.0
1144,2053,reg1,Nuc_SMR-H2_Power-CHP,Electricity,0.0
1145,2054,reg1,Nuc_SMR-H2_Power-CHP,Electricity,0.0
1146,2055,reg1,Nuc_SMR-H2_Power-CHP,Electricity,0.0
1147,2056,reg1,Nuc_SMR-H2_Power-CHP,Electricity,0.0
1148,2057,reg1,Nuc_SMR-H2_Power-CHP,Electricity,0.0
1149,2058,reg1,Nuc_SMR-H2_Power-CHP,Electricity,0.0
1150,2059,reg1,Nuc_SMR-H2_Power-CHP,Electricity,0.0
1151,2060,reg1,Nuc_SMR-H2_Power-CHP,Electricity,5.0168592292210326e-08
1152,2025,reg1,Nuc_SMR-H2_Heat-CHP,Nuc_SMR-H2-Heat,0.0
1153,2026,reg1,Nuc_SMR-H2_Heat-CHP,Nuc_SMR-H2-Heat,0.0
1154,2027,reg1,Nuc_SMR-H2_Heat-CHP,Nuc_SMR-H2-Heat,0.0
1155,2028,reg1,Nuc_SMR-H2_Heat-CHP,Nuc_SMR-H2-Heat,0.0
1156,2029,reg1,Nuc_SMR-H2_Heat-CHP,Nuc_SMR-H2-Heat,0.0
1157,2030,reg1,Nuc_SMR-H2_Heat-CHP,Nuc_SMR-H2-Heat,0.0
1158,2031,reg1,Nuc_SMR-H2_Heat-CHP,Nuc_SMR-H2-Heat,0.0
1159,2032,reg1,Nuc_SMR-H2_Heat-CHP,Nuc_SMR-H2-Heat,0.0
1160,2033,reg1,Nuc_SMR-H2_Heat-CHP,Nuc_SMR-H2-Heat,0.0
1161,2034,reg1,Nuc_SMR-H2_Heat-CHP,Nuc_SMR-H2-Heat,0.0
1162,2035,reg1,Nuc_SMR-H2_Heat-CHP,Nuc_SMR-H2-Heat,0.0
1163,2036,reg1,Nuc_SMR-H2_Heat-CHP,Nuc_SMR-H2-Heat,0.0
1164,2037,reg1,Nuc_SMR-H2_Heat-CHP,Nuc_SMR-H2-Heat,0.0
1165,2038,reg1,Nuc_SMR-H2_Heat-CHP,Nuc_SMR-H2-Heat,0.0
1166,2039,reg1,Nuc_SMR-H2_Heat-CHP,Nuc_SMR-H2-Heat,0.0
1167,2040,reg1,Nuc_SMR-H2_Heat-CHP,Nuc_SMR-H2-Heat,0.0
1168,2041,reg1,Nuc_SMR-H2_Heat-CHP,Nuc_SMR-H2-Heat,0.0
1169,2042,reg1,Nuc_SMR-H2_Heat-CHP,Nuc_SMR-H2-Heat,0.0
1170,2043,reg1,Nuc_SMR-H2_Heat-CHP,Nuc_SMR-H2-Heat,0.0
1171,2044,reg1,Nuc_SMR-H2_Heat-CHP,Nuc_SMR-H2-Heat,0.0
1172,2045,reg1,Nuc_SMR-H2_Heat-CHP,Nuc_SMR-H2-Heat,0.0
1173,2046,reg1,Nuc_SMR-H2_Heat-CHP,Nuc_SMR-H2-Heat,0.0
1174,2047,reg1,Nuc_SMR-H2_Heat-CHP,Nuc_SMR-H2-Heat,0.0
1175,2048,reg1,Nuc_SMR-H2_Heat-CHP,Nuc_SMR-H2-Heat,0.0
1176,2049,reg1,Nuc_SMR-H2_Heat-CHP,Nuc_SMR-H2-Heat,0.0
1177,2050,reg1,Nuc_SMR-H2_Heat-CHP,Nuc_SMR-H2-Heat,0.0
1178,2051,reg1,Nuc_SMR-H2_Heat-CHP,Nuc_SMR-H2-Heat,0.0
1179,2052,reg1,Nuc_SMR-H2_Heat-CHP,Nuc_SMR-H2-Heat,0.0
1180,2053,reg1,Nuc_SMR-H2_Heat-CHP,Nuc_SMR-H2-Heat,0.0
1181,2054,reg1,Nuc_SMR-H2_Heat-CHP,Nuc_SMR-H2-Heat,0.0
1182,2055,reg1,Nuc_SMR-H2_Heat-CHP,Nuc_SMR-H2-Heat,0.0
1183,2056,reg1,Nuc_SMR-H2_Heat-CHP,Nuc_SMR-H2-Heat,0.0
1184,2057,reg1,Nuc_SMR-H2_Heat-CHP,Nuc_SMR-H2-Heat,0.0
1185,2058,reg1,Nuc_SMR-H2_Heat-CHP,Nuc_SMR-H2-Heat,0.0
1186,2059,reg1,Nuc_SMR-H2_Heat-CHP,Nuc_SMR-H2-Heat,1.0618295307581268e-06
1187,2060,reg1,Nuc_SMR-H2_Heat-CHP,Nuc_SMR-H2-Heat,0.0
1188,2025,reg1,NGCC-CCS_CHP,NGCC_CHP-Heat,0.0
1189,2026,reg1,NGCC-CCS_CHP,NGCC_CHP-Heat,0.0
1190,2027,reg1,NGCC-CCS_CHP,NGCC_CHP-Heat,0.0
1191,2028,reg1,NGCC-CCS_CHP,NGCC_CHP-Heat,0.0
1192,2029,reg1,NGCC-CCS_CHP,NGCC_CHP-Heat,0.0
1193,2030,reg1,NGCC-CCS_CHP,NGCC_CHP-Heat,0.0
1194,2031,reg1,NGCC-CCS_CHP,NGCC_CHP-Heat,0.0
1195,2032,reg1,NGCC-CCS_CHP,NGCC_CHP-Heat,0.0
1196,2033,reg1,NGCC-CCS_CHP,NGCC_CHP-Heat,0.0
1197,2034,reg1,NGCC-CCS_CHP,NGCC_CHP-Heat,0.0
1198,2035,reg1,NGCC-CCS_CHP,NGCC_CHP-Heat,0.0
1199,2036,reg1,NGCC-CCS_CHP,NGCC_CHP-Heat,0.0
1200,2037,reg1,NGCC-CCS_CHP,NGCC_CHP-Heat,0.0
1201,2038,reg1,NGCC-CCS_CHP,NGCC_CHP-Heat,0.0
1202,2039,reg1,NGCC-CCS_CHP,NGCC_CHP-Heat,0.0
1203,2040,reg1,NGCC-CCS_CHP,NGCC_CHP-Heat,0.0
1204,2041,reg1,NGCC-CCS_CHP,NGCC_CHP-Heat,0.0
1205,2042,reg1,NGCC-CCS_CHP,NGCC_CHP-Heat,0.0
1206,2043,reg1,NGCC-CCS_CHP,NGCC_CHP-Heat,0.0
1207,2044,reg1,NGCC-CCS_CHP,NGCC_CHP-Heat,0.0
1208,2045,reg1,NGCC-CCS_CHP,NGCC_CHP-Heat,0.0
1209,2046,reg1,NGCC-CCS_CHP,NGCC_CHP-Heat,0.0
1210,2047,reg1,NGCC-CCS_CHP,NGCC_CHP-Heat,0.0
1211,2048,reg1,NGCC-CCS_CHP,NGCC_CHP-Heat,0.0
1212,2049,reg1,NGCC-CCS_CHP,NGCC_CHP-Heat,0.0
1213,2050,reg1,NGCC-CCS_CHP,NGCC_CHP-Heat,0.0
1214,2051,reg1,NGCC-CCS_CHP,NGCC_CHP-Heat,0.0
1215,2052,reg1,NGCC-CCS_CHP,NGCC_CHP-Heat,0.0
1216,2053,reg1,NGCC-CCS_CHP,NGCC_CHP-Heat,0.0
1217,2054,reg1,NGCC-CCS_CHP,NGCC_CHP-Heat,0.0
1218,2055,reg1,NGCC-CCS_CHP,NGCC_CHP-Heat,0.0
1219,2056,reg1,NGCC-CCS_CHP,NGCC_CHP-Heat,0.0
1220,2057,reg1,NGCC-CCS_CHP,NGCC_CHP-Heat,0.0
1221,2058,reg1,NGCC-CCS_CHP,NGCC_CHP-Heat,0.0
1222,2059,reg1,NGCC-CCS_CHP,NGCC_CHP-Heat,0.0
1223,2060,reg1,NGCC-CCS_CHP,NGCC_CHP-Heat,0.0
1224,2025,reg1,NGCC-CCS_Power-CHP,Electricity,0.0
1225,2026,reg1,NGCC-CCS_Power-CHP,Electricity,0.0
1226,2027,reg1,NGCC-CCS_Power-CHP,Electricity,0.0
1227,2028,reg1,NGCC-CCS_Power-CHP,Electricity,0.0
1228,2029,reg1,NGCC-CCS_Power-CHP,Electricity,0.0
1229,2030,reg1,NGCC-CCS_Power-CHP,Electricity,0.0
1230,2031,reg1,NGCC-CCS_Power-CHP,Electricity,0.0
1231,2032,reg1,NGCC-CCS_Power-CHP,Electricity,0.0
1232,2033,reg1,NGCC-CCS_Power-CHP,Electricity,0.0
1233,2034,reg1,NGCC-CCS_Power-CHP,Electricity,0.0
1234,2035,reg1,NGCC-CCS_Power-CHP,Electricity,0.0
1235,2036,reg1,NGCC-CCS_Power-CHP,Electricity,0.0
1236,2037,reg1,NGCC-CCS_Power-CHP,Electricity,0.0
1237,2038,reg1,NGCC-CCS_Power-CHP,Electricity,0.0
1238,2039,reg1,NGCC-CCS_Power-CHP,Electricity,0.0
1239,2040,reg1,NGCC-CCS_Power-CHP,Electricity,0.0
1240,2041,reg1,NGCC-CCS_Power-CHP,Electricity,0.0
1241,2042,reg1,NGCC-CCS_Power-CHP,Electricity,0.0
1242,2043,reg1,NGCC-CCS_Power-CHP,Electricity,0.0
1243,2044,reg1,NGCC-CCS_Power-CHP,Electricity,0.0
1244,2045,reg1,NGCC-CCS_Power-CHP,Electricity,0.0
1245,2046,reg1,NGCC-CCS_Power-CHP,Electricity,0.0
1246,2047,reg1,NGCC-CCS_Power-CHP,Electricity,0.0
1247,2048,reg1,NGCC-CCS_Power-CHP,Electricity,0.0
1248,2049,reg1,NGCC-CCS_Power-CHP,Electricity,0.0
1249,2050,reg1,NGCC-CCS_Power-CHP,Electricity,0.0
1250,2051,reg1,NGCC-CCS_Power-CHP,Electricity,0.0
1251,2052,reg1,NGCC-CCS_Power-CHP,Electricity,0.0
1252,2053,reg1,NGCC-CCS_Power-CHP,Electricity,0.0
1253,2054,reg1,NGCC-CCS_Power-CHP,Electricity,0.0
1254,2055,reg1,NGCC-CCS_Power-CHP,Electricity,0.0
1255,2056,reg1,NGCC-CCS_Power-CHP,Electricity,0.0
1256,2057,reg1,NGCC-CCS_Power-CHP,Electricity,0.0
1257,2058,reg1,NGCC-CCS_Power-CHP,Electricity,0.0
1258,2059,reg1,NGCC-CCS_Power-CHP,Electricity,0.0
1259,2060,reg1,NGCC-CCS_Power-CHP,Electricity,0.0
1260,2025,reg1,NGCC-CCS_Heat-CHP,Heat,0.0
1261,2026,reg1,NGCC-CCS_Heat-CHP,Heat,0.0
1262,2027,reg1,NGCC-CCS_Heat-CHP,Heat,0.0
1263,2028,reg1,NGCC-CCS_Heat-CHP,Heat,0.0
1264,2029,reg1,NGCC-CCS_Heat-CHP,Heat,0.0
1265,2030,reg1,NGCC-CCS_Heat-CHP,Heat,0.0
1266,2031,reg1,NGCC-CCS_Heat-CHP,Heat,0.0
1267,2032,reg1,NGCC-CCS_Heat-CHP,Heat,0.0
1268,2033,reg1,NGCC-CCS_Heat-CHP,Heat,0.0
1269,2034,reg1,NGCC-CCS_Heat-CHP,Heat,0.0
1270,2035,reg1,NGCC-CCS_Heat-CHP,Heat,0.0
1271,2036,reg1,NGCC-CCS_Heat-CHP,Heat,0.0
1272,2037,reg1,NGCC-CCS_Heat-CHP,Heat,0.0
1273,2038,reg1,NGCC-CCS_Heat-CHP,Heat,0.0
1274,2039,reg1,NGCC-CCS_Heat-CHP,Heat,0.0
1275,2040,reg1,NGCC-CCS_Heat-CHP,Heat,0.0
1276,2041,reg1,NGCC-CCS_Heat-CHP,Heat,0.0
1277,2042,reg1,NGCC-CCS_Heat-CHP,Heat,0.0
1278,2043,reg1,NGCC-CCS_Heat-CHP,Heat,0.0
1279,2044,reg1,NGCC-CCS_Heat-CHP,Heat,0.0
1280,2045,reg1,NGCC-CCS_Heat-CHP,Heat,0.0
1281,2046,reg1,NGCC-CCS_Heat-CHP,Heat,0.0
1282,2047,reg1,NGCC-CCS_Heat-CHP,Heat,0.0
1283,2048,reg1,NGCC-CCS_Heat-CHP,Heat,0.0
1284,2049,reg1,NGCC-CCS_Heat-CHP,Heat,0.0
1285,2050,reg1,NGCC-CCS_Heat-CHP,Heat,0.0
1286,2051,reg1,NGCC-CCS_Heat-CHP,Heat,0.0
1287,2052,reg1,NGCC-CCS_Heat-CHP,Heat,0.0
1288,2053,reg1,NGCC-CCS_Heat-CHP,Heat,0.0
1289,2054,reg1,NGCC-CCS_Heat-CHP,Heat,0.0
1290,2055,reg1,NGCC-CCS_Heat-CHP,Heat,0.0
1291,2056,reg1,NGCC-CCS_Heat-CHP,Heat,0.0
1292,2057,reg1,NGCC-CCS_Heat-CHP,Heat,0.0
1293,2058,reg1,NGCC-CCS_Heat-CHP,Heat,0.0
1294,2059,reg1,NGCC-CCS_Heat-CHP,Heat,0.0
1295,2060,reg1,NGCC-CCS_Heat-CHP,Heat,0.0
1296,2025,reg1,NG_PP,Electricity,44559.68287971747
1297,2026,reg1,NG_PP,Electricity,45411.96264874044
1298,2027,reg1,NG_PP,Electricity,37110.43446456037
1299,2028,reg1,NG_PP,Electricity,31795.895844041184
1300,2029,reg1,NG_PP,Electricity,31287.422268285554
1301,2030,reg1,NG_PP,Electricity,27954.053842936824
1302,2031,reg1,NG_PP,Electricity,27417.764743734675
1303,2032,reg1,NG_PP,Electricity,26402.81476772931
1304,2033,reg1,NG_PP,Electricity,30707.19584467927
1305,2034,reg1,NG_PP,Electricity,35439.94005956913
1306,2035,reg1,NG_PP,Electricity,38452.72549751877
1307,2036,reg1,NG_PP,Electricity,38215.41335111582
1308,2037,reg1,NG_PP,Electricity,45127.75991455411
1309,2038,reg1,NG_PP,Electricity,50561.435410374266
1310,2039,reg1,NG_PP,Electricity,56128.354749796825
1311,2040,reg1,NG_PP,Electricity,57087.43851426752
1312,2041,reg1,NG_PP,Electricity,63790.51384560948
1313,2042,reg1,NG_PP,Electricity,70239.95230716039
1314,2043,reg1,NG_PP,Electricity,75817.97231745618
1315,2044,reg1,NG_PP,Electricity,73203.33120568575
1316,2045,reg1,NG_PP,Electricity,71294.40811122506
1317,2046,reg1,NG_PP,Electricity,66581.53676232853
1318,2047,reg1,NG_PP,Electricity,63760.465415138024
1319,2048,reg1,NG_PP,Electricity,60205.510420958264
1320,2049,reg1,NG_PP,Electricity,55390.36423578375
1321,2050,reg1,NG_PP,Electricity,49414.28057756975
1322,2051,reg1,NG_PP,Electricity,49619.2699325454
1323,2052,reg1,NG_PP,Electricity,49569.92360233073
1324,2053,reg1,NG_PP,Electricity,49905.10144605782
1325,2054,reg1,NG_PP,Electricity,50240.27928978551
1326,2055,reg1,NG_PP,Electricity,51581.968193957306
1327,2056,reg1,NG_PP,Electricity,51935.641583369565
1328,2057,reg1,NG_PP,Electricity,51935.641583369565
1329,2058,reg1,NG_PP,Electricity,52183.639607745135
1330,2059,reg1,NG_PP,Electricity,57254.2851206263
1331,2060,reg1,NG_PP,Electricity,64651.65786705741
1332,2025,reg1,NG_PP_CCS,Electricity,0.0
1333,2026,reg1,NG_PP_CCS,Electricity,0.0
1334,2027,reg1,NG_PP_CCS,Electricity,0.0
1335,2028,reg1,NG_PP_CCS,Electricity,0.0
1336,2029,reg1,NG_PP_CCS,Electricity,0.0
1337,2030,reg1,NG_PP_CCS,Electricity,0.0
1338,2031,reg1,NG_PP_CCS,Electricity,0.0
1339,2032,reg1,NG_PP_CCS,Electricity,0.0
1340,2033,reg1,NG_PP_CCS,Electricity,0.0
1341,2034,reg1,NG_PP_CCS,Electricity,0.0
1342,2035,reg1,NG_PP_CCS,Electricity,0.0
1343,2036,reg1,NG_PP_CCS,Electricity,0.0
1344,2037,reg1,NG_PP_CCS,Electricity,0.0
1345,2038,reg1,NG_PP_CCS,Electricity,0.0
1346,2039,reg1,NG_PP_CCS,Electricity,0.0
1347,2040,reg1,NG_PP_CCS,Electricity,0.0
1348,2041,reg1,NG_PP_CCS,Electricity,0.0
1349,2042,reg1,NG_PP_CCS,Electricity,0.0
1350,2043,reg1,NG_PP_CCS,Electricity,0.0
1351,2044,reg1,NG_PP_CCS,Electricity,0.0
1352,2045,reg1,NG_PP_CCS,Electricity,0.0
1353,2046,reg1,NG_PP_CCS,Electricity,0.0
1354,2047,reg1,NG_PP_CCS,Electricity,0.0
1355,2048,reg1,NG_PP_CCS,Electricity,0.0
1356,2049,reg1,NG_PP_CCS,Electricity,0.0
1357,2050,reg1,NG_PP_CCS,Electricity,0.0
1358,2051,reg1,NG_PP_CCS,Electricity,0.0
1359,2052,reg1,NG_PP_CCS,Electricity,0.0
1360,2053,reg1,NG_PP_CCS,Electricity,0.0
1361,2054,reg1,NG_PP_CCS,Electricity,0.0
1362,2055,reg1,NG_PP_CCS,Electricity,0.0
1363,2056,reg1,NG_PP_CCS,Electricity,0.0
1364,2057,reg1,NG_PP_CCS,Electricity,0.0
1365,2058,reg1,NG_PP_CCS,Electricity,0.0
1366,2059,reg1,NG_PP_CCS,Electricity,0.0
1367,2060,reg1,NG_PP_CCS,Electricity,0.0
1368,2025,reg1,Electrolysis_HTSE,Hydrogen,0.0
1369,2026,reg1,Electrolysis_HTSE,Hydrogen,0.0
1370,2027,reg1,Electrolysis_HTSE,Hydrogen,0.0
1371,2028,reg1,Electrolysis_HTSE,Hydrogen,0.0
1372,2029,reg1,Electrolysis_HTSE,Hydrogen,0.0
1373,2030,reg1,Electrolysis_HTSE,Hydrogen,0.0
1374,2031,reg1,Electrolysis_HTSE,Hydrogen,0.0
1375,2032,reg1,Electrolysis_HTSE,Hydrogen,0.0
1376,2033,reg1,Electrolysis_HTSE,Hydrogen,0.0
1377,2034,reg1,Electrolysis_HTSE,Hydrogen,0.0
1378,2035,reg1,Electrolysis_HTSE,Hydrogen,0.0
1379,2036,reg1,Electrolysis_HTSE,Hydrogen,0.0
1380,2037,reg1,Electrolysis_HTSE,Hydrogen,0.0
1381,2038,reg1,Electrolysis_HTSE,Hydrogen,0.0
1382,2039,reg1,Electrolysis_HTSE,Hydrogen,0.0
1383,2040,reg1,Electrolysis_HTSE,Hydrogen,0.0
1384,2041,reg1,Electrolysis_HTSE,Hydrogen,0.0
1385,2042,reg1,Electrolysis_HTSE,Hydrogen,0.0
1386,2043,reg1,Electrolysis_HTSE,Hydrogen,0.0
1387,2044,reg1,Electrolysis_HTSE,Hydrogen,0.0
1388,2045,reg1,Electrolysis_HTSE,Hydrogen,0.0
1389,2046,reg1,Electrolysis_HTSE,Hydrogen,0.0
1390,2047,reg1,Electrolysis_HTSE,Hydrogen,0.0
1391,2048,reg1,Electrolysis_HTSE,Hydrogen,0.0
1392,2049,reg1,Electrolysis_HTSE,Hydrogen,0.0
1393,2050,reg1,Electrolysis_HTSE,Hydrogen,0.0
1394,2051,reg1,Electrolysis_HTSE,Hydrogen,0.0
1395,2052,reg1,Electrolysis_HTSE,Hydrogen,0.0
1396,2053,reg1,Electrolysis_HTSE,Hydrogen,0.0
1397,2054,reg1,Electrolysis_HTSE,Hydrogen,0.0
1398,2055,reg1,Electrolysis_HTSE,Hydrogen,0.0
1399,2056,reg1,Electrolysis_HTSE,Hydrogen,0.0
1400,2057,reg1,Electrolysis_HTSE,Hydrogen,0.0
1401,2058,reg1,Electrolysis_HTSE,Hydrogen,5.62711925845684e-08
1402,2059,reg1,Electrolysis_HTSE,Hydrogen,4.0654665430210485e-06
1403,2060,reg1,Electrolysis_HTSE,Hydrogen,9.294308256357912e-08
1404,2025,reg1,NG_CHP_P,Electricity,74739.60902740592
1405,2026,reg1,NG_CHP_P,Electricity,77996.5124831621
1406,2027,reg1,NG_CHP_P,Electricity,81150.86107708237
1407,2028,reg1,NG_CHP_P,Electricity,82592.37613439998
1408,2029,reg1,NG_CHP_P,Electricity,79533.40095360002
1409,2030,reg1,NG_CHP_P,Electricity,76474.42577280004
1410,2031,reg1,NG_CHP_P,Electricity,73415.45059200004
1411,2032,reg1,NG_CHP_P,Electricity,70356.47541120004
1412,2033,reg1,NG_CHP_P,Electricity,67297.50023040005
1413,2034,reg1,NG_CHP_P,Electricity,64238.52504960002
1414,2035,reg1,NG_CHP_P,Electricity,61179.54986880003
1415,2036,reg1,NG_CHP_P,Electricity,58120.574688000015
1416,2037,reg1,NG_CHP_P,Electricity,55061.59950720002
1417,2038,reg1,NG_CHP_P,Electricity,52002.62432640003
1418,2039,reg1,NG_CHP_P,Electricity,49667.9903362947
1419,2040,reg1,NG_CHP_P,Electricity,50089.39843496879
1420,2041,reg1,NG_CHP_P,Electricity,51602.2475101694
1421,2042,reg1,NG_CHP_P,Electricity,53036.739805132216
1422,2043,reg1,NG_CHP_P,Electricity,54445.78265366138
1423,2044,reg1,NG_CHP_P,Electricity,55757.447966962216
1424,2045,reg1,NG_CHP_P,Electricity,56375.77363534495
1425,2046,reg1,NG_CHP_P,Electricity,59640.80901045684
1426,2047,reg1,NG_CHP_P,Electricity,60331.48264120201
1427,2048,reg1,NG_CHP_P,Electricity,61015.57684089213
1428,2049,reg1,NG_CHP_P,Electricity,61086.40038462216
1429,2050,reg1,NG_CHP_P,Electricity,61361.59112894168
1430,2051,reg1,NG_CHP_P,Electricity,62264.71261262654
1431,2052,reg1,NG_CHP_P,Electricity,63080.07652982241
1432,2053,reg1,NG_CHP_P,Electricity,63973.784254110644
1433,2054,reg1,NG_CHP_P,Electricity,64867.491978398786
1434,2055,reg1,NG_CHP_P,Electricity,64511.13325928726
1435,2056,reg1,NG_CHP_P,Electricity,65002.71490420896
1436,2057,reg1,NG_CHP_P,Electricity,65002.71490420897
1437,2058,reg1,NG_CHP_P,Electricity,65005.879118394914
1438,2059,reg1,NG_CHP_P,Electricity,65429.93004698419
1439,2060,reg1,NG_CHP_P,Electricity,68039.26793466431
1440,2025,reg1,NG_CHP_P,Heat,38502.22283230002
1441,2026,reg1,NG_CHP_P,Heat,40180.02158223503
1442,2027,reg1,NG_CHP_P,Heat,41804.9890397091
1443,2028,reg1,NG_CHP_P,Heat,42547.587705599995
1444,2029,reg1,NG_CHP_P,Heat,40971.75200640001
1445,2030,reg1,NG_CHP_P,Heat,39395.916307200016
1446,2031,reg1,NG_CHP_P,Heat,37820.08060800002
1447,2032,reg1,NG_CHP_P,Heat,36244.24490880002
1448,2033,reg1,NG_CHP_P,Heat,34668.40920960003
1449,2034,reg1,NG_CHP_P,Heat,33092.57351040001
1450,2035,reg1,NG_CHP_P,Heat,31516.737811200015
1451,2036,reg1,NG_CHP_P,Heat,29940.902112000007
1452,2037,reg1,NG_CHP_P,Heat,28365.066412800013
1453,2038,reg1,NG_CHP_P,Heat,26789.230713600016
1454,2039,reg1,NG_CHP_P,Heat,25586.54047627303
1455,2040,reg1,NG_CHP_P,Heat,25803.629496802107
1456,2041,reg1,NG_CHP_P,Heat,26582.975990087267
1457,2042,reg1,NG_CHP_P,Heat,27321.956869310536
1458,2043,reg1,NG_CHP_P,Heat,28047.82742764374
1459,2044,reg1,NG_CHP_P,Heat,28723.533801162353
1460,2045,reg1,NG_CHP_P,Heat,29042.065206086794
1461,2046,reg1,NG_CHP_P,Heat,30724.053126598978
1462,2047,reg1,NG_CHP_P,Heat,31079.85469395255
1463,2048,reg1,NG_CHP_P,Heat,31432.26685742928
1464,2049,reg1,NG_CHP_P,Heat,31468.751713290203
1465,2050,reg1,NG_CHP_P,Heat,31610.51664218208
1466,2051,reg1,NG_CHP_P,Heat,32075.76104286822
1467,2052,reg1,NG_CHP_P,Heat,32495.797000211543
1468,2053,reg1,NG_CHP_P,Heat,32956.19188848124
1469,2054,reg1,NG_CHP_P,Heat,33416.58677675089
1470,2055,reg1,NG_CHP_P,Heat,33233.00804266313
1471,2056,reg1,NG_CHP_P,Heat,33486.247071865226
1472,2057,reg1,NG_CHP_P,Heat,33486.247071865226
1473,2058,reg1,NG_CHP_P,Heat,33487.87712159738
1474,2059,reg1,NG_CHP_P,Heat,33706.32759996156
1475,2060,reg1,NG_CHP_P,Heat,35050.53196634223
1476,2025,reg1,BIO_CHP_P,Electricity,0.0
1477,2026,reg1,BIO_CHP_P,Electricity,140.81476204379572
1478,2027,reg1,BIO_CHP_P,Electricity,281.62952408759145
1479,2028,reg1,BIO_CHP_P,Electricity,422.44428613138433
1480,2029,reg1,BIO_CHP_P,Electricity,563.2590481751726
1481,2030,reg1,BIO_CHP_P,Electricity,704.07381021897
1482,2031,reg1,BIO_CHP_P,Electricity,844.8885722627646
1483,2032,reg1,BIO_CHP_P,Electricity,985.7033343065604
1484,2033,reg1,BIO_CHP_P,Electricity,1126.5180963503558
1485,2034,reg1,BIO_CHP_P,Electricity,1267.3328583941536
1486,2035,reg1,BIO_CHP_P,Electricity,1408.1476204379476
1487,2036,reg1,BIO_CHP_P,Electricity,1548.9623824817436
1488,2037,reg1,BIO_CHP_P,Electricity,1689.777144525539
1489,2038,reg1,BIO_CHP_P,Electricity,1830.591906569336
1490,2039,reg1,BIO_CHP_P,Electricity,1971.4066686131284
1491,2040,reg1,BIO_CHP_P,Electricity,2112.2214306569253
1492,2041,reg1,BIO_CHP_P,Electricity,2253.036192700724
1493,2042,reg1,BIO_CHP_P,Electricity,2393.850954744516
1494,2043,reg1,BIO_CHP_P,Electricity,2534.6657167883154
1495,2044,reg1,BIO_CHP_P,Electricity,2675.4804788321085
1496,2045,reg1,BIO_CHP_P,Electricity,2816.2952408759024
1497,2046,reg1,BIO_CHP_P,Electricity,2957.1100029197005
1498,2047,reg1,BIO_CHP_P,Electricity,3097.924764963495
1499,2048,reg1,BIO_CHP_P,Electricity,3238.7395270072893
1500,2049,reg1,BIO_CHP_P,Electricity,3379.5542890510833
1501,2050,reg1,BIO_CHP_P,Electricity,3520.369051094885
1502,2051,reg1,BIO_CHP_P,Electricity,3520.3690510948854
1503,2052,reg1,BIO_CHP_P,Electricity,3520.369051094882
1504,2053,reg1,BIO_CHP_P,Electricity,3520.369051094888
1505,2054,reg1,BIO_CHP_P,Electricity,3520.369051094889
1506,2055,reg1,BIO_CHP_P,Electricity,3520.3690510948873
1507,2056,reg1,BIO_CHP_P,Electricity,3520.369051094887
1508,2057,reg1,BIO_CHP_P,Electricity,3520.369051094888
1509,2058,reg1,BIO_CHP_P,Electricity,3520.3690510948877
1510,2059,reg1,BIO_CHP_P,Electricity,3520.369051094889
1511,2060,reg1,BIO_CHP_P,Electricity,3520.3690510948923
1512,2025,reg1,BIO_CHP_P,Heat,0.0
1513,2026,reg1,BIO_CHP_P,Heat,380.58043795620466
1514,2027,reg1,BIO_CHP_P,Heat,761.1608759124093
1515,2028,reg1,BIO_CHP_P,Heat,1141.7413138686063
1516,2029,reg1,BIO_CHP_P,Heat,1522.3217518247907
1517,2030,reg1,BIO_CHP_P,Heat,1902.902189781
1518,2031,reg1,BIO_CHP_P,Heat,2283.4826277372013
1519,2032,reg1,BIO_CHP_P,Heat,2664.0630656934063
1520,2033,reg1,BIO_CHP_P,Heat,3044.64350364961
1521,2034,reg1,BIO_CHP_P,Heat,3425.2239416058205
1522,2035,reg1,BIO_CHP_P,Heat,3805.8043795620206
1523,2036,reg1,BIO_CHP_P,Heat,4186.384817518226
1524,2037,reg1,BIO_CHP_P,Heat,4566.96525547443
1525,2038,reg1,BIO_CHP_P,Heat,4947.545693430638
1526,2039,reg1,BIO_CHP_P,Heat,5328.126131386834
1527,2040,reg1,BIO_CHP_P,Heat,5708.706569343041
1528,2041,reg1,BIO_CHP_P,Heat,6089.287007299254
1529,2042,reg1,BIO_CHP_P,Heat,6469.867445255449
1530,2043,reg1,BIO_CHP_P,Heat,6850.447883211663
1531,2044,reg1,BIO_CHP_P,Heat,7231.028321167861
1532,2045,reg1,BIO_CHP_P,Heat,7611.60875912406
1533,2046,reg1,BIO_CHP_P,Heat,7992.189197080272
1534,2047,reg1,BIO_CHP_P,Heat,8372.769635036473
1535,2048,reg1,BIO_CHP_P,Heat,8753.350072992675
1536,2049,reg1,BIO_CHP_P,Heat,9133.930510948874
1537,2050,reg1,BIO_CHP_P,Heat,9514.510948905094
1538,2051,reg1,BIO_CHP_P,Heat,9514.510948905096
1539,2052,reg1,BIO_CHP_P,Heat,9514.510948905086
1540,2053,reg1,BIO_CHP_P,Heat,9514.510948905103
1541,2054,reg1,BIO_CHP_P,Heat,9514.510948905105
1542,2055,reg1,BIO_CHP_P,Heat,9514.510948905101
1543,2056,reg1,BIO_CHP_P,Heat,9514.5109489051
1544,2057,reg1,BIO_CHP_P,Heat,9514.510948905103
1545,2058,reg1,BIO_CHP_P,Heat,9514.510948905103
1546,2059,reg1,BIO_CHP_P,Heat,9514.510948905105
1547,2060,reg1,BIO_CHP_P,Heat,9514.510948905114
1548,2025,reg1,Biogas_CHP_P,Electricity,0.0
1549,2026,reg1,Biogas_CHP_P,Electricity,0.0
1550,2027,reg1,Biogas_CHP_P,Electricity,0.0
1551,2028,reg1,Biogas_CHP_P,Electricity,610.221599999996
1552,2029,reg1,Biogas_CHP_P,Electricity,813.628799999996
1553,2030,reg1,Biogas_CHP_P,Electricity,1017.0359999999965
1554,2031,reg1,Biogas_CHP_P,Electricity,1220.4431999999958
1555,2032,reg1,Biogas_CHP_P,Electricity,1423.8503999999948
1556,2033,reg1,Biogas_CHP_P,Electricity,1627.2575999999945
1557,2034,reg1,Biogas_CHP_P,Electricity,1830.6647999999946
1558,2035,reg1,Biogas_CHP_P,Electricity,2034.0719999999937
1559,2036,reg1,Biogas_CHP_P,Electricity,2237.4791999999957
1560,2037,reg1,Biogas_CHP_P,Electricity,2440.886399999994
1561,2038,reg1,Biogas_CHP_P,Electricity,2644.293599999995
1562,2039,reg1,Biogas_CHP_P,Electricity,2847.7007999999923
1563,2040,reg1,Biogas_CHP_P,Electricity,3051.107999999993
1564,2041,reg1,Biogas_CHP_P,Electricity,3254.515199999995
1565,2042,reg1,Biogas_CHP_P,Electricity,3457.9223999999936
1566,2043,reg1,Biogas_CHP_P,Electricity,3661.329599999994
1567,2044,reg1,Biogas_CHP_P,Electricity,3864.736799999992
1568,2045,reg1,Biogas_CHP_P,Electricity,4068.143999999991
1569,2046,reg1,Biogas_CHP_P,Electricity,3342.800895908322
1570,2047,reg1,Biogas_CHP_P,Electricity,3495.7056266032455
1571,2048,reg1,Biogas_CHP_P,Electricity,3658.7053200035825
1572,2049,reg1,Biogas_CHP_P,Electricity,3615.581004634414
1573,2050,reg1,Biogas_CHP_P,Electricity,3763.224713736687
1574,2051,reg1,Biogas_CHP_P,Electricity,3972.024642125394
1575,2052,reg1,Biogas_CHP_P,Electricity,3497.8180181362086
1576,2053,reg1,Biogas_CHP_P,Electricity,3365.114670335948
1577,2054,reg1,Biogas_CHP_P,Electricity,3232.411322535706
1578,2055,reg1,Biogas_CHP_P,Electricity,3467.6638911993964
1579,2056,reg1,Biogas_CHP_P,Electricity,3724.053743362854
1580,2057,reg1,Biogas_CHP_P,Electricity,3724.053743362854
1581,2058,reg1,Biogas_CHP_P,Electricity,3724.053743362853
1582,2059,reg1,Biogas_CHP_P,Electricity,3724.0537433628565
1583,2060,reg1,Biogas_CHP_P,Electricity,3921.3842816443967
1584,2025,reg1,Biogas_CHP_P,Heat,0.0
1585,2026,reg1,Biogas_CHP_P,Heat,0.0
1586,2027,reg1,Biogas_CHP_P,Heat,0.0
1587,2028,reg1,Biogas_CHP_P,Heat,709.5599999999952
1588,2029,reg1,Biogas_CHP_P,Heat,946.0799999999953
1589,2030,reg1,Biogas_CHP_P,Heat,1182.5999999999958
1590,2031,reg1,Biogas_CHP_P,Heat,1419.1199999999951
1591,2032,reg1,Biogas_CHP_P,Heat,1655.6399999999935
1592,2033,reg1,Biogas_CHP_P,Heat,1892.1599999999935
1593,2034,reg1,Biogas_CHP_P,Heat,2128.6799999999935
1594,2035,reg1,Biogas_CHP_P,Heat,2365.1999999999925
1595,2036,reg1,Biogas_CHP_P,Heat,2601.7199999999943
1596,2037,reg1,Biogas_CHP_P,Heat,2838.2399999999925
1597,2038,reg1,Biogas_CHP_P,Heat,3074.7599999999934
1598,2039,reg1,Biogas_CHP_P,Heat,3311.2799999999907
1599,2040,reg1,Biogas_CHP_P,Heat,3547.799999999991
1600,2041,reg1,Biogas_CHP_P,Heat,3784.319999999994
1601,2042,reg1,Biogas_CHP_P,Heat,4020.8399999999915
1602,2043,reg1,Biogas_CHP_P,Heat,4257.359999999992
1603,2044,reg1,Biogas_CHP_P,Heat,4493.87999999999
1604,2045,reg1,Biogas_CHP_P,Heat,4730.399999999989
1605,2046,reg1,Biogas_CHP_P,Heat,3886.9777859399087
1606,2047,reg1,Biogas_CHP_P,Heat,4064.7739844223775
1607,2048,reg1,Biogas_CHP_P,Heat,4254.308511632073
1608,2049,reg1,Biogas_CHP_P,Heat,4204.163958877225
1609,2050,reg1,Biogas_CHP_P,Heat,4375.842690391496
1610,2051,reg1,Biogas_CHP_P,Heat,4618.633304796969
1611,2052,reg1,Biogas_CHP_P,Heat,4067.230253646753
1612,2053,reg1,Biogas_CHP_P,Heat,3912.924035274358
1613,2054,reg1,Biogas_CHP_P,Heat,3758.617816901983
1614,2055,reg1,Biogas_CHP_P,Heat,4032.1673153481347
1615,2056,reg1,Biogas_CHP_P,Heat,4330.295050421923
1616,2057,reg1,Biogas_CHP_P,Heat,4330.295050421923
1617,2058,reg1,Biogas_CHP_P,Heat,4330.295050421922
1618,2059,reg1,Biogas_CHP_P,Heat,4330.295050421925
1619,2060,reg1,Biogas_CHP_P,Heat,4559.749164702786
1620,2025,reg1,WtE_CHP_P,Electricity,0.0
1621,2026,reg1,WtE_CHP_P,Electricity,0.0
1622,2027,reg1,WtE_CHP_P,Electricity,0.0
1623,2028,reg1,WtE_CHP_P,Electricity,0.0
1624,2029,reg1,WtE_CHP_P,Electricity,0.0
1625,2030,reg1,WtE_CHP_P,Electricity,352.8582750000001
1626,2031,reg1,WtE_CHP_P,Electricity,705.7165500000002
1627,2032,reg1,WtE_CHP_P,Electricity,1058.574825
1628,2033,reg1,WtE_CHP_P,Electricity,1411.4330999999997
1629,2034,reg1,WtE_CHP_P,Electricity,1764.2913749999998
1630,2035,reg1,WtE_CHP_P,Electricity,2117.1496499999985
1631,2036,reg1,WtE_CHP_P,Electricity,2470.0079249999985
1632,2037,reg1,WtE_CHP_P,Electricity,2822.8661999999963
1633,2038,reg1,WtE_CHP_P,Electricity,3175.7244749999973
1634,2039,reg1,WtE_CHP_P,Electricity,3528.582749999998
1635,2040,reg1,WtE_CHP_P,Electricity,3881.4410250000005
1636,2041,reg1,WtE_CHP_P,Electricity,3881.4410250000005
1637,2042,reg1,WtE_CHP_P,Electricity,3881.4410250000005
1638,2043,reg1,WtE_CHP_P,Electricity,3881.4410250000005
1639,2044,reg1,WtE_CHP_P,Electricity,3881.4410250000005
1640,2045,reg1,WtE_CHP_P,Electricity,3881.4410250000005
1641,2046,reg1,WtE_CHP_P,Electricity,3881.4410250000014
1642,2047,reg1,WtE_CHP_P,Electricity,3881.4410250000014
1643,2048,reg1,WtE_CHP_P,Electricity,3881.4410250000014
1644,2049,reg1,WtE_CHP_P,Electricity,3881.4410250000005
1645,2050,reg1,WtE_CHP_P,Electricity,3881.4410250000014
1646,2051,reg1,WtE_CHP_P,Electricity,3881.4410250000014
1647,2052,reg1,WtE_CHP_P,Electricity,3881.4410250000005
1648,2053,reg1,WtE_CHP_P,Electricity,3881.4410250000014
1649,2054,reg1,WtE_CHP_P,Electricity,3881.4410250000005
1650,2055,reg1,WtE_CHP_P,Electricity,3881.4410250000014
1651,2056,reg1,WtE_CHP_P,Electricity,3881.4410250000005
1652,2057,reg1,WtE_CHP_P,Electricity,3881.4410250000014
1653,2058,reg1,WtE_CHP_P,Electricity,3881.4410250000005
1654,2059,reg1,WtE_CHP_P,Electricity,3881.4410250000005
1655,2060,reg1,WtE_CHP_P,Electricity,3528.5827499999996
1656,2025,reg1,WtE_CHP_P,Heat,0.0
1657,2026,reg1,WtE_CHP_P,Heat,0.0
1658,2027,reg1,WtE_CHP_P,Heat,0.0
1659,2028,reg1,WtE_CHP_P,Heat,0.0
1660,2029,reg1,WtE_CHP_P,Heat,0.0
1661,2030,reg1,WtE_CHP_P,Heat,1260.208125
1662,2031,reg1,WtE_CHP_P,Heat,2520.41625
1663,2032,reg1,WtE_CHP_P,Heat,3780.6243749999994
1664,2033,reg1,WtE_CHP_P,Heat,5040.832499999999
1665,2034,reg1,WtE_CHP_P,Heat,6301.040624999999
1666,2035,reg1,WtE_CHP_P,Heat,7561.248749999993
1667,2036,reg1,WtE_CHP_P,Heat,8821.456874999994
1668,2037,reg1,WtE_CHP_P,Heat,10081.664999999985
1669,2038,reg1,WtE_CHP_P,Heat,11341.87312499999
1670,2039,reg1,WtE_CHP_P,Heat,12602.081249999992
1671,2040,reg1,WtE_CHP_P,Heat,13862.289375
1672,2041,reg1,WtE_CHP_P,Heat,13862.289375
1673,2042,reg1,WtE_CHP_P,Heat,13862.289375
1674,2043,reg1,WtE_CHP_P,Heat,13862.289375
1675,2044,reg1,WtE_CHP_P,Heat,13862.289375
1676,2045,reg1,WtE_CHP_P,Heat,13862.289375
1677,2046,reg1,WtE_CHP_P,Heat,13862.289375000004
1678,2047,reg1,WtE_CHP_P,Heat,13862.289375000004
1679,2048,reg1,WtE_CHP_P,Heat,13862.289375000004
1680,2049,reg1,WtE_CHP_P,Heat,13862.289375
1681,2050,reg1,WtE_CHP_P,Heat,13862.289375000004
1682,2051,reg1,WtE_CHP_P,Heat,13862.289375000004
1683,2052,reg1,WtE_CHP_P,Heat,13862.289375
1684,2053,reg1,WtE_CHP_P,Heat,13862.289375000004
1685,2054,reg1,WtE_CHP_P,Heat,13862.289375
1686,2055,reg1,WtE_CHP_P,Heat,13862.289375000004
1687,2056,reg1,WtE_CHP_P,Heat,13862.289375
1688,2057,reg1,WtE_CHP_P,Heat,13862.289375000004
1689,2058,reg1,WtE_CHP_P,Heat,13862.289375
1690,2059,reg1,WtE_CHP_P,Heat,13862.289375
1691,2060,reg1,WtE_CHP_P,Heat,12602.081249999997
1692,2025,reg1,WtE-CCS_CHP_P,Electricity,0.0
1693,2026,reg1,WtE-CCS_CHP_P,Electricity,0.0
1694,2027,reg1,WtE-CCS_CHP_P,Electricity,0.0
1695,2028,reg1,WtE-CCS_CHP_P,Electricity,0.0
1696,2029,reg1,WtE-CCS_CHP_P,Electricity,0.0
1697,2030,reg1,WtE-CCS_CHP_P,Electricity,352.8582750000001
1698,2031,reg1,WtE-CCS_CHP_P,Electricity,352.8582750000001
1699,2032,reg1,WtE-CCS_CHP_P,Electricity,352.85827499999976
1700,2033,reg1,WtE-CCS_CHP_P,Electricity,352.8582750000001
1701,2034,reg1,WtE-CCS_CHP_P,Electricity,352.8582750000001
1702,2035,reg1,WtE-CCS_CHP_P,Electricity,352.8582750000001
1703,2036,reg1,WtE-CCS_CHP_P,Electricity,352.8582750000001
1704,2037,reg1,WtE-CCS_CHP_P,Electricity,352.8582750000001
1705,2038,reg1,WtE-CCS_CHP_P,Electricity,352.8582750000001
1706,2039,reg1,WtE-CCS_CHP_P,Electricity,352.8582750000001
1707,2040,reg1,WtE-CCS_CHP_P,Electricity,252.64142769844602
1708,2041,reg1,WtE-CCS_CHP_P,Electricity,252.64142769844847
1709,2042,reg1,WtE-CCS_CHP_P,Electricity,252.64142769844887
1710,2043,reg1,WtE-CCS_CHP_P,Electricity,252.64142769844887
1711,2044,reg1,WtE-CCS_CHP_P,Electricity,252.64142769845196
1712,2045,reg1,WtE-CCS_CHP_P,Electricity,252.64142769845157
1713,2046,reg1,WtE-CCS_CHP_P,Electricity,252.6414276984524
1714,2047,reg1,WtE-CCS_CHP_P,Electricity,252.64142769845105
1715,2048,reg1,WtE-CCS_CHP_P,Electricity,252.64142769844818
1716,2049,reg1,WtE-CCS_CHP_P,Electricity,252.64142769845105
1717,2050,reg1,WtE-CCS_CHP_P,Electricity,252.64142769845097
1718,2051,reg1,WtE-CCS_CHP_P,Electricity,252.6414276984498
1719,2052,reg1,WtE-CCS_CHP_P,Electricity,252.64142769844986
1720,2053,reg1,WtE-CCS_CHP_P,Electricity,252.64142769844977
1721,2054,reg1,WtE-CCS_CHP_P,Electricity,252.64142769844986
1722,2055,reg1,WtE-CCS_CHP_P,Electricity,252.64142769844682
1723,2056,reg1,WtE-CCS_CHP_P,Electricity,252.6414276984502
1724,2057,reg1,WtE-CCS_CHP_P,Electricity,252.64142769845031
1725,2058,reg1,WtE-CCS_CHP_P,Electricity,252.64142769845037
1726,2059,reg1,WtE-CCS_CHP_P,Electricity,252.6414276984504
1727,2060,reg1,WtE-CCS_CHP_P,Electricity,352.8582750000001
1728,2025,reg1,WtE-CCS_CHP_P,Heat,0.0
1729,2026,reg1,WtE-CCS_CHP_P,Heat,0.0
1730,2027,reg1,WtE-CCS_CHP_P,Heat,0.0
1731,2028,reg1,WtE-CCS_CHP_P,Heat,0.0
1732,2029,reg1,WtE-CCS_CHP_P,Heat,0.0
1733,2030,reg1,WtE-CCS_CHP_P,Heat,1260.208125
1734,2031,reg1,WtE-CCS_CHP_P,Heat,1260.208125
1735,2032,reg1,WtE-CCS_CHP_P,Heat,1260.208124999999
1736,2033,reg1,WtE-CCS_CHP_P,Heat,1260.208125
1737,2034,reg1,WtE-CCS_CHP_P,Heat,1260.208125
1738,2035,reg1,WtE-CCS_CHP_P,Heat,1260.208125
1739,2036,reg1,WtE-CCS_CHP_P,Heat,1260.208125
1740,2037,reg1,WtE-CCS_CHP_P,Heat,1260.208125
1741,2038,reg1,WtE-CCS_CHP_P,Heat,1260.208125
1742,2039,reg1,WtE-CCS_CHP_P,Heat,1260.208125
1743,2040,reg1,WtE-CCS_CHP_P,Heat,902.2908132087357
1744,2041,reg1,WtE-CCS_CHP_P,Heat,902.2908132087445
1745,2042,reg1,WtE-CCS_CHP_P,Heat,902.2908132087458
1746,2043,reg1,WtE-CCS_CHP_P,Heat,902.2908132087458
1747,2044,reg1,WtE-CCS_CHP_P,Heat,902.2908132087568
1748,2045,reg1,WtE-CCS_CHP_P,Heat,902.2908132087555
1749,2046,reg1,WtE-CCS_CHP_P,Heat,902.2908132087584
1750,2047,reg1,WtE-CCS_CHP_P,Heat,902.2908132087537
1751,2048,reg1,WtE-CCS_CHP_P,Heat,902.2908132087433
1752,2049,reg1,WtE-CCS_CHP_P,Heat,902.2908132087537
1753,2050,reg1,WtE-CCS_CHP_P,Heat,902.2908132087533
1754,2051,reg1,WtE-CCS_CHP_P,Heat,902.2908132087492
1755,2052,reg1,WtE-CCS_CHP_P,Heat,902.2908132087493
1756,2053,reg1,WtE-CCS_CHP_P,Heat,902.290813208749
1757,2054,reg1,WtE-CCS_CHP_P,Heat,902.2908132087493
1758,2055,reg1,WtE-CCS_CHP_P,Heat,902.2908132087385
1759,2056,reg1,WtE-CCS_CHP_P,Heat,902.2908132087506
1760,2057,reg1,WtE-CCS_CHP_P,Heat,902.290813208751
1761,2058,reg1,WtE-CCS_CHP_P,Heat,902.2908132087512
1762,2059,reg1,WtE-CCS_CHP_P,Heat,902.2908132087514
1763,2060,reg1,WtE-CCS_CHP_P,Heat,1260.208125
1764,2025,reg1,SOFC_CHP_P,Electricity,0.0
1765,2026,reg1,SOFC_CHP_P,Electricity,0.0
1766,2027,reg1,SOFC_CHP_P,Electricity,0.0
1767,2028,reg1,SOFC_CHP_P,Electricity,0.0
1768,2029,reg1,SOFC_CHP_P,Electricity,0.0
1769,2030,reg1,SOFC_CHP_P,Electricity,0.0
1770,2031,reg1,SOFC_CHP_P,Electricity,0.0
1771,2032,reg1,SOFC_CHP_P,Electricity,0.0
1772,2033,reg1,SOFC_CHP_P,Electricity,0.0
1773,2034,reg1,SOFC_CHP_P,Electricity,0.0
1774,2035,reg1,SOFC_CHP_P,Electricity,0.0
1775,2036,reg1,SOFC_CHP_P,Electricity,0.0
1776,2037,reg1,SOFC_CHP_P,Electricity,0.0
1777,2038,reg1,SOFC_CHP_P,Electricity,0.0
1778,2039,reg1,SOFC_CHP_P,Electricity,0.0
1779,2040,reg1,SOFC_CHP_P,Electricity,0.0
1780,2041,reg1,SOFC_CHP_P,Electricity,0.0
1781,2042,reg1,SOFC_CHP_P,Electricity,0.0
1782,2043,reg1,SOFC_CHP_P,Electricity,0.0
1783,2044,reg1,SOFC_CHP_P,Electricity,0.0
1784,2045,reg1,SOFC_CHP_P,Electricity,0.0
1785,2046,reg1,SOFC_CHP_P,Electricity,0.0
1786,2047,reg1,SOFC_CHP_P,Electricity,0.0
1787,2048,reg1,SOFC_CHP_P,Electricity,0.0
1788,2049,reg1,SOFC_CHP_P,Electricity,0.0
1789,2050,reg1,SOFC_CHP_P,Electricity,0.0
1790,2051,reg1,SOFC_CHP_P,Electricity,0.0
1791,2052,reg1,SOFC_CHP_P,Electricity,0.0
1792,2053,reg1,SOFC_CHP_P,Electricity,0.0
1793,2054,reg1,SOFC_CHP_P,Electricity,0.0
1794,2055,reg1,SOFC_CHP_P,Electricity,0.0
1795,2056,reg1,SOFC_CHP_P,Electricity,0.0
1796,2057,reg1,SOFC_CHP_P,Electricity,0.0
1797,2058,reg1,SOFC_CHP_P,Electricity,0.0
1798,2059,reg1,SOFC_CHP_P,Electricity,0.0
1799,2060,reg1,SOFC_CHP_P,Electricity,0.0
1800,2025,reg1,SOFC_CHP_P,Heat,0.0
1801,2026,reg1,SOFC_CHP_P,Heat,0.0
1802,2027,reg1,SOFC_CHP_P,Heat,0.0
1803,2028,reg1,SOFC_CHP_P,Heat,0.0
1804,2029,reg1,SOFC_CHP_P,Heat,0.0
1805,2030,reg1,SOFC_CHP_P,Heat,0.0
1806,2031,reg1,SOFC_CHP_P,Heat,0.0
1807,2032,reg1,SOFC_CHP_P,Heat,0.0
1808,2033,reg1,SOFC_CHP_P,Heat,0.0
1809,2034,reg1,SOFC_CHP_P,Heat,0.0
1810,2035,reg1,SOFC_CHP_P,Heat,0.0
1811,2036,reg1,SOFC_CHP_P,Heat,0.0
1812,2037,reg1,SOFC_CHP_P,Heat,0.0
1813,2038,reg1,SOFC_CHP_P,Heat,0.0
1814,2039,reg1,SOFC_CHP_P,Heat,0.0
1815,2040,reg1,SOFC_CHP_P,Heat,0.0
1816,2041,reg1,SOFC_CHP_P,Heat,0.0
1817,2042,reg1,SOFC_CHP_P,Heat,0.0
1818,2043,reg1,SOFC_CHP_P,Heat,0.0
1819,2044,reg1,SOFC_CHP_P,Heat,0.0
1820,2045,reg1,SOFC_CHP_P,Heat,0.0
1821,2046,reg1,SOFC_CHP_P,Heat,0.0
1822,2047,reg1,SOFC_CHP_P,Heat,0.0
1823,2048,reg1,SOFC_CHP_P,Heat,0.0
1824,2049,reg1,SOFC_CHP_P,Heat,0.0
1825,2050,reg1,SOFC_CHP_P,Heat,0.0
1826,2051,reg1,SOFC_CHP_P,Heat,0.0
1827,2052,reg1,SOFC_CHP_P,Heat,0.0
1828,2053,reg1,SOFC_CHP_P,Heat,0.0
1829,2054,reg1,SOFC_CHP_P,Heat,0.0
1830,2055,reg1,SOFC_CHP_P,Heat,0.0
1831,2056,reg1,SOFC_CHP_P,Heat,0.0
1832,2057,reg1,SOFC_CHP_P,Heat,0.0
1833,2058,reg1,SOFC_CHP_P,Heat,0.0
1834,2059,reg1,SOFC_CHP_P,Heat,0.0
1835,2060,reg1,SOFC_CHP_P,Heat,0.0
1836,2025,reg1,Oil_CHP,Electricity,12678.05414484284
1837,2026,reg1,Oil_CHP,Electricity,12255.452340014754
1838,2027,reg1,Oil_CHP,Electricity,11832.85053518665
1839,2028,reg1,Oil_CHP,Electricity,11410.248730358562
1840,2029,reg1,Oil_CHP,Electricity,10987.64692553046
1841,2030,reg1,Oil_CHP,Electricity,10565.045120702365
1842,2031,reg1,Oil_CHP,Electricity,10142.443315874265
1843,2032,reg1,Oil_CHP,Electricity,9719.841511046176
1844,2033,reg1,Oil_CHP,Electricity,9297.23970621808
1845,2034,reg1,Oil_CHP,Electricity,8874.637901389995
1846,2035,reg1,Oil_CHP,Electricity,8452.036096561895
1847,2036,reg1,Oil_CHP,Electricity,8029.434291733798
1848,2037,reg1,Oil_CHP,Electricity,7606.832486905702
1849,2038,reg1,Oil_CHP,Electricity,7184.230682077612
1850,2039,reg1,Oil_CHP,Electricity,6761.628877249517
1851,2040,reg1,Oil_CHP,Electricity,6339.02707242142
1852,2041,reg1,Oil_CHP,Electricity,5916.425267593333
1853,2042,reg1,Oil_CHP,Electricity,5493.823462765235
1854,2043,reg1,Oil_CHP,Electricity,5071.221657937141
1855,2044,reg1,Oil_CHP,Electricity,4648.619853109041
1856,2045,reg1,Oil_CHP,Electricity,4226.018048280949
1857,2046,reg1,Oil_CHP,Electricity,3803.416243452857
1858,2047,reg1,Oil_CHP,Electricity,3380.8144386247577
1859,2048,reg1,Oil_CHP,Electricity,2958.212633796667
1860,2049,reg1,Oil_CHP,Electricity,2535.6108289685703
1861,2050,reg1,Oil_CHP,Electricity,2113.0090241404746
1862,2051,reg1,Oil_CHP,Electricity,1690.407219312379
1863,2052,reg1,Oil_CHP,Electricity,1267.8054144842847
1864,2053,reg1,Oil_CHP,Electricity,845.2036096561901
1865,2054,reg1,Oil_CHP,Electricity,422.60180482809426
1866,2055,reg1,Oil_CHP,Electricity,0.0
1867,2056,reg1,Oil_CHP,Electricity,0.0
1868,2057,reg1,Oil_CHP,Electricity,0.0
1869,2058,reg1,Oil_CHP,Electricity,0.0
1870,2059,reg1,Oil_CHP,Electricity,0.0
1871,2060,reg1,Oil_CHP,Electricity,0.0
1872,2025,reg1,Oil_CHP,Heat,7770.420282323033
1873,2026,reg1,Oil_CHP,Heat,7511.40627291227
1874,2027,reg1,Oil_CHP,Heat,7252.392263501496
1875,2028,reg1,Oil_CHP,Heat,6993.378254090732
1876,2029,reg1,Oil_CHP,Heat,6734.36424467996
1877,2030,reg1,Oil_CHP,Heat,6475.350235269192
1878,2031,reg1,Oil_CHP,Heat,6216.336225858421
1879,2032,reg1,Oil_CHP,Heat,5957.322216447657
1880,2033,reg1,Oil_CHP,Heat,5698.308207036889
1881,2034,reg1,Oil_CHP,Heat,5439.294197626127
1882,2035,reg1,Oil_CHP,Heat,5180.280188215355
1883,2036,reg1,Oil_CHP,Heat,4921.266178804587
1884,2037,reg1,Oil_CHP,Heat,4662.252169393818
1885,2038,reg1,Oil_CHP,Heat,4403.238159983053
1886,2039,reg1,Oil_CHP,Heat,4144.224150572286
1887,2040,reg1,Oil_CHP,Heat,3885.2101411615163
1888,2041,reg1,Oil_CHP,Heat,3626.196131750753
1889,2042,reg1,Oil_CHP,Heat,3367.182122339983
1890,2043,reg1,Oil_CHP,Heat,3108.1681129292156
1891,2044,reg1,Oil_CHP,Heat,2849.154103518445
1892,2045,reg1,Oil_CHP,Heat,2590.140094107679
1893,2046,reg1,Oil_CHP,Heat,2331.126084696913
1894,2047,reg1,Oil_CHP,Heat,2072.112075286142
1895,2048,reg1,Oil_CHP,Heat,1813.0980658753767
1896,2049,reg1,Oil_CHP,Heat,1554.0840564646078
1897,2050,reg1,Oil_CHP,Heat,1295.0700470538395
1898,2051,reg1,Oil_CHP,Heat,1036.0560376430712
1899,2052,reg1,Oil_CHP,Heat,777.0420282323037
1900,2053,reg1,Oil_CHP,Heat,518.028018821536
1901,2054,reg1,Oil_CHP,Heat,259.01400941076747
1902,2055,reg1,Oil_CHP,Heat,0.0
1903,2056,reg1,Oil_CHP,Heat,0.0
1904,2057,reg1,Oil_CHP,Heat,0.0
1905,2058,reg1,Oil_CHP,Heat,0.0
1906,2059,reg1,Oil_CHP,Heat,0.0
1907,2060,reg1,Oil_CHP,Heat,0.0
1908,2025,reg1,BW_CHP_P,Electricity,14741.276431556847
1909,2026,reg1,BW_CHP_P,Electricity,14151.625374294572
1910,2027,reg1,BW_CHP_P,Electricity,13561.974317032296
1911,2028,reg1,BW_CHP_P,Electricity,12972.323259770024
1912,2029,reg1,BW_CHP_P,Electricity,12382.67220250775
1913,2030,reg1,BW_CHP_P,Electricity,11793.021145245473
1914,2031,reg1,BW_CHP_P,Electricity,11203.370087983201
1915,2032,reg1,BW_CHP_P,Electricity,10613.719030720924
1916,2033,reg1,BW_CHP_P,Electricity,10024.067973458647
1917,2034,reg1,BW_CHP_P,Electricity,9434.416916196376
1918,2035,reg1,BW_CHP_P,Electricity,8844.7658589341
1919,2036,reg1,BW_CHP_P,Electricity,8255.114801671829
1920,2037,reg1,BW_CHP_P,Electricity,7665.463744409553
1921,2038,reg1,BW_CHP_P,Electricity,7075.812687147279
1922,2039,reg1,BW_CHP_P,Electricity,6486.161629885005
1923,2040,reg1,BW_CHP_P,Electricity,5896.510572622732
1924,2041,reg1,BW_CHP_P,Electricity,5306.859515360457
1925,2042,reg1,BW_CHP_P,Electricity,4717.208458098185
1926,2043,reg1,BW_CHP_P,Electricity,4127.557400835911
1927,2044,reg1,BW_CHP_P,Electricity,3537.906343573637
1928,2045,reg1,BW_CHP_P,Electricity,2948.2552863113615
1929,2046,reg1,BW_CHP_P,Electricity,2358.604229049089
1930,2047,reg1,BW_CHP_P,Electricity,1768.9531717868153
1931,2048,reg1,BW_CHP_P,Electricity,1179.3021145245414
1932,2049,reg1,BW_CHP_P,Electricity,589.6510572622675
1933,2050,reg1,BW_CHP_P,Electricity,0.0
1934,2051,reg1,BW_CHP_P,Electricity,0.0
1935,2052,reg1,BW_CHP_P,Electricity,0.0
1936,2053,reg1,BW_CHP_P,Electricity,0.0
1937,2054,reg1,BW_CHP_P,Electricity,0.0
1938,2055,reg1,BW_CHP_P,Electricity,0.0
1939,2056,reg1,BW_CHP_P,Electricity,0.0
1940,2057,reg1,BW_CHP_P,Electricity,0.0
1941,2058,reg1,BW_CHP_P,Electricity,0.0
1942,2059,reg1,BW_CHP_P,Electricity,0.0
1943,2060,reg1,BW_CHP_P,Electricity,0.0
1944,2025,reg1,BW_CHP_P,Heat,10243.93785921747
1945,2026,reg1,BW_CHP_P,Heat,9834.18034484877
1946,2027,reg1,BW_CHP_P,Heat,9424.42283048007
1947,2028,reg1,BW_CHP_P,Heat,9014.665316111372
1948,2029,reg1,BW_CHP_P,Heat,8604.907801742675
1949,2030,reg1,BW_CHP_P,Heat,8195.150287373974
1950,2031,reg1,BW_CHP_P,Heat,7785.392773005276
1951,2032,reg1,BW_CHP_P,Heat,7375.635258636575
1952,2033,reg1,BW_CHP_P,Heat,6965.877744267873
1953,2034,reg1,BW_CHP_P,Heat,6556.120229899177
1954,2035,reg1,BW_CHP_P,Heat,6146.362715530477
1955,2036,reg1,BW_CHP_P,Heat,5736.605201161779
1956,2037,reg1,BW_CHP_P,Heat,5326.847686793079
1957,2038,reg1,BW_CHP_P,Heat,4917.0901724243795
1958,2039,reg1,BW_CHP_P,Heat,4507.332658055681
1959,2040,reg1,BW_CHP_P,Heat,4097.575143686983
1960,2041,reg1,BW_CHP_P,Heat,3687.817629318284
1961,2042,reg1,BW_CHP_P,Heat,3278.0601149495856
1962,2043,reg1,BW_CHP_P,Heat,2868.302600580887
1963,2044,reg1,BW_CHP_P,Heat,2458.5450862121884
1964,2045,reg1,BW_CHP_P,Heat,2048.7875718434884
1965,2046,reg1,BW_CHP_P,Heat,1639.0300574747907
1966,2047,reg1,BW_CHP_P,Heat,1229.272543106092
1967,2048,reg1,BW_CHP_P,Heat,819.5150287373931
1968,2049,reg1,BW_CHP_P,Heat,409.7575143686944
1969,2050,reg1,BW_CHP_P,Heat,0.0
1970,2051,reg1,BW_CHP_P,Heat,0.0
1971,2052,reg1,BW_CHP_P,Heat,0.0
1972,2053,reg1,BW_CHP_P,Heat,0.0
1973,2054,reg1,BW_CHP_P,Heat,0.0
1974,2055,reg1,BW_CHP_P,Heat,0.0
1975,2056,reg1,BW_CHP_P,Heat,0.0
1976,2057,reg1,BW_CHP_P,Heat,0.0
1977,2058,reg1,BW_CHP_P,Heat,0.0
1978,2059,reg1,BW_CHP_P,Heat,0.0
1979,2060,reg1,BW_CHP_P,Heat,0.0
1980,2025,reg1,Heat_transmission_distribution,Final_heat,40339.772769178766
1981,2026,reg1,Heat_transmission_distribution,Final_heat,41326.3942106981
1982,2027,reg1,Heat_transmission_distribution,Final_heat,42275.50543457018
1983,2028,reg1,Heat_transmission_distribution,Final_heat,43187.10644079499
1984,2029,reg1,Heat_transmission_distribution,Final_heat,44061.197229372534
1985,2030,reg1,Heat_transmission_distribution,Final_heat,44897.77780030281
1986,2031,reg1,Heat_transmission_distribution,Final_heat,45264.866197127616
1987,2032,reg1,Heat_transmission_distribution,Final_heat,45628.49738396274
1988,2033,reg1,Heat_transmission_distribution,Final_heat,45988.671360808235
1989,2034,reg1,Heat_transmission_distribution,Final_heat,46345.38812766407
1990,2035,reg1,Heat_transmission_distribution,Final_heat,46698.64768453025
1991,2036,reg1,Heat_transmission_distribution,Final_heat,47048.45003140676
1992,2037,reg1,Heat_transmission_distribution,Final_heat,47394.79516829363
1993,2038,reg1,Heat_transmission_distribution,Final_heat,47737.68309519085
1994,2039,reg1,Heat_transmission_distribution,Final_heat,48077.113812098425
1995,2040,reg1,Heat_transmission_distribution,Final_heat,48413.087319016326
1996,2041,reg1,Heat_transmission_distribution,Final_heat,49002.9454018628
1997,2042,reg1,Heat_transmission_distribution,Final_heat,49548.87752587636
1998,2043,reg1,Heat_transmission_distribution,Final_heat,50050.88369105701
1999,2044,reg1,Heat_transmission_distribution,Final_heat,50508.96389740474
2000,2045,reg1,Heat_transmission_distribution,Final_heat,50923.11814491957
2001,2046,reg1,Heat_transmission_distribution,Final_heat,51293.34643360149
2002,2047,reg1,Heat_transmission_distribution,Final_heat,51619.648763450474
2003,2048,reg1,Heat_transmission_distribution,Final_heat,51902.02513446657
2004,2049,reg1,Heat_transmission_distribution,Final_heat,52140.47554664974
2005,2050,reg1,Heat_transmission_distribution,Final_heat,52335.0
2006,2051,reg1,Heat_transmission_distribution,Final_heat,52335.0
2007,2052,reg1,Heat_transmission_distribution,Final_heat,52335.0
2008,2053,reg1,Heat_transmission_distribution,Final_heat,52335.0
2009,2054,reg1,Heat_transmission_distribution,Final_heat,52335.0
2010,2055,reg1,Heat_transmission_distribution,Final_heat,52335.0
2011,2056,reg1,Heat_transmission_distribution,Final_heat,52335.0
2012,2057,reg1,Heat_transmission_distribution,Final_heat,52335.0
2013,2058,reg1,Heat_transmission_distribution,Final_heat,52335.0
2014,2059,reg1,Heat_transmission_distribution,Final_heat,52335.0
2015,2060,reg1,Heat_transmission_distribution,Final_heat,52335.0
2016,2025,reg1,Elec_transmission_distribution,Final_electricity,292700.0
2017,2026,reg1,Elec_transmission_distribution,Final_electricity,306056.3057363256
2018,2027,reg1,Elec_transmission_distribution,Final_electricity,310731.30967194634
2019,2028,reg1,Elec_transmission_distribution,Final_electricity,315111.1232706418
2020,2029,reg1,Elec_transmission_distribution,Final_electricity,319195.74653241184
2021,2030,reg1,Elec_transmission_distribution,Final_electricity,322985.17945725645
2022,2031,reg1,Elec_transmission_distribution,Final_electricity,327292.9043939094
2023,2032,reg1,Elec_transmission_distribution,Final_electricity,331499.0217761862
2024,2033,reg1,Elec_transmission_distribution,Final_electricity,335603.53160408675
2025,2034,reg1,Elec_transmission_distribution,Final_electricity,339606.4338776114
2026,2035,reg1,Elec_transmission_distribution,Final_electricity,343507.7285967598
2027,2036,reg1,Elec_transmission_distribution,Final_electricity,347307.41576153203
2028,2037,reg1,Elec_transmission_distribution,Final_electricity,351005.4953719282
2029,2038,reg1,Elec_transmission_distribution,Final_electricity,354601.9674279483
2030,2039,reg1,Elec_transmission_distribution,Final_electricity,358096.83192959224
2031,2040,reg1,Elec_transmission_distribution,Final_electricity,361490.08887686004
2032,2041,reg1,Elec_transmission_distribution,Final_electricity,374068.5357376555
2033,2042,reg1,Elec_transmission_distribution,Final_electricity,385402.1675124044
2034,2043,reg1,Elec_transmission_distribution,Final_electricity,395490.9842011066
2035,2044,reg1,Elec_transmission_distribution,Final_electricity,404334.9858037622
2036,2045,reg1,Elec_transmission_distribution,Final_electricity,411934.17232037114
2037,2046,reg1,Elec_transmission_distribution,Final_electricity,418288.54375093343
2038,2047,reg1,Elec_transmission_distribution,Final_electricity,423398.10009544925
2039,2048,reg1,Elec_transmission_distribution,Final_electricity,427262.84135391837
2040,2049,reg1,Elec_transmission_distribution,Final_electricity,429882.7675263408
2041,2050,reg1,Elec_transmission_distribution,Final_electricity,431257.87861271674
2042,2051,reg1,Elec_transmission_distribution,Final_electricity,431257.87861271674
2043,2052,reg1,Elec_transmission_distribution,Final_electricity,431257.87861271674
2044,2053,reg1,Elec_transmission_distribution,Final_electricity,431257.87861271674
2045,2054,reg1,Elec_transmission_distribution,Final_electricity,431257.87861271674
2046,2055,reg1,Elec_transmission_distribution,Final_electricity,431257.87861271674
2047,2056,reg1,Elec_transmission_distribution,Final_electricity,431257.87861271674
2048,2057,reg1,Elec_transmission_distribution,Final_electricity,431257.87861271674
2049,2058,reg1,Elec_transmission_distribution,Final_electricity,431257.87861271674
2050,2059,reg1,Elec_transmission_distribution,Final_electricity,431257.87861271674
2051,2060,reg1,Elec_transmission_distribution,Final_electricity,431257.87861271674
