,Datetime,Region,Technology,Cost,Value
0,2025,reg1,NG_supply,fixed_cost,0.0
1,2026,reg1,NG_supply,fixed_cost,0.0
2,2027,reg1,NG_supply,fixed_cost,0.0
3,2028,reg1,NG_supply,fixed_cost,0.0
4,2029,reg1,NG_supply,fixed_cost,0.0
5,2030,reg1,NG_supply,fixed_cost,0.0
6,2031,reg1,NG_supply,fixed_cost,0.0
7,2032,reg1,NG_supply,fixed_cost,0.0
8,2033,reg1,NG_supply,fixed_cost,0.0
9,2034,reg1,NG_supply,fixed_cost,0.0
10,2035,reg1,NG_supply,fixed_cost,0.0
11,2036,reg1,NG_supply,fixed_cost,0.0
12,2037,reg1,NG_supply,fixed_cost,0.0
13,2038,reg1,NG_supply,fixed_cost,0.0
14,2039,reg1,NG_supply,fixed_cost,0.0
15,2040,reg1,NG_supply,fixed_cost,0.0
16,2041,reg1,NG_supply,fixed_cost,0.0
17,2042,reg1,NG_supply,fixed_cost,0.0
18,2043,reg1,NG_supply,fixed_cost,0.0
19,2044,reg1,NG_supply,fixed_cost,0.0
20,2045,reg1,NG_supply,fixed_cost,0.0
21,2046,reg1,NG_supply,fixed_cost,0.0
22,2047,reg1,NG_supply,fixed_cost,0.0
23,2048,reg1,NG_supply,fixed_cost,0.0
24,2049,reg1,NG_supply,fixed_cost,0.0
25,2050,reg1,NG_supply,fixed_cost,0.0
26,2051,reg1,NG_supply,fixed_cost,0.0
27,2052,reg1,NG_supply,fixed_cost,0.0
28,2053,reg1,NG_supply,fixed_cost,0.0
29,2054,reg1,NG_supply,fixed_cost,0.0
30,2055,reg1,NG_supply,fixed_cost,0.0
31,2056,reg1,NG_supply,fixed_cost,0.0
32,2057,reg1,NG_supply,fixed_cost,0.0
33,2058,reg1,NG_supply,fixed_cost,0.0
34,2059,reg1,NG_supply,fixed_cost,0.0
35,2060,reg1,NG_supply,fixed_cost,0.0
36,2025,reg1,SFF_supply,fixed_cost,0.0
37,2026,reg1,SFF_supply,fixed_cost,0.0
38,2027,reg1,SFF_supply,fixed_cost,0.0
39,2028,reg1,SFF_supply,fixed_cost,0.0
40,2029,reg1,SFF_supply,fixed_cost,0.0
41,2030,reg1,SFF_supply,fixed_cost,0.0
42,2031,reg1,SFF_supply,fixed_cost,0.0
43,2032,reg1,SFF_supply,fixed_cost,0.0
44,2033,reg1,SFF_supply,fixed_cost,0.0
45,2034,reg1,SFF_supply,fixed_cost,0.0
46,2035,reg1,SFF_supply,fixed_cost,0.0
47,2036,reg1,SFF_supply,fixed_cost,0.0
48,2037,reg1,SFF_supply,fixed_cost,0.0
49,2038,reg1,SFF_supply,fixed_cost,0.0
50,2039,reg1,SFF_supply,fixed_cost,0.0
51,2040,reg1,SFF_supply,fixed_cost,0.0
52,2041,reg1,SFF_supply,fixed_cost,0.0
53,2042,reg1,SFF_supply,fixed_cost,0.0
54,2043,reg1,SFF_supply,fixed_cost,0.0
55,2044,reg1,SFF_supply,fixed_cost,0.0
56,2045,reg1,SFF_supply,fixed_cost,0.0
57,2046,reg1,SFF_supply,fixed_cost,0.0
58,2047,reg1,SFF_supply,fixed_cost,0.0
59,2048,reg1,SFF_supply,fixed_cost,0.0
60,2049,reg1,SFF_supply,fixed_cost,0.0
61,2050,reg1,SFF_supply,fixed_cost,0.0
62,2051,reg1,SFF_supply,fixed_cost,0.0
63,2052,reg1,SFF_supply,fixed_cost,0.0
64,2053,reg1,SFF_supply,fixed_cost,0.0
65,2054,reg1,SFF_supply,fixed_cost,0.0
66,2055,reg1,SFF_supply,fixed_cost,0.0
67,2056,reg1,SFF_supply,fixed_cost,0.0
68,2057,reg1,SFF_supply,fixed_cost,0.0
69,2058,reg1,SFF_supply,fixed_cost,0.0
70,2059,reg1,SFF_supply,fixed_cost,0.0
71,2060,reg1,SFF_supply,fixed_cost,0.0
72,2025,reg1,OP_supply,fixed_cost,0.0
73,2026,reg1,OP_supply,fixed_cost,0.0
74,2027,reg1,OP_supply,fixed_cost,0.0
75,2028,reg1,OP_supply,fixed_cost,0.0
76,2029,reg1,OP_supply,fixed_cost,0.0
77,2030,reg1,OP_supply,fixed_cost,0.0
78,2031,reg1,OP_supply,fixed_cost,0.0
79,2032,reg1,OP_supply,fixed_cost,0.0
80,2033,reg1,OP_supply,fixed_cost,0.0
81,2034,reg1,OP_supply,fixed_cost,0.0
82,2035,reg1,OP_supply,fixed_cost,0.0
83,2036,reg1,OP_supply,fixed_cost,0.0
84,2037,reg1,OP_supply,fixed_cost,0.0
85,2038,reg1,OP_supply,fixed_cost,0.0
86,2039,reg1,OP_supply,fixed_cost,0.0
87,2040,reg1,OP_supply,fixed_cost,0.0
88,2041,reg1,OP_supply,fixed_cost,0.0
89,2042,reg1,OP_supply,fixed_cost,0.0
90,2043,reg1,OP_supply,fixed_cost,0.0
91,2044,reg1,OP_supply,fixed_cost,0.0
92,2045,reg1,OP_supply,fixed_cost,0.0
93,2046,reg1,OP_supply,fixed_cost,0.0
94,2047,reg1,OP_supply,fixed_cost,0.0
95,2048,reg1,OP_supply,fixed_cost,0.0
96,2049,reg1,OP_supply,fixed_cost,0.0
97,2050,reg1,OP_supply,fixed_cost,0.0
98,2051,reg1,OP_supply,fixed_cost,0.0
99,2052,reg1,OP_supply,fixed_cost,0.0
100,2053,reg1,OP_supply,fixed_cost,0.0
101,2054,reg1,OP_supply,fixed_cost,0.0
102,2055,reg1,OP_supply,fixed_cost,0.0
103,2056,reg1,OP_supply,fixed_cost,0.0
104,2057,reg1,OP_supply,fixed_cost,0.0
105,2058,reg1,OP_supply,fixed_cost,0.0
106,2059,reg1,OP_supply,fixed_cost,0.0
107,2060,reg1,OP_supply,fixed_cost,0.0
108,2025,reg1,BW_supply,fixed_cost,0.0
109,2026,reg1,BW_supply,fixed_cost,0.0
110,2027,reg1,BW_supply,fixed_cost,0.0
111,2028,reg1,BW_supply,fixed_cost,0.0
112,2029,reg1,BW_supply,fixed_cost,0.0
113,2030,reg1,BW_supply,fixed_cost,0.0
114,2031,reg1,BW_supply,fixed_cost,0.0
115,2032,reg1,BW_supply,fixed_cost,0.0
116,2033,reg1,BW_supply,fixed_cost,0.0
117,2034,reg1,BW_supply,fixed_cost,0.0
118,2035,reg1,BW_supply,fixed_cost,0.0
119,2036,reg1,BW_supply,fixed_cost,0.0
120,2037,reg1,BW_supply,fixed_cost,0.0
121,2038,reg1,BW_supply,fixed_cost,0.0
122,2039,reg1,BW_supply,fixed_cost,0.0
123,2040,reg1,BW_supply,fixed_cost,0.0
124,2041,reg1,BW_supply,fixed_cost,0.0
125,2042,reg1,BW_supply,fixed_cost,0.0
126,2043,reg1,BW_supply,fixed_cost,0.0
127,2044,reg1,BW_supply,fixed_cost,0.0
128,2045,reg1,BW_supply,fixed_cost,0.0
129,2046,reg1,BW_supply,fixed_cost,0.0
130,2047,reg1,BW_supply,fixed_cost,0.0
131,2048,reg1,BW_supply,fixed_cost,0.0
132,2049,reg1,BW_supply,fixed_cost,0.0
133,2050,reg1,BW_supply,fixed_cost,0.0
134,2051,reg1,BW_supply,fixed_cost,0.0
135,2052,reg1,BW_supply,fixed_cost,0.0
136,2053,reg1,BW_supply,fixed_cost,0.0
137,2054,reg1,BW_supply,fixed_cost,0.0
138,2055,reg1,BW_supply,fixed_cost,0.0
139,2056,reg1,BW_supply,fixed_cost,0.0
140,2057,reg1,BW_supply,fixed_cost,0.0
141,2058,reg1,BW_supply,fixed_cost,0.0
142,2059,reg1,BW_supply,fixed_cost,0.0
143,2060,reg1,BW_supply,fixed_cost,0.0
144,2025,reg1,BIO_supply,fixed_cost,0.0
145,2026,reg1,BIO_supply,fixed_cost,0.0
146,2027,reg1,BIO_supply,fixed_cost,0.0
147,2028,reg1,BIO_supply,fixed_cost,0.0
148,2029,reg1,BIO_supply,fixed_cost,0.0
149,2030,reg1,BIO_supply,fixed_cost,0.0
150,2031,reg1,BIO_supply,fixed_cost,0.0
151,2032,reg1,BIO_supply,fixed_cost,0.0
152,2033,reg1,BIO_supply,fixed_cost,0.0
153,2034,reg1,BIO_supply,fixed_cost,0.0
154,2035,reg1,BIO_supply,fixed_cost,0.0
155,2036,reg1,BIO_supply,fixed_cost,0.0
156,2037,reg1,BIO_supply,fixed_cost,0.0
157,2038,reg1,BIO_supply,fixed_cost,0.0
158,2039,reg1,BIO_supply,fixed_cost,0.0
159,2040,reg1,BIO_supply,fixed_cost,0.0
160,2041,reg1,BIO_supply,fixed_cost,0.0
161,2042,reg1,BIO_supply,fixed_cost,0.0
162,2043,reg1,BIO_supply,fixed_cost,0.0
163,2044,reg1,BIO_supply,fixed_cost,0.0
164,2045,reg1,BIO_supply,fixed_cost,0.0
165,2046,reg1,BIO_supply,fixed_cost,0.0
166,2047,reg1,BIO_supply,fixed_cost,0.0
167,2048,reg1,BIO_supply,fixed_cost,0.0
168,2049,reg1,BIO_supply,fixed_cost,0.0
169,2050,reg1,BIO_supply,fixed_cost,0.0
170,2051,reg1,BIO_supply,fixed_cost,0.0
171,2052,reg1,BIO_supply,fixed_cost,0.0
172,2053,reg1,BIO_supply,fixed_cost,0.0
173,2054,reg1,BIO_supply,fixed_cost,0.0
174,2055,reg1,BIO_supply,fixed_cost,0.0
175,2056,reg1,BIO_supply,fixed_cost,0.0
176,2057,reg1,BIO_supply,fixed_cost,0.0
177,2058,reg1,BIO_supply,fixed_cost,0.0
178,2059,reg1,BIO_supply,fixed_cost,0.0
179,2060,reg1,BIO_supply,fixed_cost,0.0
180,2025,reg1,Biogas_supply,fixed_cost,0.0
181,2026,reg1,Biogas_supply,fixed_cost,0.0
182,2027,reg1,Biogas_supply,fixed_cost,0.0
183,2028,reg1,Biogas_supply,fixed_cost,0.0
184,2029,reg1,Biogas_supply,fixed_cost,0.0
185,2030,reg1,Biogas_supply,fixed_cost,0.0
186,2031,reg1,Biogas_supply,fixed_cost,0.0
187,2032,reg1,Biogas_supply,fixed_cost,0.0
188,2033,reg1,Biogas_supply,fixed_cost,0.0
189,2034,reg1,Biogas_supply,fixed_cost,0.0
190,2035,reg1,Biogas_supply,fixed_cost,0.0
191,2036,reg1,Biogas_supply,fixed_cost,0.0
192,2037,reg1,Biogas_supply,fixed_cost,0.0
193,2038,reg1,Biogas_supply,fixed_cost,0.0
194,2039,reg1,Biogas_supply,fixed_cost,0.0
195,2040,reg1,Biogas_supply,fixed_cost,0.0
196,2041,reg1,Biogas_supply,fixed_cost,0.0
197,2042,reg1,Biogas_supply,fixed_cost,0.0
198,2043,reg1,Biogas_supply,fixed_cost,0.0
199,2044,reg1,Biogas_supply,fixed_cost,0.0
200,2045,reg1,Biogas_supply,fixed_cost,0.0
201,2046,reg1,Biogas_supply,fixed_cost,0.0
202,2047,reg1,Biogas_supply,fixed_cost,0.0
203,2048,reg1,Biogas_supply,fixed_cost,0.0
204,2049,reg1,Biogas_supply,fixed_cost,0.0
205,2050,reg1,Biogas_supply,fixed_cost,0.0
206,2051,reg1,Biogas_supply,fixed_cost,0.0
207,2052,reg1,Biogas_supply,fixed_cost,0.0
208,2053,reg1,Biogas_supply,fixed_cost,0.0
209,2054,reg1,Biogas_supply,fixed_cost,0.0
210,2055,reg1,Biogas_supply,fixed_cost,0.0
211,2056,reg1,Biogas_supply,fixed_cost,0.0
212,2057,reg1,Biogas_supply,fixed_cost,0.0
213,2058,reg1,Biogas_supply,fixed_cost,0.0
214,2059,reg1,Biogas_supply,fixed_cost,0.0
215,2060,reg1,Biogas_supply,fixed_cost,0.0
216,2025,reg1,Waste_supply,fixed_cost,0.0
217,2026,reg1,Waste_supply,fixed_cost,0.0
218,2027,reg1,Waste_supply,fixed_cost,0.0
219,2028,reg1,Waste_supply,fixed_cost,0.0
220,2029,reg1,Waste_supply,fixed_cost,0.0
221,2030,reg1,Waste_supply,fixed_cost,0.0
222,2031,reg1,Waste_supply,fixed_cost,0.0
223,2032,reg1,Waste_supply,fixed_cost,0.0
224,2033,reg1,Waste_supply,fixed_cost,0.0
225,2034,reg1,Waste_supply,fixed_cost,0.0
226,2035,reg1,Waste_supply,fixed_cost,0.0
227,2036,reg1,Waste_supply,fixed_cost,0.0
228,2037,reg1,Waste_supply,fixed_cost,0.0
229,2038,reg1,Waste_supply,fixed_cost,0.0
230,2039,reg1,Waste_supply,fixed_cost,0.0
231,2040,reg1,Waste_supply,fixed_cost,0.0
232,2041,reg1,Waste_supply,fixed_cost,0.0
233,2042,reg1,Waste_supply,fixed_cost,0.0
234,2043,reg1,Waste_supply,fixed_cost,0.0
235,2044,reg1,Waste_supply,fixed_cost,0.0
236,2045,reg1,Waste_supply,fixed_cost,0.0
237,2046,reg1,Waste_supply,fixed_cost,0.0
238,2047,reg1,Waste_supply,fixed_cost,0.0
239,2048,reg1,Waste_supply,fixed_cost,0.0
240,2049,reg1,Waste_supply,fixed_cost,0.0
241,2050,reg1,Waste_supply,fixed_cost,0.0
242,2051,reg1,Waste_supply,fixed_cost,0.0
243,2052,reg1,Waste_supply,fixed_cost,0.0
244,2053,reg1,Waste_supply,fixed_cost,0.0
245,2054,reg1,Waste_supply,fixed_cost,0.0
246,2055,reg1,Waste_supply,fixed_cost,0.0
247,2056,reg1,Waste_supply,fixed_cost,0.0
248,2057,reg1,Waste_supply,fixed_cost,0.0
249,2058,reg1,Waste_supply,fixed_cost,0.0
250,2059,reg1,Waste_supply,fixed_cost,0.0
251,2060,reg1,Waste_supply,fixed_cost,0.0
252,2025,reg1,Geo_PP,fixed_cost,93645110.0
253,2026,reg1,Geo_PP,fixed_cost,93645110.0
254,2027,reg1,Geo_PP,fixed_cost,93645110.0
255,2028,reg1,Geo_PP,fixed_cost,93645066.66666667
256,2029,reg1,Geo_PP,fixed_cost,93645066.66666667
257,2030,reg1,Geo_PP,fixed_cost,93645066.66666667
258,2031,reg1,Geo_PP,fixed_cost,93645066.66666667
259,2032,reg1,Geo_PP,fixed_cost,93645066.66666667
260,2033,reg1,Geo_PP,fixed_cost,93645066.66666667
261,2034,reg1,Geo_PP,fixed_cost,93645066.66666667
262,2035,reg1,Geo_PP,fixed_cost,93645066.66666667
263,2036,reg1,Geo_PP,fixed_cost,93645066.66666667
264,2037,reg1,Geo_PP,fixed_cost,93645066.66666667
265,2038,reg1,Geo_PP,fixed_cost,93645066.66666667
266,2039,reg1,Geo_PP,fixed_cost,93645066.66666667
267,2040,reg1,Geo_PP,fixed_cost,93645066.66666667
268,2041,reg1,Geo_PP,fixed_cost,93645066.66666667
269,2042,reg1,Geo_PP,fixed_cost,93645066.66666667
270,2043,reg1,Geo_PP,fixed_cost,93645066.66666667
271,2044,reg1,Geo_PP,fixed_cost,93645066.66666667
272,2045,reg1,Geo_PP,fixed_cost,93645066.66666667
273,2046,reg1,Geo_PP,fixed_cost,93645066.66666667
274,2047,reg1,Geo_PP,fixed_cost,93645066.66666667
275,2048,reg1,Geo_PP,fixed_cost,93645066.66666667
276,2049,reg1,Geo_PP,fixed_cost,93645066.66666667
277,2050,reg1,Geo_PP,fixed_cost,93645066.66666667
278,2051,reg1,Geo_PP,fixed_cost,93645066.66666667
279,2052,reg1,Geo_PP,fixed_cost,93645066.66666667
280,2053,reg1,Geo_PP,fixed_cost,93645066.66666667
281,2054,reg1,Geo_PP,fixed_cost,106645066.66666667
282,2055,reg1,Geo_PP,fixed_cost,113710523.33333339
283,2056,reg1,Geo_PP,fixed_cost,113710523.33333339
284,2057,reg1,Geo_PP,fixed_cost,113710523.33333339
285,2058,reg1,Geo_PP,fixed_cost,107022066.66666672
286,2059,reg1,Geo_PP,fixed_cost,100333566.66666672
287,2060,reg1,Geo_PP,fixed_cost,93645066.66666672
288,2025,reg1,Solar_PV_PP,fixed_cost,306848000.0
289,2026,reg1,Solar_PV_PP,fixed_cost,357384720.0
290,2027,reg1,Solar_PV_PP,fixed_cost,405212160.0
291,2028,reg1,Solar_PV_PP,fixed_cost,450330320.0
292,2029,reg1,Solar_PV_PP,fixed_cost,492739199.99999994
293,2030,reg1,Solar_PV_PP,fixed_cost,532438800.0
294,2031,reg1,Solar_PV_PP,fixed_cost,569429120.0
295,2032,reg1,Solar_PV_PP,fixed_cost,603710160.0
296,2033,reg1,Solar_PV_PP,fixed_cost,635281920.0
297,2034,reg1,Solar_PV_PP,fixed_cost,664144399.9999999
298,2035,reg1,Solar_PV_PP,fixed_cost,690297600.0
299,2036,reg1,Solar_PV_PP,fixed_cost,713741520.0000001
300,2037,reg1,Solar_PV_PP,fixed_cost,734476160.0
301,2038,reg1,Solar_PV_PP,fixed_cost,752501520.0
302,2039,reg1,Solar_PV_PP,fixed_cost,767817600.0000001
303,2040,reg1,Solar_PV_PP,fixed_cost,780424399.9999999
304,2041,reg1,Solar_PV_PP,fixed_cost,790321920.0
305,2042,reg1,Solar_PV_PP,fixed_cost,797510160.0000001
306,2043,reg1,Solar_PV_PP,fixed_cost,801989119.9999999
307,2044,reg1,Solar_PV_PP,fixed_cost,803758800.0
308,2045,reg1,Solar_PV_PP,fixed_cost,802819200.0
309,2046,reg1,Solar_PV_PP,fixed_cost,799170319.9999999
310,2047,reg1,Solar_PV_PP,fixed_cost,792812160.0
311,2048,reg1,Solar_PV_PP,fixed_cost,783744720.0
312,2049,reg1,Solar_PV_PP,fixed_cost,771967999.9999999
313,2050,reg1,Solar_PV_PP,fixed_cost,798400000.0
314,2051,reg1,Solar_PV_PP,fixed_cost,761471999.9999999
315,2052,reg1,Solar_PV_PP,fixed_cost,728640000.0
316,2053,reg1,Solar_PV_PP,fixed_cost,696960000.0
317,2054,reg1,Solar_PV_PP,fixed_cost,665280000.0
318,2055,reg1,Solar_PV_PP,fixed_cost,633600000.0
319,2056,reg1,Solar_PV_PP,fixed_cost,601920000.0
320,2057,reg1,Solar_PV_PP,fixed_cost,570240000.0
321,2058,reg1,Solar_PV_PP,fixed_cost,538560000.0
322,2059,reg1,Solar_PV_PP,fixed_cost,506880000.0
323,2060,reg1,Solar_PV_PP,fixed_cost,488368083.16893494
324,2025,reg1,Wind_On-Shore_PP,fixed_cost,529200000.0
325,2026,reg1,Wind_On-Shore_PP,fixed_cost,593664000.0
326,2027,reg1,Wind_On-Shore_PP,fixed_cost,654992000.0000001
327,2028,reg1,Wind_On-Shore_PP,fixed_cost,713184000.0000001
328,2029,reg1,Wind_On-Shore_PP,fixed_cost,768240000.0000001
329,2030,reg1,Wind_On-Shore_PP,fixed_cost,820160000.0000001
330,2031,reg1,Wind_On-Shore_PP,fixed_cost,868944000.0000001
331,2032,reg1,Wind_On-Shore_PP,fixed_cost,914592000.0000002
332,2033,reg1,Wind_On-Shore_PP,fixed_cost,957104000.0000002
333,2034,reg1,Wind_On-Shore_PP,fixed_cost,996480000.0000002
334,2035,reg1,Wind_On-Shore_PP,fixed_cost,1032720000.0000002
335,2036,reg1,Wind_On-Shore_PP,fixed_cost,1065824000.0000002
336,2037,reg1,Wind_On-Shore_PP,fixed_cost,1095792000.0000002
337,2038,reg1,Wind_On-Shore_PP,fixed_cost,1122624000.0000002
338,2039,reg1,Wind_On-Shore_PP,fixed_cost,1146320000.0000002
339,2040,reg1,Wind_On-Shore_PP,fixed_cost,1166880000.0000002
340,2041,reg1,Wind_On-Shore_PP,fixed_cost,1184304000.0000002
341,2042,reg1,Wind_On-Shore_PP,fixed_cost,1198592000.0000002
342,2043,reg1,Wind_On-Shore_PP,fixed_cost,1209744000.0000002
343,2044,reg1,Wind_On-Shore_PP,fixed_cost,1217760000.0000002
344,2045,reg1,Wind_On-Shore_PP,fixed_cost,1222640000.0000002
345,2046,reg1,Wind_On-Shore_PP,fixed_cost,1224384000.0000002
346,2047,reg1,Wind_On-Shore_PP,fixed_cost,1222992000.0
347,2048,reg1,Wind_On-Shore_PP,fixed_cost,1218464000.0
348,2049,reg1,Wind_On-Shore_PP,fixed_cost,1210800000.0000002
349,2050,reg1,Wind_On-Shore_PP,fixed_cost,1250000000.0
350,2051,reg1,Wind_On-Shore_PP,fixed_cost,1250000000.0
351,2052,reg1,Wind_On-Shore_PP,fixed_cost,1250000000.0
352,2053,reg1,Wind_On-Shore_PP,fixed_cost,1250000000.0
353,2054,reg1,Wind_On-Shore_PP,fixed_cost,1250000000.0
354,2055,reg1,Wind_On-Shore_PP,fixed_cost,1250000000.0
355,2056,reg1,Wind_On-Shore_PP,fixed_cost,1250000000.0
356,2057,reg1,Wind_On-Shore_PP,fixed_cost,1250000000.0
357,2058,reg1,Wind_On-Shore_PP,fixed_cost,1250000000.0
358,2059,reg1,Wind_On-Shore_PP,fixed_cost,1250000000.0
359,2060,reg1,Wind_On-Shore_PP,fixed_cost,1250000000.0
360,2025,reg1,Wind_Off-Shore_PP,fixed_cost,3264000.0
361,2026,reg1,Wind_Off-Shore_PP,fixed_cost,3228000.0
362,2027,reg1,Wind_Off-Shore_PP,fixed_cost,3192000.0
363,2028,reg1,Wind_Off-Shore_PP,fixed_cost,3156000.0
364,2029,reg1,Wind_Off-Shore_PP,fixed_cost,3120000.0
365,2030,reg1,Wind_Off-Shore_PP,fixed_cost,3084000.0
366,2031,reg1,Wind_Off-Shore_PP,fixed_cost,3048000.0
367,2032,reg1,Wind_Off-Shore_PP,fixed_cost,3012000.0
368,2033,reg1,Wind_Off-Shore_PP,fixed_cost,2976000.0
369,2034,reg1,Wind_Off-Shore_PP,fixed_cost,2940000.0
370,2035,reg1,Wind_Off-Shore_PP,fixed_cost,2904000.0
371,2036,reg1,Wind_Off-Shore_PP,fixed_cost,2868000.0
372,2037,reg1,Wind_Off-Shore_PP,fixed_cost,2832000.0
373,2038,reg1,Wind_Off-Shore_PP,fixed_cost,2796000.0
374,2039,reg1,Wind_Off-Shore_PP,fixed_cost,2760000.0
375,2040,reg1,Wind_Off-Shore_PP,fixed_cost,2724000.0
376,2041,reg1,Wind_Off-Shore_PP,fixed_cost,2688000.0
377,2042,reg1,Wind_Off-Shore_PP,fixed_cost,2652000.0
378,2043,reg1,Wind_Off-Shore_PP,fixed_cost,2616000.0
379,2044,reg1,Wind_Off-Shore_PP,fixed_cost,2580000.0
380,2045,reg1,Wind_Off-Shore_PP,fixed_cost,2544000.0
381,2046,reg1,Wind_Off-Shore_PP,fixed_cost,2508000.0
382,2047,reg1,Wind_Off-Shore_PP,fixed_cost,2472000.0
383,2048,reg1,Wind_Off-Shore_PP,fixed_cost,2436000.0
384,2049,reg1,Wind_Off-Shore_PP,fixed_cost,2400000.0
385,2050,reg1,Wind_Off-Shore_PP,fixed_cost,2400000.0
386,2051,reg1,Wind_Off-Shore_PP,fixed_cost,2400000.0
387,2052,reg1,Wind_Off-Shore_PP,fixed_cost,2400000.0
388,2053,reg1,Wind_Off-Shore_PP,fixed_cost,2400000.0
389,2054,reg1,Wind_Off-Shore_PP,fixed_cost,2400000.0
390,2055,reg1,Wind_Off-Shore_PP,fixed_cost,0.0
391,2056,reg1,Wind_Off-Shore_PP,fixed_cost,0.0
392,2057,reg1,Wind_Off-Shore_PP,fixed_cost,0.0
393,2058,reg1,Wind_Off-Shore_PP,fixed_cost,0.0
394,2059,reg1,Wind_Off-Shore_PP,fixed_cost,0.0
395,2060,reg1,Wind_Off-Shore_PP,fixed_cost,0.0
396,2025,reg1,Hydro_PP,fixed_cost,218184486.0
397,2026,reg1,Hydro_PP,fixed_cost,219700140.0
398,2027,reg1,Hydro_PP,fixed_cost,220800000.0
399,2028,reg1,Hydro_PP,fixed_cost,220800000.0
400,2029,reg1,Hydro_PP,fixed_cost,220800000.0
401,2030,reg1,Hydro_PP,fixed_cost,220800000.0
402,2031,reg1,Hydro_PP,fixed_cost,220800000.0
403,2032,reg1,Hydro_PP,fixed_cost,220800000.0
404,2033,reg1,Hydro_PP,fixed_cost,220800000.0
405,2034,reg1,Hydro_PP,fixed_cost,220800000.0
406,2035,reg1,Hydro_PP,fixed_cost,220800000.0
407,2036,reg1,Hydro_PP,fixed_cost,220800000.0
408,2037,reg1,Hydro_PP,fixed_cost,220800000.0
409,2038,reg1,Hydro_PP,fixed_cost,220800000.0
410,2039,reg1,Hydro_PP,fixed_cost,220800000.0
411,2040,reg1,Hydro_PP,fixed_cost,220800000.0
412,2041,reg1,Hydro_PP,fixed_cost,220800000.0
413,2042,reg1,Hydro_PP,fixed_cost,220800000.0
414,2043,reg1,Hydro_PP,fixed_cost,220800000.0
415,2044,reg1,Hydro_PP,fixed_cost,220800000.0
416,2045,reg1,Hydro_PP,fixed_cost,220800000.0
417,2046,reg1,Hydro_PP,fixed_cost,220800000.0
418,2047,reg1,Hydro_PP,fixed_cost,220800000.0
419,2048,reg1,Hydro_PP,fixed_cost,220800000.0
420,2049,reg1,Hydro_PP,fixed_cost,220800000.0
421,2050,reg1,Hydro_PP,fixed_cost,220800000.0
422,2051,reg1,Hydro_PP,fixed_cost,220800000.0
423,2052,reg1,Hydro_PP,fixed_cost,220800000.0
424,2053,reg1,Hydro_PP,fixed_cost,220800000.0
425,2054,reg1,Hydro_PP,fixed_cost,220800000.0
426,2055,reg1,Hydro_PP,fixed_cost,220800000.0
427,2056,reg1,Hydro_PP,fixed_cost,220800000.0
428,2057,reg1,Hydro_PP,fixed_cost,220800000.0
429,2058,reg1,Hydro_PP,fixed_cost,220800000.0
430,2059,reg1,Hydro_PP,fixed_cost,220800000.0
431,2060,reg1,Hydro_PP,fixed_cost,218184486.0
432,2025,reg1,UO2_supply ,fixed_cost,0.0
433,2026,reg1,UO2_supply ,fixed_cost,0.0
434,2027,reg1,UO2_supply ,fixed_cost,0.0
435,2028,reg1,UO2_supply ,fixed_cost,0.0
436,2029,reg1,UO2_supply ,fixed_cost,0.0
437,2030,reg1,UO2_supply ,fixed_cost,0.0
438,2031,reg1,UO2_supply ,fixed_cost,0.0
439,2032,reg1,UO2_supply ,fixed_cost,0.0
440,2033,reg1,UO2_supply ,fixed_cost,0.0
441,2034,reg1,UO2_supply ,fixed_cost,0.0
442,2035,reg1,UO2_supply ,fixed_cost,0.0
443,2036,reg1,UO2_supply ,fixed_cost,0.0
444,2037,reg1,UO2_supply ,fixed_cost,0.0
445,2038,reg1,UO2_supply ,fixed_cost,0.0
446,2039,reg1,UO2_supply ,fixed_cost,0.0
447,2040,reg1,UO2_supply ,fixed_cost,0.0
448,2041,reg1,UO2_supply ,fixed_cost,0.0
449,2042,reg1,UO2_supply ,fixed_cost,0.0
450,2043,reg1,UO2_supply ,fixed_cost,0.0
451,2044,reg1,UO2_supply ,fixed_cost,0.0
452,2045,reg1,UO2_supply ,fixed_cost,0.0
453,2046,reg1,UO2_supply ,fixed_cost,0.0
454,2047,reg1,UO2_supply ,fixed_cost,0.0
455,2048,reg1,UO2_supply ,fixed_cost,0.0
456,2049,reg1,UO2_supply ,fixed_cost,0.0
457,2050,reg1,UO2_supply ,fixed_cost,0.0
458,2051,reg1,UO2_supply ,fixed_cost,0.0
459,2052,reg1,UO2_supply ,fixed_cost,0.0
460,2053,reg1,UO2_supply ,fixed_cost,0.0
461,2054,reg1,UO2_supply ,fixed_cost,0.0
462,2055,reg1,UO2_supply ,fixed_cost,0.0
463,2056,reg1,UO2_supply ,fixed_cost,0.0
464,2057,reg1,UO2_supply ,fixed_cost,0.0
465,2058,reg1,UO2_supply ,fixed_cost,0.0
466,2059,reg1,UO2_supply ,fixed_cost,0.0
467,2060,reg1,UO2_supply ,fixed_cost,0.0
468,2025,reg1,Electricity_net_imports,fixed_cost,0.0
469,2026,reg1,Electricity_net_imports,fixed_cost,0.0
470,2027,reg1,Electricity_net_imports,fixed_cost,0.0
471,2028,reg1,Electricity_net_imports,fixed_cost,0.0
472,2029,reg1,Electricity_net_imports,fixed_cost,0.0
473,2030,reg1,Electricity_net_imports,fixed_cost,0.0
474,2031,reg1,Electricity_net_imports,fixed_cost,0.0
475,2032,reg1,Electricity_net_imports,fixed_cost,0.0
476,2033,reg1,Electricity_net_imports,fixed_cost,0.0
477,2034,reg1,Electricity_net_imports,fixed_cost,0.0
478,2035,reg1,Electricity_net_imports,fixed_cost,0.0
479,2036,reg1,Electricity_net_imports,fixed_cost,0.0
480,2037,reg1,Electricity_net_imports,fixed_cost,0.0
481,2038,reg1,Electricity_net_imports,fixed_cost,0.0
482,2039,reg1,Electricity_net_imports,fixed_cost,0.0
483,2040,reg1,Electricity_net_imports,fixed_cost,0.0
484,2041,reg1,Electricity_net_imports,fixed_cost,0.0
485,2042,reg1,Electricity_net_imports,fixed_cost,0.0
486,2043,reg1,Electricity_net_imports,fixed_cost,0.0
487,2044,reg1,Electricity_net_imports,fixed_cost,0.0
488,2045,reg1,Electricity_net_imports,fixed_cost,0.0
489,2046,reg1,Electricity_net_imports,fixed_cost,0.0
490,2047,reg1,Electricity_net_imports,fixed_cost,0.0
491,2048,reg1,Electricity_net_imports,fixed_cost,0.0
492,2049,reg1,Electricity_net_imports,fixed_cost,0.0
493,2050,reg1,Electricity_net_imports,fixed_cost,0.0
494,2051,reg1,Electricity_net_imports,fixed_cost,0.0
495,2052,reg1,Electricity_net_imports,fixed_cost,0.0
496,2053,reg1,Electricity_net_imports,fixed_cost,0.0
497,2054,reg1,Electricity_net_imports,fixed_cost,0.0
498,2055,reg1,Electricity_net_imports,fixed_cost,0.0
499,2056,reg1,Electricity_net_imports,fixed_cost,0.0
500,2057,reg1,Electricity_net_imports,fixed_cost,0.0
501,2058,reg1,Electricity_net_imports,fixed_cost,0.0
502,2059,reg1,Electricity_net_imports,fixed_cost,0.0
503,2060,reg1,Electricity_net_imports,fixed_cost,0.0
504,2025,reg1,Geo_HP,fixed_cost,11961834.947527502
505,2026,reg1,Geo_HP,fixed_cost,11961834.947527502
506,2027,reg1,Geo_HP,fixed_cost,11961834.947527502
507,2028,reg1,Geo_HP,fixed_cost,11961819.34931507
508,2029,reg1,Geo_HP,fixed_cost,11961819.34931507
509,2030,reg1,Geo_HP,fixed_cost,11961819.34931507
510,2031,reg1,Geo_HP,fixed_cost,11961819.34931507
511,2032,reg1,Geo_HP,fixed_cost,11961819.34931507
512,2033,reg1,Geo_HP,fixed_cost,11961819.34931507
513,2034,reg1,Geo_HP,fixed_cost,11961819.34931507
514,2035,reg1,Geo_HP,fixed_cost,11961819.34931507
515,2036,reg1,Geo_HP,fixed_cost,11961819.34931507
516,2037,reg1,Geo_HP,fixed_cost,11961819.34931507
517,2038,reg1,Geo_HP,fixed_cost,11961819.34931507
518,2039,reg1,Geo_HP,fixed_cost,11961819.34931507
519,2040,reg1,Geo_HP,fixed_cost,11961819.34931507
520,2041,reg1,Geo_HP,fixed_cost,11961819.34931507
521,2042,reg1,Geo_HP,fixed_cost,11961819.34931507
522,2043,reg1,Geo_HP,fixed_cost,11961819.34931507
523,2044,reg1,Geo_HP,fixed_cost,11961819.34931507
524,2045,reg1,Geo_HP,fixed_cost,11961819.34931507
525,2046,reg1,Geo_HP,fixed_cost,11961819.34931507
526,2047,reg1,Geo_HP,fixed_cost,11961819.34931507
527,2048,reg1,Geo_HP,fixed_cost,11961819.34931507
528,2049,reg1,Geo_HP,fixed_cost,11961819.34931507
529,2050,reg1,Geo_HP,fixed_cost,11961819.34931507
530,2051,reg1,Geo_HP,fixed_cost,11961819.34931507
531,2052,reg1,Geo_HP,fixed_cost,11961819.34931507
532,2053,reg1,Geo_HP,fixed_cost,11961819.349315101
533,2054,reg1,Geo_HP,fixed_cost,11961819.349315101
534,2055,reg1,Geo_HP,fixed_cost,11961819.349315101
535,2056,reg1,Geo_HP,fixed_cost,11961819.349315101
536,2057,reg1,Geo_HP,fixed_cost,11961819.349315101
537,2058,reg1,Geo_HP,fixed_cost,11961819.349315101
538,2059,reg1,Geo_HP,fixed_cost,11961819.349315101
539,2060,reg1,Geo_HP,fixed_cost,11961819.349315101
540,2025,reg1,Pump_hydro_ST,fixed_cost,185500000.0
541,2026,reg1,Pump_hydro_ST,fixed_cost,185500000.0
542,2027,reg1,Pump_hydro_ST,fixed_cost,185500000.0
543,2028,reg1,Pump_hydro_ST,fixed_cost,185500000.0
544,2029,reg1,Pump_hydro_ST,fixed_cost,185500000.0
545,2030,reg1,Pump_hydro_ST,fixed_cost,185500000.0
546,2031,reg1,Pump_hydro_ST,fixed_cost,185500000.0
547,2032,reg1,Pump_hydro_ST,fixed_cost,185500000.0
548,2033,reg1,Pump_hydro_ST,fixed_cost,185500000.0
549,2034,reg1,Pump_hydro_ST,fixed_cost,185500000.0
550,2035,reg1,Pump_hydro_ST,fixed_cost,185500000.0
551,2036,reg1,Pump_hydro_ST,fixed_cost,185500000.0
552,2037,reg1,Pump_hydro_ST,fixed_cost,185500000.0
553,2038,reg1,Pump_hydro_ST,fixed_cost,185500000.0
554,2039,reg1,Pump_hydro_ST,fixed_cost,202458016.10302502
555,2040,reg1,Pump_hydro_ST,fixed_cost,227367656.4748936
556,2041,reg1,Pump_hydro_ST,fixed_cost,222730156.47489357
557,2042,reg1,Pump_hydro_ST,fixed_cost,228990959.9801526
558,2043,reg1,Pump_hydro_ST,fixed_cost,266006615.3008688
559,2044,reg1,Pump_hydro_ST,fixed_cost,261369115.30086878
560,2045,reg1,Pump_hydro_ST,fixed_cost,256731615.30086878
561,2046,reg1,Pump_hydro_ST,fixed_cost,252094115.30086878
562,2047,reg1,Pump_hydro_ST,fixed_cost,247456615.30086875
563,2048,reg1,Pump_hydro_ST,fixed_cost,242819115.3008688
564,2049,reg1,Pump_hydro_ST,fixed_cost,238181615.30086878
565,2050,reg1,Pump_hydro_ST,fixed_cost,233544115.30086878
566,2051,reg1,Pump_hydro_ST,fixed_cost,228906615.3008688
567,2052,reg1,Pump_hydro_ST,fixed_cost,224269115.3008688
568,2053,reg1,Pump_hydro_ST,fixed_cost,219631615.3008688
569,2054,reg1,Pump_hydro_ST,fixed_cost,214994115.30086878
570,2055,reg1,Pump_hydro_ST,fixed_cost,210356615.3008688
571,2056,reg1,Pump_hydro_ST,fixed_cost,205719115.3008688
572,2057,reg1,Pump_hydro_ST,fixed_cost,201081615.3008688
573,2058,reg1,Pump_hydro_ST,fixed_cost,196444115.3008688
574,2059,reg1,Pump_hydro_ST,fixed_cost,191806615.3008688
575,2060,reg1,Pump_hydro_ST,fixed_cost,187169115.30086884
576,2025,reg1,Electrochemical_ST,fixed_cost,37855350.0
577,2026,reg1,Electrochemical_ST,fixed_cost,36496440.0
578,2027,reg1,Electrochemical_ST,fixed_cost,35137530.0
579,2028,reg1,Electrochemical_ST,fixed_cost,33778620.0
580,2029,reg1,Electrochemical_ST,fixed_cost,32419710.0
581,2030,reg1,Electrochemical_ST,fixed_cost,31060800.0
582,2031,reg1,Electrochemical_ST,fixed_cost,30543120.0
583,2032,reg1,Electrochemical_ST,fixed_cost,30025440.0
584,2033,reg1,Electrochemical_ST,fixed_cost,29507760.0
585,2034,reg1,Electrochemical_ST,fixed_cost,28990080.0
586,2035,reg1,Electrochemical_ST,fixed_cost,28472400.0
587,2036,reg1,Electrochemical_ST,fixed_cost,27954720.0
588,2037,reg1,Electrochemical_ST,fixed_cost,27437040.0
589,2038,reg1,Electrochemical_ST,fixed_cost,26919360.0
590,2039,reg1,Electrochemical_ST,fixed_cost,26401680.0
591,2040,reg1,Electrochemical_ST,fixed_cost,25884000.0
592,2041,reg1,Electrochemical_ST,fixed_cost,25754580.0
593,2042,reg1,Electrochemical_ST,fixed_cost,25625160.0
594,2043,reg1,Electrochemical_ST,fixed_cost,45714887.898724474
595,2044,reg1,Electrochemical_ST,fixed_cost,69002832.63020302
596,2045,reg1,Electrochemical_ST,fixed_cost,92050777.36168158
597,2046,reg1,Electrochemical_ST,fixed_cost,114858722.09316014
598,2047,reg1,Electrochemical_ST,fixed_cost,114266666.8246387
599,2048,reg1,Electrochemical_ST,fixed_cost,113674611.55611725
600,2049,reg1,Electrochemical_ST,fixed_cost,136002556.2875958
601,2050,reg1,Electrochemical_ST,fixed_cost,158090501.01907435
602,2051,reg1,Electrochemical_ST,fixed_cost,175972541.01907435
603,2052,reg1,Electrochemical_ST,fixed_cost,193854581.01907435
604,2053,reg1,Electrochemical_ST,fixed_cost,211736621.01907438
605,2054,reg1,Electrochemical_ST,fixed_cost,229618661.01907435
606,2055,reg1,Electrochemical_ST,fixed_cost,247500701.01907435
607,2056,reg1,Electrochemical_ST,fixed_cost,247500701.01907435
608,2057,reg1,Electrochemical_ST,fixed_cost,247500701.01907435
609,2058,reg1,Electrochemical_ST,fixed_cost,228000000.0
610,2059,reg1,Electrochemical_ST,fixed_cost,205200000.0
611,2060,reg1,Electrochemical_ST,fixed_cost,182400000.0
612,2025,reg1,Hydrogen_ST,fixed_cost,0.0
613,2026,reg1,Hydrogen_ST,fixed_cost,54015.5655
614,2027,reg1,Hydrogen_ST,fixed_cost,108031.131
615,2028,reg1,Hydrogen_ST,fixed_cost,162046.6965
616,2029,reg1,Hydrogen_ST,fixed_cost,216062.262
617,2030,reg1,Hydrogen_ST,fixed_cost,288083.016
618,2031,reg1,Hydrogen_ST,fixed_cost,288083.016
619,2032,reg1,Hydrogen_ST,fixed_cost,288083.016
620,2033,reg1,Hydrogen_ST,fixed_cost,288083.016
621,2034,reg1,Hydrogen_ST,fixed_cost,288083.016
622,2035,reg1,Hydrogen_ST,fixed_cost,288083.016
623,2036,reg1,Hydrogen_ST,fixed_cost,288083.016
624,2037,reg1,Hydrogen_ST,fixed_cost,288083.016
625,2038,reg1,Hydrogen_ST,fixed_cost,288083.016
626,2039,reg1,Hydrogen_ST,fixed_cost,288083.016
627,2040,reg1,Hydrogen_ST,fixed_cost,288083.016
628,2041,reg1,Hydrogen_ST,fixed_cost,288083.016
629,2042,reg1,Hydrogen_ST,fixed_cost,288083.016
630,2043,reg1,Hydrogen_ST,fixed_cost,288083.016
631,2044,reg1,Hydrogen_ST,fixed_cost,288083.016
632,2045,reg1,Hydrogen_ST,fixed_cost,288083.016
633,2046,reg1,Hydrogen_ST,fixed_cost,288083.016
634,2047,reg1,Hydrogen_ST,fixed_cost,288083.016
635,2048,reg1,Hydrogen_ST,fixed_cost,288083.016
636,2049,reg1,Hydrogen_ST,fixed_cost,288083.016
637,2050,reg1,Hydrogen_ST,fixed_cost,288083.016
638,2051,reg1,Hydrogen_ST,fixed_cost,234067.4505
639,2052,reg1,Hydrogen_ST,fixed_cost,180051.885
640,2053,reg1,Hydrogen_ST,fixed_cost,126036.3195
641,2054,reg1,Hydrogen_ST,fixed_cost,72020.754
642,2055,reg1,Hydrogen_ST,fixed_cost,0.0
643,2056,reg1,Hydrogen_ST,fixed_cost,234067.45049999998
644,2057,reg1,Hydrogen_ST,fixed_cost,270077.8275
645,2058,reg1,Hydrogen_ST,fixed_cost,270077.8275
646,2059,reg1,Hydrogen_ST,fixed_cost,270077.8275
647,2060,reg1,Hydrogen_ST,fixed_cost,270077.8275
648,2025,reg1,Thermal_ST,fixed_cost,0.0
649,2026,reg1,Thermal_ST,fixed_cost,0.0
650,2027,reg1,Thermal_ST,fixed_cost,0.0
651,2028,reg1,Thermal_ST,fixed_cost,0.0
652,2029,reg1,Thermal_ST,fixed_cost,0.0
653,2030,reg1,Thermal_ST,fixed_cost,0.0
654,2031,reg1,Thermal_ST,fixed_cost,0.0
655,2032,reg1,Thermal_ST,fixed_cost,0.0
656,2033,reg1,Thermal_ST,fixed_cost,0.0
657,2034,reg1,Thermal_ST,fixed_cost,0.0
658,2035,reg1,Thermal_ST,fixed_cost,0.0
659,2036,reg1,Thermal_ST,fixed_cost,0.0
660,2037,reg1,Thermal_ST,fixed_cost,0.0
661,2038,reg1,Thermal_ST,fixed_cost,0.0
662,2039,reg1,Thermal_ST,fixed_cost,0.0
663,2040,reg1,Thermal_ST,fixed_cost,0.0
664,2041,reg1,Thermal_ST,fixed_cost,0.0
665,2042,reg1,Thermal_ST,fixed_cost,0.0
666,2043,reg1,Thermal_ST,fixed_cost,0.0
667,2044,reg1,Thermal_ST,fixed_cost,0.0
668,2045,reg1,Thermal_ST,fixed_cost,0.0
669,2046,reg1,Thermal_ST,fixed_cost,0.0
670,2047,reg1,Thermal_ST,fixed_cost,0.0
671,2048,reg1,Thermal_ST,fixed_cost,0.0
672,2049,reg1,Thermal_ST,fixed_cost,0.0
673,2050,reg1,Thermal_ST,fixed_cost,0.0
674,2051,reg1,Thermal_ST,fixed_cost,0.0
675,2052,reg1,Thermal_ST,fixed_cost,0.0
676,2053,reg1,Thermal_ST,fixed_cost,0.0
677,2054,reg1,Thermal_ST,fixed_cost,0.0
678,2055,reg1,Thermal_ST,fixed_cost,0.0
679,2056,reg1,Thermal_ST,fixed_cost,0.0
680,2057,reg1,Thermal_ST,fixed_cost,0.0
681,2058,reg1,Thermal_ST,fixed_cost,0.0
682,2059,reg1,Thermal_ST,fixed_cost,0.0
683,2060,reg1,Thermal_ST,fixed_cost,0.0
684,2025,reg1,Thermal-H2_ST,fixed_cost,0.0
685,2026,reg1,Thermal-H2_ST,fixed_cost,0.0
686,2027,reg1,Thermal-H2_ST,fixed_cost,0.0
687,2028,reg1,Thermal-H2_ST,fixed_cost,0.0
688,2029,reg1,Thermal-H2_ST,fixed_cost,0.0
689,2030,reg1,Thermal-H2_ST,fixed_cost,0.0
690,2031,reg1,Thermal-H2_ST,fixed_cost,0.0
691,2032,reg1,Thermal-H2_ST,fixed_cost,0.0
692,2033,reg1,Thermal-H2_ST,fixed_cost,0.0
693,2034,reg1,Thermal-H2_ST,fixed_cost,0.0
694,2035,reg1,Thermal-H2_ST,fixed_cost,0.0
695,2036,reg1,Thermal-H2_ST,fixed_cost,0.0
696,2037,reg1,Thermal-H2_ST,fixed_cost,0.0
697,2038,reg1,Thermal-H2_ST,fixed_cost,0.0
698,2039,reg1,Thermal-H2_ST,fixed_cost,0.0
699,2040,reg1,Thermal-H2_ST,fixed_cost,0.0
700,2041,reg1,Thermal-H2_ST,fixed_cost,0.0
701,2042,reg1,Thermal-H2_ST,fixed_cost,0.0
702,2043,reg1,Thermal-H2_ST,fixed_cost,0.0
703,2044,reg1,Thermal-H2_ST,fixed_cost,0.0
704,2045,reg1,Thermal-H2_ST,fixed_cost,0.0
705,2046,reg1,Thermal-H2_ST,fixed_cost,0.0
706,2047,reg1,Thermal-H2_ST,fixed_cost,0.0
707,2048,reg1,Thermal-H2_ST,fixed_cost,0.0
708,2049,reg1,Thermal-H2_ST,fixed_cost,0.0
709,2050,reg1,Thermal-H2_ST,fixed_cost,0.0
710,2051,reg1,Thermal-H2_ST,fixed_cost,0.0
711,2052,reg1,Thermal-H2_ST,fixed_cost,0.0
712,2053,reg1,Thermal-H2_ST,fixed_cost,0.0
713,2054,reg1,Thermal-H2_ST,fixed_cost,0.0
714,2055,reg1,Thermal-H2_ST,fixed_cost,0.0
715,2056,reg1,Thermal-H2_ST,fixed_cost,0.0
716,2057,reg1,Thermal-H2_ST,fixed_cost,0.0
717,2058,reg1,Thermal-H2_ST,fixed_cost,0.0
718,2059,reg1,Thermal-H2_ST,fixed_cost,0.0
719,2060,reg1,Thermal-H2_ST,fixed_cost,0.0
720,2025,reg1,HTHP,fixed_cost,0.0
721,2026,reg1,HTHP,fixed_cost,0.0
722,2027,reg1,HTHP,fixed_cost,0.0
723,2028,reg1,HTHP,fixed_cost,359933.67096667393
724,2029,reg1,HTHP,fixed_cost,26320619.397513304
725,2030,reg1,HTHP,fixed_cost,51651305.124059945
726,2031,reg1,HTHP,fixed_cost,76917058.8705193
727,2032,reg1,HTHP,fixed_cost,101927812.61697865
728,2033,reg1,HTHP,fixed_cost,126683566.363438
729,2034,reg1,HTHP,fixed_cost,141938223.7637601
730,2035,reg1,HTHP,fixed_cost,146701703.85468122
731,2036,reg1,HTHP,fixed_cost,145953899.06741598
732,2037,reg1,HTHP,fixed_cost,145206094.28015074
733,2038,reg1,HTHP,fixed_cost,144458289.4928855
734,2039,reg1,HTHP,fixed_cost,143710484.70562026
735,2040,reg1,HTHP,fixed_cost,142962679.91835502
736,2041,reg1,HTHP,fixed_cost,153989045.55146796
737,2042,reg1,HTHP,fixed_cost,153179328.94943425
738,2043,reg1,HTHP,fixed_cost,152369612.34740055
739,2044,reg1,HTHP,fixed_cost,164166970.24025923
740,2045,reg1,HTHP,fixed_cost,166823011.5134345
741,2046,reg1,HTHP,fixed_cost,167346540.43724483
742,2047,reg1,HTHP,fixed_cost,167667325.35235173
743,2048,reg1,HTHP,fixed_cost,167788418.95910722
744,2049,reg1,HTHP,fixed_cost,163663389.06443885
745,2050,reg1,HTHP,fixed_cost,162765010.75830534
746,2051,reg1,HTHP,fixed_cost,161568928.8344202
747,2052,reg1,HTHP,fixed_cost,161568928.8344202
748,2053,reg1,HTHP,fixed_cost,143554300.99403813
749,2054,reg1,HTHP,fixed_cost,128950117.44573943
750,2055,reg1,HTHP,fixed_cost,123886049.00158249
751,2056,reg1,HTHP,fixed_cost,123886049.00158249
752,2057,reg1,HTHP,fixed_cost,123886049.00158249
753,2058,reg1,HTHP,fixed_cost,123886049.00158249
754,2059,reg1,HTHP,fixed_cost,123886049.00158249
755,2060,reg1,HTHP,fixed_cost,123886049.00158249
756,2025,reg1,SMR,fixed_cost,0.0
757,2026,reg1,SMR,fixed_cost,8151590.505668263
758,2027,reg1,SMR,fixed_cost,16092763.391335577
759,2028,reg1,SMR,fixed_cost,23823518.657001927
760,2029,reg1,SMR,fixed_cost,31343856.30266734
761,2030,reg1,SMR,fixed_cost,38583460.18432019
762,2031,reg1,SMR,fixed_cost,39584125.3849472
763,2032,reg1,SMR,fixed_cost,40562136.028625965
764,2033,reg1,SMR,fixed_cost,41517492.11535711
765,2034,reg1,SMR,fixed_cost,42450193.645140655
766,2035,reg1,SMR,fixed_cost,43360240.61795957
767,2036,reg1,SMR,fixed_cost,44247633.033864915
768,2037,reg1,SMR,fixed_cost,45112370.89275901
769,2038,reg1,SMR,fixed_cost,45954454.19479871
770,2039,reg1,SMR,fixed_cost,45954454.19479871
771,2040,reg1,SMR,fixed_cost,45954454.19479871
772,2041,reg1,SMR,fixed_cost,45954454.19479871
773,2042,reg1,SMR,fixed_cost,45954454.19479871
774,2043,reg1,SMR,fixed_cost,45954454.19479871
775,2044,reg1,SMR,fixed_cost,45954454.19479871
776,2045,reg1,SMR,fixed_cost,45954454.19479871
777,2046,reg1,SMR,fixed_cost,45954454.19479871
778,2047,reg1,SMR,fixed_cost,45954454.19479871
779,2048,reg1,SMR,fixed_cost,45954454.19479871
780,2049,reg1,SMR,fixed_cost,45954454.19479871
781,2050,reg1,SMR,fixed_cost,45954454.19479871
782,2051,reg1,SMR,fixed_cost,45954454.19479871
783,2052,reg1,SMR,fixed_cost,45954454.19479871
784,2053,reg1,SMR,fixed_cost,45954454.19479871
785,2054,reg1,SMR,fixed_cost,45954454.19479871
786,2055,reg1,SMR,fixed_cost,45954454.19479871
787,2056,reg1,SMR,fixed_cost,37802863.68913045
788,2057,reg1,SMR,fixed_cost,35065998.51437624
789,2058,reg1,SMR,fixed_cost,35065998.51434414
790,2059,reg1,SMR,fixed_cost,36147814.45674738
791,2060,reg1,SMR,fixed_cost,36147814.45674739
792,2025,reg1,SMR_CCS,fixed_cost,0.0
793,2026,reg1,SMR_CCS,fixed_cost,0.0
794,2027,reg1,SMR_CCS,fixed_cost,0.0
795,2028,reg1,SMR_CCS,fixed_cost,0.0
796,2029,reg1,SMR_CCS,fixed_cost,0.0
797,2030,reg1,SMR_CCS,fixed_cost,0.0
798,2031,reg1,SMR_CCS,fixed_cost,0.0
799,2032,reg1,SMR_CCS,fixed_cost,0.0
800,2033,reg1,SMR_CCS,fixed_cost,0.0
801,2034,reg1,SMR_CCS,fixed_cost,0.0
802,2035,reg1,SMR_CCS,fixed_cost,0.0
803,2036,reg1,SMR_CCS,fixed_cost,0.0
804,2037,reg1,SMR_CCS,fixed_cost,0.0
805,2038,reg1,SMR_CCS,fixed_cost,0.0
806,2039,reg1,SMR_CCS,fixed_cost,0.0
807,2040,reg1,SMR_CCS,fixed_cost,0.0
808,2041,reg1,SMR_CCS,fixed_cost,0.0
809,2042,reg1,SMR_CCS,fixed_cost,0.0
810,2043,reg1,SMR_CCS,fixed_cost,0.0
811,2044,reg1,SMR_CCS,fixed_cost,0.0
812,2045,reg1,SMR_CCS,fixed_cost,0.0
813,2046,reg1,SMR_CCS,fixed_cost,0.0
814,2047,reg1,SMR_CCS,fixed_cost,0.0
815,2048,reg1,SMR_CCS,fixed_cost,0.0
816,2049,reg1,SMR_CCS,fixed_cost,0.0
817,2050,reg1,SMR_CCS,fixed_cost,0.0
818,2051,reg1,SMR_CCS,fixed_cost,0.0
819,2052,reg1,SMR_CCS,fixed_cost,0.0
820,2053,reg1,SMR_CCS,fixed_cost,0.0
821,2054,reg1,SMR_CCS,fixed_cost,0.0
822,2055,reg1,SMR_CCS,fixed_cost,0.0
823,2056,reg1,SMR_CCS,fixed_cost,0.0
824,2057,reg1,SMR_CCS,fixed_cost,0.0
825,2058,reg1,SMR_CCS,fixed_cost,0.0
826,2059,reg1,SMR_CCS,fixed_cost,0.0
827,2060,reg1,SMR_CCS,fixed_cost,0.0
828,2025,reg1,Electrolysis_PEM,fixed_cost,0.0
829,2026,reg1,Electrolysis_PEM,fixed_cost,0.0
830,2027,reg1,Electrolysis_PEM,fixed_cost,0.0
831,2028,reg1,Electrolysis_PEM,fixed_cost,0.0
832,2029,reg1,Electrolysis_PEM,fixed_cost,0.0
833,2030,reg1,Electrolysis_PEM,fixed_cost,0.0
834,2031,reg1,Electrolysis_PEM,fixed_cost,0.0
835,2032,reg1,Electrolysis_PEM,fixed_cost,0.0
836,2033,reg1,Electrolysis_PEM,fixed_cost,0.0
837,2034,reg1,Electrolysis_PEM,fixed_cost,0.0
838,2035,reg1,Electrolysis_PEM,fixed_cost,0.0
839,2036,reg1,Electrolysis_PEM,fixed_cost,0.0
840,2037,reg1,Electrolysis_PEM,fixed_cost,0.0
841,2038,reg1,Electrolysis_PEM,fixed_cost,0.0
842,2039,reg1,Electrolysis_PEM,fixed_cost,2320652.444156512
843,2040,reg1,Electrolysis_PEM,fixed_cost,2264051.165030743
844,2041,reg1,Electrolysis_PEM,fixed_cost,2207449.885904975
845,2042,reg1,Electrolysis_PEM,fixed_cost,2150848.6067792065
846,2043,reg1,Electrolysis_PEM,fixed_cost,2094247.3276534379
847,2044,reg1,Electrolysis_PEM,fixed_cost,2037646.0485276692
848,2045,reg1,Electrolysis_PEM,fixed_cost,1981044.7694019005
849,2046,reg1,Electrolysis_PEM,fixed_cost,1924443.4902761318
850,2047,reg1,Electrolysis_PEM,fixed_cost,1867842.2111503636
851,2048,reg1,Electrolysis_PEM,fixed_cost,1811240.9320245946
852,2049,reg1,Electrolysis_PEM,fixed_cost,1754639.6528988262
853,2050,reg1,Electrolysis_PEM,fixed_cost,1698038.3737730575
854,2051,reg1,Electrolysis_PEM,fixed_cost,1698038.3737730575
855,2052,reg1,Electrolysis_PEM,fixed_cost,1698038.3737730575
856,2053,reg1,Electrolysis_PEM,fixed_cost,1698038.3737730575
857,2054,reg1,Electrolysis_PEM,fixed_cost,1698038.3737730575
858,2055,reg1,Electrolysis_PEM,fixed_cost,1698038.3737730575
859,2056,reg1,Electrolysis_PEM,fixed_cost,1698038.3737730575
860,2057,reg1,Electrolysis_PEM,fixed_cost,1698038.3737730575
861,2058,reg1,Electrolysis_PEM,fixed_cost,1698038.3737730575
862,2059,reg1,Electrolysis_PEM,fixed_cost,0.0
863,2060,reg1,Electrolysis_PEM,fixed_cost,0.0
864,2025,reg1,SFF_PP,fixed_cost,303385413.6
865,2026,reg1,SFF_PP,fixed_cost,229275813.60000002
866,2027,reg1,SFF_PP,fixed_cost,134608413.6
867,2028,reg1,SFF_PP,fixed_cost,121918413.60000001
868,2029,reg1,SFF_PP,fixed_cost,108467013.6
869,2030,reg1,SFF_PP,fixed_cost,0.0
870,2031,reg1,SFF_PP,fixed_cost,0.0
871,2032,reg1,SFF_PP,fixed_cost,0.0
872,2033,reg1,SFF_PP,fixed_cost,0.0
873,2034,reg1,SFF_PP,fixed_cost,0.0
874,2035,reg1,SFF_PP,fixed_cost,0.0
875,2036,reg1,SFF_PP,fixed_cost,0.0
876,2037,reg1,SFF_PP,fixed_cost,0.0
877,2038,reg1,SFF_PP,fixed_cost,0.0
878,2039,reg1,SFF_PP,fixed_cost,0.0
879,2040,reg1,SFF_PP,fixed_cost,0.0
880,2041,reg1,SFF_PP,fixed_cost,0.0
881,2042,reg1,SFF_PP,fixed_cost,0.0
882,2043,reg1,SFF_PP,fixed_cost,0.0
883,2044,reg1,SFF_PP,fixed_cost,0.0
884,2045,reg1,SFF_PP,fixed_cost,0.0
885,2046,reg1,SFF_PP,fixed_cost,0.0
886,2047,reg1,SFF_PP,fixed_cost,0.0
887,2048,reg1,SFF_PP,fixed_cost,0.0
888,2049,reg1,SFF_PP,fixed_cost,0.0
889,2050,reg1,SFF_PP,fixed_cost,0.0
890,2051,reg1,SFF_PP,fixed_cost,0.0
891,2052,reg1,SFF_PP,fixed_cost,0.0
892,2053,reg1,SFF_PP,fixed_cost,0.0
893,2054,reg1,SFF_PP,fixed_cost,0.0
894,2055,reg1,SFF_PP,fixed_cost,0.0
895,2056,reg1,SFF_PP,fixed_cost,0.0
896,2057,reg1,SFF_PP,fixed_cost,0.0
897,2058,reg1,SFF_PP,fixed_cost,0.0
898,2059,reg1,SFF_PP,fixed_cost,0.0
899,2060,reg1,SFF_PP,fixed_cost,0.0
900,2025,reg1,Nuc_SMR_PP,fixed_cost,0.0
901,2026,reg1,Nuc_SMR_PP,fixed_cost,0.0
902,2027,reg1,Nuc_SMR_PP,fixed_cost,0.0
903,2028,reg1,Nuc_SMR_PP,fixed_cost,0.0
904,2029,reg1,Nuc_SMR_PP,fixed_cost,0.0
905,2030,reg1,Nuc_SMR_PP,fixed_cost,0.0
906,2031,reg1,Nuc_SMR_PP,fixed_cost,0.0
907,2032,reg1,Nuc_SMR_PP,fixed_cost,0.0
908,2033,reg1,Nuc_SMR_PP,fixed_cost,0.0
909,2034,reg1,Nuc_SMR_PP,fixed_cost,0.0
910,2035,reg1,Nuc_SMR_PP,fixed_cost,0.0
911,2036,reg1,Nuc_SMR_PP,fixed_cost,0.0
912,2037,reg1,Nuc_SMR_PP,fixed_cost,0.0
913,2038,reg1,Nuc_SMR_PP,fixed_cost,0.0
914,2039,reg1,Nuc_SMR_PP,fixed_cost,0.0
915,2040,reg1,Nuc_SMR_PP,fixed_cost,0.0
916,2041,reg1,Nuc_SMR_PP,fixed_cost,0.0
917,2042,reg1,Nuc_SMR_PP,fixed_cost,0.0
918,2043,reg1,Nuc_SMR_PP,fixed_cost,0.0
919,2044,reg1,Nuc_SMR_PP,fixed_cost,0.0
920,2045,reg1,Nuc_SMR_PP,fixed_cost,0.0
921,2046,reg1,Nuc_SMR_PP,fixed_cost,0.0
922,2047,reg1,Nuc_SMR_PP,fixed_cost,0.0
923,2048,reg1,Nuc_SMR_PP,fixed_cost,0.0
924,2049,reg1,Nuc_SMR_PP,fixed_cost,0.0
925,2050,reg1,Nuc_SMR_PP,fixed_cost,0.0
926,2051,reg1,Nuc_SMR_PP,fixed_cost,0.0
927,2052,reg1,Nuc_SMR_PP,fixed_cost,0.0
928,2053,reg1,Nuc_SMR_PP,fixed_cost,0.0
929,2054,reg1,Nuc_SMR_PP,fixed_cost,0.0
930,2055,reg1,Nuc_SMR_PP,fixed_cost,0.0
931,2056,reg1,Nuc_SMR_PP,fixed_cost,0.0
932,2057,reg1,Nuc_SMR_PP,fixed_cost,0.0
933,2058,reg1,Nuc_SMR_PP,fixed_cost,0.0
934,2059,reg1,Nuc_SMR_PP,fixed_cost,0.0
935,2060,reg1,Nuc_SMR_PP,fixed_cost,0.0
936,2025,reg1,Nuc_G3+_PP,fixed_cost,0.0
937,2026,reg1,Nuc_G3+_PP,fixed_cost,0.0
938,2027,reg1,Nuc_G3+_PP,fixed_cost,0.0
939,2028,reg1,Nuc_G3+_PP,fixed_cost,0.0
940,2029,reg1,Nuc_G3+_PP,fixed_cost,0.0
941,2030,reg1,Nuc_G3+_PP,fixed_cost,0.0
942,2031,reg1,Nuc_G3+_PP,fixed_cost,0.0
943,2032,reg1,Nuc_G3+_PP,fixed_cost,0.0
944,2033,reg1,Nuc_G3+_PP,fixed_cost,0.0
945,2034,reg1,Nuc_G3+_PP,fixed_cost,0.0
946,2035,reg1,Nuc_G3+_PP,fixed_cost,0.0
947,2036,reg1,Nuc_G3+_PP,fixed_cost,0.0
948,2037,reg1,Nuc_G3+_PP,fixed_cost,0.0
949,2038,reg1,Nuc_G3+_PP,fixed_cost,0.0
950,2039,reg1,Nuc_G3+_PP,fixed_cost,0.0
951,2040,reg1,Nuc_G3+_PP,fixed_cost,0.0
952,2041,reg1,Nuc_G3+_PP,fixed_cost,0.0
953,2042,reg1,Nuc_G3+_PP,fixed_cost,0.0
954,2043,reg1,Nuc_G3+_PP,fixed_cost,0.0
955,2044,reg1,Nuc_G3+_PP,fixed_cost,0.0
956,2045,reg1,Nuc_G3+_PP,fixed_cost,0.0
957,2046,reg1,Nuc_G3+_PP,fixed_cost,0.0
958,2047,reg1,Nuc_G3+_PP,fixed_cost,0.0
959,2048,reg1,Nuc_G3+_PP,fixed_cost,0.0
960,2049,reg1,Nuc_G3+_PP,fixed_cost,0.0
961,2050,reg1,Nuc_G3+_PP,fixed_cost,0.0
962,2051,reg1,Nuc_G3+_PP,fixed_cost,0.0
963,2052,reg1,Nuc_G3+_PP,fixed_cost,0.0
964,2053,reg1,Nuc_G3+_PP,fixed_cost,0.0
965,2054,reg1,Nuc_G3+_PP,fixed_cost,0.0
966,2055,reg1,Nuc_G3+_PP,fixed_cost,0.0
967,2056,reg1,Nuc_G3+_PP,fixed_cost,0.0
968,2057,reg1,Nuc_G3+_PP,fixed_cost,0.0
969,2058,reg1,Nuc_G3+_PP,fixed_cost,0.0
970,2059,reg1,Nuc_G3+_PP,fixed_cost,0.0
971,2060,reg1,Nuc_G3+_PP,fixed_cost,0.0
972,2025,reg1,Nuc_SMR_CHP,fixed_cost,0.0
973,2026,reg1,Nuc_SMR_CHP,fixed_cost,0.0
974,2027,reg1,Nuc_SMR_CHP,fixed_cost,0.0
975,2028,reg1,Nuc_SMR_CHP,fixed_cost,0.0
976,2029,reg1,Nuc_SMR_CHP,fixed_cost,0.0
977,2030,reg1,Nuc_SMR_CHP,fixed_cost,0.0
978,2031,reg1,Nuc_SMR_CHP,fixed_cost,0.0
979,2032,reg1,Nuc_SMR_CHP,fixed_cost,0.0
980,2033,reg1,Nuc_SMR_CHP,fixed_cost,0.0
981,2034,reg1,Nuc_SMR_CHP,fixed_cost,0.0
982,2035,reg1,Nuc_SMR_CHP,fixed_cost,0.0
983,2036,reg1,Nuc_SMR_CHP,fixed_cost,0.0
984,2037,reg1,Nuc_SMR_CHP,fixed_cost,0.0
985,2038,reg1,Nuc_SMR_CHP,fixed_cost,0.0
986,2039,reg1,Nuc_SMR_CHP,fixed_cost,0.0
987,2040,reg1,Nuc_SMR_CHP,fixed_cost,0.0
988,2041,reg1,Nuc_SMR_CHP,fixed_cost,0.0
989,2042,reg1,Nuc_SMR_CHP,fixed_cost,0.0
990,2043,reg1,Nuc_SMR_CHP,fixed_cost,0.0
991,2044,reg1,Nuc_SMR_CHP,fixed_cost,0.0
992,2045,reg1,Nuc_SMR_CHP,fixed_cost,0.0
993,2046,reg1,Nuc_SMR_CHP,fixed_cost,0.0
994,2047,reg1,Nuc_SMR_CHP,fixed_cost,0.0
995,2048,reg1,Nuc_SMR_CHP,fixed_cost,0.0
996,2049,reg1,Nuc_SMR_CHP,fixed_cost,0.0
997,2050,reg1,Nuc_SMR_CHP,fixed_cost,0.0
998,2051,reg1,Nuc_SMR_CHP,fixed_cost,0.0
999,2052,reg1,Nuc_SMR_CHP,fixed_cost,0.0
1000,2053,reg1,Nuc_SMR_CHP,fixed_cost,0.0
1001,2054,reg1,Nuc_SMR_CHP,fixed_cost,0.0
1002,2055,reg1,Nuc_SMR_CHP,fixed_cost,0.0
1003,2056,reg1,Nuc_SMR_CHP,fixed_cost,0.0
1004,2057,reg1,Nuc_SMR_CHP,fixed_cost,0.0
1005,2058,reg1,Nuc_SMR_CHP,fixed_cost,0.0
1006,2059,reg1,Nuc_SMR_CHP,fixed_cost,0.0
1007,2060,reg1,Nuc_SMR_CHP,fixed_cost,0.0
1008,2025,reg1,Nuc_SMR_Power-CHP,fixed_cost,0.0
1009,2026,reg1,Nuc_SMR_Power-CHP,fixed_cost,0.0
1010,2027,reg1,Nuc_SMR_Power-CHP,fixed_cost,0.0
1011,2028,reg1,Nuc_SMR_Power-CHP,fixed_cost,0.0
1012,2029,reg1,Nuc_SMR_Power-CHP,fixed_cost,0.0
1013,2030,reg1,Nuc_SMR_Power-CHP,fixed_cost,0.0
1014,2031,reg1,Nuc_SMR_Power-CHP,fixed_cost,0.0
1015,2032,reg1,Nuc_SMR_Power-CHP,fixed_cost,0.0
1016,2033,reg1,Nuc_SMR_Power-CHP,fixed_cost,0.0
1017,2034,reg1,Nuc_SMR_Power-CHP,fixed_cost,0.0
1018,2035,reg1,Nuc_SMR_Power-CHP,fixed_cost,0.0
1019,2036,reg1,Nuc_SMR_Power-CHP,fixed_cost,0.0
1020,2037,reg1,Nuc_SMR_Power-CHP,fixed_cost,0.0
1021,2038,reg1,Nuc_SMR_Power-CHP,fixed_cost,0.0
1022,2039,reg1,Nuc_SMR_Power-CHP,fixed_cost,0.0
1023,2040,reg1,Nuc_SMR_Power-CHP,fixed_cost,0.0
1024,2041,reg1,Nuc_SMR_Power-CHP,fixed_cost,0.0
1025,2042,reg1,Nuc_SMR_Power-CHP,fixed_cost,0.0
1026,2043,reg1,Nuc_SMR_Power-CHP,fixed_cost,0.0
1027,2044,reg1,Nuc_SMR_Power-CHP,fixed_cost,0.0
1028,2045,reg1,Nuc_SMR_Power-CHP,fixed_cost,0.0
1029,2046,reg1,Nuc_SMR_Power-CHP,fixed_cost,0.0
1030,2047,reg1,Nuc_SMR_Power-CHP,fixed_cost,0.0
1031,2048,reg1,Nuc_SMR_Power-CHP,fixed_cost,0.0
1032,2049,reg1,Nuc_SMR_Power-CHP,fixed_cost,0.0
1033,2050,reg1,Nuc_SMR_Power-CHP,fixed_cost,0.0
1034,2051,reg1,Nuc_SMR_Power-CHP,fixed_cost,0.0
1035,2052,reg1,Nuc_SMR_Power-CHP,fixed_cost,0.0
1036,2053,reg1,Nuc_SMR_Power-CHP,fixed_cost,0.0
1037,2054,reg1,Nuc_SMR_Power-CHP,fixed_cost,0.0
1038,2055,reg1,Nuc_SMR_Power-CHP,fixed_cost,0.0
1039,2056,reg1,Nuc_SMR_Power-CHP,fixed_cost,0.0
1040,2057,reg1,Nuc_SMR_Power-CHP,fixed_cost,0.0
1041,2058,reg1,Nuc_SMR_Power-CHP,fixed_cost,0.0
1042,2059,reg1,Nuc_SMR_Power-CHP,fixed_cost,0.0
1043,2060,reg1,Nuc_SMR_Power-CHP,fixed_cost,0.0
1044,2025,reg1,Nuc_SMR_Heat-CHP,fixed_cost,0.0
1045,2026,reg1,Nuc_SMR_Heat-CHP,fixed_cost,0.0
1046,2027,reg1,Nuc_SMR_Heat-CHP,fixed_cost,0.0
1047,2028,reg1,Nuc_SMR_Heat-CHP,fixed_cost,0.0
1048,2029,reg1,Nuc_SMR_Heat-CHP,fixed_cost,0.0
1049,2030,reg1,Nuc_SMR_Heat-CHP,fixed_cost,0.0
1050,2031,reg1,Nuc_SMR_Heat-CHP,fixed_cost,0.0
1051,2032,reg1,Nuc_SMR_Heat-CHP,fixed_cost,0.0
1052,2033,reg1,Nuc_SMR_Heat-CHP,fixed_cost,0.0
1053,2034,reg1,Nuc_SMR_Heat-CHP,fixed_cost,0.0
1054,2035,reg1,Nuc_SMR_Heat-CHP,fixed_cost,0.0
1055,2036,reg1,Nuc_SMR_Heat-CHP,fixed_cost,0.0
1056,2037,reg1,Nuc_SMR_Heat-CHP,fixed_cost,0.0
1057,2038,reg1,Nuc_SMR_Heat-CHP,fixed_cost,0.0
1058,2039,reg1,Nuc_SMR_Heat-CHP,fixed_cost,0.0
1059,2040,reg1,Nuc_SMR_Heat-CHP,fixed_cost,0.0
1060,2041,reg1,Nuc_SMR_Heat-CHP,fixed_cost,0.0
1061,2042,reg1,Nuc_SMR_Heat-CHP,fixed_cost,0.0
1062,2043,reg1,Nuc_SMR_Heat-CHP,fixed_cost,0.0
1063,2044,reg1,Nuc_SMR_Heat-CHP,fixed_cost,0.0
1064,2045,reg1,Nuc_SMR_Heat-CHP,fixed_cost,0.0
1065,2046,reg1,Nuc_SMR_Heat-CHP,fixed_cost,0.0
1066,2047,reg1,Nuc_SMR_Heat-CHP,fixed_cost,0.0
1067,2048,reg1,Nuc_SMR_Heat-CHP,fixed_cost,0.0
1068,2049,reg1,Nuc_SMR_Heat-CHP,fixed_cost,0.0
1069,2050,reg1,Nuc_SMR_Heat-CHP,fixed_cost,0.0
1070,2051,reg1,Nuc_SMR_Heat-CHP,fixed_cost,0.0
1071,2052,reg1,Nuc_SMR_Heat-CHP,fixed_cost,0.0
1072,2053,reg1,Nuc_SMR_Heat-CHP,fixed_cost,0.0
1073,2054,reg1,Nuc_SMR_Heat-CHP,fixed_cost,0.0
1074,2055,reg1,Nuc_SMR_Heat-CHP,fixed_cost,0.0
1075,2056,reg1,Nuc_SMR_Heat-CHP,fixed_cost,0.0
1076,2057,reg1,Nuc_SMR_Heat-CHP,fixed_cost,0.0
1077,2058,reg1,Nuc_SMR_Heat-CHP,fixed_cost,0.0
1078,2059,reg1,Nuc_SMR_Heat-CHP,fixed_cost,0.0
1079,2060,reg1,Nuc_SMR_Heat-CHP,fixed_cost,0.0
1080,2025,reg1,Nuc_SMR-H2_CHP,fixed_cost,0.0
1081,2026,reg1,Nuc_SMR-H2_CHP,fixed_cost,0.0
1082,2027,reg1,Nuc_SMR-H2_CHP,fixed_cost,0.0
1083,2028,reg1,Nuc_SMR-H2_CHP,fixed_cost,0.0
1084,2029,reg1,Nuc_SMR-H2_CHP,fixed_cost,0.0
1085,2030,reg1,Nuc_SMR-H2_CHP,fixed_cost,0.0
1086,2031,reg1,Nuc_SMR-H2_CHP,fixed_cost,0.0
1087,2032,reg1,Nuc_SMR-H2_CHP,fixed_cost,0.0
1088,2033,reg1,Nuc_SMR-H2_CHP,fixed_cost,0.0
1089,2034,reg1,Nuc_SMR-H2_CHP,fixed_cost,0.0
1090,2035,reg1,Nuc_SMR-H2_CHP,fixed_cost,0.0
1091,2036,reg1,Nuc_SMR-H2_CHP,fixed_cost,0.0
1092,2037,reg1,Nuc_SMR-H2_CHP,fixed_cost,0.0
1093,2038,reg1,Nuc_SMR-H2_CHP,fixed_cost,0.0
1094,2039,reg1,Nuc_SMR-H2_CHP,fixed_cost,0.0
1095,2040,reg1,Nuc_SMR-H2_CHP,fixed_cost,0.0
1096,2041,reg1,Nuc_SMR-H2_CHP,fixed_cost,0.0
1097,2042,reg1,Nuc_SMR-H2_CHP,fixed_cost,0.0
1098,2043,reg1,Nuc_SMR-H2_CHP,fixed_cost,0.0
1099,2044,reg1,Nuc_SMR-H2_CHP,fixed_cost,0.0
1100,2045,reg1,Nuc_SMR-H2_CHP,fixed_cost,0.0
1101,2046,reg1,Nuc_SMR-H2_CHP,fixed_cost,0.0
1102,2047,reg1,Nuc_SMR-H2_CHP,fixed_cost,0.0
1103,2048,reg1,Nuc_SMR-H2_CHP,fixed_cost,0.0
1104,2049,reg1,Nuc_SMR-H2_CHP,fixed_cost,0.0
1105,2050,reg1,Nuc_SMR-H2_CHP,fixed_cost,0.0
1106,2051,reg1,Nuc_SMR-H2_CHP,fixed_cost,0.0
1107,2052,reg1,Nuc_SMR-H2_CHP,fixed_cost,0.0
1108,2053,reg1,Nuc_SMR-H2_CHP,fixed_cost,0.0
1109,2054,reg1,Nuc_SMR-H2_CHP,fixed_cost,0.0
1110,2055,reg1,Nuc_SMR-H2_CHP,fixed_cost,0.0
1111,2056,reg1,Nuc_SMR-H2_CHP,fixed_cost,0.0
1112,2057,reg1,Nuc_SMR-H2_CHP,fixed_cost,0.0
1113,2058,reg1,Nuc_SMR-H2_CHP,fixed_cost,0.0
1114,2059,reg1,Nuc_SMR-H2_CHP,fixed_cost,0.0
1115,2060,reg1,Nuc_SMR-H2_CHP,fixed_cost,0.0
1116,2025,reg1,Nuc_SMR-H2_Power-CHP,fixed_cost,0.0
1117,2026,reg1,Nuc_SMR-H2_Power-CHP,fixed_cost,0.0
1118,2027,reg1,Nuc_SMR-H2_Power-CHP,fixed_cost,0.0
1119,2028,reg1,Nuc_SMR-H2_Power-CHP,fixed_cost,0.0
1120,2029,reg1,Nuc_SMR-H2_Power-CHP,fixed_cost,0.0
1121,2030,reg1,Nuc_SMR-H2_Power-CHP,fixed_cost,0.0
1122,2031,reg1,Nuc_SMR-H2_Power-CHP,fixed_cost,0.0
1123,2032,reg1,Nuc_SMR-H2_Power-CHP,fixed_cost,0.0
1124,2033,reg1,Nuc_SMR-H2_Power-CHP,fixed_cost,0.0
1125,2034,reg1,Nuc_SMR-H2_Power-CHP,fixed_cost,0.0
1126,2035,reg1,Nuc_SMR-H2_Power-CHP,fixed_cost,0.0
1127,2036,reg1,Nuc_SMR-H2_Power-CHP,fixed_cost,0.0
1128,2037,reg1,Nuc_SMR-H2_Power-CHP,fixed_cost,0.0
1129,2038,reg1,Nuc_SMR-H2_Power-CHP,fixed_cost,0.0
1130,2039,reg1,Nuc_SMR-H2_Power-CHP,fixed_cost,0.0
1131,2040,reg1,Nuc_SMR-H2_Power-CHP,fixed_cost,0.0
1132,2041,reg1,Nuc_SMR-H2_Power-CHP,fixed_cost,0.0
1133,2042,reg1,Nuc_SMR-H2_Power-CHP,fixed_cost,0.0
1134,2043,reg1,Nuc_SMR-H2_Power-CHP,fixed_cost,0.0
1135,2044,reg1,Nuc_SMR-H2_Power-CHP,fixed_cost,0.0
1136,2045,reg1,Nuc_SMR-H2_Power-CHP,fixed_cost,0.0
1137,2046,reg1,Nuc_SMR-H2_Power-CHP,fixed_cost,0.0
1138,2047,reg1,Nuc_SMR-H2_Power-CHP,fixed_cost,0.0
1139,2048,reg1,Nuc_SMR-H2_Power-CHP,fixed_cost,0.0
1140,2049,reg1,Nuc_SMR-H2_Power-CHP,fixed_cost,0.0
1141,2050,reg1,Nuc_SMR-H2_Power-CHP,fixed_cost,0.0
1142,2051,reg1,Nuc_SMR-H2_Power-CHP,fixed_cost,0.0
1143,2052,reg1,Nuc_SMR-H2_Power-CHP,fixed_cost,0.0
1144,2053,reg1,Nuc_SMR-H2_Power-CHP,fixed_cost,0.0
1145,2054,reg1,Nuc_SMR-H2_Power-CHP,fixed_cost,0.0
1146,2055,reg1,Nuc_SMR-H2_Power-CHP,fixed_cost,0.0
1147,2056,reg1,Nuc_SMR-H2_Power-CHP,fixed_cost,0.0
1148,2057,reg1,Nuc_SMR-H2_Power-CHP,fixed_cost,0.0
1149,2058,reg1,Nuc_SMR-H2_Power-CHP,fixed_cost,0.0
1150,2059,reg1,Nuc_SMR-H2_Power-CHP,fixed_cost,0.0
1151,2060,reg1,Nuc_SMR-H2_Power-CHP,fixed_cost,0.0
1152,2025,reg1,Nuc_SMR-H2_Heat-CHP,fixed_cost,0.0
1153,2026,reg1,Nuc_SMR-H2_Heat-CHP,fixed_cost,0.0
1154,2027,reg1,Nuc_SMR-H2_Heat-CHP,fixed_cost,0.0
1155,2028,reg1,Nuc_SMR-H2_Heat-CHP,fixed_cost,0.0
1156,2029,reg1,Nuc_SMR-H2_Heat-CHP,fixed_cost,0.0
1157,2030,reg1,Nuc_SMR-H2_Heat-CHP,fixed_cost,0.0
1158,2031,reg1,Nuc_SMR-H2_Heat-CHP,fixed_cost,0.0
1159,2032,reg1,Nuc_SMR-H2_Heat-CHP,fixed_cost,0.0
1160,2033,reg1,Nuc_SMR-H2_Heat-CHP,fixed_cost,0.0
1161,2034,reg1,Nuc_SMR-H2_Heat-CHP,fixed_cost,0.0
1162,2035,reg1,Nuc_SMR-H2_Heat-CHP,fixed_cost,0.0
1163,2036,reg1,Nuc_SMR-H2_Heat-CHP,fixed_cost,0.0
1164,2037,reg1,Nuc_SMR-H2_Heat-CHP,fixed_cost,0.0
1165,2038,reg1,Nuc_SMR-H2_Heat-CHP,fixed_cost,0.0
1166,2039,reg1,Nuc_SMR-H2_Heat-CHP,fixed_cost,0.0
1167,2040,reg1,Nuc_SMR-H2_Heat-CHP,fixed_cost,0.0
1168,2041,reg1,Nuc_SMR-H2_Heat-CHP,fixed_cost,0.0
1169,2042,reg1,Nuc_SMR-H2_Heat-CHP,fixed_cost,0.0
1170,2043,reg1,Nuc_SMR-H2_Heat-CHP,fixed_cost,0.0
1171,2044,reg1,Nuc_SMR-H2_Heat-CHP,fixed_cost,0.0
1172,2045,reg1,Nuc_SMR-H2_Heat-CHP,fixed_cost,0.0
1173,2046,reg1,Nuc_SMR-H2_Heat-CHP,fixed_cost,0.0
1174,2047,reg1,Nuc_SMR-H2_Heat-CHP,fixed_cost,0.0
1175,2048,reg1,Nuc_SMR-H2_Heat-CHP,fixed_cost,0.0
1176,2049,reg1,Nuc_SMR-H2_Heat-CHP,fixed_cost,0.0
1177,2050,reg1,Nuc_SMR-H2_Heat-CHP,fixed_cost,0.0
1178,2051,reg1,Nuc_SMR-H2_Heat-CHP,fixed_cost,0.0
1179,2052,reg1,Nuc_SMR-H2_Heat-CHP,fixed_cost,0.0
1180,2053,reg1,Nuc_SMR-H2_Heat-CHP,fixed_cost,0.0
1181,2054,reg1,Nuc_SMR-H2_Heat-CHP,fixed_cost,0.0
1182,2055,reg1,Nuc_SMR-H2_Heat-CHP,fixed_cost,0.0
1183,2056,reg1,Nuc_SMR-H2_Heat-CHP,fixed_cost,0.0
1184,2057,reg1,Nuc_SMR-H2_Heat-CHP,fixed_cost,0.0
1185,2058,reg1,Nuc_SMR-H2_Heat-CHP,fixed_cost,0.0
1186,2059,reg1,Nuc_SMR-H2_Heat-CHP,fixed_cost,0.0
1187,2060,reg1,Nuc_SMR-H2_Heat-CHP,fixed_cost,0.0
1188,2025,reg1,NGCC-CCS_CHP,fixed_cost,0.0
1189,2026,reg1,NGCC-CCS_CHP,fixed_cost,0.0
1190,2027,reg1,NGCC-CCS_CHP,fixed_cost,0.0
1191,2028,reg1,NGCC-CCS_CHP,fixed_cost,0.0
1192,2029,reg1,NGCC-CCS_CHP,fixed_cost,0.0
1193,2030,reg1,NGCC-CCS_CHP,fixed_cost,0.0
1194,2031,reg1,NGCC-CCS_CHP,fixed_cost,0.0
1195,2032,reg1,NGCC-CCS_CHP,fixed_cost,0.0
1196,2033,reg1,NGCC-CCS_CHP,fixed_cost,0.0
1197,2034,reg1,NGCC-CCS_CHP,fixed_cost,0.0
1198,2035,reg1,NGCC-CCS_CHP,fixed_cost,0.0
1199,2036,reg1,NGCC-CCS_CHP,fixed_cost,0.0
1200,2037,reg1,NGCC-CCS_CHP,fixed_cost,0.0
1201,2038,reg1,NGCC-CCS_CHP,fixed_cost,0.0
1202,2039,reg1,NGCC-CCS_CHP,fixed_cost,0.0
1203,2040,reg1,NGCC-CCS_CHP,fixed_cost,0.0
1204,2041,reg1,NGCC-CCS_CHP,fixed_cost,0.0
1205,2042,reg1,NGCC-CCS_CHP,fixed_cost,0.0
1206,2043,reg1,NGCC-CCS_CHP,fixed_cost,0.0
1207,2044,reg1,NGCC-CCS_CHP,fixed_cost,0.0
1208,2045,reg1,NGCC-CCS_CHP,fixed_cost,0.0
1209,2046,reg1,NGCC-CCS_CHP,fixed_cost,0.0
1210,2047,reg1,NGCC-CCS_CHP,fixed_cost,0.0
1211,2048,reg1,NGCC-CCS_CHP,fixed_cost,0.0
1212,2049,reg1,NGCC-CCS_CHP,fixed_cost,0.0
1213,2050,reg1,NGCC-CCS_CHP,fixed_cost,0.0
1214,2051,reg1,NGCC-CCS_CHP,fixed_cost,0.0
1215,2052,reg1,NGCC-CCS_CHP,fixed_cost,0.0
1216,2053,reg1,NGCC-CCS_CHP,fixed_cost,0.0
1217,2054,reg1,NGCC-CCS_CHP,fixed_cost,0.0
1218,2055,reg1,NGCC-CCS_CHP,fixed_cost,0.0
1219,2056,reg1,NGCC-CCS_CHP,fixed_cost,0.0
1220,2057,reg1,NGCC-CCS_CHP,fixed_cost,0.0
1221,2058,reg1,NGCC-CCS_CHP,fixed_cost,0.0
1222,2059,reg1,NGCC-CCS_CHP,fixed_cost,0.0
1223,2060,reg1,NGCC-CCS_CHP,fixed_cost,0.0
1224,2025,reg1,NGCC-CCS_Power-CHP,fixed_cost,0.0
1225,2026,reg1,NGCC-CCS_Power-CHP,fixed_cost,0.0
1226,2027,reg1,NGCC-CCS_Power-CHP,fixed_cost,0.0
1227,2028,reg1,NGCC-CCS_Power-CHP,fixed_cost,0.0
1228,2029,reg1,NGCC-CCS_Power-CHP,fixed_cost,0.0
1229,2030,reg1,NGCC-CCS_Power-CHP,fixed_cost,0.0
1230,2031,reg1,NGCC-CCS_Power-CHP,fixed_cost,0.0
1231,2032,reg1,NGCC-CCS_Power-CHP,fixed_cost,0.0
1232,2033,reg1,NGCC-CCS_Power-CHP,fixed_cost,0.0
1233,2034,reg1,NGCC-CCS_Power-CHP,fixed_cost,0.0
1234,2035,reg1,NGCC-CCS_Power-CHP,fixed_cost,0.0
1235,2036,reg1,NGCC-CCS_Power-CHP,fixed_cost,0.0
1236,2037,reg1,NGCC-CCS_Power-CHP,fixed_cost,0.0
1237,2038,reg1,NGCC-CCS_Power-CHP,fixed_cost,0.0
1238,2039,reg1,NGCC-CCS_Power-CHP,fixed_cost,0.0
1239,2040,reg1,NGCC-CCS_Power-CHP,fixed_cost,0.0
1240,2041,reg1,NGCC-CCS_Power-CHP,fixed_cost,0.0
1241,2042,reg1,NGCC-CCS_Power-CHP,fixed_cost,0.0
1242,2043,reg1,NGCC-CCS_Power-CHP,fixed_cost,0.0
1243,2044,reg1,NGCC-CCS_Power-CHP,fixed_cost,0.0
1244,2045,reg1,NGCC-CCS_Power-CHP,fixed_cost,0.0
1245,2046,reg1,NGCC-CCS_Power-CHP,fixed_cost,0.0
1246,2047,reg1,NGCC-CCS_Power-CHP,fixed_cost,0.0
1247,2048,reg1,NGCC-CCS_Power-CHP,fixed_cost,0.0
1248,2049,reg1,NGCC-CCS_Power-CHP,fixed_cost,0.0
1249,2050,reg1,NGCC-CCS_Power-CHP,fixed_cost,0.0
1250,2051,reg1,NGCC-CCS_Power-CHP,fixed_cost,0.0
1251,2052,reg1,NGCC-CCS_Power-CHP,fixed_cost,0.0
1252,2053,reg1,NGCC-CCS_Power-CHP,fixed_cost,0.0
1253,2054,reg1,NGCC-CCS_Power-CHP,fixed_cost,0.0
1254,2055,reg1,NGCC-CCS_Power-CHP,fixed_cost,0.0
1255,2056,reg1,NGCC-CCS_Power-CHP,fixed_cost,0.0
1256,2057,reg1,NGCC-CCS_Power-CHP,fixed_cost,0.0
1257,2058,reg1,NGCC-CCS_Power-CHP,fixed_cost,0.0
1258,2059,reg1,NGCC-CCS_Power-CHP,fixed_cost,0.0
1259,2060,reg1,NGCC-CCS_Power-CHP,fixed_cost,0.0
1260,2025,reg1,NGCC-CCS_Heat-CHP,fixed_cost,0.0
1261,2026,reg1,NGCC-CCS_Heat-CHP,fixed_cost,0.0
1262,2027,reg1,NGCC-CCS_Heat-CHP,fixed_cost,0.0
1263,2028,reg1,NGCC-CCS_Heat-CHP,fixed_cost,0.0
1264,2029,reg1,NGCC-CCS_Heat-CHP,fixed_cost,0.0
1265,2030,reg1,NGCC-CCS_Heat-CHP,fixed_cost,0.0
1266,2031,reg1,NGCC-CCS_Heat-CHP,fixed_cost,0.0
1267,2032,reg1,NGCC-CCS_Heat-CHP,fixed_cost,0.0
1268,2033,reg1,NGCC-CCS_Heat-CHP,fixed_cost,0.0
1269,2034,reg1,NGCC-CCS_Heat-CHP,fixed_cost,0.0
1270,2035,reg1,NGCC-CCS_Heat-CHP,fixed_cost,0.0
1271,2036,reg1,NGCC-CCS_Heat-CHP,fixed_cost,0.0
1272,2037,reg1,NGCC-CCS_Heat-CHP,fixed_cost,0.0
1273,2038,reg1,NGCC-CCS_Heat-CHP,fixed_cost,0.0
1274,2039,reg1,NGCC-CCS_Heat-CHP,fixed_cost,0.0
1275,2040,reg1,NGCC-CCS_Heat-CHP,fixed_cost,0.0
1276,2041,reg1,NGCC-CCS_Heat-CHP,fixed_cost,0.0
1277,2042,reg1,NGCC-CCS_Heat-CHP,fixed_cost,0.0
1278,2043,reg1,NGCC-CCS_Heat-CHP,fixed_cost,0.0
1279,2044,reg1,NGCC-CCS_Heat-CHP,fixed_cost,0.0
1280,2045,reg1,NGCC-CCS_Heat-CHP,fixed_cost,0.0
1281,2046,reg1,NGCC-CCS_Heat-CHP,fixed_cost,0.0
1282,2047,reg1,NGCC-CCS_Heat-CHP,fixed_cost,0.0
1283,2048,reg1,NGCC-CCS_Heat-CHP,fixed_cost,0.0
1284,2049,reg1,NGCC-CCS_Heat-CHP,fixed_cost,0.0
1285,2050,reg1,NGCC-CCS_Heat-CHP,fixed_cost,0.0
1286,2051,reg1,NGCC-CCS_Heat-CHP,fixed_cost,0.0
1287,2052,reg1,NGCC-CCS_Heat-CHP,fixed_cost,0.0
1288,2053,reg1,NGCC-CCS_Heat-CHP,fixed_cost,0.0
1289,2054,reg1,NGCC-CCS_Heat-CHP,fixed_cost,0.0
1290,2055,reg1,NGCC-CCS_Heat-CHP,fixed_cost,0.0
1291,2056,reg1,NGCC-CCS_Heat-CHP,fixed_cost,0.0
1292,2057,reg1,NGCC-CCS_Heat-CHP,fixed_cost,0.0
1293,2058,reg1,NGCC-CCS_Heat-CHP,fixed_cost,0.0
1294,2059,reg1,NGCC-CCS_Heat-CHP,fixed_cost,0.0
1295,2060,reg1,NGCC-CCS_Heat-CHP,fixed_cost,0.0
1296,2025,reg1,NG_PP,fixed_cost,955254597.3
1297,2026,reg1,NG_PP,fixed_cost,923412849.3
1298,2027,reg1,NG_PP,fixed_cost,891571101.3000001
1299,2028,reg1,NG_PP,fixed_cost,859729353.3
1300,2029,reg1,NG_PP,fixed_cost,827887605.3
1301,2030,reg1,NG_PP,fixed_cost,796045857.3
1302,2031,reg1,NG_PP,fixed_cost,764204109.2999998
1303,2032,reg1,NG_PP,fixed_cost,732362361.2999998
1304,2033,reg1,NG_PP,fixed_cost,700520613.2999998
1305,2034,reg1,NG_PP,fixed_cost,668678865.2999997
1306,2035,reg1,NG_PP,fixed_cost,636837117.2999997
1307,2036,reg1,NG_PP,fixed_cost,604995369.2999997
1308,2037,reg1,NG_PP,fixed_cost,573153621.2999996
1309,2038,reg1,NG_PP,fixed_cost,541311873.2999996
1310,2039,reg1,NG_PP,fixed_cost,509470125.2999996
1311,2040,reg1,NG_PP,fixed_cost,477628377.29999954
1312,2041,reg1,NG_PP,fixed_cost,445786629.2999995
1313,2042,reg1,NG_PP,fixed_cost,413944881.2999995
1314,2043,reg1,NG_PP,fixed_cost,382103133.29999954
1315,2044,reg1,NG_PP,fixed_cost,350261385.29999954
1316,2045,reg1,NG_PP,fixed_cost,318419637.29999954
1317,2046,reg1,NG_PP,fixed_cost,286577889.29999954
1318,2047,reg1,NG_PP,fixed_cost,254736141.29999956
1319,2048,reg1,NG_PP,fixed_cost,222894393.29999956
1320,2049,reg1,NG_PP,fixed_cost,191052645.29999956
1321,2050,reg1,NG_PP,fixed_cost,159210897.2999996
1322,2051,reg1,NG_PP,fixed_cost,127369149.2999996
1323,2052,reg1,NG_PP,fixed_cost,95527401.2999996
1324,2053,reg1,NG_PP,fixed_cost,63685653.29999959
1325,2054,reg1,NG_PP,fixed_cost,31843905.299999584
1326,2055,reg1,NG_PP,fixed_cost,15302738.631805602
1327,2056,reg1,NG_PP,fixed_cost,25262296.80078369
1328,2057,reg1,NG_PP,fixed_cost,29188592.776467446
1329,2058,reg1,NG_PP,fixed_cost,56886055.85605787
1330,2059,reg1,NG_PP,fixed_cost,86759728.68713585
1331,2060,reg1,NG_PP,fixed_cost,109923057.82830833
1332,2025,reg1,NG_PP_CCS,fixed_cost,0.0
1333,2026,reg1,NG_PP_CCS,fixed_cost,0.0
1334,2027,reg1,NG_PP_CCS,fixed_cost,0.0
1335,2028,reg1,NG_PP_CCS,fixed_cost,0.0
1336,2029,reg1,NG_PP_CCS,fixed_cost,0.0
1337,2030,reg1,NG_PP_CCS,fixed_cost,0.0
1338,2031,reg1,NG_PP_CCS,fixed_cost,0.0
1339,2032,reg1,NG_PP_CCS,fixed_cost,0.0
1340,2033,reg1,NG_PP_CCS,fixed_cost,0.0
1341,2034,reg1,NG_PP_CCS,fixed_cost,0.0
1342,2035,reg1,NG_PP_CCS,fixed_cost,0.0
1343,2036,reg1,NG_PP_CCS,fixed_cost,0.0
1344,2037,reg1,NG_PP_CCS,fixed_cost,0.0
1345,2038,reg1,NG_PP_CCS,fixed_cost,0.0
1346,2039,reg1,NG_PP_CCS,fixed_cost,0.0
1347,2040,reg1,NG_PP_CCS,fixed_cost,0.0
1348,2041,reg1,NG_PP_CCS,fixed_cost,0.0
1349,2042,reg1,NG_PP_CCS,fixed_cost,0.0
1350,2043,reg1,NG_PP_CCS,fixed_cost,0.0
1351,2044,reg1,NG_PP_CCS,fixed_cost,0.0
1352,2045,reg1,NG_PP_CCS,fixed_cost,0.0
1353,2046,reg1,NG_PP_CCS,fixed_cost,0.0
1354,2047,reg1,NG_PP_CCS,fixed_cost,0.0
1355,2048,reg1,NG_PP_CCS,fixed_cost,0.0
1356,2049,reg1,NG_PP_CCS,fixed_cost,0.0
1357,2050,reg1,NG_PP_CCS,fixed_cost,0.0
1358,2051,reg1,NG_PP_CCS,fixed_cost,0.0
1359,2052,reg1,NG_PP_CCS,fixed_cost,0.0
1360,2053,reg1,NG_PP_CCS,fixed_cost,0.0
1361,2054,reg1,NG_PP_CCS,fixed_cost,0.0
1362,2055,reg1,NG_PP_CCS,fixed_cost,0.0
1363,2056,reg1,NG_PP_CCS,fixed_cost,0.0
1364,2057,reg1,NG_PP_CCS,fixed_cost,0.0
1365,2058,reg1,NG_PP_CCS,fixed_cost,0.0
1366,2059,reg1,NG_PP_CCS,fixed_cost,0.0
1367,2060,reg1,NG_PP_CCS,fixed_cost,0.0
1368,2025,reg1,Electrolysis_HTSE,fixed_cost,0.0
1369,2026,reg1,Electrolysis_HTSE,fixed_cost,0.0
1370,2027,reg1,Electrolysis_HTSE,fixed_cost,0.0
1371,2028,reg1,Electrolysis_HTSE,fixed_cost,0.0
1372,2029,reg1,Electrolysis_HTSE,fixed_cost,0.0
1373,2030,reg1,Electrolysis_HTSE,fixed_cost,0.0
1374,2031,reg1,Electrolysis_HTSE,fixed_cost,0.0
1375,2032,reg1,Electrolysis_HTSE,fixed_cost,0.0
1376,2033,reg1,Electrolysis_HTSE,fixed_cost,0.0
1377,2034,reg1,Electrolysis_HTSE,fixed_cost,0.0
1378,2035,reg1,Electrolysis_HTSE,fixed_cost,0.0
1379,2036,reg1,Electrolysis_HTSE,fixed_cost,0.0
1380,2037,reg1,Electrolysis_HTSE,fixed_cost,0.0
1381,2038,reg1,Electrolysis_HTSE,fixed_cost,0.0
1382,2039,reg1,Electrolysis_HTSE,fixed_cost,0.0
1383,2040,reg1,Electrolysis_HTSE,fixed_cost,0.0
1384,2041,reg1,Electrolysis_HTSE,fixed_cost,0.0
1385,2042,reg1,Electrolysis_HTSE,fixed_cost,0.0
1386,2043,reg1,Electrolysis_HTSE,fixed_cost,0.0
1387,2044,reg1,Electrolysis_HTSE,fixed_cost,0.0
1388,2045,reg1,Electrolysis_HTSE,fixed_cost,0.0
1389,2046,reg1,Electrolysis_HTSE,fixed_cost,0.0
1390,2047,reg1,Electrolysis_HTSE,fixed_cost,0.0
1391,2048,reg1,Electrolysis_HTSE,fixed_cost,0.0
1392,2049,reg1,Electrolysis_HTSE,fixed_cost,0.0
1393,2050,reg1,Electrolysis_HTSE,fixed_cost,0.0
1394,2051,reg1,Electrolysis_HTSE,fixed_cost,0.0
1395,2052,reg1,Electrolysis_HTSE,fixed_cost,0.0
1396,2053,reg1,Electrolysis_HTSE,fixed_cost,0.0
1397,2054,reg1,Electrolysis_HTSE,fixed_cost,0.0
1398,2055,reg1,Electrolysis_HTSE,fixed_cost,0.0
1399,2056,reg1,Electrolysis_HTSE,fixed_cost,0.0
1400,2057,reg1,Electrolysis_HTSE,fixed_cost,0.0
1401,2058,reg1,Electrolysis_HTSE,fixed_cost,0.0
1402,2059,reg1,Electrolysis_HTSE,fixed_cost,0.0
1403,2060,reg1,Electrolysis_HTSE,fixed_cost,0.0
1404,2025,reg1,NG_CHP_P,fixed_cost,646329477.0749568
1405,2026,reg1,NG_CHP_P,fixed_cost,624157247.2350339
1406,2027,reg1,NG_CHP_P,fixed_cost,602028322.5308778
1407,2028,reg1,NG_CHP_P,fixed_cost,579942702.9624884
1408,2029,reg1,NG_CHP_P,fixed_cost,557900388.5298656
1409,2030,reg1,NG_CHP_P,fixed_cost,535901379.2330095
1410,2031,reg1,NG_CHP_P,fixed_cost,513945675.07192004
1411,2032,reg1,NG_CHP_P,fixed_cost,492033276.0465972
1412,2033,reg1,NG_CHP_P,fixed_cost,470164182.15704095
1413,2034,reg1,NG_CHP_P,fixed_cost,448338393.4032514
1414,2035,reg1,NG_CHP_P,fixed_cost,426555909.7852285
1415,2036,reg1,NG_CHP_P,fixed_cost,404816731.3029723
1416,2037,reg1,NG_CHP_P,fixed_cost,383120857.95648277
1417,2038,reg1,NG_CHP_P,fixed_cost,361468289.74575984
1418,2039,reg1,NG_CHP_P,fixed_cost,339859026.6708036
1419,2040,reg1,NG_CHP_P,fixed_cost,318293068.731614
1420,2041,reg1,NG_CHP_P,fixed_cost,296770415.928191
1421,2042,reg1,NG_CHP_P,fixed_cost,296376489.41877764
1422,2043,reg1,NG_CHP_P,fixed_cost,307496354.4268663
1423,2044,reg1,NG_CHP_P,fixed_cost,290400347.20605516
1424,2045,reg1,NG_CHP_P,fixed_cost,286175387.65279233
1425,2046,reg1,NG_CHP_P,fixed_cost,289023262.30143785
1426,2047,reg1,NG_CHP_P,fixed_cost,291349116.7048056
1427,2048,reg1,NG_CHP_P,fixed_cost,289464931.08352685
1428,2049,reg1,NG_CHP_P,fixed_cost,293110855.0856702
1429,2050,reg1,NG_CHP_P,fixed_cost,296796908.84020555
1430,2051,reg1,NG_CHP_P,fixed_cost,297102153.7077801
1431,2052,reg1,NG_CHP_P,fixed_cost,318503026.2010499
1432,2053,reg1,NG_CHP_P,fixed_cost,352592920.66444546
1433,2054,reg1,NG_CHP_P,fixed_cost,401878394.5706681
1434,2055,reg1,NG_CHP_P,fixed_cost,435015853.514333
1435,2056,reg1,NG_CHP_P,fixed_cost,435015853.514333
1436,2057,reg1,NG_CHP_P,fixed_cost,451069622.6273513
1437,2058,reg1,NG_CHP_P,fixed_cost,451069622.6273513
1438,2059,reg1,NG_CHP_P,fixed_cost,451069622.6273513
1439,2060,reg1,NG_CHP_P,fixed_cost,451069622.6273513
1440,2025,reg1,BIO_CHP_P,fixed_cost,0.0
1441,2026,reg1,BIO_CHP_P,fixed_cost,3449419.231989845
1442,2027,reg1,BIO_CHP_P,fixed_cost,6865020.628371946
1443,2028,reg1,BIO_CHP_P,fixed_cost,10246804.189146303
1444,2029,reg1,BIO_CHP_P,fixed_cost,13594769.914312921
1445,2030,reg1,BIO_CHP_P,fixed_cost,16908917.80387179
1446,2031,reg1,BIO_CHP_P,fixed_cost,20229829.26055221
1447,2032,reg1,BIO_CHP_P,fixed_cost,23530450.015867982
1448,2033,reg1,BIO_CHP_P,fixed_cost,26810780.069819108
1449,2034,reg1,BIO_CHP_P,fixed_cost,30070819.422405593
1450,2035,reg1,BIO_CHP_P,fixed_cost,33310568.073627427
1451,2036,reg1,BIO_CHP_P,fixed_cost,36530026.02348462
1452,2037,reg1,BIO_CHP_P,fixed_cost,39729193.271977164
1453,2038,reg1,BIO_CHP_P,fixed_cost,42908069.81910506
1454,2039,reg1,BIO_CHP_P,fixed_cost,46066655.664868295
1455,2040,reg1,BIO_CHP_P,fixed_cost,49204950.8092669
1456,2041,reg1,BIO_CHP_P,fixed_cost,52322955.252300866
1457,2042,reg1,BIO_CHP_P,fixed_cost,55420668.99397018
1458,2043,reg1,BIO_CHP_P,fixed_cost,58498092.03427484
1459,2044,reg1,BIO_CHP_P,fixed_cost,61555224.37321485
1460,2045,reg1,BIO_CHP_P,fixed_cost,64592066.01079022
1461,2046,reg1,BIO_CHP_P,fixed_cost,67608616.94700097
1462,2047,reg1,BIO_CHP_P,fixed_cost,70604877.18184704
1463,2048,reg1,BIO_CHP_P,fixed_cost,73580846.71532848
1464,2049,reg1,BIO_CHP_P,fixed_cost,76536525.54744527
1465,2050,reg1,BIO_CHP_P,fixed_cost,79471913.67819743
1466,2051,reg1,BIO_CHP_P,fixed_cost,79471913.67819741
1467,2052,reg1,BIO_CHP_P,fixed_cost,79471913.67819741
1468,2053,reg1,BIO_CHP_P,fixed_cost,79471913.67819741
1469,2054,reg1,BIO_CHP_P,fixed_cost,79471913.67819741
1470,2055,reg1,BIO_CHP_P,fixed_cost,79471913.67819741
1471,2056,reg1,BIO_CHP_P,fixed_cost,79471913.67819741
1472,2057,reg1,BIO_CHP_P,fixed_cost,79471913.67819741
1473,2058,reg1,BIO_CHP_P,fixed_cost,79471913.67819741
1474,2059,reg1,BIO_CHP_P,fixed_cost,79471913.67819741
1475,2060,reg1,BIO_CHP_P,fixed_cost,79471913.67819741
1476,2025,reg1,Biogas_CHP_P,fixed_cost,0.0
1477,2026,reg1,Biogas_CHP_P,fixed_cost,306270.9677419355
1478,2027,reg1,Biogas_CHP_P,fixed_cost,609212.9032258065
1479,2028,reg1,Biogas_CHP_P,fixed_cost,908825.806451613
1480,2029,reg1,Biogas_CHP_P,fixed_cost,1205109.677419355
1481,2030,reg1,Biogas_CHP_P,fixed_cost,1498064.5161290325
1482,2031,reg1,Biogas_CHP_P,fixed_cost,1792683.870967742
1483,2032,reg1,Biogas_CHP_P,fixed_cost,2085638.7096774194
1484,2033,reg1,Biogas_CHP_P,fixed_cost,2376929.0322580645
1485,2034,reg1,Biogas_CHP_P,fixed_cost,2666554.838709678
1486,2035,reg1,Biogas_CHP_P,fixed_cost,2954516.1290322584
1487,2036,reg1,Biogas_CHP_P,fixed_cost,3240812.903225807
1488,2037,reg1,Biogas_CHP_P,fixed_cost,3525445.161290323
1489,2038,reg1,Biogas_CHP_P,fixed_cost,3808412.903225806
1490,2039,reg1,Biogas_CHP_P,fixed_cost,4089716.129032258
1491,2040,reg1,Biogas_CHP_P,fixed_cost,4369354.838709678
1492,2041,reg1,Biogas_CHP_P,fixed_cost,4647329.0322580645
1493,2042,reg1,Biogas_CHP_P,fixed_cost,4923638.70967742
1494,2043,reg1,Biogas_CHP_P,fixed_cost,5198283.870967742
1495,2044,reg1,Biogas_CHP_P,fixed_cost,5471264.516129033
1496,2045,reg1,Biogas_CHP_P,fixed_cost,5742580.6451612925
1497,2046,reg1,Biogas_CHP_P,fixed_cost,6012232.258064518
1498,2047,reg1,Biogas_CHP_P,fixed_cost,6280219.354838709
1499,2048,reg1,Biogas_CHP_P,fixed_cost,6546541.93548387
1500,2049,reg1,Biogas_CHP_P,fixed_cost,6811200.0
1501,2050,reg1,Biogas_CHP_P,fixed_cost,7074193.548387097
1502,2051,reg1,Biogas_CHP_P,fixed_cost,7074193.548387097
1503,2052,reg1,Biogas_CHP_P,fixed_cost,7074193.548387097
1504,2053,reg1,Biogas_CHP_P,fixed_cost,7074193.548387097
1505,2054,reg1,Biogas_CHP_P,fixed_cost,7074193.548387097
1506,2055,reg1,Biogas_CHP_P,fixed_cost,7074193.548387097
1507,2056,reg1,Biogas_CHP_P,fixed_cost,7074193.548387097
1508,2057,reg1,Biogas_CHP_P,fixed_cost,7074193.548387097
1509,2058,reg1,Biogas_CHP_P,fixed_cost,7074193.548387097
1510,2059,reg1,Biogas_CHP_P,fixed_cost,7074193.548387097
1511,2060,reg1,Biogas_CHP_P,fixed_cost,7074193.548387097
1512,2025,reg1,WtE_CHP_P,fixed_cost,0.0
1513,2026,reg1,WtE_CHP_P,fixed_cost,0.0
1514,2027,reg1,WtE_CHP_P,fixed_cost,0.0
1515,2028,reg1,WtE_CHP_P,fixed_cost,0.0
1516,2029,reg1,WtE_CHP_P,fixed_cost,0.0
1517,2030,reg1,WtE_CHP_P,fixed_cost,9422875.0
1518,2031,reg1,WtE_CHP_P,fixed_cost,18755756.25
1519,2032,reg1,WtE_CHP_P,fixed_cost,27998643.75
1520,2033,reg1,WtE_CHP_P,fixed_cost,37151537.5
1521,2034,reg1,WtE_CHP_P,fixed_cost,46214437.50000001
1522,2035,reg1,WtE_CHP_P,fixed_cost,55187343.75
1523,2036,reg1,WtE_CHP_P,fixed_cost,64070256.25
1524,2037,reg1,WtE_CHP_P,fixed_cost,72863175.0
1525,2038,reg1,WtE_CHP_P,fixed_cost,81566100.0
1526,2039,reg1,WtE_CHP_P,fixed_cost,90179031.25
1527,2040,reg1,WtE_CHP_P,fixed_cost,98701968.75
1528,2041,reg1,WtE_CHP_P,fixed_cost,98207003.125
1529,2042,reg1,WtE_CHP_P,fixed_cost,97712037.5
1530,2043,reg1,WtE_CHP_P,fixed_cost,97217071.875
1531,2044,reg1,WtE_CHP_P,fixed_cost,96722106.25
1532,2045,reg1,WtE_CHP_P,fixed_cost,96227140.625
1533,2046,reg1,WtE_CHP_P,fixed_cost,95732175.0
1534,2047,reg1,WtE_CHP_P,fixed_cost,95237209.375
1535,2048,reg1,WtE_CHP_P,fixed_cost,94742243.75
1536,2049,reg1,WtE_CHP_P,fixed_cost,94247278.125
1537,2050,reg1,WtE_CHP_P,fixed_cost,93752312.5
1538,2051,reg1,WtE_CHP_P,fixed_cost,93752312.5
1539,2052,reg1,WtE_CHP_P,fixed_cost,93752312.5
1540,2053,reg1,WtE_CHP_P,fixed_cost,93752312.5
1541,2054,reg1,WtE_CHP_P,fixed_cost,93752312.5
1542,2055,reg1,WtE_CHP_P,fixed_cost,93752312.5
1543,2056,reg1,WtE_CHP_P,fixed_cost,93752312.5
1544,2057,reg1,WtE_CHP_P,fixed_cost,93752312.5
1545,2058,reg1,WtE_CHP_P,fixed_cost,93752312.5
1546,2059,reg1,WtE_CHP_P,fixed_cost,93752312.5
1547,2060,reg1,WtE_CHP_P,fixed_cost,85229375.0
1548,2025,reg1,WtE-CCS_CHP_P,fixed_cost,0.0
1549,2026,reg1,WtE-CCS_CHP_P,fixed_cost,0.0
1550,2027,reg1,WtE-CCS_CHP_P,fixed_cost,0.0
1551,2028,reg1,WtE-CCS_CHP_P,fixed_cost,0.0
1552,2029,reg1,WtE-CCS_CHP_P,fixed_cost,0.0
1553,2030,reg1,WtE-CCS_CHP_P,fixed_cost,12722875.0
1554,2031,reg1,WtE-CCS_CHP_P,fixed_cost,12677878.125
1555,2032,reg1,WtE-CCS_CHP_P,fixed_cost,12632881.25
1556,2033,reg1,WtE-CCS_CHP_P,fixed_cost,12587884.375
1557,2034,reg1,WtE-CCS_CHP_P,fixed_cost,12542887.5
1558,2035,reg1,WtE-CCS_CHP_P,fixed_cost,12497890.625
1559,2036,reg1,WtE-CCS_CHP_P,fixed_cost,12452893.75
1560,2037,reg1,WtE-CCS_CHP_P,fixed_cost,12407896.875
1561,2038,reg1,WtE-CCS_CHP_P,fixed_cost,12362900.0
1562,2039,reg1,WtE-CCS_CHP_P,fixed_cost,12317903.125
1563,2040,reg1,WtE-CCS_CHP_P,fixed_cost,12272906.25
1564,2041,reg1,WtE-CCS_CHP_P,fixed_cost,12227909.375
1565,2042,reg1,WtE-CCS_CHP_P,fixed_cost,12182912.5
1566,2043,reg1,WtE-CCS_CHP_P,fixed_cost,12137915.625
1567,2044,reg1,WtE-CCS_CHP_P,fixed_cost,12092918.75
1568,2045,reg1,WtE-CCS_CHP_P,fixed_cost,12047921.875
1569,2046,reg1,WtE-CCS_CHP_P,fixed_cost,12002925.0
1570,2047,reg1,WtE-CCS_CHP_P,fixed_cost,11957928.125
1571,2048,reg1,WtE-CCS_CHP_P,fixed_cost,11912931.25
1572,2049,reg1,WtE-CCS_CHP_P,fixed_cost,11867934.375
1573,2050,reg1,WtE-CCS_CHP_P,fixed_cost,11822937.5
1574,2051,reg1,WtE-CCS_CHP_P,fixed_cost,11822937.5
1575,2052,reg1,WtE-CCS_CHP_P,fixed_cost,11822937.5
1576,2053,reg1,WtE-CCS_CHP_P,fixed_cost,11822937.5
1577,2054,reg1,WtE-CCS_CHP_P,fixed_cost,11822937.5
1578,2055,reg1,WtE-CCS_CHP_P,fixed_cost,11822937.5
1579,2056,reg1,WtE-CCS_CHP_P,fixed_cost,11822937.5
1580,2057,reg1,WtE-CCS_CHP_P,fixed_cost,11822937.5
1581,2058,reg1,WtE-CCS_CHP_P,fixed_cost,11822937.5
1582,2059,reg1,WtE-CCS_CHP_P,fixed_cost,11822937.5
1583,2060,reg1,WtE-CCS_CHP_P,fixed_cost,11822937.5
1584,2025,reg1,SOFC_CHP_P,fixed_cost,0.0
1585,2026,reg1,SOFC_CHP_P,fixed_cost,0.0
1586,2027,reg1,SOFC_CHP_P,fixed_cost,0.0
1587,2028,reg1,SOFC_CHP_P,fixed_cost,0.0
1588,2029,reg1,SOFC_CHP_P,fixed_cost,0.0
1589,2030,reg1,SOFC_CHP_P,fixed_cost,0.0
1590,2031,reg1,SOFC_CHP_P,fixed_cost,0.0
1591,2032,reg1,SOFC_CHP_P,fixed_cost,0.0
1592,2033,reg1,SOFC_CHP_P,fixed_cost,0.0
1593,2034,reg1,SOFC_CHP_P,fixed_cost,0.0
1594,2035,reg1,SOFC_CHP_P,fixed_cost,0.0
1595,2036,reg1,SOFC_CHP_P,fixed_cost,0.0
1596,2037,reg1,SOFC_CHP_P,fixed_cost,0.0
1597,2038,reg1,SOFC_CHP_P,fixed_cost,0.0
1598,2039,reg1,SOFC_CHP_P,fixed_cost,0.0
1599,2040,reg1,SOFC_CHP_P,fixed_cost,0.0
1600,2041,reg1,SOFC_CHP_P,fixed_cost,0.0
1601,2042,reg1,SOFC_CHP_P,fixed_cost,0.0
1602,2043,reg1,SOFC_CHP_P,fixed_cost,0.0
1603,2044,reg1,SOFC_CHP_P,fixed_cost,0.0
1604,2045,reg1,SOFC_CHP_P,fixed_cost,0.0
1605,2046,reg1,SOFC_CHP_P,fixed_cost,0.0
1606,2047,reg1,SOFC_CHP_P,fixed_cost,0.0
1607,2048,reg1,SOFC_CHP_P,fixed_cost,0.0
1608,2049,reg1,SOFC_CHP_P,fixed_cost,0.0
1609,2050,reg1,SOFC_CHP_P,fixed_cost,0.0
1610,2051,reg1,SOFC_CHP_P,fixed_cost,0.0
1611,2052,reg1,SOFC_CHP_P,fixed_cost,0.0
1612,2053,reg1,SOFC_CHP_P,fixed_cost,0.0
1613,2054,reg1,SOFC_CHP_P,fixed_cost,0.0
1614,2055,reg1,SOFC_CHP_P,fixed_cost,0.0
1615,2056,reg1,SOFC_CHP_P,fixed_cost,0.0
1616,2057,reg1,SOFC_CHP_P,fixed_cost,0.0
1617,2058,reg1,SOFC_CHP_P,fixed_cost,0.0
1618,2059,reg1,SOFC_CHP_P,fixed_cost,0.0
1619,2060,reg1,SOFC_CHP_P,fixed_cost,0.0
1620,2025,reg1,Oil_CHP,fixed_cost,29976166.968823824
1621,2026,reg1,Oil_CHP,fixed_cost,28976961.40319636
1622,2027,reg1,Oil_CHP,fixed_cost,27977755.837568898
1623,2028,reg1,Oil_CHP,fixed_cost,26978550.271941435
1624,2029,reg1,Oil_CHP,fixed_cost,25979344.70631397
1625,2030,reg1,Oil_CHP,fixed_cost,24980139.140686512
1626,2031,reg1,Oil_CHP,fixed_cost,23980933.575059053
1627,2032,reg1,Oil_CHP,fixed_cost,22981728.009431593
1628,2033,reg1,Oil_CHP,fixed_cost,21982522.44380413
1629,2034,reg1,Oil_CHP,fixed_cost,20983316.87817667
1630,2035,reg1,Oil_CHP,fixed_cost,19984111.31254921
1631,2036,reg1,Oil_CHP,fixed_cost,18984905.74692175
1632,2037,reg1,Oil_CHP,fixed_cost,17985700.181294292
1633,2038,reg1,Oil_CHP,fixed_cost,16986494.615666833
1634,2039,reg1,Oil_CHP,fixed_cost,15987289.050039373
1635,2040,reg1,Oil_CHP,fixed_cost,14988083.484411914
1636,2041,reg1,Oil_CHP,fixed_cost,13988877.918784454
1637,2042,reg1,Oil_CHP,fixed_cost,12989672.353156995
1638,2043,reg1,Oil_CHP,fixed_cost,11990466.787529534
1639,2044,reg1,Oil_CHP,fixed_cost,10991261.221902072
1640,2045,reg1,Oil_CHP,fixed_cost,9992055.656274611
1641,2046,reg1,Oil_CHP,fixed_cost,8992850.09064715
1642,2047,reg1,Oil_CHP,fixed_cost,7993644.525019689
1643,2048,reg1,Oil_CHP,fixed_cost,6994438.959392228
1644,2049,reg1,Oil_CHP,fixed_cost,5995233.393764768
1645,2050,reg1,Oil_CHP,fixed_cost,4996027.8281373065
1646,2051,reg1,Oil_CHP,fixed_cost,3996822.262509842
1647,2052,reg1,Oil_CHP,fixed_cost,2997616.696882383
1648,2053,reg1,Oil_CHP,fixed_cost,1998411.131254924
1649,2054,reg1,Oil_CHP,fixed_cost,999205.565627459
1650,2055,reg1,Oil_CHP,fixed_cost,0.0
1651,2056,reg1,Oil_CHP,fixed_cost,0.0
1652,2057,reg1,Oil_CHP,fixed_cost,0.0
1653,2058,reg1,Oil_CHP,fixed_cost,0.0
1654,2059,reg1,Oil_CHP,fixed_cost,0.0
1655,2060,reg1,Oil_CHP,fixed_cost,0.0
1656,2025,reg1,BW_CHP_P,fixed_cost,171960220.94062307
1657,2026,reg1,BW_CHP_P,fixed_cost,163454614.5910131
1658,2027,reg1,BW_CHP_P,fixed_cost,155084608.03406852
1659,2028,reg1,BW_CHP_P,fixed_cost,146850201.26978943
1660,2029,reg1,BW_CHP_P,fixed_cost,138751394.29817572
1661,2030,reg1,BW_CHP_P,fixed_cost,130788187.11922742
1662,2031,reg1,BW_CHP_P,fixed_cost,123251463.15914617
1663,2032,reg1,BW_CHP_P,fixed_cost,115819719.68370914
1664,2033,reg1,BW_CHP_P,fixed_cost,108492956.69291627
1665,2034,reg1,BW_CHP_P,fixed_cost,101271174.18676761
1666,2035,reg1,BW_CHP_P,fixed_cost,94154372.16526318
1667,2036,reg1,BW_CHP_P,fixed_cost,87142550.62840292
1668,2037,reg1,BW_CHP_P,fixed_cost,80235709.57618687
1669,2038,reg1,BW_CHP_P,fixed_cost,73433849.008615
1670,2039,reg1,BW_CHP_P,fixed_cost,66736968.92568733
1671,2040,reg1,BW_CHP_P,fixed_cost,60145069.32740386
1672,2041,reg1,BW_CHP_P,fixed_cost,53717201.73637695
1673,2042,reg1,BW_CHP_P,fixed_cost,47381192.0694137
1674,2043,reg1,BW_CHP_P,fixed_cost,41137040.32651413
1675,2044,reg1,BW_CHP_P,fixed_cost,34984746.507678226
1676,2045,reg1,BW_CHP_P,fixed_cost,28924310.612906005
1677,2046,reg1,BW_CHP_P,fixed_cost,22955732.64219745
1678,2047,reg1,BW_CHP_P,fixed_cost,17079012.595552564
1679,2048,reg1,BW_CHP_P,fixed_cost,11294150.472971352
1680,2049,reg1,BW_CHP_P,fixed_cost,5601146.2744538095
1681,2050,reg1,BW_CHP_P,fixed_cost,0.0
1682,2051,reg1,BW_CHP_P,fixed_cost,0.0
1683,2052,reg1,BW_CHP_P,fixed_cost,0.0
1684,2053,reg1,BW_CHP_P,fixed_cost,0.0
1685,2054,reg1,BW_CHP_P,fixed_cost,0.0
1686,2055,reg1,BW_CHP_P,fixed_cost,0.0
1687,2056,reg1,BW_CHP_P,fixed_cost,0.0
1688,2057,reg1,BW_CHP_P,fixed_cost,0.0
1689,2058,reg1,BW_CHP_P,fixed_cost,0.0
1690,2059,reg1,BW_CHP_P,fixed_cost,0.0
1691,2060,reg1,BW_CHP_P,fixed_cost,0.0
1692,2025,reg1,Heat_transmission_distribution,fixed_cost,0.0
1693,2026,reg1,Heat_transmission_distribution,fixed_cost,0.0
1694,2027,reg1,Heat_transmission_distribution,fixed_cost,0.0
1695,2028,reg1,Heat_transmission_distribution,fixed_cost,0.0
1696,2029,reg1,Heat_transmission_distribution,fixed_cost,0.0
1697,2030,reg1,Heat_transmission_distribution,fixed_cost,0.0
1698,2031,reg1,Heat_transmission_distribution,fixed_cost,0.0
1699,2032,reg1,Heat_transmission_distribution,fixed_cost,0.0
1700,2033,reg1,Heat_transmission_distribution,fixed_cost,0.0
1701,2034,reg1,Heat_transmission_distribution,fixed_cost,0.0
1702,2035,reg1,Heat_transmission_distribution,fixed_cost,0.0
1703,2036,reg1,Heat_transmission_distribution,fixed_cost,0.0
1704,2037,reg1,Heat_transmission_distribution,fixed_cost,0.0
1705,2038,reg1,Heat_transmission_distribution,fixed_cost,0.0
1706,2039,reg1,Heat_transmission_distribution,fixed_cost,0.0
1707,2040,reg1,Heat_transmission_distribution,fixed_cost,0.0
1708,2041,reg1,Heat_transmission_distribution,fixed_cost,0.0
1709,2042,reg1,Heat_transmission_distribution,fixed_cost,0.0
1710,2043,reg1,Heat_transmission_distribution,fixed_cost,0.0
1711,2044,reg1,Heat_transmission_distribution,fixed_cost,0.0
1712,2045,reg1,Heat_transmission_distribution,fixed_cost,0.0
1713,2046,reg1,Heat_transmission_distribution,fixed_cost,0.0
1714,2047,reg1,Heat_transmission_distribution,fixed_cost,0.0
1715,2048,reg1,Heat_transmission_distribution,fixed_cost,0.0
1716,2049,reg1,Heat_transmission_distribution,fixed_cost,0.0
1717,2050,reg1,Heat_transmission_distribution,fixed_cost,0.0
1718,2051,reg1,Heat_transmission_distribution,fixed_cost,0.0
1719,2052,reg1,Heat_transmission_distribution,fixed_cost,0.0
1720,2053,reg1,Heat_transmission_distribution,fixed_cost,0.0
1721,2054,reg1,Heat_transmission_distribution,fixed_cost,0.0
1722,2055,reg1,Heat_transmission_distribution,fixed_cost,0.0
1723,2056,reg1,Heat_transmission_distribution,fixed_cost,0.0
1724,2057,reg1,Heat_transmission_distribution,fixed_cost,0.0
1725,2058,reg1,Heat_transmission_distribution,fixed_cost,0.0
1726,2059,reg1,Heat_transmission_distribution,fixed_cost,0.0
1727,2060,reg1,Heat_transmission_distribution,fixed_cost,0.0
1728,2025,reg1,Elec_transmission_distribution,fixed_cost,0.0
1729,2026,reg1,Elec_transmission_distribution,fixed_cost,0.0
1730,2027,reg1,Elec_transmission_distribution,fixed_cost,0.0
1731,2028,reg1,Elec_transmission_distribution,fixed_cost,0.0
1732,2029,reg1,Elec_transmission_distribution,fixed_cost,0.0
1733,2030,reg1,Elec_transmission_distribution,fixed_cost,0.0
1734,2031,reg1,Elec_transmission_distribution,fixed_cost,0.0
1735,2032,reg1,Elec_transmission_distribution,fixed_cost,0.0
1736,2033,reg1,Elec_transmission_distribution,fixed_cost,0.0
1737,2034,reg1,Elec_transmission_distribution,fixed_cost,0.0
1738,2035,reg1,Elec_transmission_distribution,fixed_cost,0.0
1739,2036,reg1,Elec_transmission_distribution,fixed_cost,0.0
1740,2037,reg1,Elec_transmission_distribution,fixed_cost,0.0
1741,2038,reg1,Elec_transmission_distribution,fixed_cost,0.0
1742,2039,reg1,Elec_transmission_distribution,fixed_cost,0.0
1743,2040,reg1,Elec_transmission_distribution,fixed_cost,0.0
1744,2041,reg1,Elec_transmission_distribution,fixed_cost,0.0
1745,2042,reg1,Elec_transmission_distribution,fixed_cost,0.0
1746,2043,reg1,Elec_transmission_distribution,fixed_cost,0.0
1747,2044,reg1,Elec_transmission_distribution,fixed_cost,0.0
1748,2045,reg1,Elec_transmission_distribution,fixed_cost,0.0
1749,2046,reg1,Elec_transmission_distribution,fixed_cost,0.0
1750,2047,reg1,Elec_transmission_distribution,fixed_cost,0.0
1751,2048,reg1,Elec_transmission_distribution,fixed_cost,0.0
1752,2049,reg1,Elec_transmission_distribution,fixed_cost,0.0
1753,2050,reg1,Elec_transmission_distribution,fixed_cost,0.0
1754,2051,reg1,Elec_transmission_distribution,fixed_cost,0.0
1755,2052,reg1,Elec_transmission_distribution,fixed_cost,0.0
1756,2053,reg1,Elec_transmission_distribution,fixed_cost,0.0
1757,2054,reg1,Elec_transmission_distribution,fixed_cost,0.0
1758,2055,reg1,Elec_transmission_distribution,fixed_cost,0.0
1759,2056,reg1,Elec_transmission_distribution,fixed_cost,0.0
1760,2057,reg1,Elec_transmission_distribution,fixed_cost,0.0
1761,2058,reg1,Elec_transmission_distribution,fixed_cost,0.0
1762,2059,reg1,Elec_transmission_distribution,fixed_cost,0.0
1763,2060,reg1,Elec_transmission_distribution,fixed_cost,0.0
1764,2025,reg1,NG_supply,variable_cost,8025335331.794682
1765,2026,reg1,NG_supply,variable_cost,8233232965.680484
1766,2027,reg1,NG_supply,variable_cost,7890011860.778527
1767,2028,reg1,NG_supply,variable_cost,7664290219.659284
1768,2029,reg1,NG_supply,variable_cost,7260939263.465432
1769,2030,reg1,NG_supply,variable_cost,6929112021.393878
1770,2031,reg1,NG_supply,variable_cost,6541586078.466608
1771,2032,reg1,NG_supply,variable_cost,6112469995.753806
1772,2033,reg1,NG_supply,variable_cost,5714011168.7865095
1773,2034,reg1,NG_supply,variable_cost,5366024023.84638
1774,2035,reg1,NG_supply,variable_cost,5093497246.391815
1775,2036,reg1,NG_supply,variable_cost,4999105397.2392645
1776,2037,reg1,NG_supply,variable_cost,4966197307.106268
1777,2038,reg1,NG_supply,variable_cost,4903254390.80746
1778,2039,reg1,NG_supply,variable_cost,4744967120.507421
1779,2040,reg1,NG_supply,variable_cost,4579075087.331173
1780,2041,reg1,NG_supply,variable_cost,4860088764.059315
1781,2042,reg1,NG_supply,variable_cost,5095927490.353625
1782,2043,reg1,NG_supply,variable_cost,4991994748.164327
1783,2044,reg1,NG_supply,variable_cost,4931684066.213423
1784,2045,reg1,NG_supply,variable_cost,4839078808.23938
1785,2046,reg1,NG_supply,variable_cost,4699742091.706978
1786,2047,reg1,NG_supply,variable_cost,4707798644.561349
1787,2048,reg1,NG_supply,variable_cost,4659625535.296587
1788,2049,reg1,NG_supply,variable_cost,4397325145.810695
1789,2050,reg1,NG_supply,variable_cost,4095966670.579863
1790,2051,reg1,NG_supply,variable_cost,4101087121.8388195
1791,2052,reg1,NG_supply,variable_cost,4146572097.02145
1792,2053,reg1,NG_supply,variable_cost,4286415663.405569
1793,2054,reg1,NG_supply,variable_cost,4337275073.73598
1794,2055,reg1,NG_supply,variable_cost,4460472259.477388
1795,2056,reg1,NG_supply,variable_cost,4657394961.246454
1796,2057,reg1,NG_supply,variable_cost,4947841423.256482
1797,2058,reg1,NG_supply,variable_cost,5368791146.836315
1798,2059,reg1,NG_supply,variable_cost,5823972813.992742
1799,2060,reg1,NG_supply,variable_cost,6283304137.412482
1800,2025,reg1,SFF_supply,variable_cost,81093393.9783502
1801,2026,reg1,SFF_supply,variable_cost,61284270.92571202
1802,2027,reg1,SFF_supply,variable_cost,35980151.40984193
1803,2028,reg1,SFF_supply,variable_cost,32588178.28439018
1804,2029,reg1,SFF_supply,variable_cost,28992686.771411333
1805,2030,reg1,SFF_supply,variable_cost,0.0
1806,2031,reg1,SFF_supply,variable_cost,0.0
1807,2032,reg1,SFF_supply,variable_cost,0.0
1808,2033,reg1,SFF_supply,variable_cost,0.0
1809,2034,reg1,SFF_supply,variable_cost,0.0
1810,2035,reg1,SFF_supply,variable_cost,0.0
1811,2036,reg1,SFF_supply,variable_cost,0.0
1812,2037,reg1,SFF_supply,variable_cost,0.0
1813,2038,reg1,SFF_supply,variable_cost,0.0
1814,2039,reg1,SFF_supply,variable_cost,0.0
1815,2040,reg1,SFF_supply,variable_cost,0.0
1816,2041,reg1,SFF_supply,variable_cost,0.0
1817,2042,reg1,SFF_supply,variable_cost,0.0
1818,2043,reg1,SFF_supply,variable_cost,0.0
1819,2044,reg1,SFF_supply,variable_cost,0.0
1820,2045,reg1,SFF_supply,variable_cost,0.0
1821,2046,reg1,SFF_supply,variable_cost,0.0
1822,2047,reg1,SFF_supply,variable_cost,0.0
1823,2048,reg1,SFF_supply,variable_cost,0.0
1824,2049,reg1,SFF_supply,variable_cost,0.0
1825,2050,reg1,SFF_supply,variable_cost,0.0
1826,2051,reg1,SFF_supply,variable_cost,0.0
1827,2052,reg1,SFF_supply,variable_cost,0.0
1828,2053,reg1,SFF_supply,variable_cost,0.0
1829,2054,reg1,SFF_supply,variable_cost,0.0
1830,2055,reg1,SFF_supply,variable_cost,0.0
1831,2056,reg1,SFF_supply,variable_cost,0.0
1832,2057,reg1,SFF_supply,variable_cost,0.0
1833,2058,reg1,SFF_supply,variable_cost,0.0
1834,2059,reg1,SFF_supply,variable_cost,0.0
1835,2060,reg1,SFF_supply,variable_cost,0.0
1836,2025,reg1,OP_supply,variable_cost,432619792.47999394
1837,2026,reg1,OP_supply,variable_cost,418199132.73066115
1838,2027,reg1,OP_supply,variable_cost,403778472.9813277
1839,2028,reg1,OP_supply,variable_cost,389357813.23199475
1840,2029,reg1,OP_supply,variable_cost,374937153.4826614
1841,2030,reg1,OP_supply,variable_cost,360516493.7333282
1842,2031,reg1,OP_supply,variable_cost,346095833.9839949
1843,2032,reg1,OP_supply,variable_cost,331675174.234662
1844,2033,reg1,OP_supply,variable_cost,317254514.4853289
1845,2034,reg1,OP_supply,variable_cost,302833854.73599625
1846,2035,reg1,OP_supply,variable_cost,288413194.98666275
1847,2036,reg1,OP_supply,variable_cost,273992535.23732954
1848,2037,reg1,OP_supply,variable_cost,259571875.4879963
1849,2038,reg1,OP_supply,variable_cost,245151215.73866338
1850,2039,reg1,OP_supply,variable_cost,230730555.98933023
1851,2040,reg1,OP_supply,variable_cost,216309896.239997
1852,2041,reg1,OP_supply,variable_cost,201889236.49066412
1853,2042,reg1,OP_supply,variable_cost,187468576.74133083
1854,2043,reg1,OP_supply,variable_cost,173047916.99199775
1855,2044,reg1,OP_supply,variable_cost,158627257.24266452
1856,2045,reg1,OP_supply,variable_cost,144206597.49333146
1857,2046,reg1,OP_supply,variable_cost,129785937.74399842
1858,2047,reg1,OP_supply,variable_cost,115365277.99466512
1859,2048,reg1,OP_supply,variable_cost,100944618.24533208
1860,2049,reg1,OP_supply,variable_cost,86523958.4959989
1861,2050,reg1,OP_supply,variable_cost,72103298.74666575
1862,2051,reg1,OP_supply,variable_cost,57682638.997332565
1863,2052,reg1,OP_supply,variable_cost,43261979.247999445
1864,2053,reg1,OP_supply,variable_cost,28841319.498666305
1865,2054,reg1,OP_supply,variable_cost,14420659.749333125
1866,2055,reg1,OP_supply,variable_cost,0.0
1867,2056,reg1,OP_supply,variable_cost,0.0
1868,2057,reg1,OP_supply,variable_cost,0.0
1869,2058,reg1,OP_supply,variable_cost,0.0
1870,2059,reg1,OP_supply,variable_cost,0.0
1871,2060,reg1,OP_supply,variable_cost,0.0
1872,2025,reg1,BW_supply,variable_cost,876706833.4018258
1873,2026,reg1,BW_supply,variable_cost,841638560.0657526
1874,2027,reg1,BW_supply,variable_cost,806570286.7296797
1875,2028,reg1,BW_supply,variable_cost,771502013.3936067
1876,2029,reg1,BW_supply,variable_cost,736433740.0575336
1877,2030,reg1,BW_supply,variable_cost,701365466.7214603
1878,2031,reg1,BW_supply,variable_cost,666297193.3853874
1879,2032,reg1,BW_supply,variable_cost,631228920.0493141
1880,2033,reg1,BW_supply,variable_cost,596160646.713241
1881,2034,reg1,BW_supply,variable_cost,561092373.3771682
1882,2035,reg1,BW_supply,variable_cost,526024100.04109496
1883,2036,reg1,BW_supply,variable_cost,474849926.1848012
1884,2037,reg1,BW_supply,variable_cost,397041417.0604943
1885,2038,reg1,BW_supply,variable_cost,354955928.4129533
1886,2039,reg1,BW_supply,variable_cost,321459172.2473357
1887,2040,reg1,BW_supply,variable_cost,292235611.1339416
1888,2041,reg1,BW_supply,variable_cost,263012050.02054733
1889,2042,reg1,BW_supply,variable_cost,233788488.9071532
1890,2043,reg1,BW_supply,variable_cost,204564927.793759
1891,2044,reg1,BW_supply,variable_cost,165600179.64256692
1892,2045,reg1,BW_supply,variable_cost,138000149.70213905
1893,2046,reg1,BW_supply,variable_cost,110400119.7617112
1894,2047,reg1,BW_supply,variable_cost,82800089.8212833
1895,2048,reg1,BW_supply,variable_cost,55200059.88085539
1896,2049,reg1,BW_supply,variable_cost,27275323.705834307
1897,2050,reg1,BW_supply,variable_cost,0.0
1898,2051,reg1,BW_supply,variable_cost,0.0
1899,2052,reg1,BW_supply,variable_cost,0.0
1900,2053,reg1,BW_supply,variable_cost,0.0
1901,2054,reg1,BW_supply,variable_cost,0.0
1902,2055,reg1,BW_supply,variable_cost,0.0
1903,2056,reg1,BW_supply,variable_cost,0.0
1904,2057,reg1,BW_supply,variable_cost,0.0
1905,2058,reg1,BW_supply,variable_cost,0.0
1906,2059,reg1,BW_supply,variable_cost,0.0
1907,2060,reg1,BW_supply,variable_cost,0.0
1908,2025,reg1,BIO_supply,variable_cost,0.0
1909,2026,reg1,BIO_supply,variable_cost,12037469.947369099
1910,2027,reg1,BIO_supply,variable_cost,24074939.8947382
1911,2028,reg1,BIO_supply,variable_cost,36112409.84210728
1912,2029,reg1,BIO_supply,variable_cost,48149879.78947637
1913,2030,reg1,BIO_supply,variable_cost,60187349.73684547
1914,2031,reg1,BIO_supply,variable_cost,72224819.68421459
1915,2032,reg1,BIO_supply,variable_cost,84262289.63158368
1916,2033,reg1,BIO_supply,variable_cost,96299759.57895282
1917,2034,reg1,BIO_supply,variable_cost,108337229.52632189
1918,2035,reg1,BIO_supply,variable_cost,120374699.47369094
1919,2036,reg1,BIO_supply,variable_cost,132412169.42106004
1920,2037,reg1,BIO_supply,variable_cost,144449639.36842918
1921,2038,reg1,BIO_supply,variable_cost,156487109.31579828
1922,2039,reg1,BIO_supply,variable_cost,168524579.26316726
1923,2040,reg1,BIO_supply,variable_cost,180562049.21053645
1924,2041,reg1,BIO_supply,variable_cost,192599519.15790555
1925,2042,reg1,BIO_supply,variable_cost,204636989.1052745
1926,2043,reg1,BIO_supply,variable_cost,216674459.05264375
1927,2044,reg1,BIO_supply,variable_cost,228711929.00001225
1928,2045,reg1,BIO_supply,variable_cost,240749398.94738123
1929,2046,reg1,BIO_supply,variable_cost,252786868.89475033
1930,2047,reg1,BIO_supply,variable_cost,264824338.84211946
1931,2048,reg1,BIO_supply,variable_cost,276861808.78948927
1932,2049,reg1,BIO_supply,variable_cost,288899278.7368576
1933,2050,reg1,BIO_supply,variable_cost,300936748.68422705
1934,2051,reg1,BIO_supply,variable_cost,300936748.68422675
1935,2052,reg1,BIO_supply,variable_cost,300936748.6842267
1936,2053,reg1,BIO_supply,variable_cost,300936748.6842265
1937,2054,reg1,BIO_supply,variable_cost,300936748.6842267
1938,2055,reg1,BIO_supply,variable_cost,300936748.6842276
1939,2056,reg1,BIO_supply,variable_cost,300936748.6842276
1940,2057,reg1,BIO_supply,variable_cost,300936748.68422765
1941,2058,reg1,BIO_supply,variable_cost,300936748.68422765
1942,2059,reg1,BIO_supply,variable_cost,300936748.68422765
1943,2060,reg1,BIO_supply,variable_cost,300936748.6842276
1944,2025,reg1,Biogas_supply,variable_cost,0.0
1945,2026,reg1,Biogas_supply,variable_cost,0.0
1946,2027,reg1,Biogas_supply,variable_cost,1976824.989149081
1947,2028,reg1,Biogas_supply,variable_cost,56837499.12679006
1948,2029,reg1,Biogas_supply,variable_cost,75783332.16905344
1949,2030,reg1,Biogas_supply,variable_cost,94729165.21131678
1950,2031,reg1,Biogas_supply,variable_cost,88100821.84081501
1951,2032,reg1,Biogas_supply,variable_cost,79383266.17585225
1952,2033,reg1,Biogas_supply,variable_cost,63939567.178622976
1953,2034,reg1,Biogas_supply,variable_cost,83171402.4051653
1954,2035,reg1,Biogas_supply,variable_cost,106731563.59794264
1955,2036,reg1,Biogas_supply,variable_cost,124997656.90484469
1956,2037,reg1,Biogas_supply,variable_cost,136172259.4609595
1957,2038,reg1,Biogas_supply,variable_cost,166914212.15329388
1958,2039,reg1,Biogas_supply,variable_cost,217498008.2235909
1959,2040,reg1,Biogas_supply,variable_cost,263573806.42132422
1960,2041,reg1,Biogas_supply,variable_cost,271624846.4840629
1961,2042,reg1,Biogas_supply,variable_cost,288601399.38931704
1962,2043,reg1,Biogas_supply,variable_cost,305577952.2945702
1963,2044,reg1,Biogas_supply,variable_cost,304634810.4665014
1964,2045,reg1,Biogas_supply,variable_cost,320668221.54368573
1965,2046,reg1,Biogas_supply,variable_cost,336701632.62086993
1966,2047,reg1,Biogas_supply,variable_cost,352735043.69805425
1967,2048,reg1,Biogas_supply,variable_cost,368768454.7752383
1968,2049,reg1,Biogas_supply,variable_cost,366807824.5457467
1969,2050,reg1,Biogas_supply,variable_cost,377256731.22786427
1970,2051,reg1,Biogas_supply,variable_cost,396475617.5718224
1971,2052,reg1,Biogas_supply,variable_cost,400835276.9296067
1972,2053,reg1,Biogas_supply,variable_cost,400835276.92960674
1973,2054,reg1,Biogas_supply,variable_cost,473645826.05658394
1974,2055,reg1,Biogas_supply,variable_cost,424496790.4955266
1975,2056,reg1,Biogas_supply,variable_cost,426954116.1723406
1976,2057,reg1,Biogas_supply,variable_cost,371677163.09281224
1977,2058,reg1,Biogas_supply,variable_cost,371677163.09281224
1978,2059,reg1,Biogas_supply,variable_cost,371677163.09281164
1979,2060,reg1,Biogas_supply,variable_cost,420647047.7883995
1980,2025,reg1,Waste_supply,variable_cost,0.0
1981,2026,reg1,Waste_supply,variable_cost,0.0
1982,2027,reg1,Waste_supply,variable_cost,0.0
1983,2028,reg1,Waste_supply,variable_cost,0.0
1984,2029,reg1,Waste_supply,variable_cost,0.0
1985,2030,reg1,Waste_supply,variable_cost,0.0
1986,2031,reg1,Waste_supply,variable_cost,0.0
1987,2032,reg1,Waste_supply,variable_cost,0.0
1988,2033,reg1,Waste_supply,variable_cost,0.0
1989,2034,reg1,Waste_supply,variable_cost,0.0
1990,2035,reg1,Waste_supply,variable_cost,0.0
1991,2036,reg1,Waste_supply,variable_cost,0.0
1992,2037,reg1,Waste_supply,variable_cost,0.0
1993,2038,reg1,Waste_supply,variable_cost,0.0
1994,2039,reg1,Waste_supply,variable_cost,0.0
1995,2040,reg1,Waste_supply,variable_cost,0.0
1996,2041,reg1,Waste_supply,variable_cost,0.0
1997,2042,reg1,Waste_supply,variable_cost,0.0
1998,2043,reg1,Waste_supply,variable_cost,0.0
1999,2044,reg1,Waste_supply,variable_cost,0.0
2000,2045,reg1,Waste_supply,variable_cost,0.0
2001,2046,reg1,Waste_supply,variable_cost,0.0
2002,2047,reg1,Waste_supply,variable_cost,0.0
2003,2048,reg1,Waste_supply,variable_cost,0.0
2004,2049,reg1,Waste_supply,variable_cost,0.0
2005,2050,reg1,Waste_supply,variable_cost,0.0
2006,2051,reg1,Waste_supply,variable_cost,0.0
2007,2052,reg1,Waste_supply,variable_cost,0.0
2008,2053,reg1,Waste_supply,variable_cost,0.0
2009,2054,reg1,Waste_supply,variable_cost,0.0
2010,2055,reg1,Waste_supply,variable_cost,0.0
2011,2056,reg1,Waste_supply,variable_cost,0.0
2012,2057,reg1,Waste_supply,variable_cost,0.0
2013,2058,reg1,Waste_supply,variable_cost,0.0
2014,2059,reg1,Waste_supply,variable_cost,0.0
2015,2060,reg1,Waste_supply,variable_cost,0.0
2016,2025,reg1,Geo_PP,variable_cost,0.0
2017,2026,reg1,Geo_PP,variable_cost,0.0
2018,2027,reg1,Geo_PP,variable_cost,0.0
2019,2028,reg1,Geo_PP,variable_cost,0.0
2020,2029,reg1,Geo_PP,variable_cost,0.0
2021,2030,reg1,Geo_PP,variable_cost,0.0
2022,2031,reg1,Geo_PP,variable_cost,0.0
2023,2032,reg1,Geo_PP,variable_cost,0.0
2024,2033,reg1,Geo_PP,variable_cost,0.0
2025,2034,reg1,Geo_PP,variable_cost,0.0
2026,2035,reg1,Geo_PP,variable_cost,0.0
2027,2036,reg1,Geo_PP,variable_cost,0.0
2028,2037,reg1,Geo_PP,variable_cost,0.0
2029,2038,reg1,Geo_PP,variable_cost,0.0
2030,2039,reg1,Geo_PP,variable_cost,0.0
2031,2040,reg1,Geo_PP,variable_cost,0.0
2032,2041,reg1,Geo_PP,variable_cost,0.0
2033,2042,reg1,Geo_PP,variable_cost,0.0
2034,2043,reg1,Geo_PP,variable_cost,0.0
2035,2044,reg1,Geo_PP,variable_cost,0.0
2036,2045,reg1,Geo_PP,variable_cost,0.0
2037,2046,reg1,Geo_PP,variable_cost,0.0
2038,2047,reg1,Geo_PP,variable_cost,0.0
2039,2048,reg1,Geo_PP,variable_cost,0.0
2040,2049,reg1,Geo_PP,variable_cost,0.0
2041,2050,reg1,Geo_PP,variable_cost,0.0
2042,2051,reg1,Geo_PP,variable_cost,0.0
2043,2052,reg1,Geo_PP,variable_cost,0.0
2044,2053,reg1,Geo_PP,variable_cost,0.0
2045,2054,reg1,Geo_PP,variable_cost,0.0
2046,2055,reg1,Geo_PP,variable_cost,0.0
2047,2056,reg1,Geo_PP,variable_cost,0.0
2048,2057,reg1,Geo_PP,variable_cost,0.0
2049,2058,reg1,Geo_PP,variable_cost,0.0
2050,2059,reg1,Geo_PP,variable_cost,0.0
2051,2060,reg1,Geo_PP,variable_cost,0.0
2052,2025,reg1,Solar_PV_PP,variable_cost,0.0
2053,2026,reg1,Solar_PV_PP,variable_cost,0.0
2054,2027,reg1,Solar_PV_PP,variable_cost,0.0
2055,2028,reg1,Solar_PV_PP,variable_cost,0.0
2056,2029,reg1,Solar_PV_PP,variable_cost,0.0
2057,2030,reg1,Solar_PV_PP,variable_cost,0.0
2058,2031,reg1,Solar_PV_PP,variable_cost,0.0
2059,2032,reg1,Solar_PV_PP,variable_cost,0.0
2060,2033,reg1,Solar_PV_PP,variable_cost,0.0
2061,2034,reg1,Solar_PV_PP,variable_cost,0.0
2062,2035,reg1,Solar_PV_PP,variable_cost,0.0
2063,2036,reg1,Solar_PV_PP,variable_cost,0.0
2064,2037,reg1,Solar_PV_PP,variable_cost,0.0
2065,2038,reg1,Solar_PV_PP,variable_cost,0.0
2066,2039,reg1,Solar_PV_PP,variable_cost,0.0
2067,2040,reg1,Solar_PV_PP,variable_cost,0.0
2068,2041,reg1,Solar_PV_PP,variable_cost,0.0
2069,2042,reg1,Solar_PV_PP,variable_cost,0.0
2070,2043,reg1,Solar_PV_PP,variable_cost,0.0
2071,2044,reg1,Solar_PV_PP,variable_cost,0.0
2072,2045,reg1,Solar_PV_PP,variable_cost,0.0
2073,2046,reg1,Solar_PV_PP,variable_cost,0.0
2074,2047,reg1,Solar_PV_PP,variable_cost,0.0
2075,2048,reg1,Solar_PV_PP,variable_cost,0.0
2076,2049,reg1,Solar_PV_PP,variable_cost,0.0
2077,2050,reg1,Solar_PV_PP,variable_cost,0.0
2078,2051,reg1,Solar_PV_PP,variable_cost,0.0
2079,2052,reg1,Solar_PV_PP,variable_cost,0.0
2080,2053,reg1,Solar_PV_PP,variable_cost,0.0
2081,2054,reg1,Solar_PV_PP,variable_cost,0.0
2082,2055,reg1,Solar_PV_PP,variable_cost,0.0
2083,2056,reg1,Solar_PV_PP,variable_cost,0.0
2084,2057,reg1,Solar_PV_PP,variable_cost,0.0
2085,2058,reg1,Solar_PV_PP,variable_cost,0.0
2086,2059,reg1,Solar_PV_PP,variable_cost,0.0
2087,2060,reg1,Solar_PV_PP,variable_cost,0.0
2088,2025,reg1,Wind_On-Shore_PP,variable_cost,0.0
2089,2026,reg1,Wind_On-Shore_PP,variable_cost,0.0
2090,2027,reg1,Wind_On-Shore_PP,variable_cost,0.0
2091,2028,reg1,Wind_On-Shore_PP,variable_cost,0.0
2092,2029,reg1,Wind_On-Shore_PP,variable_cost,0.0
2093,2030,reg1,Wind_On-Shore_PP,variable_cost,0.0
2094,2031,reg1,Wind_On-Shore_PP,variable_cost,0.0
2095,2032,reg1,Wind_On-Shore_PP,variable_cost,0.0
2096,2033,reg1,Wind_On-Shore_PP,variable_cost,0.0
2097,2034,reg1,Wind_On-Shore_PP,variable_cost,0.0
2098,2035,reg1,Wind_On-Shore_PP,variable_cost,0.0
2099,2036,reg1,Wind_On-Shore_PP,variable_cost,0.0
2100,2037,reg1,Wind_On-Shore_PP,variable_cost,0.0
2101,2038,reg1,Wind_On-Shore_PP,variable_cost,0.0
2102,2039,reg1,Wind_On-Shore_PP,variable_cost,0.0
2103,2040,reg1,Wind_On-Shore_PP,variable_cost,0.0
2104,2041,reg1,Wind_On-Shore_PP,variable_cost,0.0
2105,2042,reg1,Wind_On-Shore_PP,variable_cost,0.0
2106,2043,reg1,Wind_On-Shore_PP,variable_cost,0.0
2107,2044,reg1,Wind_On-Shore_PP,variable_cost,0.0
2108,2045,reg1,Wind_On-Shore_PP,variable_cost,0.0
2109,2046,reg1,Wind_On-Shore_PP,variable_cost,0.0
2110,2047,reg1,Wind_On-Shore_PP,variable_cost,0.0
2111,2048,reg1,Wind_On-Shore_PP,variable_cost,0.0
2112,2049,reg1,Wind_On-Shore_PP,variable_cost,0.0
2113,2050,reg1,Wind_On-Shore_PP,variable_cost,0.0
2114,2051,reg1,Wind_On-Shore_PP,variable_cost,0.0
2115,2052,reg1,Wind_On-Shore_PP,variable_cost,0.0
2116,2053,reg1,Wind_On-Shore_PP,variable_cost,0.0
2117,2054,reg1,Wind_On-Shore_PP,variable_cost,0.0
2118,2055,reg1,Wind_On-Shore_PP,variable_cost,0.0
2119,2056,reg1,Wind_On-Shore_PP,variable_cost,0.0
2120,2057,reg1,Wind_On-Shore_PP,variable_cost,0.0
2121,2058,reg1,Wind_On-Shore_PP,variable_cost,0.0
2122,2059,reg1,Wind_On-Shore_PP,variable_cost,0.0
2123,2060,reg1,Wind_On-Shore_PP,variable_cost,0.0
2124,2025,reg1,Wind_Off-Shore_PP,variable_cost,0.0
2125,2026,reg1,Wind_Off-Shore_PP,variable_cost,0.0
2126,2027,reg1,Wind_Off-Shore_PP,variable_cost,0.0
2127,2028,reg1,Wind_Off-Shore_PP,variable_cost,0.0
2128,2029,reg1,Wind_Off-Shore_PP,variable_cost,0.0
2129,2030,reg1,Wind_Off-Shore_PP,variable_cost,0.0
2130,2031,reg1,Wind_Off-Shore_PP,variable_cost,0.0
2131,2032,reg1,Wind_Off-Shore_PP,variable_cost,0.0
2132,2033,reg1,Wind_Off-Shore_PP,variable_cost,0.0
2133,2034,reg1,Wind_Off-Shore_PP,variable_cost,0.0
2134,2035,reg1,Wind_Off-Shore_PP,variable_cost,0.0
2135,2036,reg1,Wind_Off-Shore_PP,variable_cost,0.0
2136,2037,reg1,Wind_Off-Shore_PP,variable_cost,0.0
2137,2038,reg1,Wind_Off-Shore_PP,variable_cost,0.0
2138,2039,reg1,Wind_Off-Shore_PP,variable_cost,0.0
2139,2040,reg1,Wind_Off-Shore_PP,variable_cost,0.0
2140,2041,reg1,Wind_Off-Shore_PP,variable_cost,0.0
2141,2042,reg1,Wind_Off-Shore_PP,variable_cost,0.0
2142,2043,reg1,Wind_Off-Shore_PP,variable_cost,0.0
2143,2044,reg1,Wind_Off-Shore_PP,variable_cost,0.0
2144,2045,reg1,Wind_Off-Shore_PP,variable_cost,0.0
2145,2046,reg1,Wind_Off-Shore_PP,variable_cost,0.0
2146,2047,reg1,Wind_Off-Shore_PP,variable_cost,0.0
2147,2048,reg1,Wind_Off-Shore_PP,variable_cost,0.0
2148,2049,reg1,Wind_Off-Shore_PP,variable_cost,0.0
2149,2050,reg1,Wind_Off-Shore_PP,variable_cost,0.0
2150,2051,reg1,Wind_Off-Shore_PP,variable_cost,0.0
2151,2052,reg1,Wind_Off-Shore_PP,variable_cost,0.0
2152,2053,reg1,Wind_Off-Shore_PP,variable_cost,0.0
2153,2054,reg1,Wind_Off-Shore_PP,variable_cost,0.0
2154,2055,reg1,Wind_Off-Shore_PP,variable_cost,0.0
2155,2056,reg1,Wind_Off-Shore_PP,variable_cost,0.0
2156,2057,reg1,Wind_Off-Shore_PP,variable_cost,0.0
2157,2058,reg1,Wind_Off-Shore_PP,variable_cost,0.0
2158,2059,reg1,Wind_Off-Shore_PP,variable_cost,0.0
2159,2060,reg1,Wind_Off-Shore_PP,variable_cost,0.0
2160,2025,reg1,Hydro_PP,variable_cost,137114720.0279999
2161,2026,reg1,Hydro_PP,variable_cost,138067209.71999997
2162,2027,reg1,Hydro_PP,variable_cost,138758400.0
2163,2028,reg1,Hydro_PP,variable_cost,138758400.0
2164,2029,reg1,Hydro_PP,variable_cost,138758400.0
2165,2030,reg1,Hydro_PP,variable_cost,138758400.0
2166,2031,reg1,Hydro_PP,variable_cost,138758400.0
2167,2032,reg1,Hydro_PP,variable_cost,138758400.0
2168,2033,reg1,Hydro_PP,variable_cost,138758400.00000003
2169,2034,reg1,Hydro_PP,variable_cost,138758400.00000006
2170,2035,reg1,Hydro_PP,variable_cost,138758399.99999925
2171,2036,reg1,Hydro_PP,variable_cost,138758400.00000003
2172,2037,reg1,Hydro_PP,variable_cost,138758399.99999794
2173,2038,reg1,Hydro_PP,variable_cost,138758400.0
2174,2039,reg1,Hydro_PP,variable_cost,138758399.99999183
2175,2040,reg1,Hydro_PP,variable_cost,138758399.9999999
2176,2041,reg1,Hydro_PP,variable_cost,138758399.99999997
2177,2042,reg1,Hydro_PP,variable_cost,138758399.99999997
2178,2043,reg1,Hydro_PP,variable_cost,138758399.99999988
2179,2044,reg1,Hydro_PP,variable_cost,138758399.99999997
2180,2045,reg1,Hydro_PP,variable_cost,138758399.99999997
2181,2046,reg1,Hydro_PP,variable_cost,138758399.9999999
2182,2047,reg1,Hydro_PP,variable_cost,138758399.99999994
2183,2048,reg1,Hydro_PP,variable_cost,138758399.9999999
2184,2049,reg1,Hydro_PP,variable_cost,138758399.99999812
2185,2050,reg1,Hydro_PP,variable_cost,138758400.0
2186,2051,reg1,Hydro_PP,variable_cost,138758399.99999994
2187,2052,reg1,Hydro_PP,variable_cost,138758399.99999988
2188,2053,reg1,Hydro_PP,variable_cost,138758399.99999997
2189,2054,reg1,Hydro_PP,variable_cost,138758399.99999997
2190,2055,reg1,Hydro_PP,variable_cost,138758399.99999997
2191,2056,reg1,Hydro_PP,variable_cost,138758399.99998897
2192,2057,reg1,Hydro_PP,variable_cost,138758399.9999921
2193,2058,reg1,Hydro_PP,variable_cost,138758400.0
2194,2059,reg1,Hydro_PP,variable_cost,138758399.99999988
2195,2060,reg1,Hydro_PP,variable_cost,137114720.0279999
2196,2025,reg1,UO2_supply ,variable_cost,0.0
2197,2026,reg1,UO2_supply ,variable_cost,0.0
2198,2027,reg1,UO2_supply ,variable_cost,0.0
2199,2028,reg1,UO2_supply ,variable_cost,0.0
2200,2029,reg1,UO2_supply ,variable_cost,0.0
2201,2030,reg1,UO2_supply ,variable_cost,0.0
2202,2031,reg1,UO2_supply ,variable_cost,0.0
2203,2032,reg1,UO2_supply ,variable_cost,0.0
2204,2033,reg1,UO2_supply ,variable_cost,0.0
2205,2034,reg1,UO2_supply ,variable_cost,0.0
2206,2035,reg1,UO2_supply ,variable_cost,0.0
2207,2036,reg1,UO2_supply ,variable_cost,0.0
2208,2037,reg1,UO2_supply ,variable_cost,0.0
2209,2038,reg1,UO2_supply ,variable_cost,0.0
2210,2039,reg1,UO2_supply ,variable_cost,0.0
2211,2040,reg1,UO2_supply ,variable_cost,0.0
2212,2041,reg1,UO2_supply ,variable_cost,0.0
2213,2042,reg1,UO2_supply ,variable_cost,0.0
2214,2043,reg1,UO2_supply ,variable_cost,0.0
2215,2044,reg1,UO2_supply ,variable_cost,0.0
2216,2045,reg1,UO2_supply ,variable_cost,0.0
2217,2046,reg1,UO2_supply ,variable_cost,0.0
2218,2047,reg1,UO2_supply ,variable_cost,0.0
2219,2048,reg1,UO2_supply ,variable_cost,0.0
2220,2049,reg1,UO2_supply ,variable_cost,0.0
2221,2050,reg1,UO2_supply ,variable_cost,0.0
2222,2051,reg1,UO2_supply ,variable_cost,0.0
2223,2052,reg1,UO2_supply ,variable_cost,0.0
2224,2053,reg1,UO2_supply ,variable_cost,0.0
2225,2054,reg1,UO2_supply ,variable_cost,0.0
2226,2055,reg1,UO2_supply ,variable_cost,0.0
2227,2056,reg1,UO2_supply ,variable_cost,0.0
2228,2057,reg1,UO2_supply ,variable_cost,0.0
2229,2058,reg1,UO2_supply ,variable_cost,0.0
2230,2059,reg1,UO2_supply ,variable_cost,0.0
2231,2060,reg1,UO2_supply ,variable_cost,0.0
2232,2025,reg1,Electricity_net_imports,variable_cost,2333987432.79452
2233,2026,reg1,Electricity_net_imports,variable_cost,2333987432.7945204
2234,2027,reg1,Electricity_net_imports,variable_cost,2333987432.7945204
2235,2028,reg1,Electricity_net_imports,variable_cost,2166562826.3409696
2236,2029,reg1,Electricity_net_imports,variable_cost,2153325421.493073
2237,2030,reg1,Electricity_net_imports,variable_cost,2051650971.9599164
2238,2031,reg1,Electricity_net_imports,variable_cost,1995548256.271952
2239,2032,reg1,Electricity_net_imports,variable_cost,1947805979.4669852
2240,2033,reg1,Electricity_net_imports,variable_cost,1920359801.782627
2241,2034,reg1,Electricity_net_imports,variable_cost,1888717833.1727445
2242,2035,reg1,Electricity_net_imports,variable_cost,1872617823.9863014
2243,2036,reg1,Electricity_net_imports,variable_cost,1780343902.224657
2244,2037,reg1,Electricity_net_imports,variable_cost,1688069980.4630072
2245,2038,reg1,Electricity_net_imports,variable_cost,1595796058.7013695
2246,2039,reg1,Electricity_net_imports,variable_cost,1503522136.9397259
2247,2040,reg1,Electricity_net_imports,variable_cost,1411248215.1780822
2248,2041,reg1,Electricity_net_imports,variable_cost,1411248215.1780818
2249,2042,reg1,Electricity_net_imports,variable_cost,1411248215.178082
2250,2043,reg1,Electricity_net_imports,variable_cost,1411248215.1780818
2251,2044,reg1,Electricity_net_imports,variable_cost,1411248215.1780822
2252,2045,reg1,Electricity_net_imports,variable_cost,1411248215.1780822
2253,2046,reg1,Electricity_net_imports,variable_cost,1411248215.178082
2254,2047,reg1,Electricity_net_imports,variable_cost,1411248215.1780822
2255,2048,reg1,Electricity_net_imports,variable_cost,1411248215.1780822
2256,2049,reg1,Electricity_net_imports,variable_cost,1411248215.1780756
2257,2050,reg1,Electricity_net_imports,variable_cost,1411248215.1780822
2258,2051,reg1,Electricity_net_imports,variable_cost,1411248215.1780822
2259,2052,reg1,Electricity_net_imports,variable_cost,1411248215.178082
2260,2053,reg1,Electricity_net_imports,variable_cost,1411248215.1780822
2261,2054,reg1,Electricity_net_imports,variable_cost,1411248215.178082
2262,2055,reg1,Electricity_net_imports,variable_cost,1411248215.1780818
2263,2056,reg1,Electricity_net_imports,variable_cost,1411248215.178082
2264,2057,reg1,Electricity_net_imports,variable_cost,1411248215.1780822
2265,2058,reg1,Electricity_net_imports,variable_cost,1411248215.178082
2266,2059,reg1,Electricity_net_imports,variable_cost,1411248215.178082
2267,2060,reg1,Electricity_net_imports,variable_cost,1411248215.1780822
2268,2025,reg1,Geo_HP,variable_cost,0.0
2269,2026,reg1,Geo_HP,variable_cost,0.0
2270,2027,reg1,Geo_HP,variable_cost,0.0
2271,2028,reg1,Geo_HP,variable_cost,0.0
2272,2029,reg1,Geo_HP,variable_cost,0.0
2273,2030,reg1,Geo_HP,variable_cost,0.0
2274,2031,reg1,Geo_HP,variable_cost,0.0
2275,2032,reg1,Geo_HP,variable_cost,0.0
2276,2033,reg1,Geo_HP,variable_cost,0.0
2277,2034,reg1,Geo_HP,variable_cost,0.0
2278,2035,reg1,Geo_HP,variable_cost,0.0
2279,2036,reg1,Geo_HP,variable_cost,0.0
2280,2037,reg1,Geo_HP,variable_cost,0.0
2281,2038,reg1,Geo_HP,variable_cost,0.0
2282,2039,reg1,Geo_HP,variable_cost,0.0
2283,2040,reg1,Geo_HP,variable_cost,0.0
2284,2041,reg1,Geo_HP,variable_cost,0.0
2285,2042,reg1,Geo_HP,variable_cost,0.0
2286,2043,reg1,Geo_HP,variable_cost,0.0
2287,2044,reg1,Geo_HP,variable_cost,0.0
2288,2045,reg1,Geo_HP,variable_cost,0.0
2289,2046,reg1,Geo_HP,variable_cost,0.0
2290,2047,reg1,Geo_HP,variable_cost,0.0
2291,2048,reg1,Geo_HP,variable_cost,0.0
2292,2049,reg1,Geo_HP,variable_cost,0.0
2293,2050,reg1,Geo_HP,variable_cost,0.0
2294,2051,reg1,Geo_HP,variable_cost,0.0
2295,2052,reg1,Geo_HP,variable_cost,0.0
2296,2053,reg1,Geo_HP,variable_cost,0.0
2297,2054,reg1,Geo_HP,variable_cost,0.0
2298,2055,reg1,Geo_HP,variable_cost,0.0
2299,2056,reg1,Geo_HP,variable_cost,0.0
2300,2057,reg1,Geo_HP,variable_cost,0.0
2301,2058,reg1,Geo_HP,variable_cost,0.0
2302,2059,reg1,Geo_HP,variable_cost,0.0
2303,2060,reg1,Geo_HP,variable_cost,0.0
2304,2025,reg1,Pump_hydro_ST,variable_cost,0.0
2305,2026,reg1,Pump_hydro_ST,variable_cost,0.0
2306,2027,reg1,Pump_hydro_ST,variable_cost,0.0
2307,2028,reg1,Pump_hydro_ST,variable_cost,0.0
2308,2029,reg1,Pump_hydro_ST,variable_cost,0.0
2309,2030,reg1,Pump_hydro_ST,variable_cost,0.0
2310,2031,reg1,Pump_hydro_ST,variable_cost,0.0
2311,2032,reg1,Pump_hydro_ST,variable_cost,0.0
2312,2033,reg1,Pump_hydro_ST,variable_cost,0.0
2313,2034,reg1,Pump_hydro_ST,variable_cost,0.0
2314,2035,reg1,Pump_hydro_ST,variable_cost,0.0
2315,2036,reg1,Pump_hydro_ST,variable_cost,0.0
2316,2037,reg1,Pump_hydro_ST,variable_cost,0.0
2317,2038,reg1,Pump_hydro_ST,variable_cost,0.0
2318,2039,reg1,Pump_hydro_ST,variable_cost,0.0
2319,2040,reg1,Pump_hydro_ST,variable_cost,0.0
2320,2041,reg1,Pump_hydro_ST,variable_cost,0.0
2321,2042,reg1,Pump_hydro_ST,variable_cost,0.0
2322,2043,reg1,Pump_hydro_ST,variable_cost,0.0
2323,2044,reg1,Pump_hydro_ST,variable_cost,0.0
2324,2045,reg1,Pump_hydro_ST,variable_cost,0.0
2325,2046,reg1,Pump_hydro_ST,variable_cost,0.0
2326,2047,reg1,Pump_hydro_ST,variable_cost,0.0
2327,2048,reg1,Pump_hydro_ST,variable_cost,0.0
2328,2049,reg1,Pump_hydro_ST,variable_cost,0.0
2329,2050,reg1,Pump_hydro_ST,variable_cost,0.0
2330,2051,reg1,Pump_hydro_ST,variable_cost,0.0
2331,2052,reg1,Pump_hydro_ST,variable_cost,0.0
2332,2053,reg1,Pump_hydro_ST,variable_cost,0.0
2333,2054,reg1,Pump_hydro_ST,variable_cost,0.0
2334,2055,reg1,Pump_hydro_ST,variable_cost,0.0
2335,2056,reg1,Pump_hydro_ST,variable_cost,0.0
2336,2057,reg1,Pump_hydro_ST,variable_cost,0.0
2337,2058,reg1,Pump_hydro_ST,variable_cost,0.0
2338,2059,reg1,Pump_hydro_ST,variable_cost,0.0
2339,2060,reg1,Pump_hydro_ST,variable_cost,0.0
2340,2025,reg1,Electrochemical_ST,variable_cost,0.0
2341,2026,reg1,Electrochemical_ST,variable_cost,0.0
2342,2027,reg1,Electrochemical_ST,variable_cost,0.0
2343,2028,reg1,Electrochemical_ST,variable_cost,0.0
2344,2029,reg1,Electrochemical_ST,variable_cost,0.0
2345,2030,reg1,Electrochemical_ST,variable_cost,0.0
2346,2031,reg1,Electrochemical_ST,variable_cost,0.0
2347,2032,reg1,Electrochemical_ST,variable_cost,0.0
2348,2033,reg1,Electrochemical_ST,variable_cost,0.0
2349,2034,reg1,Electrochemical_ST,variable_cost,0.0
2350,2035,reg1,Electrochemical_ST,variable_cost,0.0
2351,2036,reg1,Electrochemical_ST,variable_cost,0.0
2352,2037,reg1,Electrochemical_ST,variable_cost,0.0
2353,2038,reg1,Electrochemical_ST,variable_cost,0.0
2354,2039,reg1,Electrochemical_ST,variable_cost,0.0
2355,2040,reg1,Electrochemical_ST,variable_cost,0.0
2356,2041,reg1,Electrochemical_ST,variable_cost,0.0
2357,2042,reg1,Electrochemical_ST,variable_cost,0.0
2358,2043,reg1,Electrochemical_ST,variable_cost,0.0
2359,2044,reg1,Electrochemical_ST,variable_cost,0.0
2360,2045,reg1,Electrochemical_ST,variable_cost,0.0
2361,2046,reg1,Electrochemical_ST,variable_cost,0.0
2362,2047,reg1,Electrochemical_ST,variable_cost,0.0
2363,2048,reg1,Electrochemical_ST,variable_cost,0.0
2364,2049,reg1,Electrochemical_ST,variable_cost,0.0
2365,2050,reg1,Electrochemical_ST,variable_cost,0.0
2366,2051,reg1,Electrochemical_ST,variable_cost,0.0
2367,2052,reg1,Electrochemical_ST,variable_cost,0.0
2368,2053,reg1,Electrochemical_ST,variable_cost,0.0
2369,2054,reg1,Electrochemical_ST,variable_cost,0.0
2370,2055,reg1,Electrochemical_ST,variable_cost,0.0
2371,2056,reg1,Electrochemical_ST,variable_cost,0.0
2372,2057,reg1,Electrochemical_ST,variable_cost,0.0
2373,2058,reg1,Electrochemical_ST,variable_cost,0.0
2374,2059,reg1,Electrochemical_ST,variable_cost,0.0
2375,2060,reg1,Electrochemical_ST,variable_cost,0.0
2376,2025,reg1,Hydrogen_ST,variable_cost,0.0
2377,2026,reg1,Hydrogen_ST,variable_cost,0.0
2378,2027,reg1,Hydrogen_ST,variable_cost,0.0
2379,2028,reg1,Hydrogen_ST,variable_cost,0.0
2380,2029,reg1,Hydrogen_ST,variable_cost,0.0
2381,2030,reg1,Hydrogen_ST,variable_cost,0.0
2382,2031,reg1,Hydrogen_ST,variable_cost,0.0
2383,2032,reg1,Hydrogen_ST,variable_cost,0.0
2384,2033,reg1,Hydrogen_ST,variable_cost,0.0
2385,2034,reg1,Hydrogen_ST,variable_cost,0.0
2386,2035,reg1,Hydrogen_ST,variable_cost,0.0
2387,2036,reg1,Hydrogen_ST,variable_cost,0.0
2388,2037,reg1,Hydrogen_ST,variable_cost,0.0
2389,2038,reg1,Hydrogen_ST,variable_cost,0.0
2390,2039,reg1,Hydrogen_ST,variable_cost,0.0
2391,2040,reg1,Hydrogen_ST,variable_cost,0.0
2392,2041,reg1,Hydrogen_ST,variable_cost,0.0
2393,2042,reg1,Hydrogen_ST,variable_cost,0.0
2394,2043,reg1,Hydrogen_ST,variable_cost,0.0
2395,2044,reg1,Hydrogen_ST,variable_cost,0.0
2396,2045,reg1,Hydrogen_ST,variable_cost,0.0
2397,2046,reg1,Hydrogen_ST,variable_cost,0.0
2398,2047,reg1,Hydrogen_ST,variable_cost,0.0
2399,2048,reg1,Hydrogen_ST,variable_cost,0.0
2400,2049,reg1,Hydrogen_ST,variable_cost,0.0
2401,2050,reg1,Hydrogen_ST,variable_cost,0.0
2402,2051,reg1,Hydrogen_ST,variable_cost,0.0
2403,2052,reg1,Hydrogen_ST,variable_cost,0.0
2404,2053,reg1,Hydrogen_ST,variable_cost,0.0
2405,2054,reg1,Hydrogen_ST,variable_cost,0.0
2406,2055,reg1,Hydrogen_ST,variable_cost,0.0
2407,2056,reg1,Hydrogen_ST,variable_cost,0.0
2408,2057,reg1,Hydrogen_ST,variable_cost,0.0
2409,2058,reg1,Hydrogen_ST,variable_cost,0.0
2410,2059,reg1,Hydrogen_ST,variable_cost,0.0
2411,2060,reg1,Hydrogen_ST,variable_cost,0.0
2412,2025,reg1,Thermal_ST,variable_cost,0.0
2413,2026,reg1,Thermal_ST,variable_cost,0.0
2414,2027,reg1,Thermal_ST,variable_cost,0.0
2415,2028,reg1,Thermal_ST,variable_cost,0.0
2416,2029,reg1,Thermal_ST,variable_cost,0.0
2417,2030,reg1,Thermal_ST,variable_cost,0.0
2418,2031,reg1,Thermal_ST,variable_cost,0.0
2419,2032,reg1,Thermal_ST,variable_cost,0.0
2420,2033,reg1,Thermal_ST,variable_cost,0.0
2421,2034,reg1,Thermal_ST,variable_cost,0.0
2422,2035,reg1,Thermal_ST,variable_cost,0.0
2423,2036,reg1,Thermal_ST,variable_cost,0.0
2424,2037,reg1,Thermal_ST,variable_cost,0.0
2425,2038,reg1,Thermal_ST,variable_cost,0.0
2426,2039,reg1,Thermal_ST,variable_cost,0.0
2427,2040,reg1,Thermal_ST,variable_cost,0.0
2428,2041,reg1,Thermal_ST,variable_cost,0.0
2429,2042,reg1,Thermal_ST,variable_cost,0.0
2430,2043,reg1,Thermal_ST,variable_cost,0.0
2431,2044,reg1,Thermal_ST,variable_cost,0.0
2432,2045,reg1,Thermal_ST,variable_cost,0.0
2433,2046,reg1,Thermal_ST,variable_cost,0.0
2434,2047,reg1,Thermal_ST,variable_cost,0.0
2435,2048,reg1,Thermal_ST,variable_cost,0.0
2436,2049,reg1,Thermal_ST,variable_cost,0.0
2437,2050,reg1,Thermal_ST,variable_cost,0.0
2438,2051,reg1,Thermal_ST,variable_cost,0.0
2439,2052,reg1,Thermal_ST,variable_cost,0.0
2440,2053,reg1,Thermal_ST,variable_cost,0.0
2441,2054,reg1,Thermal_ST,variable_cost,0.0
2442,2055,reg1,Thermal_ST,variable_cost,0.0
2443,2056,reg1,Thermal_ST,variable_cost,0.0
2444,2057,reg1,Thermal_ST,variable_cost,0.0
2445,2058,reg1,Thermal_ST,variable_cost,0.0
2446,2059,reg1,Thermal_ST,variable_cost,0.0
2447,2060,reg1,Thermal_ST,variable_cost,0.0
2448,2025,reg1,Thermal-H2_ST,variable_cost,0.0
2449,2026,reg1,Thermal-H2_ST,variable_cost,0.0
2450,2027,reg1,Thermal-H2_ST,variable_cost,0.0
2451,2028,reg1,Thermal-H2_ST,variable_cost,0.0
2452,2029,reg1,Thermal-H2_ST,variable_cost,0.0
2453,2030,reg1,Thermal-H2_ST,variable_cost,0.0
2454,2031,reg1,Thermal-H2_ST,variable_cost,0.0
2455,2032,reg1,Thermal-H2_ST,variable_cost,0.0
2456,2033,reg1,Thermal-H2_ST,variable_cost,0.0
2457,2034,reg1,Thermal-H2_ST,variable_cost,0.0
2458,2035,reg1,Thermal-H2_ST,variable_cost,0.0
2459,2036,reg1,Thermal-H2_ST,variable_cost,0.0
2460,2037,reg1,Thermal-H2_ST,variable_cost,0.0
2461,2038,reg1,Thermal-H2_ST,variable_cost,0.0
2462,2039,reg1,Thermal-H2_ST,variable_cost,0.0
2463,2040,reg1,Thermal-H2_ST,variable_cost,0.0
2464,2041,reg1,Thermal-H2_ST,variable_cost,0.0
2465,2042,reg1,Thermal-H2_ST,variable_cost,0.0
2466,2043,reg1,Thermal-H2_ST,variable_cost,0.0
2467,2044,reg1,Thermal-H2_ST,variable_cost,0.0
2468,2045,reg1,Thermal-H2_ST,variable_cost,0.0
2469,2046,reg1,Thermal-H2_ST,variable_cost,0.0
2470,2047,reg1,Thermal-H2_ST,variable_cost,0.0
2471,2048,reg1,Thermal-H2_ST,variable_cost,0.0
2472,2049,reg1,Thermal-H2_ST,variable_cost,0.0
2473,2050,reg1,Thermal-H2_ST,variable_cost,0.0
2474,2051,reg1,Thermal-H2_ST,variable_cost,0.0
2475,2052,reg1,Thermal-H2_ST,variable_cost,0.0
2476,2053,reg1,Thermal-H2_ST,variable_cost,0.0
2477,2054,reg1,Thermal-H2_ST,variable_cost,0.0
2478,2055,reg1,Thermal-H2_ST,variable_cost,0.0
2479,2056,reg1,Thermal-H2_ST,variable_cost,0.0
2480,2057,reg1,Thermal-H2_ST,variable_cost,0.0
2481,2058,reg1,Thermal-H2_ST,variable_cost,0.0
2482,2059,reg1,Thermal-H2_ST,variable_cost,0.0
2483,2060,reg1,Thermal-H2_ST,variable_cost,0.0
2484,2025,reg1,HTHP,variable_cost,0.0
2485,2026,reg1,HTHP,variable_cost,0.0
2486,2027,reg1,HTHP,variable_cost,0.0
2487,2028,reg1,HTHP,variable_cost,5998894.516111232
2488,2029,reg1,HTHP,variable_cost,148929923.10372138
2489,2030,reg1,HTHP,variable_cost,163198574.56828383
2490,2031,reg1,HTHP,variable_cost,223378218.90604436
2491,2032,reg1,HTHP,variable_cost,345986547.1140262
2492,2033,reg1,HTHP,variable_cost,463184120.0044512
2493,2034,reg1,HTHP,variable_cost,552978007.0374589
2494,2035,reg1,HTHP,variable_cost,616716149.8411169
2495,2036,reg1,HTHP,variable_cost,661472331.9227254
2496,2037,reg1,HTHP,variable_cost,703469056.3612442
2497,2038,reg1,HTHP,variable_cost,732713010.2014441
2498,2039,reg1,HTHP,variable_cost,758740868.1001735
2499,2040,reg1,HTHP,variable_cost,790261909.3705056
2500,2041,reg1,HTHP,variable_cost,912010137.4205319
2501,2042,reg1,HTHP,variable_cost,951153297.912169
2502,2043,reg1,HTHP,variable_cost,949233481.4255164
2503,2044,reg1,HTHP,variable_cost,1054165370.3593652
2504,2045,reg1,HTHP,variable_cost,1106461393.7100587
2505,2046,reg1,HTHP,variable_cost,1135509723.0028849
2506,2047,reg1,HTHP,variable_cost,1164480479.6769667
2507,2048,reg1,HTHP,variable_cost,1204884434.6913831
2508,2049,reg1,HTHP,variable_cost,1223954825.0387263
2509,2050,reg1,HTHP,variable_cost,1228521126.760564
2510,2051,reg1,HTHP,variable_cost,1228521126.7605636
2511,2052,reg1,HTHP,variable_cost,1164065703.149582
2512,2053,reg1,HTHP,variable_cost,1038083034.386259
2513,2054,reg1,HTHP,variable_cost,851655014.7999399
2514,2055,reg1,HTHP,variable_cost,774491958.4043963
2515,2056,reg1,HTHP,variable_cost,748821677.0550127
2516,2057,reg1,HTHP,variable_cost,697112338.946348
2517,2058,reg1,HTHP,variable_cost,674431996.0387201
2518,2059,reg1,HTHP,variable_cost,651979042.988685
2519,2060,reg1,HTHP,variable_cost,640901226.6735198
2520,2025,reg1,SMR,variable_cost,0.0
2521,2026,reg1,SMR,variable_cost,0.0
2522,2027,reg1,SMR,variable_cost,0.0
2523,2028,reg1,SMR,variable_cost,0.0
2524,2029,reg1,SMR,variable_cost,0.0
2525,2030,reg1,SMR,variable_cost,0.0
2526,2031,reg1,SMR,variable_cost,0.0
2527,2032,reg1,SMR,variable_cost,0.0
2528,2033,reg1,SMR,variable_cost,0.0
2529,2034,reg1,SMR,variable_cost,0.0
2530,2035,reg1,SMR,variable_cost,0.0
2531,2036,reg1,SMR,variable_cost,0.0
2532,2037,reg1,SMR,variable_cost,0.0
2533,2038,reg1,SMR,variable_cost,0.0
2534,2039,reg1,SMR,variable_cost,0.0
2535,2040,reg1,SMR,variable_cost,0.0
2536,2041,reg1,SMR,variable_cost,0.0
2537,2042,reg1,SMR,variable_cost,0.0
2538,2043,reg1,SMR,variable_cost,0.0
2539,2044,reg1,SMR,variable_cost,0.0
2540,2045,reg1,SMR,variable_cost,0.0
2541,2046,reg1,SMR,variable_cost,0.0
2542,2047,reg1,SMR,variable_cost,0.0
2543,2048,reg1,SMR,variable_cost,0.0
2544,2049,reg1,SMR,variable_cost,0.0
2545,2050,reg1,SMR,variable_cost,0.0
2546,2051,reg1,SMR,variable_cost,0.0
2547,2052,reg1,SMR,variable_cost,0.0
2548,2053,reg1,SMR,variable_cost,0.0
2549,2054,reg1,SMR,variable_cost,0.0
2550,2055,reg1,SMR,variable_cost,0.0
2551,2056,reg1,SMR,variable_cost,0.0
2552,2057,reg1,SMR,variable_cost,0.0
2553,2058,reg1,SMR,variable_cost,0.0
2554,2059,reg1,SMR,variable_cost,0.0
2555,2060,reg1,SMR,variable_cost,0.0
2556,2025,reg1,SMR_CCS,variable_cost,0.0
2557,2026,reg1,SMR_CCS,variable_cost,0.0
2558,2027,reg1,SMR_CCS,variable_cost,0.0
2559,2028,reg1,SMR_CCS,variable_cost,0.0
2560,2029,reg1,SMR_CCS,variable_cost,0.0
2561,2030,reg1,SMR_CCS,variable_cost,0.0
2562,2031,reg1,SMR_CCS,variable_cost,0.0
2563,2032,reg1,SMR_CCS,variable_cost,0.0
2564,2033,reg1,SMR_CCS,variable_cost,0.0
2565,2034,reg1,SMR_CCS,variable_cost,0.0
2566,2035,reg1,SMR_CCS,variable_cost,0.0
2567,2036,reg1,SMR_CCS,variable_cost,0.0
2568,2037,reg1,SMR_CCS,variable_cost,0.0
2569,2038,reg1,SMR_CCS,variable_cost,0.0
2570,2039,reg1,SMR_CCS,variable_cost,0.0
2571,2040,reg1,SMR_CCS,variable_cost,0.0
2572,2041,reg1,SMR_CCS,variable_cost,0.0
2573,2042,reg1,SMR_CCS,variable_cost,0.0
2574,2043,reg1,SMR_CCS,variable_cost,0.0
2575,2044,reg1,SMR_CCS,variable_cost,0.0
2576,2045,reg1,SMR_CCS,variable_cost,0.0
2577,2046,reg1,SMR_CCS,variable_cost,0.0
2578,2047,reg1,SMR_CCS,variable_cost,0.0
2579,2048,reg1,SMR_CCS,variable_cost,0.0
2580,2049,reg1,SMR_CCS,variable_cost,0.0
2581,2050,reg1,SMR_CCS,variable_cost,0.0
2582,2051,reg1,SMR_CCS,variable_cost,0.0
2583,2052,reg1,SMR_CCS,variable_cost,0.0
2584,2053,reg1,SMR_CCS,variable_cost,0.0
2585,2054,reg1,SMR_CCS,variable_cost,0.0
2586,2055,reg1,SMR_CCS,variable_cost,0.0
2587,2056,reg1,SMR_CCS,variable_cost,0.0
2588,2057,reg1,SMR_CCS,variable_cost,0.0
2589,2058,reg1,SMR_CCS,variable_cost,0.0
2590,2059,reg1,SMR_CCS,variable_cost,0.0
2591,2060,reg1,SMR_CCS,variable_cost,0.0
2592,2025,reg1,Electrolysis_PEM,variable_cost,0.0
2593,2026,reg1,Electrolysis_PEM,variable_cost,0.0
2594,2027,reg1,Electrolysis_PEM,variable_cost,0.0
2595,2028,reg1,Electrolysis_PEM,variable_cost,0.0
2596,2029,reg1,Electrolysis_PEM,variable_cost,0.0
2597,2030,reg1,Electrolysis_PEM,variable_cost,0.0
2598,2031,reg1,Electrolysis_PEM,variable_cost,0.0
2599,2032,reg1,Electrolysis_PEM,variable_cost,0.0
2600,2033,reg1,Electrolysis_PEM,variable_cost,0.0
2601,2034,reg1,Electrolysis_PEM,variable_cost,0.0
2602,2035,reg1,Electrolysis_PEM,variable_cost,0.0
2603,2036,reg1,Electrolysis_PEM,variable_cost,0.0
2604,2037,reg1,Electrolysis_PEM,variable_cost,0.0
2605,2038,reg1,Electrolysis_PEM,variable_cost,0.0
2606,2039,reg1,Electrolysis_PEM,variable_cost,0.0
2607,2040,reg1,Electrolysis_PEM,variable_cost,0.0
2608,2041,reg1,Electrolysis_PEM,variable_cost,0.0
2609,2042,reg1,Electrolysis_PEM,variable_cost,0.0
2610,2043,reg1,Electrolysis_PEM,variable_cost,0.0
2611,2044,reg1,Electrolysis_PEM,variable_cost,0.0
2612,2045,reg1,Electrolysis_PEM,variable_cost,0.0
2613,2046,reg1,Electrolysis_PEM,variable_cost,0.0
2614,2047,reg1,Electrolysis_PEM,variable_cost,0.0
2615,2048,reg1,Electrolysis_PEM,variable_cost,0.0
2616,2049,reg1,Electrolysis_PEM,variable_cost,0.0
2617,2050,reg1,Electrolysis_PEM,variable_cost,0.0
2618,2051,reg1,Electrolysis_PEM,variable_cost,0.0
2619,2052,reg1,Electrolysis_PEM,variable_cost,0.0
2620,2053,reg1,Electrolysis_PEM,variable_cost,0.0
2621,2054,reg1,Electrolysis_PEM,variable_cost,0.0
2622,2055,reg1,Electrolysis_PEM,variable_cost,0.0
2623,2056,reg1,Electrolysis_PEM,variable_cost,0.0
2624,2057,reg1,Electrolysis_PEM,variable_cost,0.0
2625,2058,reg1,Electrolysis_PEM,variable_cost,0.0
2626,2059,reg1,Electrolysis_PEM,variable_cost,0.0
2627,2060,reg1,Electrolysis_PEM,variable_cost,0.0
2628,2025,reg1,SFF_PP,variable_cost,14351343.604934396
2629,2026,reg1,SFF_PP,variable_cost,10845663.086534403
2630,2027,reg1,SFF_PP,variable_cost,6367516.3969344
2631,2028,reg1,SFF_PP,variable_cost,5767228.636934401
2632,2029,reg1,SFF_PP,variable_cost,5130923.611334402
2633,2030,reg1,SFF_PP,variable_cost,0.0
2634,2031,reg1,SFF_PP,variable_cost,0.0
2635,2032,reg1,SFF_PP,variable_cost,0.0
2636,2033,reg1,SFF_PP,variable_cost,0.0
2637,2034,reg1,SFF_PP,variable_cost,0.0
2638,2035,reg1,SFF_PP,variable_cost,0.0
2639,2036,reg1,SFF_PP,variable_cost,0.0
2640,2037,reg1,SFF_PP,variable_cost,0.0
2641,2038,reg1,SFF_PP,variable_cost,0.0
2642,2039,reg1,SFF_PP,variable_cost,0.0
2643,2040,reg1,SFF_PP,variable_cost,0.0
2644,2041,reg1,SFF_PP,variable_cost,0.0
2645,2042,reg1,SFF_PP,variable_cost,0.0
2646,2043,reg1,SFF_PP,variable_cost,0.0
2647,2044,reg1,SFF_PP,variable_cost,0.0
2648,2045,reg1,SFF_PP,variable_cost,0.0
2649,2046,reg1,SFF_PP,variable_cost,0.0
2650,2047,reg1,SFF_PP,variable_cost,0.0
2651,2048,reg1,SFF_PP,variable_cost,0.0
2652,2049,reg1,SFF_PP,variable_cost,0.0
2653,2050,reg1,SFF_PP,variable_cost,0.0
2654,2051,reg1,SFF_PP,variable_cost,0.0
2655,2052,reg1,SFF_PP,variable_cost,0.0
2656,2053,reg1,SFF_PP,variable_cost,0.0
2657,2054,reg1,SFF_PP,variable_cost,0.0
2658,2055,reg1,SFF_PP,variable_cost,0.0
2659,2056,reg1,SFF_PP,variable_cost,0.0
2660,2057,reg1,SFF_PP,variable_cost,0.0
2661,2058,reg1,SFF_PP,variable_cost,0.0
2662,2059,reg1,SFF_PP,variable_cost,0.0
2663,2060,reg1,SFF_PP,variable_cost,0.0
2664,2025,reg1,Nuc_SMR_PP,variable_cost,0.0
2665,2026,reg1,Nuc_SMR_PP,variable_cost,0.0
2666,2027,reg1,Nuc_SMR_PP,variable_cost,0.0
2667,2028,reg1,Nuc_SMR_PP,variable_cost,0.0
2668,2029,reg1,Nuc_SMR_PP,variable_cost,0.0
2669,2030,reg1,Nuc_SMR_PP,variable_cost,0.0
2670,2031,reg1,Nuc_SMR_PP,variable_cost,0.0
2671,2032,reg1,Nuc_SMR_PP,variable_cost,0.0
2672,2033,reg1,Nuc_SMR_PP,variable_cost,0.0
2673,2034,reg1,Nuc_SMR_PP,variable_cost,0.0
2674,2035,reg1,Nuc_SMR_PP,variable_cost,0.0
2675,2036,reg1,Nuc_SMR_PP,variable_cost,0.0
2676,2037,reg1,Nuc_SMR_PP,variable_cost,0.0
2677,2038,reg1,Nuc_SMR_PP,variable_cost,0.0
2678,2039,reg1,Nuc_SMR_PP,variable_cost,0.0
2679,2040,reg1,Nuc_SMR_PP,variable_cost,0.0
2680,2041,reg1,Nuc_SMR_PP,variable_cost,0.0
2681,2042,reg1,Nuc_SMR_PP,variable_cost,0.0
2682,2043,reg1,Nuc_SMR_PP,variable_cost,0.0
2683,2044,reg1,Nuc_SMR_PP,variable_cost,0.0
2684,2045,reg1,Nuc_SMR_PP,variable_cost,0.0
2685,2046,reg1,Nuc_SMR_PP,variable_cost,0.0
2686,2047,reg1,Nuc_SMR_PP,variable_cost,0.0
2687,2048,reg1,Nuc_SMR_PP,variable_cost,0.0
2688,2049,reg1,Nuc_SMR_PP,variable_cost,0.0
2689,2050,reg1,Nuc_SMR_PP,variable_cost,0.0
2690,2051,reg1,Nuc_SMR_PP,variable_cost,0.0
2691,2052,reg1,Nuc_SMR_PP,variable_cost,0.0
2692,2053,reg1,Nuc_SMR_PP,variable_cost,0.0
2693,2054,reg1,Nuc_SMR_PP,variable_cost,0.0
2694,2055,reg1,Nuc_SMR_PP,variable_cost,0.0
2695,2056,reg1,Nuc_SMR_PP,variable_cost,0.0
2696,2057,reg1,Nuc_SMR_PP,variable_cost,0.0
2697,2058,reg1,Nuc_SMR_PP,variable_cost,0.0
2698,2059,reg1,Nuc_SMR_PP,variable_cost,0.0
2699,2060,reg1,Nuc_SMR_PP,variable_cost,0.0
2700,2025,reg1,Nuc_G3+_PP,variable_cost,0.0
2701,2026,reg1,Nuc_G3+_PP,variable_cost,0.0
2702,2027,reg1,Nuc_G3+_PP,variable_cost,0.0
2703,2028,reg1,Nuc_G3+_PP,variable_cost,0.0
2704,2029,reg1,Nuc_G3+_PP,variable_cost,0.0
2705,2030,reg1,Nuc_G3+_PP,variable_cost,0.0
2706,2031,reg1,Nuc_G3+_PP,variable_cost,0.0
2707,2032,reg1,Nuc_G3+_PP,variable_cost,0.0
2708,2033,reg1,Nuc_G3+_PP,variable_cost,0.0
2709,2034,reg1,Nuc_G3+_PP,variable_cost,0.0
2710,2035,reg1,Nuc_G3+_PP,variable_cost,0.0
2711,2036,reg1,Nuc_G3+_PP,variable_cost,0.0
2712,2037,reg1,Nuc_G3+_PP,variable_cost,0.0
2713,2038,reg1,Nuc_G3+_PP,variable_cost,0.0
2714,2039,reg1,Nuc_G3+_PP,variable_cost,0.0
2715,2040,reg1,Nuc_G3+_PP,variable_cost,0.0
2716,2041,reg1,Nuc_G3+_PP,variable_cost,0.0
2717,2042,reg1,Nuc_G3+_PP,variable_cost,0.0
2718,2043,reg1,Nuc_G3+_PP,variable_cost,0.0
2719,2044,reg1,Nuc_G3+_PP,variable_cost,0.0
2720,2045,reg1,Nuc_G3+_PP,variable_cost,0.0
2721,2046,reg1,Nuc_G3+_PP,variable_cost,0.0
2722,2047,reg1,Nuc_G3+_PP,variable_cost,0.0
2723,2048,reg1,Nuc_G3+_PP,variable_cost,0.0
2724,2049,reg1,Nuc_G3+_PP,variable_cost,0.0
2725,2050,reg1,Nuc_G3+_PP,variable_cost,0.0
2726,2051,reg1,Nuc_G3+_PP,variable_cost,0.0
2727,2052,reg1,Nuc_G3+_PP,variable_cost,0.0
2728,2053,reg1,Nuc_G3+_PP,variable_cost,0.0
2729,2054,reg1,Nuc_G3+_PP,variable_cost,0.0
2730,2055,reg1,Nuc_G3+_PP,variable_cost,0.0
2731,2056,reg1,Nuc_G3+_PP,variable_cost,0.0
2732,2057,reg1,Nuc_G3+_PP,variable_cost,0.0
2733,2058,reg1,Nuc_G3+_PP,variable_cost,0.0
2734,2059,reg1,Nuc_G3+_PP,variable_cost,0.0
2735,2060,reg1,Nuc_G3+_PP,variable_cost,0.0
2736,2025,reg1,Nuc_SMR_CHP,variable_cost,0.0
2737,2026,reg1,Nuc_SMR_CHP,variable_cost,0.0
2738,2027,reg1,Nuc_SMR_CHP,variable_cost,0.0
2739,2028,reg1,Nuc_SMR_CHP,variable_cost,0.0
2740,2029,reg1,Nuc_SMR_CHP,variable_cost,0.0
2741,2030,reg1,Nuc_SMR_CHP,variable_cost,0.0
2742,2031,reg1,Nuc_SMR_CHP,variable_cost,0.0
2743,2032,reg1,Nuc_SMR_CHP,variable_cost,0.0
2744,2033,reg1,Nuc_SMR_CHP,variable_cost,0.0
2745,2034,reg1,Nuc_SMR_CHP,variable_cost,0.0
2746,2035,reg1,Nuc_SMR_CHP,variable_cost,0.0
2747,2036,reg1,Nuc_SMR_CHP,variable_cost,0.0
2748,2037,reg1,Nuc_SMR_CHP,variable_cost,0.0
2749,2038,reg1,Nuc_SMR_CHP,variable_cost,0.0
2750,2039,reg1,Nuc_SMR_CHP,variable_cost,0.0
2751,2040,reg1,Nuc_SMR_CHP,variable_cost,0.0
2752,2041,reg1,Nuc_SMR_CHP,variable_cost,0.0
2753,2042,reg1,Nuc_SMR_CHP,variable_cost,0.0
2754,2043,reg1,Nuc_SMR_CHP,variable_cost,0.0
2755,2044,reg1,Nuc_SMR_CHP,variable_cost,0.0
2756,2045,reg1,Nuc_SMR_CHP,variable_cost,0.0
2757,2046,reg1,Nuc_SMR_CHP,variable_cost,0.0
2758,2047,reg1,Nuc_SMR_CHP,variable_cost,0.0
2759,2048,reg1,Nuc_SMR_CHP,variable_cost,0.0
2760,2049,reg1,Nuc_SMR_CHP,variable_cost,0.0
2761,2050,reg1,Nuc_SMR_CHP,variable_cost,0.0
2762,2051,reg1,Nuc_SMR_CHP,variable_cost,0.0
2763,2052,reg1,Nuc_SMR_CHP,variable_cost,0.0
2764,2053,reg1,Nuc_SMR_CHP,variable_cost,0.0
2765,2054,reg1,Nuc_SMR_CHP,variable_cost,0.0
2766,2055,reg1,Nuc_SMR_CHP,variable_cost,0.0
2767,2056,reg1,Nuc_SMR_CHP,variable_cost,0.0
2768,2057,reg1,Nuc_SMR_CHP,variable_cost,0.0
2769,2058,reg1,Nuc_SMR_CHP,variable_cost,0.0
2770,2059,reg1,Nuc_SMR_CHP,variable_cost,0.0
2771,2060,reg1,Nuc_SMR_CHP,variable_cost,0.0
2772,2025,reg1,Nuc_SMR_Power-CHP,variable_cost,0.0
2773,2026,reg1,Nuc_SMR_Power-CHP,variable_cost,0.0
2774,2027,reg1,Nuc_SMR_Power-CHP,variable_cost,0.0
2775,2028,reg1,Nuc_SMR_Power-CHP,variable_cost,0.0
2776,2029,reg1,Nuc_SMR_Power-CHP,variable_cost,0.0
2777,2030,reg1,Nuc_SMR_Power-CHP,variable_cost,0.0
2778,2031,reg1,Nuc_SMR_Power-CHP,variable_cost,0.0
2779,2032,reg1,Nuc_SMR_Power-CHP,variable_cost,0.0
2780,2033,reg1,Nuc_SMR_Power-CHP,variable_cost,0.0
2781,2034,reg1,Nuc_SMR_Power-CHP,variable_cost,0.0
2782,2035,reg1,Nuc_SMR_Power-CHP,variable_cost,0.0
2783,2036,reg1,Nuc_SMR_Power-CHP,variable_cost,0.0
2784,2037,reg1,Nuc_SMR_Power-CHP,variable_cost,0.0
2785,2038,reg1,Nuc_SMR_Power-CHP,variable_cost,0.0
2786,2039,reg1,Nuc_SMR_Power-CHP,variable_cost,0.0
2787,2040,reg1,Nuc_SMR_Power-CHP,variable_cost,0.0
2788,2041,reg1,Nuc_SMR_Power-CHP,variable_cost,0.0
2789,2042,reg1,Nuc_SMR_Power-CHP,variable_cost,0.0
2790,2043,reg1,Nuc_SMR_Power-CHP,variable_cost,0.0
2791,2044,reg1,Nuc_SMR_Power-CHP,variable_cost,0.0
2792,2045,reg1,Nuc_SMR_Power-CHP,variable_cost,0.0
2793,2046,reg1,Nuc_SMR_Power-CHP,variable_cost,0.0
2794,2047,reg1,Nuc_SMR_Power-CHP,variable_cost,0.0
2795,2048,reg1,Nuc_SMR_Power-CHP,variable_cost,0.0
2796,2049,reg1,Nuc_SMR_Power-CHP,variable_cost,0.0
2797,2050,reg1,Nuc_SMR_Power-CHP,variable_cost,0.0
2798,2051,reg1,Nuc_SMR_Power-CHP,variable_cost,0.0
2799,2052,reg1,Nuc_SMR_Power-CHP,variable_cost,0.0
2800,2053,reg1,Nuc_SMR_Power-CHP,variable_cost,0.0
2801,2054,reg1,Nuc_SMR_Power-CHP,variable_cost,0.0
2802,2055,reg1,Nuc_SMR_Power-CHP,variable_cost,0.0
2803,2056,reg1,Nuc_SMR_Power-CHP,variable_cost,0.0
2804,2057,reg1,Nuc_SMR_Power-CHP,variable_cost,0.0
2805,2058,reg1,Nuc_SMR_Power-CHP,variable_cost,0.0
2806,2059,reg1,Nuc_SMR_Power-CHP,variable_cost,0.0
2807,2060,reg1,Nuc_SMR_Power-CHP,variable_cost,0.0
2808,2025,reg1,Nuc_SMR_Heat-CHP,variable_cost,0.0
2809,2026,reg1,Nuc_SMR_Heat-CHP,variable_cost,0.0
2810,2027,reg1,Nuc_SMR_Heat-CHP,variable_cost,0.0
2811,2028,reg1,Nuc_SMR_Heat-CHP,variable_cost,0.0
2812,2029,reg1,Nuc_SMR_Heat-CHP,variable_cost,0.0
2813,2030,reg1,Nuc_SMR_Heat-CHP,variable_cost,0.0
2814,2031,reg1,Nuc_SMR_Heat-CHP,variable_cost,0.0
2815,2032,reg1,Nuc_SMR_Heat-CHP,variable_cost,0.0
2816,2033,reg1,Nuc_SMR_Heat-CHP,variable_cost,0.0
2817,2034,reg1,Nuc_SMR_Heat-CHP,variable_cost,0.0
2818,2035,reg1,Nuc_SMR_Heat-CHP,variable_cost,0.0
2819,2036,reg1,Nuc_SMR_Heat-CHP,variable_cost,0.0
2820,2037,reg1,Nuc_SMR_Heat-CHP,variable_cost,0.0
2821,2038,reg1,Nuc_SMR_Heat-CHP,variable_cost,0.0
2822,2039,reg1,Nuc_SMR_Heat-CHP,variable_cost,0.0
2823,2040,reg1,Nuc_SMR_Heat-CHP,variable_cost,0.0
2824,2041,reg1,Nuc_SMR_Heat-CHP,variable_cost,0.0
2825,2042,reg1,Nuc_SMR_Heat-CHP,variable_cost,0.0
2826,2043,reg1,Nuc_SMR_Heat-CHP,variable_cost,0.0
2827,2044,reg1,Nuc_SMR_Heat-CHP,variable_cost,0.0
2828,2045,reg1,Nuc_SMR_Heat-CHP,variable_cost,0.0
2829,2046,reg1,Nuc_SMR_Heat-CHP,variable_cost,0.0
2830,2047,reg1,Nuc_SMR_Heat-CHP,variable_cost,0.0
2831,2048,reg1,Nuc_SMR_Heat-CHP,variable_cost,0.0
2832,2049,reg1,Nuc_SMR_Heat-CHP,variable_cost,0.0
2833,2050,reg1,Nuc_SMR_Heat-CHP,variable_cost,0.0
2834,2051,reg1,Nuc_SMR_Heat-CHP,variable_cost,0.0
2835,2052,reg1,Nuc_SMR_Heat-CHP,variable_cost,0.0
2836,2053,reg1,Nuc_SMR_Heat-CHP,variable_cost,0.0
2837,2054,reg1,Nuc_SMR_Heat-CHP,variable_cost,0.0
2838,2055,reg1,Nuc_SMR_Heat-CHP,variable_cost,0.0
2839,2056,reg1,Nuc_SMR_Heat-CHP,variable_cost,0.0
2840,2057,reg1,Nuc_SMR_Heat-CHP,variable_cost,0.0
2841,2058,reg1,Nuc_SMR_Heat-CHP,variable_cost,0.0
2842,2059,reg1,Nuc_SMR_Heat-CHP,variable_cost,0.0
2843,2060,reg1,Nuc_SMR_Heat-CHP,variable_cost,0.0
2844,2025,reg1,Nuc_SMR-H2_CHP,variable_cost,0.0
2845,2026,reg1,Nuc_SMR-H2_CHP,variable_cost,0.0
2846,2027,reg1,Nuc_SMR-H2_CHP,variable_cost,0.0
2847,2028,reg1,Nuc_SMR-H2_CHP,variable_cost,0.0
2848,2029,reg1,Nuc_SMR-H2_CHP,variable_cost,0.0
2849,2030,reg1,Nuc_SMR-H2_CHP,variable_cost,0.0
2850,2031,reg1,Nuc_SMR-H2_CHP,variable_cost,0.0
2851,2032,reg1,Nuc_SMR-H2_CHP,variable_cost,0.0
2852,2033,reg1,Nuc_SMR-H2_CHP,variable_cost,0.0
2853,2034,reg1,Nuc_SMR-H2_CHP,variable_cost,0.0
2854,2035,reg1,Nuc_SMR-H2_CHP,variable_cost,0.0
2855,2036,reg1,Nuc_SMR-H2_CHP,variable_cost,0.0
2856,2037,reg1,Nuc_SMR-H2_CHP,variable_cost,0.0
2857,2038,reg1,Nuc_SMR-H2_CHP,variable_cost,0.0
2858,2039,reg1,Nuc_SMR-H2_CHP,variable_cost,0.0
2859,2040,reg1,Nuc_SMR-H2_CHP,variable_cost,0.0
2860,2041,reg1,Nuc_SMR-H2_CHP,variable_cost,0.0
2861,2042,reg1,Nuc_SMR-H2_CHP,variable_cost,0.0
2862,2043,reg1,Nuc_SMR-H2_CHP,variable_cost,0.0
2863,2044,reg1,Nuc_SMR-H2_CHP,variable_cost,0.0
2864,2045,reg1,Nuc_SMR-H2_CHP,variable_cost,0.0
2865,2046,reg1,Nuc_SMR-H2_CHP,variable_cost,0.0
2866,2047,reg1,Nuc_SMR-H2_CHP,variable_cost,0.0
2867,2048,reg1,Nuc_SMR-H2_CHP,variable_cost,0.0
2868,2049,reg1,Nuc_SMR-H2_CHP,variable_cost,0.0
2869,2050,reg1,Nuc_SMR-H2_CHP,variable_cost,0.0
2870,2051,reg1,Nuc_SMR-H2_CHP,variable_cost,0.0
2871,2052,reg1,Nuc_SMR-H2_CHP,variable_cost,0.0
2872,2053,reg1,Nuc_SMR-H2_CHP,variable_cost,0.0
2873,2054,reg1,Nuc_SMR-H2_CHP,variable_cost,0.0
2874,2055,reg1,Nuc_SMR-H2_CHP,variable_cost,0.0
2875,2056,reg1,Nuc_SMR-H2_CHP,variable_cost,0.0
2876,2057,reg1,Nuc_SMR-H2_CHP,variable_cost,0.0
2877,2058,reg1,Nuc_SMR-H2_CHP,variable_cost,0.0
2878,2059,reg1,Nuc_SMR-H2_CHP,variable_cost,0.0
2879,2060,reg1,Nuc_SMR-H2_CHP,variable_cost,0.0
2880,2025,reg1,Nuc_SMR-H2_Power-CHP,variable_cost,0.0
2881,2026,reg1,Nuc_SMR-H2_Power-CHP,variable_cost,0.0
2882,2027,reg1,Nuc_SMR-H2_Power-CHP,variable_cost,0.0
2883,2028,reg1,Nuc_SMR-H2_Power-CHP,variable_cost,0.0
2884,2029,reg1,Nuc_SMR-H2_Power-CHP,variable_cost,0.0
2885,2030,reg1,Nuc_SMR-H2_Power-CHP,variable_cost,0.0
2886,2031,reg1,Nuc_SMR-H2_Power-CHP,variable_cost,0.0
2887,2032,reg1,Nuc_SMR-H2_Power-CHP,variable_cost,0.0
2888,2033,reg1,Nuc_SMR-H2_Power-CHP,variable_cost,0.0
2889,2034,reg1,Nuc_SMR-H2_Power-CHP,variable_cost,0.0
2890,2035,reg1,Nuc_SMR-H2_Power-CHP,variable_cost,0.0
2891,2036,reg1,Nuc_SMR-H2_Power-CHP,variable_cost,0.0
2892,2037,reg1,Nuc_SMR-H2_Power-CHP,variable_cost,0.0
2893,2038,reg1,Nuc_SMR-H2_Power-CHP,variable_cost,0.0
2894,2039,reg1,Nuc_SMR-H2_Power-CHP,variable_cost,0.0
2895,2040,reg1,Nuc_SMR-H2_Power-CHP,variable_cost,0.0
2896,2041,reg1,Nuc_SMR-H2_Power-CHP,variable_cost,0.0
2897,2042,reg1,Nuc_SMR-H2_Power-CHP,variable_cost,0.0
2898,2043,reg1,Nuc_SMR-H2_Power-CHP,variable_cost,0.0
2899,2044,reg1,Nuc_SMR-H2_Power-CHP,variable_cost,0.0
2900,2045,reg1,Nuc_SMR-H2_Power-CHP,variable_cost,0.0
2901,2046,reg1,Nuc_SMR-H2_Power-CHP,variable_cost,0.0
2902,2047,reg1,Nuc_SMR-H2_Power-CHP,variable_cost,0.0
2903,2048,reg1,Nuc_SMR-H2_Power-CHP,variable_cost,0.0
2904,2049,reg1,Nuc_SMR-H2_Power-CHP,variable_cost,0.0
2905,2050,reg1,Nuc_SMR-H2_Power-CHP,variable_cost,0.0
2906,2051,reg1,Nuc_SMR-H2_Power-CHP,variable_cost,0.0
2907,2052,reg1,Nuc_SMR-H2_Power-CHP,variable_cost,0.0
2908,2053,reg1,Nuc_SMR-H2_Power-CHP,variable_cost,0.0
2909,2054,reg1,Nuc_SMR-H2_Power-CHP,variable_cost,0.0
2910,2055,reg1,Nuc_SMR-H2_Power-CHP,variable_cost,0.0
2911,2056,reg1,Nuc_SMR-H2_Power-CHP,variable_cost,0.0
2912,2057,reg1,Nuc_SMR-H2_Power-CHP,variable_cost,0.0
2913,2058,reg1,Nuc_SMR-H2_Power-CHP,variable_cost,0.0
2914,2059,reg1,Nuc_SMR-H2_Power-CHP,variable_cost,0.0
2915,2060,reg1,Nuc_SMR-H2_Power-CHP,variable_cost,0.0
2916,2025,reg1,Nuc_SMR-H2_Heat-CHP,variable_cost,0.0
2917,2026,reg1,Nuc_SMR-H2_Heat-CHP,variable_cost,0.0
2918,2027,reg1,Nuc_SMR-H2_Heat-CHP,variable_cost,0.0
2919,2028,reg1,Nuc_SMR-H2_Heat-CHP,variable_cost,0.0
2920,2029,reg1,Nuc_SMR-H2_Heat-CHP,variable_cost,0.0
2921,2030,reg1,Nuc_SMR-H2_Heat-CHP,variable_cost,0.0
2922,2031,reg1,Nuc_SMR-H2_Heat-CHP,variable_cost,0.0
2923,2032,reg1,Nuc_SMR-H2_Heat-CHP,variable_cost,0.0
2924,2033,reg1,Nuc_SMR-H2_Heat-CHP,variable_cost,0.0
2925,2034,reg1,Nuc_SMR-H2_Heat-CHP,variable_cost,0.0
2926,2035,reg1,Nuc_SMR-H2_Heat-CHP,variable_cost,0.0
2927,2036,reg1,Nuc_SMR-H2_Heat-CHP,variable_cost,0.0
2928,2037,reg1,Nuc_SMR-H2_Heat-CHP,variable_cost,0.0
2929,2038,reg1,Nuc_SMR-H2_Heat-CHP,variable_cost,0.0
2930,2039,reg1,Nuc_SMR-H2_Heat-CHP,variable_cost,0.0
2931,2040,reg1,Nuc_SMR-H2_Heat-CHP,variable_cost,0.0
2932,2041,reg1,Nuc_SMR-H2_Heat-CHP,variable_cost,0.0
2933,2042,reg1,Nuc_SMR-H2_Heat-CHP,variable_cost,0.0
2934,2043,reg1,Nuc_SMR-H2_Heat-CHP,variable_cost,0.0
2935,2044,reg1,Nuc_SMR-H2_Heat-CHP,variable_cost,0.0
2936,2045,reg1,Nuc_SMR-H2_Heat-CHP,variable_cost,0.0
2937,2046,reg1,Nuc_SMR-H2_Heat-CHP,variable_cost,0.0
2938,2047,reg1,Nuc_SMR-H2_Heat-CHP,variable_cost,0.0
2939,2048,reg1,Nuc_SMR-H2_Heat-CHP,variable_cost,0.0
2940,2049,reg1,Nuc_SMR-H2_Heat-CHP,variable_cost,0.0
2941,2050,reg1,Nuc_SMR-H2_Heat-CHP,variable_cost,0.0
2942,2051,reg1,Nuc_SMR-H2_Heat-CHP,variable_cost,0.0
2943,2052,reg1,Nuc_SMR-H2_Heat-CHP,variable_cost,0.0
2944,2053,reg1,Nuc_SMR-H2_Heat-CHP,variable_cost,0.0
2945,2054,reg1,Nuc_SMR-H2_Heat-CHP,variable_cost,0.0
2946,2055,reg1,Nuc_SMR-H2_Heat-CHP,variable_cost,0.0
2947,2056,reg1,Nuc_SMR-H2_Heat-CHP,variable_cost,0.0
2948,2057,reg1,Nuc_SMR-H2_Heat-CHP,variable_cost,0.0
2949,2058,reg1,Nuc_SMR-H2_Heat-CHP,variable_cost,0.0
2950,2059,reg1,Nuc_SMR-H2_Heat-CHP,variable_cost,0.0
2951,2060,reg1,Nuc_SMR-H2_Heat-CHP,variable_cost,0.0
2952,2025,reg1,NGCC-CCS_CHP,variable_cost,0.0
2953,2026,reg1,NGCC-CCS_CHP,variable_cost,0.0
2954,2027,reg1,NGCC-CCS_CHP,variable_cost,0.0
2955,2028,reg1,NGCC-CCS_CHP,variable_cost,0.0
2956,2029,reg1,NGCC-CCS_CHP,variable_cost,0.0
2957,2030,reg1,NGCC-CCS_CHP,variable_cost,0.0
2958,2031,reg1,NGCC-CCS_CHP,variable_cost,0.0
2959,2032,reg1,NGCC-CCS_CHP,variable_cost,0.0
2960,2033,reg1,NGCC-CCS_CHP,variable_cost,0.0
2961,2034,reg1,NGCC-CCS_CHP,variable_cost,0.0
2962,2035,reg1,NGCC-CCS_CHP,variable_cost,0.0
2963,2036,reg1,NGCC-CCS_CHP,variable_cost,0.0
2964,2037,reg1,NGCC-CCS_CHP,variable_cost,0.0
2965,2038,reg1,NGCC-CCS_CHP,variable_cost,0.0
2966,2039,reg1,NGCC-CCS_CHP,variable_cost,0.0
2967,2040,reg1,NGCC-CCS_CHP,variable_cost,0.0
2968,2041,reg1,NGCC-CCS_CHP,variable_cost,0.0
2969,2042,reg1,NGCC-CCS_CHP,variable_cost,0.0
2970,2043,reg1,NGCC-CCS_CHP,variable_cost,0.0
2971,2044,reg1,NGCC-CCS_CHP,variable_cost,0.0
2972,2045,reg1,NGCC-CCS_CHP,variable_cost,0.0
2973,2046,reg1,NGCC-CCS_CHP,variable_cost,0.0
2974,2047,reg1,NGCC-CCS_CHP,variable_cost,0.0
2975,2048,reg1,NGCC-CCS_CHP,variable_cost,0.0
2976,2049,reg1,NGCC-CCS_CHP,variable_cost,0.0
2977,2050,reg1,NGCC-CCS_CHP,variable_cost,0.0
2978,2051,reg1,NGCC-CCS_CHP,variable_cost,0.0
2979,2052,reg1,NGCC-CCS_CHP,variable_cost,0.0
2980,2053,reg1,NGCC-CCS_CHP,variable_cost,0.0
2981,2054,reg1,NGCC-CCS_CHP,variable_cost,0.0
2982,2055,reg1,NGCC-CCS_CHP,variable_cost,0.0
2983,2056,reg1,NGCC-CCS_CHP,variable_cost,0.0
2984,2057,reg1,NGCC-CCS_CHP,variable_cost,0.0
2985,2058,reg1,NGCC-CCS_CHP,variable_cost,0.0
2986,2059,reg1,NGCC-CCS_CHP,variable_cost,0.0
2987,2060,reg1,NGCC-CCS_CHP,variable_cost,0.0
2988,2025,reg1,NGCC-CCS_Power-CHP,variable_cost,0.0
2989,2026,reg1,NGCC-CCS_Power-CHP,variable_cost,0.0
2990,2027,reg1,NGCC-CCS_Power-CHP,variable_cost,0.0
2991,2028,reg1,NGCC-CCS_Power-CHP,variable_cost,0.0
2992,2029,reg1,NGCC-CCS_Power-CHP,variable_cost,0.0
2993,2030,reg1,NGCC-CCS_Power-CHP,variable_cost,0.0
2994,2031,reg1,NGCC-CCS_Power-CHP,variable_cost,0.0
2995,2032,reg1,NGCC-CCS_Power-CHP,variable_cost,0.0
2996,2033,reg1,NGCC-CCS_Power-CHP,variable_cost,0.0
2997,2034,reg1,NGCC-CCS_Power-CHP,variable_cost,0.0
2998,2035,reg1,NGCC-CCS_Power-CHP,variable_cost,0.0
2999,2036,reg1,NGCC-CCS_Power-CHP,variable_cost,0.0
3000,2037,reg1,NGCC-CCS_Power-CHP,variable_cost,0.0
3001,2038,reg1,NGCC-CCS_Power-CHP,variable_cost,0.0
3002,2039,reg1,NGCC-CCS_Power-CHP,variable_cost,0.0
3003,2040,reg1,NGCC-CCS_Power-CHP,variable_cost,0.0
3004,2041,reg1,NGCC-CCS_Power-CHP,variable_cost,0.0
3005,2042,reg1,NGCC-CCS_Power-CHP,variable_cost,0.0
3006,2043,reg1,NGCC-CCS_Power-CHP,variable_cost,0.0
3007,2044,reg1,NGCC-CCS_Power-CHP,variable_cost,0.0
3008,2045,reg1,NGCC-CCS_Power-CHP,variable_cost,0.0
3009,2046,reg1,NGCC-CCS_Power-CHP,variable_cost,0.0
3010,2047,reg1,NGCC-CCS_Power-CHP,variable_cost,0.0
3011,2048,reg1,NGCC-CCS_Power-CHP,variable_cost,0.0
3012,2049,reg1,NGCC-CCS_Power-CHP,variable_cost,0.0
3013,2050,reg1,NGCC-CCS_Power-CHP,variable_cost,0.0
3014,2051,reg1,NGCC-CCS_Power-CHP,variable_cost,0.0
3015,2052,reg1,NGCC-CCS_Power-CHP,variable_cost,0.0
3016,2053,reg1,NGCC-CCS_Power-CHP,variable_cost,0.0
3017,2054,reg1,NGCC-CCS_Power-CHP,variable_cost,0.0
3018,2055,reg1,NGCC-CCS_Power-CHP,variable_cost,0.0
3019,2056,reg1,NGCC-CCS_Power-CHP,variable_cost,0.0
3020,2057,reg1,NGCC-CCS_Power-CHP,variable_cost,0.0
3021,2058,reg1,NGCC-CCS_Power-CHP,variable_cost,0.0
3022,2059,reg1,NGCC-CCS_Power-CHP,variable_cost,0.0
3023,2060,reg1,NGCC-CCS_Power-CHP,variable_cost,0.0
3024,2025,reg1,NGCC-CCS_Heat-CHP,variable_cost,0.0
3025,2026,reg1,NGCC-CCS_Heat-CHP,variable_cost,0.0
3026,2027,reg1,NGCC-CCS_Heat-CHP,variable_cost,0.0
3027,2028,reg1,NGCC-CCS_Heat-CHP,variable_cost,0.0
3028,2029,reg1,NGCC-CCS_Heat-CHP,variable_cost,0.0
3029,2030,reg1,NGCC-CCS_Heat-CHP,variable_cost,0.0
3030,2031,reg1,NGCC-CCS_Heat-CHP,variable_cost,0.0
3031,2032,reg1,NGCC-CCS_Heat-CHP,variable_cost,0.0
3032,2033,reg1,NGCC-CCS_Heat-CHP,variable_cost,0.0
3033,2034,reg1,NGCC-CCS_Heat-CHP,variable_cost,0.0
3034,2035,reg1,NGCC-CCS_Heat-CHP,variable_cost,0.0
3035,2036,reg1,NGCC-CCS_Heat-CHP,variable_cost,0.0
3036,2037,reg1,NGCC-CCS_Heat-CHP,variable_cost,0.0
3037,2038,reg1,NGCC-CCS_Heat-CHP,variable_cost,0.0
3038,2039,reg1,NGCC-CCS_Heat-CHP,variable_cost,0.0
3039,2040,reg1,NGCC-CCS_Heat-CHP,variable_cost,0.0
3040,2041,reg1,NGCC-CCS_Heat-CHP,variable_cost,0.0
3041,2042,reg1,NGCC-CCS_Heat-CHP,variable_cost,0.0
3042,2043,reg1,NGCC-CCS_Heat-CHP,variable_cost,0.0
3043,2044,reg1,NGCC-CCS_Heat-CHP,variable_cost,0.0
3044,2045,reg1,NGCC-CCS_Heat-CHP,variable_cost,0.0
3045,2046,reg1,NGCC-CCS_Heat-CHP,variable_cost,0.0
3046,2047,reg1,NGCC-CCS_Heat-CHP,variable_cost,0.0
3047,2048,reg1,NGCC-CCS_Heat-CHP,variable_cost,0.0
3048,2049,reg1,NGCC-CCS_Heat-CHP,variable_cost,0.0
3049,2050,reg1,NGCC-CCS_Heat-CHP,variable_cost,0.0
3050,2051,reg1,NGCC-CCS_Heat-CHP,variable_cost,0.0
3051,2052,reg1,NGCC-CCS_Heat-CHP,variable_cost,0.0
3052,2053,reg1,NGCC-CCS_Heat-CHP,variable_cost,0.0
3053,2054,reg1,NGCC-CCS_Heat-CHP,variable_cost,0.0
3054,2055,reg1,NGCC-CCS_Heat-CHP,variable_cost,0.0
3055,2056,reg1,NGCC-CCS_Heat-CHP,variable_cost,0.0
3056,2057,reg1,NGCC-CCS_Heat-CHP,variable_cost,0.0
3057,2058,reg1,NGCC-CCS_Heat-CHP,variable_cost,0.0
3058,2059,reg1,NGCC-CCS_Heat-CHP,variable_cost,0.0
3059,2060,reg1,NGCC-CCS_Heat-CHP,variable_cost,0.0
3060,2025,reg1,NG_PP,variable_cost,113092475.14872295
3061,2026,reg1,NG_PP,variable_cost,108940030.74687676
3062,2027,reg1,NG_PP,variable_cost,81868734.89610836
3063,2028,reg1,NG_PP,variable_cost,64817583.52290656
3064,2029,reg1,NG_PP,variable_cost,54186553.98877121
3065,2030,reg1,NG_PP,variable_cost,46675232.28942653
3066,2031,reg1,NG_PP,variable_cost,39168864.37780935
3067,2032,reg1,NG_PP,variable_cost,37183512.36106889
3068,2033,reg1,NG_PP,variable_cost,35399682.65443618
3069,2034,reg1,NG_PP,variable_cost,35117562.777092755
3070,2035,reg1,NG_PP,variable_cost,35312553.66493415
3071,2036,reg1,NG_PP,variable_cost,39364499.26480463
3072,2037,reg1,NG_PP,variable_cost,43370867.410150245
3073,2038,reg1,NG_PP,variable_cost,48548946.43722472
3074,2039,reg1,NG_PP,variable_cost,51654193.13173011
3075,2040,reg1,NG_PP,variable_cost,52748774.27313241
3076,2041,reg1,NG_PP,variable_cost,73883903.90802139
3077,2042,reg1,NG_PP,variable_cost,84371956.34618264
3078,2043,reg1,NG_PP,variable_cost,75939826.0153671
3079,2044,reg1,NG_PP,variable_cost,80365710.60519366
3080,2045,reg1,NG_PP,variable_cost,79583238.02191658
3081,2046,reg1,NG_PP,variable_cost,74420092.63006838
3082,2047,reg1,NG_PP,variable_cost,75887830.42191513
3083,2048,reg1,NG_PP,variable_cost,76686397.38878712
3084,2049,reg1,NG_PP,variable_cost,64894025.01202696
3085,2050,reg1,NG_PP,variable_cost,51007172.148275234
3086,2051,reg1,NG_PP,variable_cost,51111849.5223458
3087,2052,reg1,NG_PP,variable_cost,44142166.16117387
3088,2053,reg1,NG_PP,variable_cost,33605977.37983346
3089,2054,reg1,NG_PP,variable_cost,17502908.889599774
3090,2055,reg1,NG_PP,variable_cost,8411105.28091715
3091,2056,reg1,NG_PP,variable_cost,13885347.135677814
3092,2057,reg1,NG_PP,variable_cost,16043424.170783048
3093,2058,reg1,NG_PP,variable_cost,31267253.289353225
3094,2059,reg1,NG_PP,variable_cost,47687229.69721163
3095,2060,reg1,NG_PP,variable_cost,64195065.77173208
3096,2025,reg1,NG_PP_CCS,variable_cost,0.0
3097,2026,reg1,NG_PP_CCS,variable_cost,0.0
3098,2027,reg1,NG_PP_CCS,variable_cost,0.0
3099,2028,reg1,NG_PP_CCS,variable_cost,0.0
3100,2029,reg1,NG_PP_CCS,variable_cost,0.0
3101,2030,reg1,NG_PP_CCS,variable_cost,0.0
3102,2031,reg1,NG_PP_CCS,variable_cost,0.0
3103,2032,reg1,NG_PP_CCS,variable_cost,0.0
3104,2033,reg1,NG_PP_CCS,variable_cost,0.0
3105,2034,reg1,NG_PP_CCS,variable_cost,0.0
3106,2035,reg1,NG_PP_CCS,variable_cost,0.0
3107,2036,reg1,NG_PP_CCS,variable_cost,0.0
3108,2037,reg1,NG_PP_CCS,variable_cost,0.0
3109,2038,reg1,NG_PP_CCS,variable_cost,0.0
3110,2039,reg1,NG_PP_CCS,variable_cost,0.0
3111,2040,reg1,NG_PP_CCS,variable_cost,0.0
3112,2041,reg1,NG_PP_CCS,variable_cost,0.0
3113,2042,reg1,NG_PP_CCS,variable_cost,0.0
3114,2043,reg1,NG_PP_CCS,variable_cost,0.0
3115,2044,reg1,NG_PP_CCS,variable_cost,0.0
3116,2045,reg1,NG_PP_CCS,variable_cost,0.0
3117,2046,reg1,NG_PP_CCS,variable_cost,0.0
3118,2047,reg1,NG_PP_CCS,variable_cost,0.0
3119,2048,reg1,NG_PP_CCS,variable_cost,0.0
3120,2049,reg1,NG_PP_CCS,variable_cost,0.0
3121,2050,reg1,NG_PP_CCS,variable_cost,0.0
3122,2051,reg1,NG_PP_CCS,variable_cost,0.0
3123,2052,reg1,NG_PP_CCS,variable_cost,0.0
3124,2053,reg1,NG_PP_CCS,variable_cost,0.0
3125,2054,reg1,NG_PP_CCS,variable_cost,0.0
3126,2055,reg1,NG_PP_CCS,variable_cost,0.0
3127,2056,reg1,NG_PP_CCS,variable_cost,0.0
3128,2057,reg1,NG_PP_CCS,variable_cost,0.0
3129,2058,reg1,NG_PP_CCS,variable_cost,0.0
3130,2059,reg1,NG_PP_CCS,variable_cost,0.0
3131,2060,reg1,NG_PP_CCS,variable_cost,0.0
3132,2025,reg1,Electrolysis_HTSE,variable_cost,0.0
3133,2026,reg1,Electrolysis_HTSE,variable_cost,0.0
3134,2027,reg1,Electrolysis_HTSE,variable_cost,0.0
3135,2028,reg1,Electrolysis_HTSE,variable_cost,0.0
3136,2029,reg1,Electrolysis_HTSE,variable_cost,0.0
3137,2030,reg1,Electrolysis_HTSE,variable_cost,0.0
3138,2031,reg1,Electrolysis_HTSE,variable_cost,0.0
3139,2032,reg1,Electrolysis_HTSE,variable_cost,0.0
3140,2033,reg1,Electrolysis_HTSE,variable_cost,0.0
3141,2034,reg1,Electrolysis_HTSE,variable_cost,0.0
3142,2035,reg1,Electrolysis_HTSE,variable_cost,0.0
3143,2036,reg1,Electrolysis_HTSE,variable_cost,0.0
3144,2037,reg1,Electrolysis_HTSE,variable_cost,0.0
3145,2038,reg1,Electrolysis_HTSE,variable_cost,0.0
3146,2039,reg1,Electrolysis_HTSE,variable_cost,0.0
3147,2040,reg1,Electrolysis_HTSE,variable_cost,0.0
3148,2041,reg1,Electrolysis_HTSE,variable_cost,0.0
3149,2042,reg1,Electrolysis_HTSE,variable_cost,0.0
3150,2043,reg1,Electrolysis_HTSE,variable_cost,0.0
3151,2044,reg1,Electrolysis_HTSE,variable_cost,0.0
3152,2045,reg1,Electrolysis_HTSE,variable_cost,0.0
3153,2046,reg1,Electrolysis_HTSE,variable_cost,0.0
3154,2047,reg1,Electrolysis_HTSE,variable_cost,0.0
3155,2048,reg1,Electrolysis_HTSE,variable_cost,0.0
3156,2049,reg1,Electrolysis_HTSE,variable_cost,0.0
3157,2050,reg1,Electrolysis_HTSE,variable_cost,0.0
3158,2051,reg1,Electrolysis_HTSE,variable_cost,0.0
3159,2052,reg1,Electrolysis_HTSE,variable_cost,0.0
3160,2053,reg1,Electrolysis_HTSE,variable_cost,0.0
3161,2054,reg1,Electrolysis_HTSE,variable_cost,0.0
3162,2055,reg1,Electrolysis_HTSE,variable_cost,0.0
3163,2056,reg1,Electrolysis_HTSE,variable_cost,0.0
3164,2057,reg1,Electrolysis_HTSE,variable_cost,0.0
3165,2058,reg1,Electrolysis_HTSE,variable_cost,0.0
3166,2059,reg1,Electrolysis_HTSE,variable_cost,0.0
3167,2060,reg1,Electrolysis_HTSE,variable_cost,0.0
3168,2025,reg1,NG_CHP_P,variable_cost,404664587.35253567
3169,2026,reg1,NG_CHP_P,variable_cost,422298523.4959178
3170,2027,reg1,NG_CHP_P,variable_cost,439117817.02137744
3171,2028,reg1,NG_CHP_P,variable_cost,447182026.26183057
3172,2029,reg1,NG_CHP_P,variable_cost,430619738.267975
3173,2030,reg1,NG_CHP_P,variable_cost,414057450.27411926
3174,2031,reg1,NG_CHP_P,variable_cost,397495162.2802635
3175,2032,reg1,NG_CHP_P,variable_cost,368033109.2382029
3176,2033,reg1,NG_CHP_P,variable_cost,340539767.6382161
3177,2034,reg1,NG_CHP_P,variable_cost,314205850.68716663
3178,2035,reg1,NG_CHP_P,variable_cost,292729842.9595549
3179,2036,reg1,NG_CHP_P,variable_cost,277865268.7218001
3180,2037,reg1,NG_CHP_P,variable_cost,267730905.35789117
3181,2038,reg1,NG_CHP_P,variable_cost,253271601.26984954
3182,2039,reg1,NG_CHP_P,variable_cost,235778972.06861103
3183,2040,reg1,NG_CHP_P,variable_cost,220908962.5120187
3184,2041,reg1,NG_CHP_P,variable_cost,205303583.32338518
3185,2042,reg1,NG_CHP_P,variable_cost,205240711.09036532
3186,2043,reg1,NG_CHP_P,variable_cost,213159171.47767472
3187,2044,reg1,NG_CHP_P,variable_cost,201514327.50525692
3188,2045,reg1,NG_CHP_P,variable_cost,196660335.40595636
3189,2046,reg1,NG_CHP_P,variable_cost,196042845.8464142
3190,2047,reg1,NG_CHP_P,variable_cost,194791424.37306195
3191,2048,reg1,NG_CHP_P,variable_cost,190486469.7070056
3192,2049,reg1,NG_CHP_P,variable_cost,192416517.3021533
3193,2050,reg1,NG_CHP_P,variable_cost,195037138.43052992
3194,2051,reg1,NG_CHP_P,variable_cost,195237727.06106853
3195,2052,reg1,NG_CHP_P,variable_cost,210936718.19665334
3196,2053,reg1,NG_CHP_P,variable_cost,240140961.68950087
3197,2054,reg1,NG_CHP_P,variable_cost,272497615.454475
3198,2055,reg1,NG_CHP_P,variable_cost,297888613.41589326
3199,2056,reg1,NG_CHP_P,variable_cost,302962166.37017274
3200,2057,reg1,NG_CHP_P,variable_cost,321084469.1289926
3201,2058,reg1,NG_CHP_P,variable_cost,325851950.5514053
3202,2059,reg1,NG_CHP_P,variable_cost,330571633.8904234
3203,2060,reg1,NG_CHP_P,variable_cost,335958160.3827043
3204,2025,reg1,BIO_CHP_P,variable_cost,0.0
3205,2026,reg1,BIO_CHP_P,variable_cost,685706.667343701
3206,2027,reg1,BIO_CHP_P,variable_cost,1371413.334687402
3207,2028,reg1,BIO_CHP_P,variable_cost,2057120.0020310897
3208,2029,reg1,BIO_CHP_P,variable_cost,2742826.66937476
3209,2030,reg1,BIO_CHP_P,variable_cost,3428533.33671846
3210,2031,reg1,BIO_CHP_P,variable_cost,4114240.004062158
3211,2032,reg1,BIO_CHP_P,variable_cost,4799946.671405863
3212,2033,reg1,BIO_CHP_P,variable_cost,5485653.338749572
3213,2034,reg1,BIO_CHP_P,variable_cost,6171360.00609327
3214,2035,reg1,BIO_CHP_P,variable_cost,6857066.6734369695
3215,2036,reg1,BIO_CHP_P,variable_cost,7542773.340780665
3216,2037,reg1,BIO_CHP_P,variable_cost,8228480.008124364
3217,2038,reg1,BIO_CHP_P,variable_cost,8914186.675468072
3218,2039,reg1,BIO_CHP_P,variable_cost,9599893.342811763
3219,2040,reg1,BIO_CHP_P,variable_cost,10285600.010155471
3220,2041,reg1,BIO_CHP_P,variable_cost,10971306.677499183
3221,2042,reg1,BIO_CHP_P,variable_cost,11657013.34484288
3222,2043,reg1,BIO_CHP_P,variable_cost,12342720.012186585
3223,2044,reg1,BIO_CHP_P,variable_cost,13028426.679530265
3224,2045,reg1,BIO_CHP_P,variable_cost,13714133.34687396
3225,2046,reg1,BIO_CHP_P,variable_cost,14399840.01421768
3226,2047,reg1,BIO_CHP_P,variable_cost,15085546.681561342
3227,2048,reg1,BIO_CHP_P,variable_cost,15771253.34890506
3228,2049,reg1,BIO_CHP_P,variable_cost,16456960.016248764
3229,2050,reg1,BIO_CHP_P,variable_cost,17142666.683592502
3230,2051,reg1,BIO_CHP_P,variable_cost,17142666.683592483
3231,2052,reg1,BIO_CHP_P,variable_cost,17142666.683592476
3232,2053,reg1,BIO_CHP_P,variable_cost,17142666.683592502
3233,2054,reg1,BIO_CHP_P,variable_cost,17142666.6835925
3234,2055,reg1,BIO_CHP_P,variable_cost,17142666.6835925
3235,2056,reg1,BIO_CHP_P,variable_cost,17142666.683592495
3236,2057,reg1,BIO_CHP_P,variable_cost,17142666.6835925
3237,2058,reg1,BIO_CHP_P,variable_cost,17142666.683592502
3238,2059,reg1,BIO_CHP_P,variable_cost,17142666.683592517
3239,2060,reg1,BIO_CHP_P,variable_cost,17142666.683592524
3240,2025,reg1,Biogas_CHP_P,variable_cost,0.0
3241,2026,reg1,Biogas_CHP_P,variable_cost,0.0
3242,2027,reg1,Biogas_CHP_P,variable_cost,151749.3641217242
3243,2028,reg1,Biogas_CHP_P,variable_cost,4332573.359999971
3244,2029,reg1,Biogas_CHP_P,variable_cost,5736083.039999973
3245,2030,reg1,Biogas_CHP_P,variable_cost,7119251.99999998
3246,2031,reg1,Biogas_CHP_P,variable_cost,6573813.516994713
3247,2032,reg1,Biogas_CHP_P,variable_cost,5880722.28121541
3248,2033,reg1,Biogas_CHP_P,variable_cost,4702327.570132214
3249,2034,reg1,Biogas_CHP_P,variable_cost,6072052.989692702
3250,2035,reg1,Biogas_CHP_P,variable_cost,7734803.060329259
3251,2036,reg1,Biogas_CHP_P,variable_cost,8991440.829429058
3252,2037,reg1,Biogas_CHP_P,variable_cost,9722163.147240864
3253,2038,reg1,Biogas_CHP_P,variable_cost,11827415.887523271
3254,2039,reg1,Biogas_CHP_P,variable_cost,15294990.089677932
3255,2040,reg1,Biogas_CHP_P,variable_cost,18393662.814741094
3256,2041,reg1,Biogas_CHP_P,variable_cost,18809698.064516127
3257,2042,reg1,Biogas_CHP_P,variable_cost,19830379.35483871
3258,2043,reg1,Biogas_CHP_P,variable_cost,20832834.193548393
3259,2044,reg1,Biogas_CHP_P,variable_cost,20605003.5483871
3260,2045,reg1,Biogas_CHP_P,variable_cost,21517338.70967742
3261,2046,reg1,Biogas_CHP_P,variable_cost,22412460.000000004
3262,2047,reg1,Biogas_CHP_P,variable_cost,23290367.419354845
3263,2048,reg1,Biogas_CHP_P,variable_cost,24151060.96774194
3264,2049,reg1,Biogas_CHP_P,variable_cost,23825750.06298962
3265,2050,reg1,Biogas_CHP_P,variable_cost,24301935.483870972
3266,2051,reg1,Biogas_CHP_P,variable_cost,25539968.094932895
3267,2052,reg1,Biogas_CHP_P,variable_cost,25820806.451612905
3268,2053,reg1,Biogas_CHP_P,variable_cost,25820806.451612905
3269,2054,reg1,Biogas_CHP_P,variable_cost,30511079.99999996
3270,2055,reg1,Biogas_CHP_P,variable_cost,27345022.00174557
3271,2056,reg1,Biogas_CHP_P,variable_cost,27503316.77853173
3272,2057,reg1,Biogas_CHP_P,variable_cost,23942513.65353122
3273,2058,reg1,Biogas_CHP_P,variable_cost,23942513.65353122
3274,2059,reg1,Biogas_CHP_P,variable_cost,23942513.653531194
3275,2060,reg1,Biogas_CHP_P,variable_cost,27097031.200909216
3276,2025,reg1,WtE_CHP_P,variable_cost,0.0
3277,2026,reg1,WtE_CHP_P,variable_cost,0.0
3278,2027,reg1,WtE_CHP_P,variable_cost,0.0
3279,2028,reg1,WtE_CHP_P,variable_cost,0.0
3280,2029,reg1,WtE_CHP_P,variable_cost,0.0
3281,2030,reg1,WtE_CHP_P,variable_cost,9787981.715217393
3282,2031,reg1,WtE_CHP_P,variable_cost,19575963.430434786
3283,2032,reg1,WtE_CHP_P,variable_cost,29363945.14565217
3284,2033,reg1,WtE_CHP_P,variable_cost,39151926.86086956
3285,2034,reg1,WtE_CHP_P,variable_cost,48939908.57608695
3286,2035,reg1,WtE_CHP_P,variable_cost,58727890.2913043
3287,2036,reg1,WtE_CHP_P,variable_cost,68515872.0065217
3288,2037,reg1,WtE_CHP_P,variable_cost,78303853.72173901
3289,2038,reg1,WtE_CHP_P,variable_cost,88091835.43695645
3290,2039,reg1,WtE_CHP_P,variable_cost,97879817.15217386
3291,2040,reg1,WtE_CHP_P,variable_cost,107667798.86739132
3292,2041,reg1,WtE_CHP_P,variable_cost,107667798.86739133
3293,2042,reg1,WtE_CHP_P,variable_cost,107667798.86739132
3294,2043,reg1,WtE_CHP_P,variable_cost,107667798.86739132
3295,2044,reg1,WtE_CHP_P,variable_cost,107667798.86739133
3296,2045,reg1,WtE_CHP_P,variable_cost,107667798.86739133
3297,2046,reg1,WtE_CHP_P,variable_cost,107667798.86739136
3298,2047,reg1,WtE_CHP_P,variable_cost,107667798.86739132
3299,2048,reg1,WtE_CHP_P,variable_cost,107667798.86739132
3300,2049,reg1,WtE_CHP_P,variable_cost,107667798.86739133
3301,2050,reg1,WtE_CHP_P,variable_cost,107667798.86739133
3302,2051,reg1,WtE_CHP_P,variable_cost,107667798.86739133
3303,2052,reg1,WtE_CHP_P,variable_cost,107667798.86739133
3304,2053,reg1,WtE_CHP_P,variable_cost,107667798.86739127
3305,2054,reg1,WtE_CHP_P,variable_cost,107667798.86739132
3306,2055,reg1,WtE_CHP_P,variable_cost,107667798.86739133
3307,2056,reg1,WtE_CHP_P,variable_cost,107667798.86739133
3308,2057,reg1,WtE_CHP_P,variable_cost,107667798.86739133
3309,2058,reg1,WtE_CHP_P,variable_cost,107667798.86739132
3310,2059,reg1,WtE_CHP_P,variable_cost,107667798.86739133
3311,2060,reg1,WtE_CHP_P,variable_cost,97879817.1521739
3312,2025,reg1,WtE-CCS_CHP_P,variable_cost,0.0
3313,2026,reg1,WtE-CCS_CHP_P,variable_cost,0.0
3314,2027,reg1,WtE-CCS_CHP_P,variable_cost,0.0
3315,2028,reg1,WtE-CCS_CHP_P,variable_cost,0.0
3316,2029,reg1,WtE-CCS_CHP_P,variable_cost,0.0
3317,2030,reg1,WtE-CCS_CHP_P,variable_cost,29144778.515217394
3318,2031,reg1,WtE-CCS_CHP_P,variable_cost,29144778.515217394
3319,2032,reg1,WtE-CCS_CHP_P,variable_cost,29144778.515217394
3320,2033,reg1,WtE-CCS_CHP_P,variable_cost,29144778.515217394
3321,2034,reg1,WtE-CCS_CHP_P,variable_cost,29144778.515217394
3322,2035,reg1,WtE-CCS_CHP_P,variable_cost,29144778.515217394
3323,2036,reg1,WtE-CCS_CHP_P,variable_cost,29144778.515217394
3324,2037,reg1,WtE-CCS_CHP_P,variable_cost,29144778.515217394
3325,2038,reg1,WtE-CCS_CHP_P,variable_cost,29144778.515217394
3326,2039,reg1,WtE-CCS_CHP_P,variable_cost,29144778.515217394
3327,2040,reg1,WtE-CCS_CHP_P,variable_cost,20867240.407043364
3328,2041,reg1,WtE-CCS_CHP_P,variable_cost,20867240.40704344
3329,2042,reg1,WtE-CCS_CHP_P,variable_cost,20867240.407043424
3330,2043,reg1,WtE-CCS_CHP_P,variable_cost,20867240.407043424
3331,2044,reg1,WtE-CCS_CHP_P,variable_cost,20867240.407043636
3332,2045,reg1,WtE-CCS_CHP_P,variable_cost,20867240.407043595
3333,2046,reg1,WtE-CCS_CHP_P,variable_cost,20867240.407043427
3334,2047,reg1,WtE-CCS_CHP_P,variable_cost,20867240.407043498
3335,2048,reg1,WtE-CCS_CHP_P,variable_cost,20867240.40704334
3336,2049,reg1,WtE-CCS_CHP_P,variable_cost,20867240.40704353
3337,2050,reg1,WtE-CCS_CHP_P,variable_cost,20867240.407043245
3338,2051,reg1,WtE-CCS_CHP_P,variable_cost,20867240.407043546
3339,2052,reg1,WtE-CCS_CHP_P,variable_cost,20867240.40704344
3340,2053,reg1,WtE-CCS_CHP_P,variable_cost,20867240.407043688
3341,2054,reg1,WtE-CCS_CHP_P,variable_cost,20867240.407043677
3342,2055,reg1,WtE-CCS_CHP_P,variable_cost,20867240.407043286
3343,2056,reg1,WtE-CCS_CHP_P,variable_cost,20867240.407043237
3344,2057,reg1,WtE-CCS_CHP_P,variable_cost,20867240.40704345
3345,2058,reg1,WtE-CCS_CHP_P,variable_cost,20867240.40704344
3346,2059,reg1,WtE-CCS_CHP_P,variable_cost,20867240.40704337
3347,2060,reg1,WtE-CCS_CHP_P,variable_cost,29144778.515217394
3348,2025,reg1,SOFC_CHP_P,variable_cost,0.0
3349,2026,reg1,SOFC_CHP_P,variable_cost,0.0
3350,2027,reg1,SOFC_CHP_P,variable_cost,0.0
3351,2028,reg1,SOFC_CHP_P,variable_cost,0.0
3352,2029,reg1,SOFC_CHP_P,variable_cost,0.0
3353,2030,reg1,SOFC_CHP_P,variable_cost,0.0
3354,2031,reg1,SOFC_CHP_P,variable_cost,0.0
3355,2032,reg1,SOFC_CHP_P,variable_cost,0.0
3356,2033,reg1,SOFC_CHP_P,variable_cost,0.0
3357,2034,reg1,SOFC_CHP_P,variable_cost,0.0
3358,2035,reg1,SOFC_CHP_P,variable_cost,0.0
3359,2036,reg1,SOFC_CHP_P,variable_cost,0.0
3360,2037,reg1,SOFC_CHP_P,variable_cost,0.0
3361,2038,reg1,SOFC_CHP_P,variable_cost,0.0
3362,2039,reg1,SOFC_CHP_P,variable_cost,0.0
3363,2040,reg1,SOFC_CHP_P,variable_cost,0.0
3364,2041,reg1,SOFC_CHP_P,variable_cost,0.0
3365,2042,reg1,SOFC_CHP_P,variable_cost,0.0
3366,2043,reg1,SOFC_CHP_P,variable_cost,0.0
3367,2044,reg1,SOFC_CHP_P,variable_cost,0.0
3368,2045,reg1,SOFC_CHP_P,variable_cost,0.0
3369,2046,reg1,SOFC_CHP_P,variable_cost,0.0
3370,2047,reg1,SOFC_CHP_P,variable_cost,0.0
3371,2048,reg1,SOFC_CHP_P,variable_cost,0.0
3372,2049,reg1,SOFC_CHP_P,variable_cost,0.0
3373,2050,reg1,SOFC_CHP_P,variable_cost,0.0
3374,2051,reg1,SOFC_CHP_P,variable_cost,0.0
3375,2052,reg1,SOFC_CHP_P,variable_cost,0.0
3376,2053,reg1,SOFC_CHP_P,variable_cost,0.0
3377,2054,reg1,SOFC_CHP_P,variable_cost,0.0
3378,2055,reg1,SOFC_CHP_P,variable_cost,0.0
3379,2056,reg1,SOFC_CHP_P,variable_cost,0.0
3380,2057,reg1,SOFC_CHP_P,variable_cost,0.0
3381,2058,reg1,SOFC_CHP_P,variable_cost,0.0
3382,2059,reg1,SOFC_CHP_P,variable_cost,0.0
3383,2060,reg1,SOFC_CHP_P,variable_cost,0.0
3384,2025,reg1,Oil_CHP,variable_cost,41987874.96502104
3385,2026,reg1,Oil_CHP,variable_cost,40588279.1328537
3386,2027,reg1,Oil_CHP,variable_cost,39188683.3006863
3387,2028,reg1,Oil_CHP,variable_cost,37789087.46851895
3388,2029,reg1,Oil_CHP,variable_cost,36389491.63635156
3389,2030,reg1,Oil_CHP,variable_cost,34989895.8041842
3390,2031,reg1,Oil_CHP,variable_cost,33590299.972016804
3391,2032,reg1,Oil_CHP,variable_cost,32190704.13984946
3392,2033,reg1,Oil_CHP,variable_cost,30791108.307682086
3393,2034,reg1,Oil_CHP,variable_cost,29391512.47551477
3394,2035,reg1,Oil_CHP,variable_cost,27991916.64334737
3395,2036,reg1,Oil_CHP,variable_cost,26592320.81117999
3396,2037,reg1,Oil_CHP,variable_cost,25192724.979012616
3397,2038,reg1,Oil_CHP,variable_cost,23793129.146845266
3398,2039,reg1,Oil_CHP,variable_cost,22393533.314677898
3399,2040,reg1,Oil_CHP,variable_cost,20993937.48251052
3400,2041,reg1,Oil_CHP,variable_cost,19594341.650343176
3401,2042,reg1,Oil_CHP,variable_cost,18194745.818175796
3402,2043,reg1,Oil_CHP,variable_cost,16795149.98600843
3403,2044,reg1,Oil_CHP,variable_cost,15395554.153841047
3404,2045,reg1,Oil_CHP,variable_cost,13995958.32167369
3405,2046,reg1,Oil_CHP,variable_cost,12596362.489506328
3406,2047,reg1,Oil_CHP,variable_cost,11196766.657338945
3407,2048,reg1,Oil_CHP,variable_cost,9797170.82517159
3408,2049,reg1,Oil_CHP,variable_cost,8397574.993004216
3409,2050,reg1,Oil_CHP,variable_cost,6997979.160836845
3410,2051,reg1,Oil_CHP,variable_cost,5598383.328669473
3411,2052,reg1,Oil_CHP,variable_cost,4198787.496502106
3412,2053,reg1,Oil_CHP,variable_cost,2799191.664334739
3413,2054,reg1,Oil_CHP,variable_cost,1399595.8321673668
3414,2055,reg1,Oil_CHP,variable_cost,0.0
3415,2056,reg1,Oil_CHP,variable_cost,0.0
3416,2057,reg1,Oil_CHP,variable_cost,0.0
3417,2058,reg1,Oil_CHP,variable_cost,0.0
3418,2059,reg1,Oil_CHP,variable_cost,0.0
3419,2060,reg1,Oil_CHP,variable_cost,0.0
3420,2025,reg1,BW_CHP_P,variable_cost,81727720.23598093
3421,2026,reg1,BW_CHP_P,variable_cost,78458611.42654169
3422,2027,reg1,BW_CHP_P,variable_cost,75189502.61710244
3423,2028,reg1,BW_CHP_P,variable_cost,71920393.80766322
3424,2029,reg1,BW_CHP_P,variable_cost,68651284.99822398
3425,2030,reg1,BW_CHP_P,variable_cost,65382176.188784726
3426,2031,reg1,BW_CHP_P,variable_cost,62113067.37934549
3427,2032,reg1,BW_CHP_P,variable_cost,58843958.56990623
3428,2033,reg1,BW_CHP_P,variable_cost,55574849.760466985
3429,2034,reg1,BW_CHP_P,variable_cost,52305740.951027766
3430,2035,reg1,BW_CHP_P,variable_cost,49036632.14158851
3431,2036,reg1,BW_CHP_P,variable_cost,44266110.908160746
3432,2037,reg1,BW_CHP_P,variable_cost,37012703.24277813
3433,2038,reg1,BW_CHP_P,variable_cost,33089440.74368876
3434,2039,reg1,BW_CHP_P,variable_cost,29966830.753192972
3435,2040,reg1,BW_CHP_P,variable_cost,27242573.411993608
3436,2041,reg1,BW_CHP_P,variable_cost,24518316.070794247
3437,2042,reg1,BW_CHP_P,variable_cost,21794058.729594883
3438,2043,reg1,BW_CHP_P,variable_cost,19069801.388395518
3439,2044,reg1,BW_CHP_P,variable_cost,15437458.266796367
3440,2045,reg1,BW_CHP_P,variable_cost,12864548.555663636
3441,2046,reg1,BW_CHP_P,variable_cost,10291638.844530903
3442,2047,reg1,BW_CHP_P,variable_cost,7718729.1333981715
3443,2048,reg1,BW_CHP_P,variable_cost,5145819.422265437
3444,2049,reg1,BW_CHP_P,variable_cost,2542640.1851193793
3445,2050,reg1,BW_CHP_P,variable_cost,0.0
3446,2051,reg1,BW_CHP_P,variable_cost,0.0
3447,2052,reg1,BW_CHP_P,variable_cost,0.0
3448,2053,reg1,BW_CHP_P,variable_cost,0.0
3449,2054,reg1,BW_CHP_P,variable_cost,0.0
3450,2055,reg1,BW_CHP_P,variable_cost,0.0
3451,2056,reg1,BW_CHP_P,variable_cost,0.0
3452,2057,reg1,BW_CHP_P,variable_cost,0.0
3453,2058,reg1,BW_CHP_P,variable_cost,0.0
3454,2059,reg1,BW_CHP_P,variable_cost,0.0
3455,2060,reg1,BW_CHP_P,variable_cost,0.0
3456,2025,reg1,Heat_transmission_distribution,variable_cost,0.0
3457,2026,reg1,Heat_transmission_distribution,variable_cost,0.0
3458,2027,reg1,Heat_transmission_distribution,variable_cost,0.0
3459,2028,reg1,Heat_transmission_distribution,variable_cost,0.0
3460,2029,reg1,Heat_transmission_distribution,variable_cost,0.0
3461,2030,reg1,Heat_transmission_distribution,variable_cost,0.0
3462,2031,reg1,Heat_transmission_distribution,variable_cost,0.0
3463,2032,reg1,Heat_transmission_distribution,variable_cost,0.0
3464,2033,reg1,Heat_transmission_distribution,variable_cost,0.0
3465,2034,reg1,Heat_transmission_distribution,variable_cost,0.0
3466,2035,reg1,Heat_transmission_distribution,variable_cost,0.0
3467,2036,reg1,Heat_transmission_distribution,variable_cost,0.0
3468,2037,reg1,Heat_transmission_distribution,variable_cost,0.0
3469,2038,reg1,Heat_transmission_distribution,variable_cost,0.0
3470,2039,reg1,Heat_transmission_distribution,variable_cost,0.0
3471,2040,reg1,Heat_transmission_distribution,variable_cost,0.0
3472,2041,reg1,Heat_transmission_distribution,variable_cost,0.0
3473,2042,reg1,Heat_transmission_distribution,variable_cost,0.0
3474,2043,reg1,Heat_transmission_distribution,variable_cost,0.0
3475,2044,reg1,Heat_transmission_distribution,variable_cost,0.0
3476,2045,reg1,Heat_transmission_distribution,variable_cost,0.0
3477,2046,reg1,Heat_transmission_distribution,variable_cost,0.0
3478,2047,reg1,Heat_transmission_distribution,variable_cost,0.0
3479,2048,reg1,Heat_transmission_distribution,variable_cost,0.0
3480,2049,reg1,Heat_transmission_distribution,variable_cost,0.0
3481,2050,reg1,Heat_transmission_distribution,variable_cost,0.0
3482,2051,reg1,Heat_transmission_distribution,variable_cost,0.0
3483,2052,reg1,Heat_transmission_distribution,variable_cost,0.0
3484,2053,reg1,Heat_transmission_distribution,variable_cost,0.0
3485,2054,reg1,Heat_transmission_distribution,variable_cost,0.0
3486,2055,reg1,Heat_transmission_distribution,variable_cost,0.0
3487,2056,reg1,Heat_transmission_distribution,variable_cost,0.0
3488,2057,reg1,Heat_transmission_distribution,variable_cost,0.0
3489,2058,reg1,Heat_transmission_distribution,variable_cost,0.0
3490,2059,reg1,Heat_transmission_distribution,variable_cost,0.0
3491,2060,reg1,Heat_transmission_distribution,variable_cost,0.0
3492,2025,reg1,Elec_transmission_distribution,variable_cost,0.0
3493,2026,reg1,Elec_transmission_distribution,variable_cost,0.0
3494,2027,reg1,Elec_transmission_distribution,variable_cost,0.0
3495,2028,reg1,Elec_transmission_distribution,variable_cost,0.0
3496,2029,reg1,Elec_transmission_distribution,variable_cost,0.0
3497,2030,reg1,Elec_transmission_distribution,variable_cost,0.0
3498,2031,reg1,Elec_transmission_distribution,variable_cost,0.0
3499,2032,reg1,Elec_transmission_distribution,variable_cost,0.0
3500,2033,reg1,Elec_transmission_distribution,variable_cost,0.0
3501,2034,reg1,Elec_transmission_distribution,variable_cost,0.0
3502,2035,reg1,Elec_transmission_distribution,variable_cost,0.0
3503,2036,reg1,Elec_transmission_distribution,variable_cost,0.0
3504,2037,reg1,Elec_transmission_distribution,variable_cost,0.0
3505,2038,reg1,Elec_transmission_distribution,variable_cost,0.0
3506,2039,reg1,Elec_transmission_distribution,variable_cost,0.0
3507,2040,reg1,Elec_transmission_distribution,variable_cost,0.0
3508,2041,reg1,Elec_transmission_distribution,variable_cost,0.0
3509,2042,reg1,Elec_transmission_distribution,variable_cost,0.0
3510,2043,reg1,Elec_transmission_distribution,variable_cost,0.0
3511,2044,reg1,Elec_transmission_distribution,variable_cost,0.0
3512,2045,reg1,Elec_transmission_distribution,variable_cost,0.0
3513,2046,reg1,Elec_transmission_distribution,variable_cost,0.0
3514,2047,reg1,Elec_transmission_distribution,variable_cost,0.0
3515,2048,reg1,Elec_transmission_distribution,variable_cost,0.0
3516,2049,reg1,Elec_transmission_distribution,variable_cost,0.0
3517,2050,reg1,Elec_transmission_distribution,variable_cost,0.0
3518,2051,reg1,Elec_transmission_distribution,variable_cost,0.0
3519,2052,reg1,Elec_transmission_distribution,variable_cost,0.0
3520,2053,reg1,Elec_transmission_distribution,variable_cost,0.0
3521,2054,reg1,Elec_transmission_distribution,variable_cost,0.0
3522,2055,reg1,Elec_transmission_distribution,variable_cost,0.0
3523,2056,reg1,Elec_transmission_distribution,variable_cost,0.0
3524,2057,reg1,Elec_transmission_distribution,variable_cost,0.0
3525,2058,reg1,Elec_transmission_distribution,variable_cost,0.0
3526,2059,reg1,Elec_transmission_distribution,variable_cost,0.0
3527,2060,reg1,Elec_transmission_distribution,variable_cost,0.0
3528,2025,reg1,NG_supply,fix_tax_cost,0.0
3529,2026,reg1,NG_supply,fix_tax_cost,0.0
3530,2027,reg1,NG_supply,fix_tax_cost,0.0
3531,2028,reg1,NG_supply,fix_tax_cost,0.0
3532,2029,reg1,NG_supply,fix_tax_cost,0.0
3533,2030,reg1,NG_supply,fix_tax_cost,0.0
3534,2031,reg1,NG_supply,fix_tax_cost,0.0
3535,2032,reg1,NG_supply,fix_tax_cost,0.0
3536,2033,reg1,NG_supply,fix_tax_cost,0.0
3537,2034,reg1,NG_supply,fix_tax_cost,0.0
3538,2035,reg1,NG_supply,fix_tax_cost,0.0
3539,2036,reg1,NG_supply,fix_tax_cost,0.0
3540,2037,reg1,NG_supply,fix_tax_cost,0.0
3541,2038,reg1,NG_supply,fix_tax_cost,0.0
3542,2039,reg1,NG_supply,fix_tax_cost,0.0
3543,2040,reg1,NG_supply,fix_tax_cost,0.0
3544,2041,reg1,NG_supply,fix_tax_cost,0.0
3545,2042,reg1,NG_supply,fix_tax_cost,0.0
3546,2043,reg1,NG_supply,fix_tax_cost,0.0
3547,2044,reg1,NG_supply,fix_tax_cost,0.0
3548,2045,reg1,NG_supply,fix_tax_cost,0.0
3549,2046,reg1,NG_supply,fix_tax_cost,0.0
3550,2047,reg1,NG_supply,fix_tax_cost,0.0
3551,2048,reg1,NG_supply,fix_tax_cost,0.0
3552,2049,reg1,NG_supply,fix_tax_cost,0.0
3553,2050,reg1,NG_supply,fix_tax_cost,0.0
3554,2051,reg1,NG_supply,fix_tax_cost,0.0
3555,2052,reg1,NG_supply,fix_tax_cost,0.0
3556,2053,reg1,NG_supply,fix_tax_cost,0.0
3557,2054,reg1,NG_supply,fix_tax_cost,0.0
3558,2055,reg1,NG_supply,fix_tax_cost,0.0
3559,2056,reg1,NG_supply,fix_tax_cost,0.0
3560,2057,reg1,NG_supply,fix_tax_cost,0.0
3561,2058,reg1,NG_supply,fix_tax_cost,0.0
3562,2059,reg1,NG_supply,fix_tax_cost,0.0
3563,2060,reg1,NG_supply,fix_tax_cost,0.0
3564,2025,reg1,SFF_supply,fix_tax_cost,0.0
3565,2026,reg1,SFF_supply,fix_tax_cost,0.0
3566,2027,reg1,SFF_supply,fix_tax_cost,0.0
3567,2028,reg1,SFF_supply,fix_tax_cost,0.0
3568,2029,reg1,SFF_supply,fix_tax_cost,0.0
3569,2030,reg1,SFF_supply,fix_tax_cost,0.0
3570,2031,reg1,SFF_supply,fix_tax_cost,0.0
3571,2032,reg1,SFF_supply,fix_tax_cost,0.0
3572,2033,reg1,SFF_supply,fix_tax_cost,0.0
3573,2034,reg1,SFF_supply,fix_tax_cost,0.0
3574,2035,reg1,SFF_supply,fix_tax_cost,0.0
3575,2036,reg1,SFF_supply,fix_tax_cost,0.0
3576,2037,reg1,SFF_supply,fix_tax_cost,0.0
3577,2038,reg1,SFF_supply,fix_tax_cost,0.0
3578,2039,reg1,SFF_supply,fix_tax_cost,0.0
3579,2040,reg1,SFF_supply,fix_tax_cost,0.0
3580,2041,reg1,SFF_supply,fix_tax_cost,0.0
3581,2042,reg1,SFF_supply,fix_tax_cost,0.0
3582,2043,reg1,SFF_supply,fix_tax_cost,0.0
3583,2044,reg1,SFF_supply,fix_tax_cost,0.0
3584,2045,reg1,SFF_supply,fix_tax_cost,0.0
3585,2046,reg1,SFF_supply,fix_tax_cost,0.0
3586,2047,reg1,SFF_supply,fix_tax_cost,0.0
3587,2048,reg1,SFF_supply,fix_tax_cost,0.0
3588,2049,reg1,SFF_supply,fix_tax_cost,0.0
3589,2050,reg1,SFF_supply,fix_tax_cost,0.0
3590,2051,reg1,SFF_supply,fix_tax_cost,0.0
3591,2052,reg1,SFF_supply,fix_tax_cost,0.0
3592,2053,reg1,SFF_supply,fix_tax_cost,0.0
3593,2054,reg1,SFF_supply,fix_tax_cost,0.0
3594,2055,reg1,SFF_supply,fix_tax_cost,0.0
3595,2056,reg1,SFF_supply,fix_tax_cost,0.0
3596,2057,reg1,SFF_supply,fix_tax_cost,0.0
3597,2058,reg1,SFF_supply,fix_tax_cost,0.0
3598,2059,reg1,SFF_supply,fix_tax_cost,0.0
3599,2060,reg1,SFF_supply,fix_tax_cost,0.0
3600,2025,reg1,OP_supply,fix_tax_cost,0.0
3601,2026,reg1,OP_supply,fix_tax_cost,0.0
3602,2027,reg1,OP_supply,fix_tax_cost,0.0
3603,2028,reg1,OP_supply,fix_tax_cost,0.0
3604,2029,reg1,OP_supply,fix_tax_cost,0.0
3605,2030,reg1,OP_supply,fix_tax_cost,0.0
3606,2031,reg1,OP_supply,fix_tax_cost,0.0
3607,2032,reg1,OP_supply,fix_tax_cost,0.0
3608,2033,reg1,OP_supply,fix_tax_cost,0.0
3609,2034,reg1,OP_supply,fix_tax_cost,0.0
3610,2035,reg1,OP_supply,fix_tax_cost,0.0
3611,2036,reg1,OP_supply,fix_tax_cost,0.0
3612,2037,reg1,OP_supply,fix_tax_cost,0.0
3613,2038,reg1,OP_supply,fix_tax_cost,0.0
3614,2039,reg1,OP_supply,fix_tax_cost,0.0
3615,2040,reg1,OP_supply,fix_tax_cost,0.0
3616,2041,reg1,OP_supply,fix_tax_cost,0.0
3617,2042,reg1,OP_supply,fix_tax_cost,0.0
3618,2043,reg1,OP_supply,fix_tax_cost,0.0
3619,2044,reg1,OP_supply,fix_tax_cost,0.0
3620,2045,reg1,OP_supply,fix_tax_cost,0.0
3621,2046,reg1,OP_supply,fix_tax_cost,0.0
3622,2047,reg1,OP_supply,fix_tax_cost,0.0
3623,2048,reg1,OP_supply,fix_tax_cost,0.0
3624,2049,reg1,OP_supply,fix_tax_cost,0.0
3625,2050,reg1,OP_supply,fix_tax_cost,0.0
3626,2051,reg1,OP_supply,fix_tax_cost,0.0
3627,2052,reg1,OP_supply,fix_tax_cost,0.0
3628,2053,reg1,OP_supply,fix_tax_cost,0.0
3629,2054,reg1,OP_supply,fix_tax_cost,0.0
3630,2055,reg1,OP_supply,fix_tax_cost,0.0
3631,2056,reg1,OP_supply,fix_tax_cost,0.0
3632,2057,reg1,OP_supply,fix_tax_cost,0.0
3633,2058,reg1,OP_supply,fix_tax_cost,0.0
3634,2059,reg1,OP_supply,fix_tax_cost,0.0
3635,2060,reg1,OP_supply,fix_tax_cost,0.0
3636,2025,reg1,BW_supply,fix_tax_cost,0.0
3637,2026,reg1,BW_supply,fix_tax_cost,0.0
3638,2027,reg1,BW_supply,fix_tax_cost,0.0
3639,2028,reg1,BW_supply,fix_tax_cost,0.0
3640,2029,reg1,BW_supply,fix_tax_cost,0.0
3641,2030,reg1,BW_supply,fix_tax_cost,0.0
3642,2031,reg1,BW_supply,fix_tax_cost,0.0
3643,2032,reg1,BW_supply,fix_tax_cost,0.0
3644,2033,reg1,BW_supply,fix_tax_cost,0.0
3645,2034,reg1,BW_supply,fix_tax_cost,0.0
3646,2035,reg1,BW_supply,fix_tax_cost,0.0
3647,2036,reg1,BW_supply,fix_tax_cost,0.0
3648,2037,reg1,BW_supply,fix_tax_cost,0.0
3649,2038,reg1,BW_supply,fix_tax_cost,0.0
3650,2039,reg1,BW_supply,fix_tax_cost,0.0
3651,2040,reg1,BW_supply,fix_tax_cost,0.0
3652,2041,reg1,BW_supply,fix_tax_cost,0.0
3653,2042,reg1,BW_supply,fix_tax_cost,0.0
3654,2043,reg1,BW_supply,fix_tax_cost,0.0
3655,2044,reg1,BW_supply,fix_tax_cost,0.0
3656,2045,reg1,BW_supply,fix_tax_cost,0.0
3657,2046,reg1,BW_supply,fix_tax_cost,0.0
3658,2047,reg1,BW_supply,fix_tax_cost,0.0
3659,2048,reg1,BW_supply,fix_tax_cost,0.0
3660,2049,reg1,BW_supply,fix_tax_cost,0.0
3661,2050,reg1,BW_supply,fix_tax_cost,0.0
3662,2051,reg1,BW_supply,fix_tax_cost,0.0
3663,2052,reg1,BW_supply,fix_tax_cost,0.0
3664,2053,reg1,BW_supply,fix_tax_cost,0.0
3665,2054,reg1,BW_supply,fix_tax_cost,0.0
3666,2055,reg1,BW_supply,fix_tax_cost,0.0
3667,2056,reg1,BW_supply,fix_tax_cost,0.0
3668,2057,reg1,BW_supply,fix_tax_cost,0.0
3669,2058,reg1,BW_supply,fix_tax_cost,0.0
3670,2059,reg1,BW_supply,fix_tax_cost,0.0
3671,2060,reg1,BW_supply,fix_tax_cost,0.0
3672,2025,reg1,BIO_supply,fix_tax_cost,0.0
3673,2026,reg1,BIO_supply,fix_tax_cost,0.0
3674,2027,reg1,BIO_supply,fix_tax_cost,0.0
3675,2028,reg1,BIO_supply,fix_tax_cost,0.0
3676,2029,reg1,BIO_supply,fix_tax_cost,0.0
3677,2030,reg1,BIO_supply,fix_tax_cost,0.0
3678,2031,reg1,BIO_supply,fix_tax_cost,0.0
3679,2032,reg1,BIO_supply,fix_tax_cost,0.0
3680,2033,reg1,BIO_supply,fix_tax_cost,0.0
3681,2034,reg1,BIO_supply,fix_tax_cost,0.0
3682,2035,reg1,BIO_supply,fix_tax_cost,0.0
3683,2036,reg1,BIO_supply,fix_tax_cost,0.0
3684,2037,reg1,BIO_supply,fix_tax_cost,0.0
3685,2038,reg1,BIO_supply,fix_tax_cost,0.0
3686,2039,reg1,BIO_supply,fix_tax_cost,0.0
3687,2040,reg1,BIO_supply,fix_tax_cost,0.0
3688,2041,reg1,BIO_supply,fix_tax_cost,0.0
3689,2042,reg1,BIO_supply,fix_tax_cost,0.0
3690,2043,reg1,BIO_supply,fix_tax_cost,0.0
3691,2044,reg1,BIO_supply,fix_tax_cost,0.0
3692,2045,reg1,BIO_supply,fix_tax_cost,0.0
3693,2046,reg1,BIO_supply,fix_tax_cost,0.0
3694,2047,reg1,BIO_supply,fix_tax_cost,0.0
3695,2048,reg1,BIO_supply,fix_tax_cost,0.0
3696,2049,reg1,BIO_supply,fix_tax_cost,0.0
3697,2050,reg1,BIO_supply,fix_tax_cost,0.0
3698,2051,reg1,BIO_supply,fix_tax_cost,0.0
3699,2052,reg1,BIO_supply,fix_tax_cost,0.0
3700,2053,reg1,BIO_supply,fix_tax_cost,0.0
3701,2054,reg1,BIO_supply,fix_tax_cost,0.0
3702,2055,reg1,BIO_supply,fix_tax_cost,0.0
3703,2056,reg1,BIO_supply,fix_tax_cost,0.0
3704,2057,reg1,BIO_supply,fix_tax_cost,0.0
3705,2058,reg1,BIO_supply,fix_tax_cost,0.0
3706,2059,reg1,BIO_supply,fix_tax_cost,0.0
3707,2060,reg1,BIO_supply,fix_tax_cost,0.0
3708,2025,reg1,Biogas_supply,fix_tax_cost,0.0
3709,2026,reg1,Biogas_supply,fix_tax_cost,0.0
3710,2027,reg1,Biogas_supply,fix_tax_cost,0.0
3711,2028,reg1,Biogas_supply,fix_tax_cost,0.0
3712,2029,reg1,Biogas_supply,fix_tax_cost,0.0
3713,2030,reg1,Biogas_supply,fix_tax_cost,0.0
3714,2031,reg1,Biogas_supply,fix_tax_cost,0.0
3715,2032,reg1,Biogas_supply,fix_tax_cost,0.0
3716,2033,reg1,Biogas_supply,fix_tax_cost,0.0
3717,2034,reg1,Biogas_supply,fix_tax_cost,0.0
3718,2035,reg1,Biogas_supply,fix_tax_cost,0.0
3719,2036,reg1,Biogas_supply,fix_tax_cost,0.0
3720,2037,reg1,Biogas_supply,fix_tax_cost,0.0
3721,2038,reg1,Biogas_supply,fix_tax_cost,0.0
3722,2039,reg1,Biogas_supply,fix_tax_cost,0.0
3723,2040,reg1,Biogas_supply,fix_tax_cost,0.0
3724,2041,reg1,Biogas_supply,fix_tax_cost,0.0
3725,2042,reg1,Biogas_supply,fix_tax_cost,0.0
3726,2043,reg1,Biogas_supply,fix_tax_cost,0.0
3727,2044,reg1,Biogas_supply,fix_tax_cost,0.0
3728,2045,reg1,Biogas_supply,fix_tax_cost,0.0
3729,2046,reg1,Biogas_supply,fix_tax_cost,0.0
3730,2047,reg1,Biogas_supply,fix_tax_cost,0.0
3731,2048,reg1,Biogas_supply,fix_tax_cost,0.0
3732,2049,reg1,Biogas_supply,fix_tax_cost,0.0
3733,2050,reg1,Biogas_supply,fix_tax_cost,0.0
3734,2051,reg1,Biogas_supply,fix_tax_cost,0.0
3735,2052,reg1,Biogas_supply,fix_tax_cost,0.0
3736,2053,reg1,Biogas_supply,fix_tax_cost,0.0
3737,2054,reg1,Biogas_supply,fix_tax_cost,0.0
3738,2055,reg1,Biogas_supply,fix_tax_cost,0.0
3739,2056,reg1,Biogas_supply,fix_tax_cost,0.0
3740,2057,reg1,Biogas_supply,fix_tax_cost,0.0
3741,2058,reg1,Biogas_supply,fix_tax_cost,0.0
3742,2059,reg1,Biogas_supply,fix_tax_cost,0.0
3743,2060,reg1,Biogas_supply,fix_tax_cost,0.0
3744,2025,reg1,Waste_supply,fix_tax_cost,0.0
3745,2026,reg1,Waste_supply,fix_tax_cost,0.0
3746,2027,reg1,Waste_supply,fix_tax_cost,0.0
3747,2028,reg1,Waste_supply,fix_tax_cost,0.0
3748,2029,reg1,Waste_supply,fix_tax_cost,0.0
3749,2030,reg1,Waste_supply,fix_tax_cost,0.0
3750,2031,reg1,Waste_supply,fix_tax_cost,0.0
3751,2032,reg1,Waste_supply,fix_tax_cost,0.0
3752,2033,reg1,Waste_supply,fix_tax_cost,0.0
3753,2034,reg1,Waste_supply,fix_tax_cost,0.0
3754,2035,reg1,Waste_supply,fix_tax_cost,0.0
3755,2036,reg1,Waste_supply,fix_tax_cost,0.0
3756,2037,reg1,Waste_supply,fix_tax_cost,0.0
3757,2038,reg1,Waste_supply,fix_tax_cost,0.0
3758,2039,reg1,Waste_supply,fix_tax_cost,0.0
3759,2040,reg1,Waste_supply,fix_tax_cost,0.0
3760,2041,reg1,Waste_supply,fix_tax_cost,0.0
3761,2042,reg1,Waste_supply,fix_tax_cost,0.0
3762,2043,reg1,Waste_supply,fix_tax_cost,0.0
3763,2044,reg1,Waste_supply,fix_tax_cost,0.0
3764,2045,reg1,Waste_supply,fix_tax_cost,0.0
3765,2046,reg1,Waste_supply,fix_tax_cost,0.0
3766,2047,reg1,Waste_supply,fix_tax_cost,0.0
3767,2048,reg1,Waste_supply,fix_tax_cost,0.0
3768,2049,reg1,Waste_supply,fix_tax_cost,0.0
3769,2050,reg1,Waste_supply,fix_tax_cost,0.0
3770,2051,reg1,Waste_supply,fix_tax_cost,0.0
3771,2052,reg1,Waste_supply,fix_tax_cost,0.0
3772,2053,reg1,Waste_supply,fix_tax_cost,0.0
3773,2054,reg1,Waste_supply,fix_tax_cost,0.0
3774,2055,reg1,Waste_supply,fix_tax_cost,0.0
3775,2056,reg1,Waste_supply,fix_tax_cost,0.0
3776,2057,reg1,Waste_supply,fix_tax_cost,0.0
3777,2058,reg1,Waste_supply,fix_tax_cost,0.0
3778,2059,reg1,Waste_supply,fix_tax_cost,0.0
3779,2060,reg1,Waste_supply,fix_tax_cost,0.0
3780,2025,reg1,Geo_PP,fix_tax_cost,0.0
3781,2026,reg1,Geo_PP,fix_tax_cost,0.0
3782,2027,reg1,Geo_PP,fix_tax_cost,0.0
3783,2028,reg1,Geo_PP,fix_tax_cost,0.0
3784,2029,reg1,Geo_PP,fix_tax_cost,0.0
3785,2030,reg1,Geo_PP,fix_tax_cost,0.0
3786,2031,reg1,Geo_PP,fix_tax_cost,0.0
3787,2032,reg1,Geo_PP,fix_tax_cost,0.0
3788,2033,reg1,Geo_PP,fix_tax_cost,0.0
3789,2034,reg1,Geo_PP,fix_tax_cost,0.0
3790,2035,reg1,Geo_PP,fix_tax_cost,0.0
3791,2036,reg1,Geo_PP,fix_tax_cost,0.0
3792,2037,reg1,Geo_PP,fix_tax_cost,0.0
3793,2038,reg1,Geo_PP,fix_tax_cost,0.0
3794,2039,reg1,Geo_PP,fix_tax_cost,0.0
3795,2040,reg1,Geo_PP,fix_tax_cost,0.0
3796,2041,reg1,Geo_PP,fix_tax_cost,0.0
3797,2042,reg1,Geo_PP,fix_tax_cost,0.0
3798,2043,reg1,Geo_PP,fix_tax_cost,0.0
3799,2044,reg1,Geo_PP,fix_tax_cost,0.0
3800,2045,reg1,Geo_PP,fix_tax_cost,0.0
3801,2046,reg1,Geo_PP,fix_tax_cost,0.0
3802,2047,reg1,Geo_PP,fix_tax_cost,0.0
3803,2048,reg1,Geo_PP,fix_tax_cost,0.0
3804,2049,reg1,Geo_PP,fix_tax_cost,0.0
3805,2050,reg1,Geo_PP,fix_tax_cost,0.0
3806,2051,reg1,Geo_PP,fix_tax_cost,0.0
3807,2052,reg1,Geo_PP,fix_tax_cost,0.0
3808,2053,reg1,Geo_PP,fix_tax_cost,0.0
3809,2054,reg1,Geo_PP,fix_tax_cost,0.0
3810,2055,reg1,Geo_PP,fix_tax_cost,0.0
3811,2056,reg1,Geo_PP,fix_tax_cost,0.0
3812,2057,reg1,Geo_PP,fix_tax_cost,0.0
3813,2058,reg1,Geo_PP,fix_tax_cost,0.0
3814,2059,reg1,Geo_PP,fix_tax_cost,0.0
3815,2060,reg1,Geo_PP,fix_tax_cost,0.0
3816,2025,reg1,Solar_PV_PP,fix_tax_cost,0.0
3817,2026,reg1,Solar_PV_PP,fix_tax_cost,0.0
3818,2027,reg1,Solar_PV_PP,fix_tax_cost,0.0
3819,2028,reg1,Solar_PV_PP,fix_tax_cost,0.0
3820,2029,reg1,Solar_PV_PP,fix_tax_cost,0.0
3821,2030,reg1,Solar_PV_PP,fix_tax_cost,0.0
3822,2031,reg1,Solar_PV_PP,fix_tax_cost,0.0
3823,2032,reg1,Solar_PV_PP,fix_tax_cost,0.0
3824,2033,reg1,Solar_PV_PP,fix_tax_cost,0.0
3825,2034,reg1,Solar_PV_PP,fix_tax_cost,0.0
3826,2035,reg1,Solar_PV_PP,fix_tax_cost,0.0
3827,2036,reg1,Solar_PV_PP,fix_tax_cost,0.0
3828,2037,reg1,Solar_PV_PP,fix_tax_cost,0.0
3829,2038,reg1,Solar_PV_PP,fix_tax_cost,0.0
3830,2039,reg1,Solar_PV_PP,fix_tax_cost,0.0
3831,2040,reg1,Solar_PV_PP,fix_tax_cost,0.0
3832,2041,reg1,Solar_PV_PP,fix_tax_cost,0.0
3833,2042,reg1,Solar_PV_PP,fix_tax_cost,0.0
3834,2043,reg1,Solar_PV_PP,fix_tax_cost,0.0
3835,2044,reg1,Solar_PV_PP,fix_tax_cost,0.0
3836,2045,reg1,Solar_PV_PP,fix_tax_cost,0.0
3837,2046,reg1,Solar_PV_PP,fix_tax_cost,0.0
3838,2047,reg1,Solar_PV_PP,fix_tax_cost,0.0
3839,2048,reg1,Solar_PV_PP,fix_tax_cost,0.0
3840,2049,reg1,Solar_PV_PP,fix_tax_cost,0.0
3841,2050,reg1,Solar_PV_PP,fix_tax_cost,0.0
3842,2051,reg1,Solar_PV_PP,fix_tax_cost,0.0
3843,2052,reg1,Solar_PV_PP,fix_tax_cost,0.0
3844,2053,reg1,Solar_PV_PP,fix_tax_cost,0.0
3845,2054,reg1,Solar_PV_PP,fix_tax_cost,0.0
3846,2055,reg1,Solar_PV_PP,fix_tax_cost,0.0
3847,2056,reg1,Solar_PV_PP,fix_tax_cost,0.0
3848,2057,reg1,Solar_PV_PP,fix_tax_cost,0.0
3849,2058,reg1,Solar_PV_PP,fix_tax_cost,0.0
3850,2059,reg1,Solar_PV_PP,fix_tax_cost,0.0
3851,2060,reg1,Solar_PV_PP,fix_tax_cost,0.0
3852,2025,reg1,Wind_On-Shore_PP,fix_tax_cost,0.0
3853,2026,reg1,Wind_On-Shore_PP,fix_tax_cost,0.0
3854,2027,reg1,Wind_On-Shore_PP,fix_tax_cost,0.0
3855,2028,reg1,Wind_On-Shore_PP,fix_tax_cost,0.0
3856,2029,reg1,Wind_On-Shore_PP,fix_tax_cost,0.0
3857,2030,reg1,Wind_On-Shore_PP,fix_tax_cost,0.0
3858,2031,reg1,Wind_On-Shore_PP,fix_tax_cost,0.0
3859,2032,reg1,Wind_On-Shore_PP,fix_tax_cost,0.0
3860,2033,reg1,Wind_On-Shore_PP,fix_tax_cost,0.0
3861,2034,reg1,Wind_On-Shore_PP,fix_tax_cost,0.0
3862,2035,reg1,Wind_On-Shore_PP,fix_tax_cost,0.0
3863,2036,reg1,Wind_On-Shore_PP,fix_tax_cost,0.0
3864,2037,reg1,Wind_On-Shore_PP,fix_tax_cost,0.0
3865,2038,reg1,Wind_On-Shore_PP,fix_tax_cost,0.0
3866,2039,reg1,Wind_On-Shore_PP,fix_tax_cost,0.0
3867,2040,reg1,Wind_On-Shore_PP,fix_tax_cost,0.0
3868,2041,reg1,Wind_On-Shore_PP,fix_tax_cost,0.0
3869,2042,reg1,Wind_On-Shore_PP,fix_tax_cost,0.0
3870,2043,reg1,Wind_On-Shore_PP,fix_tax_cost,0.0
3871,2044,reg1,Wind_On-Shore_PP,fix_tax_cost,0.0
3872,2045,reg1,Wind_On-Shore_PP,fix_tax_cost,0.0
3873,2046,reg1,Wind_On-Shore_PP,fix_tax_cost,0.0
3874,2047,reg1,Wind_On-Shore_PP,fix_tax_cost,0.0
3875,2048,reg1,Wind_On-Shore_PP,fix_tax_cost,0.0
3876,2049,reg1,Wind_On-Shore_PP,fix_tax_cost,0.0
3877,2050,reg1,Wind_On-Shore_PP,fix_tax_cost,0.0
3878,2051,reg1,Wind_On-Shore_PP,fix_tax_cost,0.0
3879,2052,reg1,Wind_On-Shore_PP,fix_tax_cost,0.0
3880,2053,reg1,Wind_On-Shore_PP,fix_tax_cost,0.0
3881,2054,reg1,Wind_On-Shore_PP,fix_tax_cost,0.0
3882,2055,reg1,Wind_On-Shore_PP,fix_tax_cost,0.0
3883,2056,reg1,Wind_On-Shore_PP,fix_tax_cost,0.0
3884,2057,reg1,Wind_On-Shore_PP,fix_tax_cost,0.0
3885,2058,reg1,Wind_On-Shore_PP,fix_tax_cost,0.0
3886,2059,reg1,Wind_On-Shore_PP,fix_tax_cost,0.0
3887,2060,reg1,Wind_On-Shore_PP,fix_tax_cost,0.0
3888,2025,reg1,Wind_Off-Shore_PP,fix_tax_cost,0.0
3889,2026,reg1,Wind_Off-Shore_PP,fix_tax_cost,0.0
3890,2027,reg1,Wind_Off-Shore_PP,fix_tax_cost,0.0
3891,2028,reg1,Wind_Off-Shore_PP,fix_tax_cost,0.0
3892,2029,reg1,Wind_Off-Shore_PP,fix_tax_cost,0.0
3893,2030,reg1,Wind_Off-Shore_PP,fix_tax_cost,0.0
3894,2031,reg1,Wind_Off-Shore_PP,fix_tax_cost,0.0
3895,2032,reg1,Wind_Off-Shore_PP,fix_tax_cost,0.0
3896,2033,reg1,Wind_Off-Shore_PP,fix_tax_cost,0.0
3897,2034,reg1,Wind_Off-Shore_PP,fix_tax_cost,0.0
3898,2035,reg1,Wind_Off-Shore_PP,fix_tax_cost,0.0
3899,2036,reg1,Wind_Off-Shore_PP,fix_tax_cost,0.0
3900,2037,reg1,Wind_Off-Shore_PP,fix_tax_cost,0.0
3901,2038,reg1,Wind_Off-Shore_PP,fix_tax_cost,0.0
3902,2039,reg1,Wind_Off-Shore_PP,fix_tax_cost,0.0
3903,2040,reg1,Wind_Off-Shore_PP,fix_tax_cost,0.0
3904,2041,reg1,Wind_Off-Shore_PP,fix_tax_cost,0.0
3905,2042,reg1,Wind_Off-Shore_PP,fix_tax_cost,0.0
3906,2043,reg1,Wind_Off-Shore_PP,fix_tax_cost,0.0
3907,2044,reg1,Wind_Off-Shore_PP,fix_tax_cost,0.0
3908,2045,reg1,Wind_Off-Shore_PP,fix_tax_cost,0.0
3909,2046,reg1,Wind_Off-Shore_PP,fix_tax_cost,0.0
3910,2047,reg1,Wind_Off-Shore_PP,fix_tax_cost,0.0
3911,2048,reg1,Wind_Off-Shore_PP,fix_tax_cost,0.0
3912,2049,reg1,Wind_Off-Shore_PP,fix_tax_cost,0.0
3913,2050,reg1,Wind_Off-Shore_PP,fix_tax_cost,0.0
3914,2051,reg1,Wind_Off-Shore_PP,fix_tax_cost,0.0
3915,2052,reg1,Wind_Off-Shore_PP,fix_tax_cost,0.0
3916,2053,reg1,Wind_Off-Shore_PP,fix_tax_cost,0.0
3917,2054,reg1,Wind_Off-Shore_PP,fix_tax_cost,0.0
3918,2055,reg1,Wind_Off-Shore_PP,fix_tax_cost,0.0
3919,2056,reg1,Wind_Off-Shore_PP,fix_tax_cost,0.0
3920,2057,reg1,Wind_Off-Shore_PP,fix_tax_cost,0.0
3921,2058,reg1,Wind_Off-Shore_PP,fix_tax_cost,0.0
3922,2059,reg1,Wind_Off-Shore_PP,fix_tax_cost,0.0
3923,2060,reg1,Wind_Off-Shore_PP,fix_tax_cost,0.0
3924,2025,reg1,Hydro_PP,fix_tax_cost,0.0
3925,2026,reg1,Hydro_PP,fix_tax_cost,0.0
3926,2027,reg1,Hydro_PP,fix_tax_cost,0.0
3927,2028,reg1,Hydro_PP,fix_tax_cost,0.0
3928,2029,reg1,Hydro_PP,fix_tax_cost,0.0
3929,2030,reg1,Hydro_PP,fix_tax_cost,0.0
3930,2031,reg1,Hydro_PP,fix_tax_cost,0.0
3931,2032,reg1,Hydro_PP,fix_tax_cost,0.0
3932,2033,reg1,Hydro_PP,fix_tax_cost,0.0
3933,2034,reg1,Hydro_PP,fix_tax_cost,0.0
3934,2035,reg1,Hydro_PP,fix_tax_cost,0.0
3935,2036,reg1,Hydro_PP,fix_tax_cost,0.0
3936,2037,reg1,Hydro_PP,fix_tax_cost,0.0
3937,2038,reg1,Hydro_PP,fix_tax_cost,0.0
3938,2039,reg1,Hydro_PP,fix_tax_cost,0.0
3939,2040,reg1,Hydro_PP,fix_tax_cost,0.0
3940,2041,reg1,Hydro_PP,fix_tax_cost,0.0
3941,2042,reg1,Hydro_PP,fix_tax_cost,0.0
3942,2043,reg1,Hydro_PP,fix_tax_cost,0.0
3943,2044,reg1,Hydro_PP,fix_tax_cost,0.0
3944,2045,reg1,Hydro_PP,fix_tax_cost,0.0
3945,2046,reg1,Hydro_PP,fix_tax_cost,0.0
3946,2047,reg1,Hydro_PP,fix_tax_cost,0.0
3947,2048,reg1,Hydro_PP,fix_tax_cost,0.0
3948,2049,reg1,Hydro_PP,fix_tax_cost,0.0
3949,2050,reg1,Hydro_PP,fix_tax_cost,0.0
3950,2051,reg1,Hydro_PP,fix_tax_cost,0.0
3951,2052,reg1,Hydro_PP,fix_tax_cost,0.0
3952,2053,reg1,Hydro_PP,fix_tax_cost,0.0
3953,2054,reg1,Hydro_PP,fix_tax_cost,0.0
3954,2055,reg1,Hydro_PP,fix_tax_cost,0.0
3955,2056,reg1,Hydro_PP,fix_tax_cost,0.0
3956,2057,reg1,Hydro_PP,fix_tax_cost,0.0
3957,2058,reg1,Hydro_PP,fix_tax_cost,0.0
3958,2059,reg1,Hydro_PP,fix_tax_cost,0.0
3959,2060,reg1,Hydro_PP,fix_tax_cost,0.0
3960,2025,reg1,UO2_supply ,fix_tax_cost,0.0
3961,2026,reg1,UO2_supply ,fix_tax_cost,0.0
3962,2027,reg1,UO2_supply ,fix_tax_cost,0.0
3963,2028,reg1,UO2_supply ,fix_tax_cost,0.0
3964,2029,reg1,UO2_supply ,fix_tax_cost,0.0
3965,2030,reg1,UO2_supply ,fix_tax_cost,0.0
3966,2031,reg1,UO2_supply ,fix_tax_cost,0.0
3967,2032,reg1,UO2_supply ,fix_tax_cost,0.0
3968,2033,reg1,UO2_supply ,fix_tax_cost,0.0
3969,2034,reg1,UO2_supply ,fix_tax_cost,0.0
3970,2035,reg1,UO2_supply ,fix_tax_cost,0.0
3971,2036,reg1,UO2_supply ,fix_tax_cost,0.0
3972,2037,reg1,UO2_supply ,fix_tax_cost,0.0
3973,2038,reg1,UO2_supply ,fix_tax_cost,0.0
3974,2039,reg1,UO2_supply ,fix_tax_cost,0.0
3975,2040,reg1,UO2_supply ,fix_tax_cost,0.0
3976,2041,reg1,UO2_supply ,fix_tax_cost,0.0
3977,2042,reg1,UO2_supply ,fix_tax_cost,0.0
3978,2043,reg1,UO2_supply ,fix_tax_cost,0.0
3979,2044,reg1,UO2_supply ,fix_tax_cost,0.0
3980,2045,reg1,UO2_supply ,fix_tax_cost,0.0
3981,2046,reg1,UO2_supply ,fix_tax_cost,0.0
3982,2047,reg1,UO2_supply ,fix_tax_cost,0.0
3983,2048,reg1,UO2_supply ,fix_tax_cost,0.0
3984,2049,reg1,UO2_supply ,fix_tax_cost,0.0
3985,2050,reg1,UO2_supply ,fix_tax_cost,0.0
3986,2051,reg1,UO2_supply ,fix_tax_cost,0.0
3987,2052,reg1,UO2_supply ,fix_tax_cost,0.0
3988,2053,reg1,UO2_supply ,fix_tax_cost,0.0
3989,2054,reg1,UO2_supply ,fix_tax_cost,0.0
3990,2055,reg1,UO2_supply ,fix_tax_cost,0.0
3991,2056,reg1,UO2_supply ,fix_tax_cost,0.0
3992,2057,reg1,UO2_supply ,fix_tax_cost,0.0
3993,2058,reg1,UO2_supply ,fix_tax_cost,0.0
3994,2059,reg1,UO2_supply ,fix_tax_cost,0.0
3995,2060,reg1,UO2_supply ,fix_tax_cost,0.0
3996,2025,reg1,Electricity_net_imports,fix_tax_cost,0.0
3997,2026,reg1,Electricity_net_imports,fix_tax_cost,0.0
3998,2027,reg1,Electricity_net_imports,fix_tax_cost,0.0
3999,2028,reg1,Electricity_net_imports,fix_tax_cost,0.0
4000,2029,reg1,Electricity_net_imports,fix_tax_cost,0.0
4001,2030,reg1,Electricity_net_imports,fix_tax_cost,0.0
4002,2031,reg1,Electricity_net_imports,fix_tax_cost,0.0
4003,2032,reg1,Electricity_net_imports,fix_tax_cost,0.0
4004,2033,reg1,Electricity_net_imports,fix_tax_cost,0.0
4005,2034,reg1,Electricity_net_imports,fix_tax_cost,0.0
4006,2035,reg1,Electricity_net_imports,fix_tax_cost,0.0
4007,2036,reg1,Electricity_net_imports,fix_tax_cost,0.0
4008,2037,reg1,Electricity_net_imports,fix_tax_cost,0.0
4009,2038,reg1,Electricity_net_imports,fix_tax_cost,0.0
4010,2039,reg1,Electricity_net_imports,fix_tax_cost,0.0
4011,2040,reg1,Electricity_net_imports,fix_tax_cost,0.0
4012,2041,reg1,Electricity_net_imports,fix_tax_cost,0.0
4013,2042,reg1,Electricity_net_imports,fix_tax_cost,0.0
4014,2043,reg1,Electricity_net_imports,fix_tax_cost,0.0
4015,2044,reg1,Electricity_net_imports,fix_tax_cost,0.0
4016,2045,reg1,Electricity_net_imports,fix_tax_cost,0.0
4017,2046,reg1,Electricity_net_imports,fix_tax_cost,0.0
4018,2047,reg1,Electricity_net_imports,fix_tax_cost,0.0
4019,2048,reg1,Electricity_net_imports,fix_tax_cost,0.0
4020,2049,reg1,Electricity_net_imports,fix_tax_cost,0.0
4021,2050,reg1,Electricity_net_imports,fix_tax_cost,0.0
4022,2051,reg1,Electricity_net_imports,fix_tax_cost,0.0
4023,2052,reg1,Electricity_net_imports,fix_tax_cost,0.0
4024,2053,reg1,Electricity_net_imports,fix_tax_cost,0.0
4025,2054,reg1,Electricity_net_imports,fix_tax_cost,0.0
4026,2055,reg1,Electricity_net_imports,fix_tax_cost,0.0
4027,2056,reg1,Electricity_net_imports,fix_tax_cost,0.0
4028,2057,reg1,Electricity_net_imports,fix_tax_cost,0.0
4029,2058,reg1,Electricity_net_imports,fix_tax_cost,0.0
4030,2059,reg1,Electricity_net_imports,fix_tax_cost,0.0
4031,2060,reg1,Electricity_net_imports,fix_tax_cost,0.0
4032,2025,reg1,Geo_HP,fix_tax_cost,0.0
4033,2026,reg1,Geo_HP,fix_tax_cost,0.0
4034,2027,reg1,Geo_HP,fix_tax_cost,0.0
4035,2028,reg1,Geo_HP,fix_tax_cost,0.0
4036,2029,reg1,Geo_HP,fix_tax_cost,0.0
4037,2030,reg1,Geo_HP,fix_tax_cost,0.0
4038,2031,reg1,Geo_HP,fix_tax_cost,0.0
4039,2032,reg1,Geo_HP,fix_tax_cost,0.0
4040,2033,reg1,Geo_HP,fix_tax_cost,0.0
4041,2034,reg1,Geo_HP,fix_tax_cost,0.0
4042,2035,reg1,Geo_HP,fix_tax_cost,0.0
4043,2036,reg1,Geo_HP,fix_tax_cost,0.0
4044,2037,reg1,Geo_HP,fix_tax_cost,0.0
4045,2038,reg1,Geo_HP,fix_tax_cost,0.0
4046,2039,reg1,Geo_HP,fix_tax_cost,0.0
4047,2040,reg1,Geo_HP,fix_tax_cost,0.0
4048,2041,reg1,Geo_HP,fix_tax_cost,0.0
4049,2042,reg1,Geo_HP,fix_tax_cost,0.0
4050,2043,reg1,Geo_HP,fix_tax_cost,0.0
4051,2044,reg1,Geo_HP,fix_tax_cost,0.0
4052,2045,reg1,Geo_HP,fix_tax_cost,0.0
4053,2046,reg1,Geo_HP,fix_tax_cost,0.0
4054,2047,reg1,Geo_HP,fix_tax_cost,0.0
4055,2048,reg1,Geo_HP,fix_tax_cost,0.0
4056,2049,reg1,Geo_HP,fix_tax_cost,0.0
4057,2050,reg1,Geo_HP,fix_tax_cost,0.0
4058,2051,reg1,Geo_HP,fix_tax_cost,0.0
4059,2052,reg1,Geo_HP,fix_tax_cost,0.0
4060,2053,reg1,Geo_HP,fix_tax_cost,0.0
4061,2054,reg1,Geo_HP,fix_tax_cost,0.0
4062,2055,reg1,Geo_HP,fix_tax_cost,0.0
4063,2056,reg1,Geo_HP,fix_tax_cost,0.0
4064,2057,reg1,Geo_HP,fix_tax_cost,0.0
4065,2058,reg1,Geo_HP,fix_tax_cost,0.0
4066,2059,reg1,Geo_HP,fix_tax_cost,0.0
4067,2060,reg1,Geo_HP,fix_tax_cost,0.0
4068,2025,reg1,Pump_hydro_ST,fix_tax_cost,0.0
4069,2026,reg1,Pump_hydro_ST,fix_tax_cost,0.0
4070,2027,reg1,Pump_hydro_ST,fix_tax_cost,0.0
4071,2028,reg1,Pump_hydro_ST,fix_tax_cost,0.0
4072,2029,reg1,Pump_hydro_ST,fix_tax_cost,0.0
4073,2030,reg1,Pump_hydro_ST,fix_tax_cost,0.0
4074,2031,reg1,Pump_hydro_ST,fix_tax_cost,0.0
4075,2032,reg1,Pump_hydro_ST,fix_tax_cost,0.0
4076,2033,reg1,Pump_hydro_ST,fix_tax_cost,0.0
4077,2034,reg1,Pump_hydro_ST,fix_tax_cost,0.0
4078,2035,reg1,Pump_hydro_ST,fix_tax_cost,0.0
4079,2036,reg1,Pump_hydro_ST,fix_tax_cost,0.0
4080,2037,reg1,Pump_hydro_ST,fix_tax_cost,0.0
4081,2038,reg1,Pump_hydro_ST,fix_tax_cost,0.0
4082,2039,reg1,Pump_hydro_ST,fix_tax_cost,0.0
4083,2040,reg1,Pump_hydro_ST,fix_tax_cost,0.0
4084,2041,reg1,Pump_hydro_ST,fix_tax_cost,0.0
4085,2042,reg1,Pump_hydro_ST,fix_tax_cost,0.0
4086,2043,reg1,Pump_hydro_ST,fix_tax_cost,0.0
4087,2044,reg1,Pump_hydro_ST,fix_tax_cost,0.0
4088,2045,reg1,Pump_hydro_ST,fix_tax_cost,0.0
4089,2046,reg1,Pump_hydro_ST,fix_tax_cost,0.0
4090,2047,reg1,Pump_hydro_ST,fix_tax_cost,0.0
4091,2048,reg1,Pump_hydro_ST,fix_tax_cost,0.0
4092,2049,reg1,Pump_hydro_ST,fix_tax_cost,0.0
4093,2050,reg1,Pump_hydro_ST,fix_tax_cost,0.0
4094,2051,reg1,Pump_hydro_ST,fix_tax_cost,0.0
4095,2052,reg1,Pump_hydro_ST,fix_tax_cost,0.0
4096,2053,reg1,Pump_hydro_ST,fix_tax_cost,0.0
4097,2054,reg1,Pump_hydro_ST,fix_tax_cost,0.0
4098,2055,reg1,Pump_hydro_ST,fix_tax_cost,0.0
4099,2056,reg1,Pump_hydro_ST,fix_tax_cost,0.0
4100,2057,reg1,Pump_hydro_ST,fix_tax_cost,0.0
4101,2058,reg1,Pump_hydro_ST,fix_tax_cost,0.0
4102,2059,reg1,Pump_hydro_ST,fix_tax_cost,0.0
4103,2060,reg1,Pump_hydro_ST,fix_tax_cost,0.0
4104,2025,reg1,Electrochemical_ST,fix_tax_cost,0.0
4105,2026,reg1,Electrochemical_ST,fix_tax_cost,0.0
4106,2027,reg1,Electrochemical_ST,fix_tax_cost,0.0
4107,2028,reg1,Electrochemical_ST,fix_tax_cost,0.0
4108,2029,reg1,Electrochemical_ST,fix_tax_cost,0.0
4109,2030,reg1,Electrochemical_ST,fix_tax_cost,0.0
4110,2031,reg1,Electrochemical_ST,fix_tax_cost,0.0
4111,2032,reg1,Electrochemical_ST,fix_tax_cost,0.0
4112,2033,reg1,Electrochemical_ST,fix_tax_cost,0.0
4113,2034,reg1,Electrochemical_ST,fix_tax_cost,0.0
4114,2035,reg1,Electrochemical_ST,fix_tax_cost,0.0
4115,2036,reg1,Electrochemical_ST,fix_tax_cost,0.0
4116,2037,reg1,Electrochemical_ST,fix_tax_cost,0.0
4117,2038,reg1,Electrochemical_ST,fix_tax_cost,0.0
4118,2039,reg1,Electrochemical_ST,fix_tax_cost,0.0
4119,2040,reg1,Electrochemical_ST,fix_tax_cost,0.0
4120,2041,reg1,Electrochemical_ST,fix_tax_cost,0.0
4121,2042,reg1,Electrochemical_ST,fix_tax_cost,0.0
4122,2043,reg1,Electrochemical_ST,fix_tax_cost,0.0
4123,2044,reg1,Electrochemical_ST,fix_tax_cost,0.0
4124,2045,reg1,Electrochemical_ST,fix_tax_cost,0.0
4125,2046,reg1,Electrochemical_ST,fix_tax_cost,0.0
4126,2047,reg1,Electrochemical_ST,fix_tax_cost,0.0
4127,2048,reg1,Electrochemical_ST,fix_tax_cost,0.0
4128,2049,reg1,Electrochemical_ST,fix_tax_cost,0.0
4129,2050,reg1,Electrochemical_ST,fix_tax_cost,0.0
4130,2051,reg1,Electrochemical_ST,fix_tax_cost,0.0
4131,2052,reg1,Electrochemical_ST,fix_tax_cost,0.0
4132,2053,reg1,Electrochemical_ST,fix_tax_cost,0.0
4133,2054,reg1,Electrochemical_ST,fix_tax_cost,0.0
4134,2055,reg1,Electrochemical_ST,fix_tax_cost,0.0
4135,2056,reg1,Electrochemical_ST,fix_tax_cost,0.0
4136,2057,reg1,Electrochemical_ST,fix_tax_cost,0.0
4137,2058,reg1,Electrochemical_ST,fix_tax_cost,0.0
4138,2059,reg1,Electrochemical_ST,fix_tax_cost,0.0
4139,2060,reg1,Electrochemical_ST,fix_tax_cost,0.0
4140,2025,reg1,Hydrogen_ST,fix_tax_cost,0.0
4141,2026,reg1,Hydrogen_ST,fix_tax_cost,0.0
4142,2027,reg1,Hydrogen_ST,fix_tax_cost,0.0
4143,2028,reg1,Hydrogen_ST,fix_tax_cost,0.0
4144,2029,reg1,Hydrogen_ST,fix_tax_cost,0.0
4145,2030,reg1,Hydrogen_ST,fix_tax_cost,0.0
4146,2031,reg1,Hydrogen_ST,fix_tax_cost,0.0
4147,2032,reg1,Hydrogen_ST,fix_tax_cost,0.0
4148,2033,reg1,Hydrogen_ST,fix_tax_cost,0.0
4149,2034,reg1,Hydrogen_ST,fix_tax_cost,0.0
4150,2035,reg1,Hydrogen_ST,fix_tax_cost,0.0
4151,2036,reg1,Hydrogen_ST,fix_tax_cost,0.0
4152,2037,reg1,Hydrogen_ST,fix_tax_cost,0.0
4153,2038,reg1,Hydrogen_ST,fix_tax_cost,0.0
4154,2039,reg1,Hydrogen_ST,fix_tax_cost,0.0
4155,2040,reg1,Hydrogen_ST,fix_tax_cost,0.0
4156,2041,reg1,Hydrogen_ST,fix_tax_cost,0.0
4157,2042,reg1,Hydrogen_ST,fix_tax_cost,0.0
4158,2043,reg1,Hydrogen_ST,fix_tax_cost,0.0
4159,2044,reg1,Hydrogen_ST,fix_tax_cost,0.0
4160,2045,reg1,Hydrogen_ST,fix_tax_cost,0.0
4161,2046,reg1,Hydrogen_ST,fix_tax_cost,0.0
4162,2047,reg1,Hydrogen_ST,fix_tax_cost,0.0
4163,2048,reg1,Hydrogen_ST,fix_tax_cost,0.0
4164,2049,reg1,Hydrogen_ST,fix_tax_cost,0.0
4165,2050,reg1,Hydrogen_ST,fix_tax_cost,0.0
4166,2051,reg1,Hydrogen_ST,fix_tax_cost,0.0
4167,2052,reg1,Hydrogen_ST,fix_tax_cost,0.0
4168,2053,reg1,Hydrogen_ST,fix_tax_cost,0.0
4169,2054,reg1,Hydrogen_ST,fix_tax_cost,0.0
4170,2055,reg1,Hydrogen_ST,fix_tax_cost,0.0
4171,2056,reg1,Hydrogen_ST,fix_tax_cost,0.0
4172,2057,reg1,Hydrogen_ST,fix_tax_cost,0.0
4173,2058,reg1,Hydrogen_ST,fix_tax_cost,0.0
4174,2059,reg1,Hydrogen_ST,fix_tax_cost,0.0
4175,2060,reg1,Hydrogen_ST,fix_tax_cost,0.0
4176,2025,reg1,Thermal_ST,fix_tax_cost,0.0
4177,2026,reg1,Thermal_ST,fix_tax_cost,0.0
4178,2027,reg1,Thermal_ST,fix_tax_cost,0.0
4179,2028,reg1,Thermal_ST,fix_tax_cost,0.0
4180,2029,reg1,Thermal_ST,fix_tax_cost,0.0
4181,2030,reg1,Thermal_ST,fix_tax_cost,0.0
4182,2031,reg1,Thermal_ST,fix_tax_cost,0.0
4183,2032,reg1,Thermal_ST,fix_tax_cost,0.0
4184,2033,reg1,Thermal_ST,fix_tax_cost,0.0
4185,2034,reg1,Thermal_ST,fix_tax_cost,0.0
4186,2035,reg1,Thermal_ST,fix_tax_cost,0.0
4187,2036,reg1,Thermal_ST,fix_tax_cost,0.0
4188,2037,reg1,Thermal_ST,fix_tax_cost,0.0
4189,2038,reg1,Thermal_ST,fix_tax_cost,0.0
4190,2039,reg1,Thermal_ST,fix_tax_cost,0.0
4191,2040,reg1,Thermal_ST,fix_tax_cost,0.0
4192,2041,reg1,Thermal_ST,fix_tax_cost,0.0
4193,2042,reg1,Thermal_ST,fix_tax_cost,0.0
4194,2043,reg1,Thermal_ST,fix_tax_cost,0.0
4195,2044,reg1,Thermal_ST,fix_tax_cost,0.0
4196,2045,reg1,Thermal_ST,fix_tax_cost,0.0
4197,2046,reg1,Thermal_ST,fix_tax_cost,0.0
4198,2047,reg1,Thermal_ST,fix_tax_cost,0.0
4199,2048,reg1,Thermal_ST,fix_tax_cost,0.0
4200,2049,reg1,Thermal_ST,fix_tax_cost,0.0
4201,2050,reg1,Thermal_ST,fix_tax_cost,0.0
4202,2051,reg1,Thermal_ST,fix_tax_cost,0.0
4203,2052,reg1,Thermal_ST,fix_tax_cost,0.0
4204,2053,reg1,Thermal_ST,fix_tax_cost,0.0
4205,2054,reg1,Thermal_ST,fix_tax_cost,0.0
4206,2055,reg1,Thermal_ST,fix_tax_cost,0.0
4207,2056,reg1,Thermal_ST,fix_tax_cost,0.0
4208,2057,reg1,Thermal_ST,fix_tax_cost,0.0
4209,2058,reg1,Thermal_ST,fix_tax_cost,0.0
4210,2059,reg1,Thermal_ST,fix_tax_cost,0.0
4211,2060,reg1,Thermal_ST,fix_tax_cost,0.0
4212,2025,reg1,Thermal-H2_ST,fix_tax_cost,0.0
4213,2026,reg1,Thermal-H2_ST,fix_tax_cost,0.0
4214,2027,reg1,Thermal-H2_ST,fix_tax_cost,0.0
4215,2028,reg1,Thermal-H2_ST,fix_tax_cost,0.0
4216,2029,reg1,Thermal-H2_ST,fix_tax_cost,0.0
4217,2030,reg1,Thermal-H2_ST,fix_tax_cost,0.0
4218,2031,reg1,Thermal-H2_ST,fix_tax_cost,0.0
4219,2032,reg1,Thermal-H2_ST,fix_tax_cost,0.0
4220,2033,reg1,Thermal-H2_ST,fix_tax_cost,0.0
4221,2034,reg1,Thermal-H2_ST,fix_tax_cost,0.0
4222,2035,reg1,Thermal-H2_ST,fix_tax_cost,0.0
4223,2036,reg1,Thermal-H2_ST,fix_tax_cost,0.0
4224,2037,reg1,Thermal-H2_ST,fix_tax_cost,0.0
4225,2038,reg1,Thermal-H2_ST,fix_tax_cost,0.0
4226,2039,reg1,Thermal-H2_ST,fix_tax_cost,0.0
4227,2040,reg1,Thermal-H2_ST,fix_tax_cost,0.0
4228,2041,reg1,Thermal-H2_ST,fix_tax_cost,0.0
4229,2042,reg1,Thermal-H2_ST,fix_tax_cost,0.0
4230,2043,reg1,Thermal-H2_ST,fix_tax_cost,0.0
4231,2044,reg1,Thermal-H2_ST,fix_tax_cost,0.0
4232,2045,reg1,Thermal-H2_ST,fix_tax_cost,0.0
4233,2046,reg1,Thermal-H2_ST,fix_tax_cost,0.0
4234,2047,reg1,Thermal-H2_ST,fix_tax_cost,0.0
4235,2048,reg1,Thermal-H2_ST,fix_tax_cost,0.0
4236,2049,reg1,Thermal-H2_ST,fix_tax_cost,0.0
4237,2050,reg1,Thermal-H2_ST,fix_tax_cost,0.0
4238,2051,reg1,Thermal-H2_ST,fix_tax_cost,0.0
4239,2052,reg1,Thermal-H2_ST,fix_tax_cost,0.0
4240,2053,reg1,Thermal-H2_ST,fix_tax_cost,0.0
4241,2054,reg1,Thermal-H2_ST,fix_tax_cost,0.0
4242,2055,reg1,Thermal-H2_ST,fix_tax_cost,0.0
4243,2056,reg1,Thermal-H2_ST,fix_tax_cost,0.0
4244,2057,reg1,Thermal-H2_ST,fix_tax_cost,0.0
4245,2058,reg1,Thermal-H2_ST,fix_tax_cost,0.0
4246,2059,reg1,Thermal-H2_ST,fix_tax_cost,0.0
4247,2060,reg1,Thermal-H2_ST,fix_tax_cost,0.0
4248,2025,reg1,HTHP,fix_tax_cost,0.0
4249,2026,reg1,HTHP,fix_tax_cost,0.0
4250,2027,reg1,HTHP,fix_tax_cost,0.0
4251,2028,reg1,HTHP,fix_tax_cost,0.0
4252,2029,reg1,HTHP,fix_tax_cost,0.0
4253,2030,reg1,HTHP,fix_tax_cost,0.0
4254,2031,reg1,HTHP,fix_tax_cost,0.0
4255,2032,reg1,HTHP,fix_tax_cost,0.0
4256,2033,reg1,HTHP,fix_tax_cost,0.0
4257,2034,reg1,HTHP,fix_tax_cost,0.0
4258,2035,reg1,HTHP,fix_tax_cost,0.0
4259,2036,reg1,HTHP,fix_tax_cost,0.0
4260,2037,reg1,HTHP,fix_tax_cost,0.0
4261,2038,reg1,HTHP,fix_tax_cost,0.0
4262,2039,reg1,HTHP,fix_tax_cost,0.0
4263,2040,reg1,HTHP,fix_tax_cost,0.0
4264,2041,reg1,HTHP,fix_tax_cost,0.0
4265,2042,reg1,HTHP,fix_tax_cost,0.0
4266,2043,reg1,HTHP,fix_tax_cost,0.0
4267,2044,reg1,HTHP,fix_tax_cost,0.0
4268,2045,reg1,HTHP,fix_tax_cost,0.0
4269,2046,reg1,HTHP,fix_tax_cost,0.0
4270,2047,reg1,HTHP,fix_tax_cost,0.0
4271,2048,reg1,HTHP,fix_tax_cost,0.0
4272,2049,reg1,HTHP,fix_tax_cost,0.0
4273,2050,reg1,HTHP,fix_tax_cost,0.0
4274,2051,reg1,HTHP,fix_tax_cost,0.0
4275,2052,reg1,HTHP,fix_tax_cost,0.0
4276,2053,reg1,HTHP,fix_tax_cost,0.0
4277,2054,reg1,HTHP,fix_tax_cost,0.0
4278,2055,reg1,HTHP,fix_tax_cost,0.0
4279,2056,reg1,HTHP,fix_tax_cost,0.0
4280,2057,reg1,HTHP,fix_tax_cost,0.0
4281,2058,reg1,HTHP,fix_tax_cost,0.0
4282,2059,reg1,HTHP,fix_tax_cost,0.0
4283,2060,reg1,HTHP,fix_tax_cost,0.0
4284,2025,reg1,SMR,fix_tax_cost,0.0
4285,2026,reg1,SMR,fix_tax_cost,0.0
4286,2027,reg1,SMR,fix_tax_cost,0.0
4287,2028,reg1,SMR,fix_tax_cost,0.0
4288,2029,reg1,SMR,fix_tax_cost,0.0
4289,2030,reg1,SMR,fix_tax_cost,0.0
4290,2031,reg1,SMR,fix_tax_cost,0.0
4291,2032,reg1,SMR,fix_tax_cost,0.0
4292,2033,reg1,SMR,fix_tax_cost,0.0
4293,2034,reg1,SMR,fix_tax_cost,0.0
4294,2035,reg1,SMR,fix_tax_cost,0.0
4295,2036,reg1,SMR,fix_tax_cost,0.0
4296,2037,reg1,SMR,fix_tax_cost,0.0
4297,2038,reg1,SMR,fix_tax_cost,0.0
4298,2039,reg1,SMR,fix_tax_cost,0.0
4299,2040,reg1,SMR,fix_tax_cost,0.0
4300,2041,reg1,SMR,fix_tax_cost,0.0
4301,2042,reg1,SMR,fix_tax_cost,0.0
4302,2043,reg1,SMR,fix_tax_cost,0.0
4303,2044,reg1,SMR,fix_tax_cost,0.0
4304,2045,reg1,SMR,fix_tax_cost,0.0
4305,2046,reg1,SMR,fix_tax_cost,0.0
4306,2047,reg1,SMR,fix_tax_cost,0.0
4307,2048,reg1,SMR,fix_tax_cost,0.0
4308,2049,reg1,SMR,fix_tax_cost,0.0
4309,2050,reg1,SMR,fix_tax_cost,0.0
4310,2051,reg1,SMR,fix_tax_cost,0.0
4311,2052,reg1,SMR,fix_tax_cost,0.0
4312,2053,reg1,SMR,fix_tax_cost,0.0
4313,2054,reg1,SMR,fix_tax_cost,0.0
4314,2055,reg1,SMR,fix_tax_cost,0.0
4315,2056,reg1,SMR,fix_tax_cost,0.0
4316,2057,reg1,SMR,fix_tax_cost,0.0
4317,2058,reg1,SMR,fix_tax_cost,0.0
4318,2059,reg1,SMR,fix_tax_cost,0.0
4319,2060,reg1,SMR,fix_tax_cost,0.0
4320,2025,reg1,SMR_CCS,fix_tax_cost,0.0
4321,2026,reg1,SMR_CCS,fix_tax_cost,0.0
4322,2027,reg1,SMR_CCS,fix_tax_cost,0.0
4323,2028,reg1,SMR_CCS,fix_tax_cost,0.0
4324,2029,reg1,SMR_CCS,fix_tax_cost,0.0
4325,2030,reg1,SMR_CCS,fix_tax_cost,0.0
4326,2031,reg1,SMR_CCS,fix_tax_cost,0.0
4327,2032,reg1,SMR_CCS,fix_tax_cost,0.0
4328,2033,reg1,SMR_CCS,fix_tax_cost,0.0
4329,2034,reg1,SMR_CCS,fix_tax_cost,0.0
4330,2035,reg1,SMR_CCS,fix_tax_cost,0.0
4331,2036,reg1,SMR_CCS,fix_tax_cost,0.0
4332,2037,reg1,SMR_CCS,fix_tax_cost,0.0
4333,2038,reg1,SMR_CCS,fix_tax_cost,0.0
4334,2039,reg1,SMR_CCS,fix_tax_cost,0.0
4335,2040,reg1,SMR_CCS,fix_tax_cost,0.0
4336,2041,reg1,SMR_CCS,fix_tax_cost,0.0
4337,2042,reg1,SMR_CCS,fix_tax_cost,0.0
4338,2043,reg1,SMR_CCS,fix_tax_cost,0.0
4339,2044,reg1,SMR_CCS,fix_tax_cost,0.0
4340,2045,reg1,SMR_CCS,fix_tax_cost,0.0
4341,2046,reg1,SMR_CCS,fix_tax_cost,0.0
4342,2047,reg1,SMR_CCS,fix_tax_cost,0.0
4343,2048,reg1,SMR_CCS,fix_tax_cost,0.0
4344,2049,reg1,SMR_CCS,fix_tax_cost,0.0
4345,2050,reg1,SMR_CCS,fix_tax_cost,0.0
4346,2051,reg1,SMR_CCS,fix_tax_cost,0.0
4347,2052,reg1,SMR_CCS,fix_tax_cost,0.0
4348,2053,reg1,SMR_CCS,fix_tax_cost,0.0
4349,2054,reg1,SMR_CCS,fix_tax_cost,0.0
4350,2055,reg1,SMR_CCS,fix_tax_cost,0.0
4351,2056,reg1,SMR_CCS,fix_tax_cost,0.0
4352,2057,reg1,SMR_CCS,fix_tax_cost,0.0
4353,2058,reg1,SMR_CCS,fix_tax_cost,0.0
4354,2059,reg1,SMR_CCS,fix_tax_cost,0.0
4355,2060,reg1,SMR_CCS,fix_tax_cost,0.0
4356,2025,reg1,Electrolysis_PEM,fix_tax_cost,0.0
4357,2026,reg1,Electrolysis_PEM,fix_tax_cost,0.0
4358,2027,reg1,Electrolysis_PEM,fix_tax_cost,0.0
4359,2028,reg1,Electrolysis_PEM,fix_tax_cost,0.0
4360,2029,reg1,Electrolysis_PEM,fix_tax_cost,0.0
4361,2030,reg1,Electrolysis_PEM,fix_tax_cost,0.0
4362,2031,reg1,Electrolysis_PEM,fix_tax_cost,0.0
4363,2032,reg1,Electrolysis_PEM,fix_tax_cost,0.0
4364,2033,reg1,Electrolysis_PEM,fix_tax_cost,0.0
4365,2034,reg1,Electrolysis_PEM,fix_tax_cost,0.0
4366,2035,reg1,Electrolysis_PEM,fix_tax_cost,0.0
4367,2036,reg1,Electrolysis_PEM,fix_tax_cost,0.0
4368,2037,reg1,Electrolysis_PEM,fix_tax_cost,0.0
4369,2038,reg1,Electrolysis_PEM,fix_tax_cost,0.0
4370,2039,reg1,Electrolysis_PEM,fix_tax_cost,0.0
4371,2040,reg1,Electrolysis_PEM,fix_tax_cost,0.0
4372,2041,reg1,Electrolysis_PEM,fix_tax_cost,0.0
4373,2042,reg1,Electrolysis_PEM,fix_tax_cost,0.0
4374,2043,reg1,Electrolysis_PEM,fix_tax_cost,0.0
4375,2044,reg1,Electrolysis_PEM,fix_tax_cost,0.0
4376,2045,reg1,Electrolysis_PEM,fix_tax_cost,0.0
4377,2046,reg1,Electrolysis_PEM,fix_tax_cost,0.0
4378,2047,reg1,Electrolysis_PEM,fix_tax_cost,0.0
4379,2048,reg1,Electrolysis_PEM,fix_tax_cost,0.0
4380,2049,reg1,Electrolysis_PEM,fix_tax_cost,0.0
4381,2050,reg1,Electrolysis_PEM,fix_tax_cost,0.0
4382,2051,reg1,Electrolysis_PEM,fix_tax_cost,0.0
4383,2052,reg1,Electrolysis_PEM,fix_tax_cost,0.0
4384,2053,reg1,Electrolysis_PEM,fix_tax_cost,0.0
4385,2054,reg1,Electrolysis_PEM,fix_tax_cost,0.0
4386,2055,reg1,Electrolysis_PEM,fix_tax_cost,0.0
4387,2056,reg1,Electrolysis_PEM,fix_tax_cost,0.0
4388,2057,reg1,Electrolysis_PEM,fix_tax_cost,0.0
4389,2058,reg1,Electrolysis_PEM,fix_tax_cost,0.0
4390,2059,reg1,Electrolysis_PEM,fix_tax_cost,0.0
4391,2060,reg1,Electrolysis_PEM,fix_tax_cost,0.0
4392,2025,reg1,SFF_PP,fix_tax_cost,0.0
4393,2026,reg1,SFF_PP,fix_tax_cost,0.0
4394,2027,reg1,SFF_PP,fix_tax_cost,0.0
4395,2028,reg1,SFF_PP,fix_tax_cost,0.0
4396,2029,reg1,SFF_PP,fix_tax_cost,0.0
4397,2030,reg1,SFF_PP,fix_tax_cost,0.0
4398,2031,reg1,SFF_PP,fix_tax_cost,0.0
4399,2032,reg1,SFF_PP,fix_tax_cost,0.0
4400,2033,reg1,SFF_PP,fix_tax_cost,0.0
4401,2034,reg1,SFF_PP,fix_tax_cost,0.0
4402,2035,reg1,SFF_PP,fix_tax_cost,0.0
4403,2036,reg1,SFF_PP,fix_tax_cost,0.0
4404,2037,reg1,SFF_PP,fix_tax_cost,0.0
4405,2038,reg1,SFF_PP,fix_tax_cost,0.0
4406,2039,reg1,SFF_PP,fix_tax_cost,0.0
4407,2040,reg1,SFF_PP,fix_tax_cost,0.0
4408,2041,reg1,SFF_PP,fix_tax_cost,0.0
4409,2042,reg1,SFF_PP,fix_tax_cost,0.0
4410,2043,reg1,SFF_PP,fix_tax_cost,0.0
4411,2044,reg1,SFF_PP,fix_tax_cost,0.0
4412,2045,reg1,SFF_PP,fix_tax_cost,0.0
4413,2046,reg1,SFF_PP,fix_tax_cost,0.0
4414,2047,reg1,SFF_PP,fix_tax_cost,0.0
4415,2048,reg1,SFF_PP,fix_tax_cost,0.0
4416,2049,reg1,SFF_PP,fix_tax_cost,0.0
4417,2050,reg1,SFF_PP,fix_tax_cost,0.0
4418,2051,reg1,SFF_PP,fix_tax_cost,0.0
4419,2052,reg1,SFF_PP,fix_tax_cost,0.0
4420,2053,reg1,SFF_PP,fix_tax_cost,0.0
4421,2054,reg1,SFF_PP,fix_tax_cost,0.0
4422,2055,reg1,SFF_PP,fix_tax_cost,0.0
4423,2056,reg1,SFF_PP,fix_tax_cost,0.0
4424,2057,reg1,SFF_PP,fix_tax_cost,0.0
4425,2058,reg1,SFF_PP,fix_tax_cost,0.0
4426,2059,reg1,SFF_PP,fix_tax_cost,0.0
4427,2060,reg1,SFF_PP,fix_tax_cost,0.0
4428,2025,reg1,Nuc_SMR_PP,fix_tax_cost,0.0
4429,2026,reg1,Nuc_SMR_PP,fix_tax_cost,0.0
4430,2027,reg1,Nuc_SMR_PP,fix_tax_cost,0.0
4431,2028,reg1,Nuc_SMR_PP,fix_tax_cost,0.0
4432,2029,reg1,Nuc_SMR_PP,fix_tax_cost,0.0
4433,2030,reg1,Nuc_SMR_PP,fix_tax_cost,0.0
4434,2031,reg1,Nuc_SMR_PP,fix_tax_cost,0.0
4435,2032,reg1,Nuc_SMR_PP,fix_tax_cost,0.0
4436,2033,reg1,Nuc_SMR_PP,fix_tax_cost,0.0
4437,2034,reg1,Nuc_SMR_PP,fix_tax_cost,0.0
4438,2035,reg1,Nuc_SMR_PP,fix_tax_cost,0.0
4439,2036,reg1,Nuc_SMR_PP,fix_tax_cost,0.0
4440,2037,reg1,Nuc_SMR_PP,fix_tax_cost,0.0
4441,2038,reg1,Nuc_SMR_PP,fix_tax_cost,0.0
4442,2039,reg1,Nuc_SMR_PP,fix_tax_cost,0.0
4443,2040,reg1,Nuc_SMR_PP,fix_tax_cost,0.0
4444,2041,reg1,Nuc_SMR_PP,fix_tax_cost,0.0
4445,2042,reg1,Nuc_SMR_PP,fix_tax_cost,0.0
4446,2043,reg1,Nuc_SMR_PP,fix_tax_cost,0.0
4447,2044,reg1,Nuc_SMR_PP,fix_tax_cost,0.0
4448,2045,reg1,Nuc_SMR_PP,fix_tax_cost,0.0
4449,2046,reg1,Nuc_SMR_PP,fix_tax_cost,0.0
4450,2047,reg1,Nuc_SMR_PP,fix_tax_cost,0.0
4451,2048,reg1,Nuc_SMR_PP,fix_tax_cost,0.0
4452,2049,reg1,Nuc_SMR_PP,fix_tax_cost,0.0
4453,2050,reg1,Nuc_SMR_PP,fix_tax_cost,0.0
4454,2051,reg1,Nuc_SMR_PP,fix_tax_cost,0.0
4455,2052,reg1,Nuc_SMR_PP,fix_tax_cost,0.0
4456,2053,reg1,Nuc_SMR_PP,fix_tax_cost,0.0
4457,2054,reg1,Nuc_SMR_PP,fix_tax_cost,0.0
4458,2055,reg1,Nuc_SMR_PP,fix_tax_cost,0.0
4459,2056,reg1,Nuc_SMR_PP,fix_tax_cost,0.0
4460,2057,reg1,Nuc_SMR_PP,fix_tax_cost,0.0
4461,2058,reg1,Nuc_SMR_PP,fix_tax_cost,0.0
4462,2059,reg1,Nuc_SMR_PP,fix_tax_cost,0.0
4463,2060,reg1,Nuc_SMR_PP,fix_tax_cost,0.0
4464,2025,reg1,Nuc_G3+_PP,fix_tax_cost,0.0
4465,2026,reg1,Nuc_G3+_PP,fix_tax_cost,0.0
4466,2027,reg1,Nuc_G3+_PP,fix_tax_cost,0.0
4467,2028,reg1,Nuc_G3+_PP,fix_tax_cost,0.0
4468,2029,reg1,Nuc_G3+_PP,fix_tax_cost,0.0
4469,2030,reg1,Nuc_G3+_PP,fix_tax_cost,0.0
4470,2031,reg1,Nuc_G3+_PP,fix_tax_cost,0.0
4471,2032,reg1,Nuc_G3+_PP,fix_tax_cost,0.0
4472,2033,reg1,Nuc_G3+_PP,fix_tax_cost,0.0
4473,2034,reg1,Nuc_G3+_PP,fix_tax_cost,0.0
4474,2035,reg1,Nuc_G3+_PP,fix_tax_cost,0.0
4475,2036,reg1,Nuc_G3+_PP,fix_tax_cost,0.0
4476,2037,reg1,Nuc_G3+_PP,fix_tax_cost,0.0
4477,2038,reg1,Nuc_G3+_PP,fix_tax_cost,0.0
4478,2039,reg1,Nuc_G3+_PP,fix_tax_cost,0.0
4479,2040,reg1,Nuc_G3+_PP,fix_tax_cost,0.0
4480,2041,reg1,Nuc_G3+_PP,fix_tax_cost,0.0
4481,2042,reg1,Nuc_G3+_PP,fix_tax_cost,0.0
4482,2043,reg1,Nuc_G3+_PP,fix_tax_cost,0.0
4483,2044,reg1,Nuc_G3+_PP,fix_tax_cost,0.0
4484,2045,reg1,Nuc_G3+_PP,fix_tax_cost,0.0
4485,2046,reg1,Nuc_G3+_PP,fix_tax_cost,0.0
4486,2047,reg1,Nuc_G3+_PP,fix_tax_cost,0.0
4487,2048,reg1,Nuc_G3+_PP,fix_tax_cost,0.0
4488,2049,reg1,Nuc_G3+_PP,fix_tax_cost,0.0
4489,2050,reg1,Nuc_G3+_PP,fix_tax_cost,0.0
4490,2051,reg1,Nuc_G3+_PP,fix_tax_cost,0.0
4491,2052,reg1,Nuc_G3+_PP,fix_tax_cost,0.0
4492,2053,reg1,Nuc_G3+_PP,fix_tax_cost,0.0
4493,2054,reg1,Nuc_G3+_PP,fix_tax_cost,0.0
4494,2055,reg1,Nuc_G3+_PP,fix_tax_cost,0.0
4495,2056,reg1,Nuc_G3+_PP,fix_tax_cost,0.0
4496,2057,reg1,Nuc_G3+_PP,fix_tax_cost,0.0
4497,2058,reg1,Nuc_G3+_PP,fix_tax_cost,0.0
4498,2059,reg1,Nuc_G3+_PP,fix_tax_cost,0.0
4499,2060,reg1,Nuc_G3+_PP,fix_tax_cost,0.0
4500,2025,reg1,Nuc_SMR_CHP,fix_tax_cost,0.0
4501,2026,reg1,Nuc_SMR_CHP,fix_tax_cost,0.0
4502,2027,reg1,Nuc_SMR_CHP,fix_tax_cost,0.0
4503,2028,reg1,Nuc_SMR_CHP,fix_tax_cost,0.0
4504,2029,reg1,Nuc_SMR_CHP,fix_tax_cost,0.0
4505,2030,reg1,Nuc_SMR_CHP,fix_tax_cost,0.0
4506,2031,reg1,Nuc_SMR_CHP,fix_tax_cost,0.0
4507,2032,reg1,Nuc_SMR_CHP,fix_tax_cost,0.0
4508,2033,reg1,Nuc_SMR_CHP,fix_tax_cost,0.0
4509,2034,reg1,Nuc_SMR_CHP,fix_tax_cost,0.0
4510,2035,reg1,Nuc_SMR_CHP,fix_tax_cost,0.0
4511,2036,reg1,Nuc_SMR_CHP,fix_tax_cost,0.0
4512,2037,reg1,Nuc_SMR_CHP,fix_tax_cost,0.0
4513,2038,reg1,Nuc_SMR_CHP,fix_tax_cost,0.0
4514,2039,reg1,Nuc_SMR_CHP,fix_tax_cost,0.0
4515,2040,reg1,Nuc_SMR_CHP,fix_tax_cost,0.0
4516,2041,reg1,Nuc_SMR_CHP,fix_tax_cost,0.0
4517,2042,reg1,Nuc_SMR_CHP,fix_tax_cost,0.0
4518,2043,reg1,Nuc_SMR_CHP,fix_tax_cost,0.0
4519,2044,reg1,Nuc_SMR_CHP,fix_tax_cost,0.0
4520,2045,reg1,Nuc_SMR_CHP,fix_tax_cost,0.0
4521,2046,reg1,Nuc_SMR_CHP,fix_tax_cost,0.0
4522,2047,reg1,Nuc_SMR_CHP,fix_tax_cost,0.0
4523,2048,reg1,Nuc_SMR_CHP,fix_tax_cost,0.0
4524,2049,reg1,Nuc_SMR_CHP,fix_tax_cost,0.0
4525,2050,reg1,Nuc_SMR_CHP,fix_tax_cost,0.0
4526,2051,reg1,Nuc_SMR_CHP,fix_tax_cost,0.0
4527,2052,reg1,Nuc_SMR_CHP,fix_tax_cost,0.0
4528,2053,reg1,Nuc_SMR_CHP,fix_tax_cost,0.0
4529,2054,reg1,Nuc_SMR_CHP,fix_tax_cost,0.0
4530,2055,reg1,Nuc_SMR_CHP,fix_tax_cost,0.0
4531,2056,reg1,Nuc_SMR_CHP,fix_tax_cost,0.0
4532,2057,reg1,Nuc_SMR_CHP,fix_tax_cost,0.0
4533,2058,reg1,Nuc_SMR_CHP,fix_tax_cost,0.0
4534,2059,reg1,Nuc_SMR_CHP,fix_tax_cost,0.0
4535,2060,reg1,Nuc_SMR_CHP,fix_tax_cost,0.0
4536,2025,reg1,Nuc_SMR_Power-CHP,fix_tax_cost,0.0
4537,2026,reg1,Nuc_SMR_Power-CHP,fix_tax_cost,0.0
4538,2027,reg1,Nuc_SMR_Power-CHP,fix_tax_cost,0.0
4539,2028,reg1,Nuc_SMR_Power-CHP,fix_tax_cost,0.0
4540,2029,reg1,Nuc_SMR_Power-CHP,fix_tax_cost,0.0
4541,2030,reg1,Nuc_SMR_Power-CHP,fix_tax_cost,0.0
4542,2031,reg1,Nuc_SMR_Power-CHP,fix_tax_cost,0.0
4543,2032,reg1,Nuc_SMR_Power-CHP,fix_tax_cost,0.0
4544,2033,reg1,Nuc_SMR_Power-CHP,fix_tax_cost,0.0
4545,2034,reg1,Nuc_SMR_Power-CHP,fix_tax_cost,0.0
4546,2035,reg1,Nuc_SMR_Power-CHP,fix_tax_cost,0.0
4547,2036,reg1,Nuc_SMR_Power-CHP,fix_tax_cost,0.0
4548,2037,reg1,Nuc_SMR_Power-CHP,fix_tax_cost,0.0
4549,2038,reg1,Nuc_SMR_Power-CHP,fix_tax_cost,0.0
4550,2039,reg1,Nuc_SMR_Power-CHP,fix_tax_cost,0.0
4551,2040,reg1,Nuc_SMR_Power-CHP,fix_tax_cost,0.0
4552,2041,reg1,Nuc_SMR_Power-CHP,fix_tax_cost,0.0
4553,2042,reg1,Nuc_SMR_Power-CHP,fix_tax_cost,0.0
4554,2043,reg1,Nuc_SMR_Power-CHP,fix_tax_cost,0.0
4555,2044,reg1,Nuc_SMR_Power-CHP,fix_tax_cost,0.0
4556,2045,reg1,Nuc_SMR_Power-CHP,fix_tax_cost,0.0
4557,2046,reg1,Nuc_SMR_Power-CHP,fix_tax_cost,0.0
4558,2047,reg1,Nuc_SMR_Power-CHP,fix_tax_cost,0.0
4559,2048,reg1,Nuc_SMR_Power-CHP,fix_tax_cost,0.0
4560,2049,reg1,Nuc_SMR_Power-CHP,fix_tax_cost,0.0
4561,2050,reg1,Nuc_SMR_Power-CHP,fix_tax_cost,0.0
4562,2051,reg1,Nuc_SMR_Power-CHP,fix_tax_cost,0.0
4563,2052,reg1,Nuc_SMR_Power-CHP,fix_tax_cost,0.0
4564,2053,reg1,Nuc_SMR_Power-CHP,fix_tax_cost,0.0
4565,2054,reg1,Nuc_SMR_Power-CHP,fix_tax_cost,0.0
4566,2055,reg1,Nuc_SMR_Power-CHP,fix_tax_cost,0.0
4567,2056,reg1,Nuc_SMR_Power-CHP,fix_tax_cost,0.0
4568,2057,reg1,Nuc_SMR_Power-CHP,fix_tax_cost,0.0
4569,2058,reg1,Nuc_SMR_Power-CHP,fix_tax_cost,0.0
4570,2059,reg1,Nuc_SMR_Power-CHP,fix_tax_cost,0.0
4571,2060,reg1,Nuc_SMR_Power-CHP,fix_tax_cost,0.0
4572,2025,reg1,Nuc_SMR_Heat-CHP,fix_tax_cost,0.0
4573,2026,reg1,Nuc_SMR_Heat-CHP,fix_tax_cost,0.0
4574,2027,reg1,Nuc_SMR_Heat-CHP,fix_tax_cost,0.0
4575,2028,reg1,Nuc_SMR_Heat-CHP,fix_tax_cost,0.0
4576,2029,reg1,Nuc_SMR_Heat-CHP,fix_tax_cost,0.0
4577,2030,reg1,Nuc_SMR_Heat-CHP,fix_tax_cost,0.0
4578,2031,reg1,Nuc_SMR_Heat-CHP,fix_tax_cost,0.0
4579,2032,reg1,Nuc_SMR_Heat-CHP,fix_tax_cost,0.0
4580,2033,reg1,Nuc_SMR_Heat-CHP,fix_tax_cost,0.0
4581,2034,reg1,Nuc_SMR_Heat-CHP,fix_tax_cost,0.0
4582,2035,reg1,Nuc_SMR_Heat-CHP,fix_tax_cost,0.0
4583,2036,reg1,Nuc_SMR_Heat-CHP,fix_tax_cost,0.0
4584,2037,reg1,Nuc_SMR_Heat-CHP,fix_tax_cost,0.0
4585,2038,reg1,Nuc_SMR_Heat-CHP,fix_tax_cost,0.0
4586,2039,reg1,Nuc_SMR_Heat-CHP,fix_tax_cost,0.0
4587,2040,reg1,Nuc_SMR_Heat-CHP,fix_tax_cost,0.0
4588,2041,reg1,Nuc_SMR_Heat-CHP,fix_tax_cost,0.0
4589,2042,reg1,Nuc_SMR_Heat-CHP,fix_tax_cost,0.0
4590,2043,reg1,Nuc_SMR_Heat-CHP,fix_tax_cost,0.0
4591,2044,reg1,Nuc_SMR_Heat-CHP,fix_tax_cost,0.0
4592,2045,reg1,Nuc_SMR_Heat-CHP,fix_tax_cost,0.0
4593,2046,reg1,Nuc_SMR_Heat-CHP,fix_tax_cost,0.0
4594,2047,reg1,Nuc_SMR_Heat-CHP,fix_tax_cost,0.0
4595,2048,reg1,Nuc_SMR_Heat-CHP,fix_tax_cost,0.0
4596,2049,reg1,Nuc_SMR_Heat-CHP,fix_tax_cost,0.0
4597,2050,reg1,Nuc_SMR_Heat-CHP,fix_tax_cost,0.0
4598,2051,reg1,Nuc_SMR_Heat-CHP,fix_tax_cost,0.0
4599,2052,reg1,Nuc_SMR_Heat-CHP,fix_tax_cost,0.0
4600,2053,reg1,Nuc_SMR_Heat-CHP,fix_tax_cost,0.0
4601,2054,reg1,Nuc_SMR_Heat-CHP,fix_tax_cost,0.0
4602,2055,reg1,Nuc_SMR_Heat-CHP,fix_tax_cost,0.0
4603,2056,reg1,Nuc_SMR_Heat-CHP,fix_tax_cost,0.0
4604,2057,reg1,Nuc_SMR_Heat-CHP,fix_tax_cost,0.0
4605,2058,reg1,Nuc_SMR_Heat-CHP,fix_tax_cost,0.0
4606,2059,reg1,Nuc_SMR_Heat-CHP,fix_tax_cost,0.0
4607,2060,reg1,Nuc_SMR_Heat-CHP,fix_tax_cost,0.0
4608,2025,reg1,Nuc_SMR-H2_CHP,fix_tax_cost,0.0
4609,2026,reg1,Nuc_SMR-H2_CHP,fix_tax_cost,0.0
4610,2027,reg1,Nuc_SMR-H2_CHP,fix_tax_cost,0.0
4611,2028,reg1,Nuc_SMR-H2_CHP,fix_tax_cost,0.0
4612,2029,reg1,Nuc_SMR-H2_CHP,fix_tax_cost,0.0
4613,2030,reg1,Nuc_SMR-H2_CHP,fix_tax_cost,0.0
4614,2031,reg1,Nuc_SMR-H2_CHP,fix_tax_cost,0.0
4615,2032,reg1,Nuc_SMR-H2_CHP,fix_tax_cost,0.0
4616,2033,reg1,Nuc_SMR-H2_CHP,fix_tax_cost,0.0
4617,2034,reg1,Nuc_SMR-H2_CHP,fix_tax_cost,0.0
4618,2035,reg1,Nuc_SMR-H2_CHP,fix_tax_cost,0.0
4619,2036,reg1,Nuc_SMR-H2_CHP,fix_tax_cost,0.0
4620,2037,reg1,Nuc_SMR-H2_CHP,fix_tax_cost,0.0
4621,2038,reg1,Nuc_SMR-H2_CHP,fix_tax_cost,0.0
4622,2039,reg1,Nuc_SMR-H2_CHP,fix_tax_cost,0.0
4623,2040,reg1,Nuc_SMR-H2_CHP,fix_tax_cost,0.0
4624,2041,reg1,Nuc_SMR-H2_CHP,fix_tax_cost,0.0
4625,2042,reg1,Nuc_SMR-H2_CHP,fix_tax_cost,0.0
4626,2043,reg1,Nuc_SMR-H2_CHP,fix_tax_cost,0.0
4627,2044,reg1,Nuc_SMR-H2_CHP,fix_tax_cost,0.0
4628,2045,reg1,Nuc_SMR-H2_CHP,fix_tax_cost,0.0
4629,2046,reg1,Nuc_SMR-H2_CHP,fix_tax_cost,0.0
4630,2047,reg1,Nuc_SMR-H2_CHP,fix_tax_cost,0.0
4631,2048,reg1,Nuc_SMR-H2_CHP,fix_tax_cost,0.0
4632,2049,reg1,Nuc_SMR-H2_CHP,fix_tax_cost,0.0
4633,2050,reg1,Nuc_SMR-H2_CHP,fix_tax_cost,0.0
4634,2051,reg1,Nuc_SMR-H2_CHP,fix_tax_cost,0.0
4635,2052,reg1,Nuc_SMR-H2_CHP,fix_tax_cost,0.0
4636,2053,reg1,Nuc_SMR-H2_CHP,fix_tax_cost,0.0
4637,2054,reg1,Nuc_SMR-H2_CHP,fix_tax_cost,0.0
4638,2055,reg1,Nuc_SMR-H2_CHP,fix_tax_cost,0.0
4639,2056,reg1,Nuc_SMR-H2_CHP,fix_tax_cost,0.0
4640,2057,reg1,Nuc_SMR-H2_CHP,fix_tax_cost,0.0
4641,2058,reg1,Nuc_SMR-H2_CHP,fix_tax_cost,0.0
4642,2059,reg1,Nuc_SMR-H2_CHP,fix_tax_cost,0.0
4643,2060,reg1,Nuc_SMR-H2_CHP,fix_tax_cost,0.0
4644,2025,reg1,Nuc_SMR-H2_Power-CHP,fix_tax_cost,0.0
4645,2026,reg1,Nuc_SMR-H2_Power-CHP,fix_tax_cost,0.0
4646,2027,reg1,Nuc_SMR-H2_Power-CHP,fix_tax_cost,0.0
4647,2028,reg1,Nuc_SMR-H2_Power-CHP,fix_tax_cost,0.0
4648,2029,reg1,Nuc_SMR-H2_Power-CHP,fix_tax_cost,0.0
4649,2030,reg1,Nuc_SMR-H2_Power-CHP,fix_tax_cost,0.0
4650,2031,reg1,Nuc_SMR-H2_Power-CHP,fix_tax_cost,0.0
4651,2032,reg1,Nuc_SMR-H2_Power-CHP,fix_tax_cost,0.0
4652,2033,reg1,Nuc_SMR-H2_Power-CHP,fix_tax_cost,0.0
4653,2034,reg1,Nuc_SMR-H2_Power-CHP,fix_tax_cost,0.0
4654,2035,reg1,Nuc_SMR-H2_Power-CHP,fix_tax_cost,0.0
4655,2036,reg1,Nuc_SMR-H2_Power-CHP,fix_tax_cost,0.0
4656,2037,reg1,Nuc_SMR-H2_Power-CHP,fix_tax_cost,0.0
4657,2038,reg1,Nuc_SMR-H2_Power-CHP,fix_tax_cost,0.0
4658,2039,reg1,Nuc_SMR-H2_Power-CHP,fix_tax_cost,0.0
4659,2040,reg1,Nuc_SMR-H2_Power-CHP,fix_tax_cost,0.0
4660,2041,reg1,Nuc_SMR-H2_Power-CHP,fix_tax_cost,0.0
4661,2042,reg1,Nuc_SMR-H2_Power-CHP,fix_tax_cost,0.0
4662,2043,reg1,Nuc_SMR-H2_Power-CHP,fix_tax_cost,0.0
4663,2044,reg1,Nuc_SMR-H2_Power-CHP,fix_tax_cost,0.0
4664,2045,reg1,Nuc_SMR-H2_Power-CHP,fix_tax_cost,0.0
4665,2046,reg1,Nuc_SMR-H2_Power-CHP,fix_tax_cost,0.0
4666,2047,reg1,Nuc_SMR-H2_Power-CHP,fix_tax_cost,0.0
4667,2048,reg1,Nuc_SMR-H2_Power-CHP,fix_tax_cost,0.0
4668,2049,reg1,Nuc_SMR-H2_Power-CHP,fix_tax_cost,0.0
4669,2050,reg1,Nuc_SMR-H2_Power-CHP,fix_tax_cost,0.0
4670,2051,reg1,Nuc_SMR-H2_Power-CHP,fix_tax_cost,0.0
4671,2052,reg1,Nuc_SMR-H2_Power-CHP,fix_tax_cost,0.0
4672,2053,reg1,Nuc_SMR-H2_Power-CHP,fix_tax_cost,0.0
4673,2054,reg1,Nuc_SMR-H2_Power-CHP,fix_tax_cost,0.0
4674,2055,reg1,Nuc_SMR-H2_Power-CHP,fix_tax_cost,0.0
4675,2056,reg1,Nuc_SMR-H2_Power-CHP,fix_tax_cost,0.0
4676,2057,reg1,Nuc_SMR-H2_Power-CHP,fix_tax_cost,0.0
4677,2058,reg1,Nuc_SMR-H2_Power-CHP,fix_tax_cost,0.0
4678,2059,reg1,Nuc_SMR-H2_Power-CHP,fix_tax_cost,0.0
4679,2060,reg1,Nuc_SMR-H2_Power-CHP,fix_tax_cost,0.0
4680,2025,reg1,Nuc_SMR-H2_Heat-CHP,fix_tax_cost,0.0
4681,2026,reg1,Nuc_SMR-H2_Heat-CHP,fix_tax_cost,0.0
4682,2027,reg1,Nuc_SMR-H2_Heat-CHP,fix_tax_cost,0.0
4683,2028,reg1,Nuc_SMR-H2_Heat-CHP,fix_tax_cost,0.0
4684,2029,reg1,Nuc_SMR-H2_Heat-CHP,fix_tax_cost,0.0
4685,2030,reg1,Nuc_SMR-H2_Heat-CHP,fix_tax_cost,0.0
4686,2031,reg1,Nuc_SMR-H2_Heat-CHP,fix_tax_cost,0.0
4687,2032,reg1,Nuc_SMR-H2_Heat-CHP,fix_tax_cost,0.0
4688,2033,reg1,Nuc_SMR-H2_Heat-CHP,fix_tax_cost,0.0
4689,2034,reg1,Nuc_SMR-H2_Heat-CHP,fix_tax_cost,0.0
4690,2035,reg1,Nuc_SMR-H2_Heat-CHP,fix_tax_cost,0.0
4691,2036,reg1,Nuc_SMR-H2_Heat-CHP,fix_tax_cost,0.0
4692,2037,reg1,Nuc_SMR-H2_Heat-CHP,fix_tax_cost,0.0
4693,2038,reg1,Nuc_SMR-H2_Heat-CHP,fix_tax_cost,0.0
4694,2039,reg1,Nuc_SMR-H2_Heat-CHP,fix_tax_cost,0.0
4695,2040,reg1,Nuc_SMR-H2_Heat-CHP,fix_tax_cost,0.0
4696,2041,reg1,Nuc_SMR-H2_Heat-CHP,fix_tax_cost,0.0
4697,2042,reg1,Nuc_SMR-H2_Heat-CHP,fix_tax_cost,0.0
4698,2043,reg1,Nuc_SMR-H2_Heat-CHP,fix_tax_cost,0.0
4699,2044,reg1,Nuc_SMR-H2_Heat-CHP,fix_tax_cost,0.0
4700,2045,reg1,Nuc_SMR-H2_Heat-CHP,fix_tax_cost,0.0
4701,2046,reg1,Nuc_SMR-H2_Heat-CHP,fix_tax_cost,0.0
4702,2047,reg1,Nuc_SMR-H2_Heat-CHP,fix_tax_cost,0.0
4703,2048,reg1,Nuc_SMR-H2_Heat-CHP,fix_tax_cost,0.0
4704,2049,reg1,Nuc_SMR-H2_Heat-CHP,fix_tax_cost,0.0
4705,2050,reg1,Nuc_SMR-H2_Heat-CHP,fix_tax_cost,0.0
4706,2051,reg1,Nuc_SMR-H2_Heat-CHP,fix_tax_cost,0.0
4707,2052,reg1,Nuc_SMR-H2_Heat-CHP,fix_tax_cost,0.0
4708,2053,reg1,Nuc_SMR-H2_Heat-CHP,fix_tax_cost,0.0
4709,2054,reg1,Nuc_SMR-H2_Heat-CHP,fix_tax_cost,0.0
4710,2055,reg1,Nuc_SMR-H2_Heat-CHP,fix_tax_cost,0.0
4711,2056,reg1,Nuc_SMR-H2_Heat-CHP,fix_tax_cost,0.0
4712,2057,reg1,Nuc_SMR-H2_Heat-CHP,fix_tax_cost,0.0
4713,2058,reg1,Nuc_SMR-H2_Heat-CHP,fix_tax_cost,0.0
4714,2059,reg1,Nuc_SMR-H2_Heat-CHP,fix_tax_cost,0.0
4715,2060,reg1,Nuc_SMR-H2_Heat-CHP,fix_tax_cost,0.0
4716,2025,reg1,NGCC-CCS_CHP,fix_tax_cost,0.0
4717,2026,reg1,NGCC-CCS_CHP,fix_tax_cost,0.0
4718,2027,reg1,NGCC-CCS_CHP,fix_tax_cost,0.0
4719,2028,reg1,NGCC-CCS_CHP,fix_tax_cost,0.0
4720,2029,reg1,NGCC-CCS_CHP,fix_tax_cost,0.0
4721,2030,reg1,NGCC-CCS_CHP,fix_tax_cost,0.0
4722,2031,reg1,NGCC-CCS_CHP,fix_tax_cost,0.0
4723,2032,reg1,NGCC-CCS_CHP,fix_tax_cost,0.0
4724,2033,reg1,NGCC-CCS_CHP,fix_tax_cost,0.0
4725,2034,reg1,NGCC-CCS_CHP,fix_tax_cost,0.0
4726,2035,reg1,NGCC-CCS_CHP,fix_tax_cost,0.0
4727,2036,reg1,NGCC-CCS_CHP,fix_tax_cost,0.0
4728,2037,reg1,NGCC-CCS_CHP,fix_tax_cost,0.0
4729,2038,reg1,NGCC-CCS_CHP,fix_tax_cost,0.0
4730,2039,reg1,NGCC-CCS_CHP,fix_tax_cost,0.0
4731,2040,reg1,NGCC-CCS_CHP,fix_tax_cost,0.0
4732,2041,reg1,NGCC-CCS_CHP,fix_tax_cost,0.0
4733,2042,reg1,NGCC-CCS_CHP,fix_tax_cost,0.0
4734,2043,reg1,NGCC-CCS_CHP,fix_tax_cost,0.0
4735,2044,reg1,NGCC-CCS_CHP,fix_tax_cost,0.0
4736,2045,reg1,NGCC-CCS_CHP,fix_tax_cost,0.0
4737,2046,reg1,NGCC-CCS_CHP,fix_tax_cost,0.0
4738,2047,reg1,NGCC-CCS_CHP,fix_tax_cost,0.0
4739,2048,reg1,NGCC-CCS_CHP,fix_tax_cost,0.0
4740,2049,reg1,NGCC-CCS_CHP,fix_tax_cost,0.0
4741,2050,reg1,NGCC-CCS_CHP,fix_tax_cost,0.0
4742,2051,reg1,NGCC-CCS_CHP,fix_tax_cost,0.0
4743,2052,reg1,NGCC-CCS_CHP,fix_tax_cost,0.0
4744,2053,reg1,NGCC-CCS_CHP,fix_tax_cost,0.0
4745,2054,reg1,NGCC-CCS_CHP,fix_tax_cost,0.0
4746,2055,reg1,NGCC-CCS_CHP,fix_tax_cost,0.0
4747,2056,reg1,NGCC-CCS_CHP,fix_tax_cost,0.0
4748,2057,reg1,NGCC-CCS_CHP,fix_tax_cost,0.0
4749,2058,reg1,NGCC-CCS_CHP,fix_tax_cost,0.0
4750,2059,reg1,NGCC-CCS_CHP,fix_tax_cost,0.0
4751,2060,reg1,NGCC-CCS_CHP,fix_tax_cost,0.0
4752,2025,reg1,NGCC-CCS_Power-CHP,fix_tax_cost,0.0
4753,2026,reg1,NGCC-CCS_Power-CHP,fix_tax_cost,0.0
4754,2027,reg1,NGCC-CCS_Power-CHP,fix_tax_cost,0.0
4755,2028,reg1,NGCC-CCS_Power-CHP,fix_tax_cost,0.0
4756,2029,reg1,NGCC-CCS_Power-CHP,fix_tax_cost,0.0
4757,2030,reg1,NGCC-CCS_Power-CHP,fix_tax_cost,0.0
4758,2031,reg1,NGCC-CCS_Power-CHP,fix_tax_cost,0.0
4759,2032,reg1,NGCC-CCS_Power-CHP,fix_tax_cost,0.0
4760,2033,reg1,NGCC-CCS_Power-CHP,fix_tax_cost,0.0
4761,2034,reg1,NGCC-CCS_Power-CHP,fix_tax_cost,0.0
4762,2035,reg1,NGCC-CCS_Power-CHP,fix_tax_cost,0.0
4763,2036,reg1,NGCC-CCS_Power-CHP,fix_tax_cost,0.0
4764,2037,reg1,NGCC-CCS_Power-CHP,fix_tax_cost,0.0
4765,2038,reg1,NGCC-CCS_Power-CHP,fix_tax_cost,0.0
4766,2039,reg1,NGCC-CCS_Power-CHP,fix_tax_cost,0.0
4767,2040,reg1,NGCC-CCS_Power-CHP,fix_tax_cost,0.0
4768,2041,reg1,NGCC-CCS_Power-CHP,fix_tax_cost,0.0
4769,2042,reg1,NGCC-CCS_Power-CHP,fix_tax_cost,0.0
4770,2043,reg1,NGCC-CCS_Power-CHP,fix_tax_cost,0.0
4771,2044,reg1,NGCC-CCS_Power-CHP,fix_tax_cost,0.0
4772,2045,reg1,NGCC-CCS_Power-CHP,fix_tax_cost,0.0
4773,2046,reg1,NGCC-CCS_Power-CHP,fix_tax_cost,0.0
4774,2047,reg1,NGCC-CCS_Power-CHP,fix_tax_cost,0.0
4775,2048,reg1,NGCC-CCS_Power-CHP,fix_tax_cost,0.0
4776,2049,reg1,NGCC-CCS_Power-CHP,fix_tax_cost,0.0
4777,2050,reg1,NGCC-CCS_Power-CHP,fix_tax_cost,0.0
4778,2051,reg1,NGCC-CCS_Power-CHP,fix_tax_cost,0.0
4779,2052,reg1,NGCC-CCS_Power-CHP,fix_tax_cost,0.0
4780,2053,reg1,NGCC-CCS_Power-CHP,fix_tax_cost,0.0
4781,2054,reg1,NGCC-CCS_Power-CHP,fix_tax_cost,0.0
4782,2055,reg1,NGCC-CCS_Power-CHP,fix_tax_cost,0.0
4783,2056,reg1,NGCC-CCS_Power-CHP,fix_tax_cost,0.0
4784,2057,reg1,NGCC-CCS_Power-CHP,fix_tax_cost,0.0
4785,2058,reg1,NGCC-CCS_Power-CHP,fix_tax_cost,0.0
4786,2059,reg1,NGCC-CCS_Power-CHP,fix_tax_cost,0.0
4787,2060,reg1,NGCC-CCS_Power-CHP,fix_tax_cost,0.0
4788,2025,reg1,NGCC-CCS_Heat-CHP,fix_tax_cost,0.0
4789,2026,reg1,NGCC-CCS_Heat-CHP,fix_tax_cost,0.0
4790,2027,reg1,NGCC-CCS_Heat-CHP,fix_tax_cost,0.0
4791,2028,reg1,NGCC-CCS_Heat-CHP,fix_tax_cost,0.0
4792,2029,reg1,NGCC-CCS_Heat-CHP,fix_tax_cost,0.0
4793,2030,reg1,NGCC-CCS_Heat-CHP,fix_tax_cost,0.0
4794,2031,reg1,NGCC-CCS_Heat-CHP,fix_tax_cost,0.0
4795,2032,reg1,NGCC-CCS_Heat-CHP,fix_tax_cost,0.0
4796,2033,reg1,NGCC-CCS_Heat-CHP,fix_tax_cost,0.0
4797,2034,reg1,NGCC-CCS_Heat-CHP,fix_tax_cost,0.0
4798,2035,reg1,NGCC-CCS_Heat-CHP,fix_tax_cost,0.0
4799,2036,reg1,NGCC-CCS_Heat-CHP,fix_tax_cost,0.0
4800,2037,reg1,NGCC-CCS_Heat-CHP,fix_tax_cost,0.0
4801,2038,reg1,NGCC-CCS_Heat-CHP,fix_tax_cost,0.0
4802,2039,reg1,NGCC-CCS_Heat-CHP,fix_tax_cost,0.0
4803,2040,reg1,NGCC-CCS_Heat-CHP,fix_tax_cost,0.0
4804,2041,reg1,NGCC-CCS_Heat-CHP,fix_tax_cost,0.0
4805,2042,reg1,NGCC-CCS_Heat-CHP,fix_tax_cost,0.0
4806,2043,reg1,NGCC-CCS_Heat-CHP,fix_tax_cost,0.0
4807,2044,reg1,NGCC-CCS_Heat-CHP,fix_tax_cost,0.0
4808,2045,reg1,NGCC-CCS_Heat-CHP,fix_tax_cost,0.0
4809,2046,reg1,NGCC-CCS_Heat-CHP,fix_tax_cost,0.0
4810,2047,reg1,NGCC-CCS_Heat-CHP,fix_tax_cost,0.0
4811,2048,reg1,NGCC-CCS_Heat-CHP,fix_tax_cost,0.0
4812,2049,reg1,NGCC-CCS_Heat-CHP,fix_tax_cost,0.0
4813,2050,reg1,NGCC-CCS_Heat-CHP,fix_tax_cost,0.0
4814,2051,reg1,NGCC-CCS_Heat-CHP,fix_tax_cost,0.0
4815,2052,reg1,NGCC-CCS_Heat-CHP,fix_tax_cost,0.0
4816,2053,reg1,NGCC-CCS_Heat-CHP,fix_tax_cost,0.0
4817,2054,reg1,NGCC-CCS_Heat-CHP,fix_tax_cost,0.0
4818,2055,reg1,NGCC-CCS_Heat-CHP,fix_tax_cost,0.0
4819,2056,reg1,NGCC-CCS_Heat-CHP,fix_tax_cost,0.0
4820,2057,reg1,NGCC-CCS_Heat-CHP,fix_tax_cost,0.0
4821,2058,reg1,NGCC-CCS_Heat-CHP,fix_tax_cost,0.0
4822,2059,reg1,NGCC-CCS_Heat-CHP,fix_tax_cost,0.0
4823,2060,reg1,NGCC-CCS_Heat-CHP,fix_tax_cost,0.0
4824,2025,reg1,NG_PP,fix_tax_cost,0.0
4825,2026,reg1,NG_PP,fix_tax_cost,0.0
4826,2027,reg1,NG_PP,fix_tax_cost,0.0
4827,2028,reg1,NG_PP,fix_tax_cost,0.0
4828,2029,reg1,NG_PP,fix_tax_cost,0.0
4829,2030,reg1,NG_PP,fix_tax_cost,0.0
4830,2031,reg1,NG_PP,fix_tax_cost,0.0
4831,2032,reg1,NG_PP,fix_tax_cost,0.0
4832,2033,reg1,NG_PP,fix_tax_cost,0.0
4833,2034,reg1,NG_PP,fix_tax_cost,0.0
4834,2035,reg1,NG_PP,fix_tax_cost,0.0
4835,2036,reg1,NG_PP,fix_tax_cost,0.0
4836,2037,reg1,NG_PP,fix_tax_cost,0.0
4837,2038,reg1,NG_PP,fix_tax_cost,0.0
4838,2039,reg1,NG_PP,fix_tax_cost,0.0
4839,2040,reg1,NG_PP,fix_tax_cost,0.0
4840,2041,reg1,NG_PP,fix_tax_cost,0.0
4841,2042,reg1,NG_PP,fix_tax_cost,0.0
4842,2043,reg1,NG_PP,fix_tax_cost,0.0
4843,2044,reg1,NG_PP,fix_tax_cost,0.0
4844,2045,reg1,NG_PP,fix_tax_cost,0.0
4845,2046,reg1,NG_PP,fix_tax_cost,0.0
4846,2047,reg1,NG_PP,fix_tax_cost,0.0
4847,2048,reg1,NG_PP,fix_tax_cost,0.0
4848,2049,reg1,NG_PP,fix_tax_cost,0.0
4849,2050,reg1,NG_PP,fix_tax_cost,0.0
4850,2051,reg1,NG_PP,fix_tax_cost,0.0
4851,2052,reg1,NG_PP,fix_tax_cost,0.0
4852,2053,reg1,NG_PP,fix_tax_cost,0.0
4853,2054,reg1,NG_PP,fix_tax_cost,0.0
4854,2055,reg1,NG_PP,fix_tax_cost,0.0
4855,2056,reg1,NG_PP,fix_tax_cost,0.0
4856,2057,reg1,NG_PP,fix_tax_cost,0.0
4857,2058,reg1,NG_PP,fix_tax_cost,0.0
4858,2059,reg1,NG_PP,fix_tax_cost,0.0
4859,2060,reg1,NG_PP,fix_tax_cost,0.0
4860,2025,reg1,NG_PP_CCS,fix_tax_cost,0.0
4861,2026,reg1,NG_PP_CCS,fix_tax_cost,0.0
4862,2027,reg1,NG_PP_CCS,fix_tax_cost,0.0
4863,2028,reg1,NG_PP_CCS,fix_tax_cost,0.0
4864,2029,reg1,NG_PP_CCS,fix_tax_cost,0.0
4865,2030,reg1,NG_PP_CCS,fix_tax_cost,0.0
4866,2031,reg1,NG_PP_CCS,fix_tax_cost,0.0
4867,2032,reg1,NG_PP_CCS,fix_tax_cost,0.0
4868,2033,reg1,NG_PP_CCS,fix_tax_cost,0.0
4869,2034,reg1,NG_PP_CCS,fix_tax_cost,0.0
4870,2035,reg1,NG_PP_CCS,fix_tax_cost,0.0
4871,2036,reg1,NG_PP_CCS,fix_tax_cost,0.0
4872,2037,reg1,NG_PP_CCS,fix_tax_cost,0.0
4873,2038,reg1,NG_PP_CCS,fix_tax_cost,0.0
4874,2039,reg1,NG_PP_CCS,fix_tax_cost,0.0
4875,2040,reg1,NG_PP_CCS,fix_tax_cost,0.0
4876,2041,reg1,NG_PP_CCS,fix_tax_cost,0.0
4877,2042,reg1,NG_PP_CCS,fix_tax_cost,0.0
4878,2043,reg1,NG_PP_CCS,fix_tax_cost,0.0
4879,2044,reg1,NG_PP_CCS,fix_tax_cost,0.0
4880,2045,reg1,NG_PP_CCS,fix_tax_cost,0.0
4881,2046,reg1,NG_PP_CCS,fix_tax_cost,0.0
4882,2047,reg1,NG_PP_CCS,fix_tax_cost,0.0
4883,2048,reg1,NG_PP_CCS,fix_tax_cost,0.0
4884,2049,reg1,NG_PP_CCS,fix_tax_cost,0.0
4885,2050,reg1,NG_PP_CCS,fix_tax_cost,0.0
4886,2051,reg1,NG_PP_CCS,fix_tax_cost,0.0
4887,2052,reg1,NG_PP_CCS,fix_tax_cost,0.0
4888,2053,reg1,NG_PP_CCS,fix_tax_cost,0.0
4889,2054,reg1,NG_PP_CCS,fix_tax_cost,0.0
4890,2055,reg1,NG_PP_CCS,fix_tax_cost,0.0
4891,2056,reg1,NG_PP_CCS,fix_tax_cost,0.0
4892,2057,reg1,NG_PP_CCS,fix_tax_cost,0.0
4893,2058,reg1,NG_PP_CCS,fix_tax_cost,0.0
4894,2059,reg1,NG_PP_CCS,fix_tax_cost,0.0
4895,2060,reg1,NG_PP_CCS,fix_tax_cost,0.0
4896,2025,reg1,Electrolysis_HTSE,fix_tax_cost,0.0
4897,2026,reg1,Electrolysis_HTSE,fix_tax_cost,0.0
4898,2027,reg1,Electrolysis_HTSE,fix_tax_cost,0.0
4899,2028,reg1,Electrolysis_HTSE,fix_tax_cost,0.0
4900,2029,reg1,Electrolysis_HTSE,fix_tax_cost,0.0
4901,2030,reg1,Electrolysis_HTSE,fix_tax_cost,0.0
4902,2031,reg1,Electrolysis_HTSE,fix_tax_cost,0.0
4903,2032,reg1,Electrolysis_HTSE,fix_tax_cost,0.0
4904,2033,reg1,Electrolysis_HTSE,fix_tax_cost,0.0
4905,2034,reg1,Electrolysis_HTSE,fix_tax_cost,0.0
4906,2035,reg1,Electrolysis_HTSE,fix_tax_cost,0.0
4907,2036,reg1,Electrolysis_HTSE,fix_tax_cost,0.0
4908,2037,reg1,Electrolysis_HTSE,fix_tax_cost,0.0
4909,2038,reg1,Electrolysis_HTSE,fix_tax_cost,0.0
4910,2039,reg1,Electrolysis_HTSE,fix_tax_cost,0.0
4911,2040,reg1,Electrolysis_HTSE,fix_tax_cost,0.0
4912,2041,reg1,Electrolysis_HTSE,fix_tax_cost,0.0
4913,2042,reg1,Electrolysis_HTSE,fix_tax_cost,0.0
4914,2043,reg1,Electrolysis_HTSE,fix_tax_cost,0.0
4915,2044,reg1,Electrolysis_HTSE,fix_tax_cost,0.0
4916,2045,reg1,Electrolysis_HTSE,fix_tax_cost,0.0
4917,2046,reg1,Electrolysis_HTSE,fix_tax_cost,0.0
4918,2047,reg1,Electrolysis_HTSE,fix_tax_cost,0.0
4919,2048,reg1,Electrolysis_HTSE,fix_tax_cost,0.0
4920,2049,reg1,Electrolysis_HTSE,fix_tax_cost,0.0
4921,2050,reg1,Electrolysis_HTSE,fix_tax_cost,0.0
4922,2051,reg1,Electrolysis_HTSE,fix_tax_cost,0.0
4923,2052,reg1,Electrolysis_HTSE,fix_tax_cost,0.0
4924,2053,reg1,Electrolysis_HTSE,fix_tax_cost,0.0
4925,2054,reg1,Electrolysis_HTSE,fix_tax_cost,0.0
4926,2055,reg1,Electrolysis_HTSE,fix_tax_cost,0.0
4927,2056,reg1,Electrolysis_HTSE,fix_tax_cost,0.0
4928,2057,reg1,Electrolysis_HTSE,fix_tax_cost,0.0
4929,2058,reg1,Electrolysis_HTSE,fix_tax_cost,0.0
4930,2059,reg1,Electrolysis_HTSE,fix_tax_cost,0.0
4931,2060,reg1,Electrolysis_HTSE,fix_tax_cost,0.0
4932,2025,reg1,NG_CHP_P,fix_tax_cost,0.0
4933,2026,reg1,NG_CHP_P,fix_tax_cost,0.0
4934,2027,reg1,NG_CHP_P,fix_tax_cost,0.0
4935,2028,reg1,NG_CHP_P,fix_tax_cost,0.0
4936,2029,reg1,NG_CHP_P,fix_tax_cost,0.0
4937,2030,reg1,NG_CHP_P,fix_tax_cost,0.0
4938,2031,reg1,NG_CHP_P,fix_tax_cost,0.0
4939,2032,reg1,NG_CHP_P,fix_tax_cost,0.0
4940,2033,reg1,NG_CHP_P,fix_tax_cost,0.0
4941,2034,reg1,NG_CHP_P,fix_tax_cost,0.0
4942,2035,reg1,NG_CHP_P,fix_tax_cost,0.0
4943,2036,reg1,NG_CHP_P,fix_tax_cost,0.0
4944,2037,reg1,NG_CHP_P,fix_tax_cost,0.0
4945,2038,reg1,NG_CHP_P,fix_tax_cost,0.0
4946,2039,reg1,NG_CHP_P,fix_tax_cost,0.0
4947,2040,reg1,NG_CHP_P,fix_tax_cost,0.0
4948,2041,reg1,NG_CHP_P,fix_tax_cost,0.0
4949,2042,reg1,NG_CHP_P,fix_tax_cost,0.0
4950,2043,reg1,NG_CHP_P,fix_tax_cost,0.0
4951,2044,reg1,NG_CHP_P,fix_tax_cost,0.0
4952,2045,reg1,NG_CHP_P,fix_tax_cost,0.0
4953,2046,reg1,NG_CHP_P,fix_tax_cost,0.0
4954,2047,reg1,NG_CHP_P,fix_tax_cost,0.0
4955,2048,reg1,NG_CHP_P,fix_tax_cost,0.0
4956,2049,reg1,NG_CHP_P,fix_tax_cost,0.0
4957,2050,reg1,NG_CHP_P,fix_tax_cost,0.0
4958,2051,reg1,NG_CHP_P,fix_tax_cost,0.0
4959,2052,reg1,NG_CHP_P,fix_tax_cost,0.0
4960,2053,reg1,NG_CHP_P,fix_tax_cost,0.0
4961,2054,reg1,NG_CHP_P,fix_tax_cost,0.0
4962,2055,reg1,NG_CHP_P,fix_tax_cost,0.0
4963,2056,reg1,NG_CHP_P,fix_tax_cost,0.0
4964,2057,reg1,NG_CHP_P,fix_tax_cost,0.0
4965,2058,reg1,NG_CHP_P,fix_tax_cost,0.0
4966,2059,reg1,NG_CHP_P,fix_tax_cost,0.0
4967,2060,reg1,NG_CHP_P,fix_tax_cost,0.0
4968,2025,reg1,BIO_CHP_P,fix_tax_cost,0.0
4969,2026,reg1,BIO_CHP_P,fix_tax_cost,0.0
4970,2027,reg1,BIO_CHP_P,fix_tax_cost,0.0
4971,2028,reg1,BIO_CHP_P,fix_tax_cost,0.0
4972,2029,reg1,BIO_CHP_P,fix_tax_cost,0.0
4973,2030,reg1,BIO_CHP_P,fix_tax_cost,0.0
4974,2031,reg1,BIO_CHP_P,fix_tax_cost,0.0
4975,2032,reg1,BIO_CHP_P,fix_tax_cost,0.0
4976,2033,reg1,BIO_CHP_P,fix_tax_cost,0.0
4977,2034,reg1,BIO_CHP_P,fix_tax_cost,0.0
4978,2035,reg1,BIO_CHP_P,fix_tax_cost,0.0
4979,2036,reg1,BIO_CHP_P,fix_tax_cost,0.0
4980,2037,reg1,BIO_CHP_P,fix_tax_cost,0.0
4981,2038,reg1,BIO_CHP_P,fix_tax_cost,0.0
4982,2039,reg1,BIO_CHP_P,fix_tax_cost,0.0
4983,2040,reg1,BIO_CHP_P,fix_tax_cost,0.0
4984,2041,reg1,BIO_CHP_P,fix_tax_cost,0.0
4985,2042,reg1,BIO_CHP_P,fix_tax_cost,0.0
4986,2043,reg1,BIO_CHP_P,fix_tax_cost,0.0
4987,2044,reg1,BIO_CHP_P,fix_tax_cost,0.0
4988,2045,reg1,BIO_CHP_P,fix_tax_cost,0.0
4989,2046,reg1,BIO_CHP_P,fix_tax_cost,0.0
4990,2047,reg1,BIO_CHP_P,fix_tax_cost,0.0
4991,2048,reg1,BIO_CHP_P,fix_tax_cost,0.0
4992,2049,reg1,BIO_CHP_P,fix_tax_cost,0.0
4993,2050,reg1,BIO_CHP_P,fix_tax_cost,0.0
4994,2051,reg1,BIO_CHP_P,fix_tax_cost,0.0
4995,2052,reg1,BIO_CHP_P,fix_tax_cost,0.0
4996,2053,reg1,BIO_CHP_P,fix_tax_cost,0.0
4997,2054,reg1,BIO_CHP_P,fix_tax_cost,0.0
4998,2055,reg1,BIO_CHP_P,fix_tax_cost,0.0
4999,2056,reg1,BIO_CHP_P,fix_tax_cost,0.0
5000,2057,reg1,BIO_CHP_P,fix_tax_cost,0.0
5001,2058,reg1,BIO_CHP_P,fix_tax_cost,0.0
5002,2059,reg1,BIO_CHP_P,fix_tax_cost,0.0
5003,2060,reg1,BIO_CHP_P,fix_tax_cost,0.0
5004,2025,reg1,Biogas_CHP_P,fix_tax_cost,0.0
5005,2026,reg1,Biogas_CHP_P,fix_tax_cost,0.0
5006,2027,reg1,Biogas_CHP_P,fix_tax_cost,0.0
5007,2028,reg1,Biogas_CHP_P,fix_tax_cost,0.0
5008,2029,reg1,Biogas_CHP_P,fix_tax_cost,0.0
5009,2030,reg1,Biogas_CHP_P,fix_tax_cost,0.0
5010,2031,reg1,Biogas_CHP_P,fix_tax_cost,0.0
5011,2032,reg1,Biogas_CHP_P,fix_tax_cost,0.0
5012,2033,reg1,Biogas_CHP_P,fix_tax_cost,0.0
5013,2034,reg1,Biogas_CHP_P,fix_tax_cost,0.0
5014,2035,reg1,Biogas_CHP_P,fix_tax_cost,0.0
5015,2036,reg1,Biogas_CHP_P,fix_tax_cost,0.0
5016,2037,reg1,Biogas_CHP_P,fix_tax_cost,0.0
5017,2038,reg1,Biogas_CHP_P,fix_tax_cost,0.0
5018,2039,reg1,Biogas_CHP_P,fix_tax_cost,0.0
5019,2040,reg1,Biogas_CHP_P,fix_tax_cost,0.0
5020,2041,reg1,Biogas_CHP_P,fix_tax_cost,0.0
5021,2042,reg1,Biogas_CHP_P,fix_tax_cost,0.0
5022,2043,reg1,Biogas_CHP_P,fix_tax_cost,0.0
5023,2044,reg1,Biogas_CHP_P,fix_tax_cost,0.0
5024,2045,reg1,Biogas_CHP_P,fix_tax_cost,0.0
5025,2046,reg1,Biogas_CHP_P,fix_tax_cost,0.0
5026,2047,reg1,Biogas_CHP_P,fix_tax_cost,0.0
5027,2048,reg1,Biogas_CHP_P,fix_tax_cost,0.0
5028,2049,reg1,Biogas_CHP_P,fix_tax_cost,0.0
5029,2050,reg1,Biogas_CHP_P,fix_tax_cost,0.0
5030,2051,reg1,Biogas_CHP_P,fix_tax_cost,0.0
5031,2052,reg1,Biogas_CHP_P,fix_tax_cost,0.0
5032,2053,reg1,Biogas_CHP_P,fix_tax_cost,0.0
5033,2054,reg1,Biogas_CHP_P,fix_tax_cost,0.0
5034,2055,reg1,Biogas_CHP_P,fix_tax_cost,0.0
5035,2056,reg1,Biogas_CHP_P,fix_tax_cost,0.0
5036,2057,reg1,Biogas_CHP_P,fix_tax_cost,0.0
5037,2058,reg1,Biogas_CHP_P,fix_tax_cost,0.0
5038,2059,reg1,Biogas_CHP_P,fix_tax_cost,0.0
5039,2060,reg1,Biogas_CHP_P,fix_tax_cost,0.0
5040,2025,reg1,WtE_CHP_P,fix_tax_cost,0.0
5041,2026,reg1,WtE_CHP_P,fix_tax_cost,0.0
5042,2027,reg1,WtE_CHP_P,fix_tax_cost,0.0
5043,2028,reg1,WtE_CHP_P,fix_tax_cost,0.0
5044,2029,reg1,WtE_CHP_P,fix_tax_cost,0.0
5045,2030,reg1,WtE_CHP_P,fix_tax_cost,0.0
5046,2031,reg1,WtE_CHP_P,fix_tax_cost,0.0
5047,2032,reg1,WtE_CHP_P,fix_tax_cost,0.0
5048,2033,reg1,WtE_CHP_P,fix_tax_cost,0.0
5049,2034,reg1,WtE_CHP_P,fix_tax_cost,0.0
5050,2035,reg1,WtE_CHP_P,fix_tax_cost,0.0
5051,2036,reg1,WtE_CHP_P,fix_tax_cost,0.0
5052,2037,reg1,WtE_CHP_P,fix_tax_cost,0.0
5053,2038,reg1,WtE_CHP_P,fix_tax_cost,0.0
5054,2039,reg1,WtE_CHP_P,fix_tax_cost,0.0
5055,2040,reg1,WtE_CHP_P,fix_tax_cost,0.0
5056,2041,reg1,WtE_CHP_P,fix_tax_cost,0.0
5057,2042,reg1,WtE_CHP_P,fix_tax_cost,0.0
5058,2043,reg1,WtE_CHP_P,fix_tax_cost,0.0
5059,2044,reg1,WtE_CHP_P,fix_tax_cost,0.0
5060,2045,reg1,WtE_CHP_P,fix_tax_cost,0.0
5061,2046,reg1,WtE_CHP_P,fix_tax_cost,0.0
5062,2047,reg1,WtE_CHP_P,fix_tax_cost,0.0
5063,2048,reg1,WtE_CHP_P,fix_tax_cost,0.0
5064,2049,reg1,WtE_CHP_P,fix_tax_cost,0.0
5065,2050,reg1,WtE_CHP_P,fix_tax_cost,0.0
5066,2051,reg1,WtE_CHP_P,fix_tax_cost,0.0
5067,2052,reg1,WtE_CHP_P,fix_tax_cost,0.0
5068,2053,reg1,WtE_CHP_P,fix_tax_cost,0.0
5069,2054,reg1,WtE_CHP_P,fix_tax_cost,0.0
5070,2055,reg1,WtE_CHP_P,fix_tax_cost,0.0
5071,2056,reg1,WtE_CHP_P,fix_tax_cost,0.0
5072,2057,reg1,WtE_CHP_P,fix_tax_cost,0.0
5073,2058,reg1,WtE_CHP_P,fix_tax_cost,0.0
5074,2059,reg1,WtE_CHP_P,fix_tax_cost,0.0
5075,2060,reg1,WtE_CHP_P,fix_tax_cost,0.0
5076,2025,reg1,WtE-CCS_CHP_P,fix_tax_cost,0.0
5077,2026,reg1,WtE-CCS_CHP_P,fix_tax_cost,0.0
5078,2027,reg1,WtE-CCS_CHP_P,fix_tax_cost,0.0
5079,2028,reg1,WtE-CCS_CHP_P,fix_tax_cost,0.0
5080,2029,reg1,WtE-CCS_CHP_P,fix_tax_cost,0.0
5081,2030,reg1,WtE-CCS_CHP_P,fix_tax_cost,0.0
5082,2031,reg1,WtE-CCS_CHP_P,fix_tax_cost,0.0
5083,2032,reg1,WtE-CCS_CHP_P,fix_tax_cost,0.0
5084,2033,reg1,WtE-CCS_CHP_P,fix_tax_cost,0.0
5085,2034,reg1,WtE-CCS_CHP_P,fix_tax_cost,0.0
5086,2035,reg1,WtE-CCS_CHP_P,fix_tax_cost,0.0
5087,2036,reg1,WtE-CCS_CHP_P,fix_tax_cost,0.0
5088,2037,reg1,WtE-CCS_CHP_P,fix_tax_cost,0.0
5089,2038,reg1,WtE-CCS_CHP_P,fix_tax_cost,0.0
5090,2039,reg1,WtE-CCS_CHP_P,fix_tax_cost,0.0
5091,2040,reg1,WtE-CCS_CHP_P,fix_tax_cost,0.0
5092,2041,reg1,WtE-CCS_CHP_P,fix_tax_cost,0.0
5093,2042,reg1,WtE-CCS_CHP_P,fix_tax_cost,0.0
5094,2043,reg1,WtE-CCS_CHP_P,fix_tax_cost,0.0
5095,2044,reg1,WtE-CCS_CHP_P,fix_tax_cost,0.0
5096,2045,reg1,WtE-CCS_CHP_P,fix_tax_cost,0.0
5097,2046,reg1,WtE-CCS_CHP_P,fix_tax_cost,0.0
5098,2047,reg1,WtE-CCS_CHP_P,fix_tax_cost,0.0
5099,2048,reg1,WtE-CCS_CHP_P,fix_tax_cost,0.0
5100,2049,reg1,WtE-CCS_CHP_P,fix_tax_cost,0.0
5101,2050,reg1,WtE-CCS_CHP_P,fix_tax_cost,0.0
5102,2051,reg1,WtE-CCS_CHP_P,fix_tax_cost,0.0
5103,2052,reg1,WtE-CCS_CHP_P,fix_tax_cost,0.0
5104,2053,reg1,WtE-CCS_CHP_P,fix_tax_cost,0.0
5105,2054,reg1,WtE-CCS_CHP_P,fix_tax_cost,0.0
5106,2055,reg1,WtE-CCS_CHP_P,fix_tax_cost,0.0
5107,2056,reg1,WtE-CCS_CHP_P,fix_tax_cost,0.0
5108,2057,reg1,WtE-CCS_CHP_P,fix_tax_cost,0.0
5109,2058,reg1,WtE-CCS_CHP_P,fix_tax_cost,0.0
5110,2059,reg1,WtE-CCS_CHP_P,fix_tax_cost,0.0
5111,2060,reg1,WtE-CCS_CHP_P,fix_tax_cost,0.0
5112,2025,reg1,SOFC_CHP_P,fix_tax_cost,0.0
5113,2026,reg1,SOFC_CHP_P,fix_tax_cost,0.0
5114,2027,reg1,SOFC_CHP_P,fix_tax_cost,0.0
5115,2028,reg1,SOFC_CHP_P,fix_tax_cost,0.0
5116,2029,reg1,SOFC_CHP_P,fix_tax_cost,0.0
5117,2030,reg1,SOFC_CHP_P,fix_tax_cost,0.0
5118,2031,reg1,SOFC_CHP_P,fix_tax_cost,0.0
5119,2032,reg1,SOFC_CHP_P,fix_tax_cost,0.0
5120,2033,reg1,SOFC_CHP_P,fix_tax_cost,0.0
5121,2034,reg1,SOFC_CHP_P,fix_tax_cost,0.0
5122,2035,reg1,SOFC_CHP_P,fix_tax_cost,0.0
5123,2036,reg1,SOFC_CHP_P,fix_tax_cost,0.0
5124,2037,reg1,SOFC_CHP_P,fix_tax_cost,0.0
5125,2038,reg1,SOFC_CHP_P,fix_tax_cost,0.0
5126,2039,reg1,SOFC_CHP_P,fix_tax_cost,0.0
5127,2040,reg1,SOFC_CHP_P,fix_tax_cost,0.0
5128,2041,reg1,SOFC_CHP_P,fix_tax_cost,0.0
5129,2042,reg1,SOFC_CHP_P,fix_tax_cost,0.0
5130,2043,reg1,SOFC_CHP_P,fix_tax_cost,0.0
5131,2044,reg1,SOFC_CHP_P,fix_tax_cost,0.0
5132,2045,reg1,SOFC_CHP_P,fix_tax_cost,0.0
5133,2046,reg1,SOFC_CHP_P,fix_tax_cost,0.0
5134,2047,reg1,SOFC_CHP_P,fix_tax_cost,0.0
5135,2048,reg1,SOFC_CHP_P,fix_tax_cost,0.0
5136,2049,reg1,SOFC_CHP_P,fix_tax_cost,0.0
5137,2050,reg1,SOFC_CHP_P,fix_tax_cost,0.0
5138,2051,reg1,SOFC_CHP_P,fix_tax_cost,0.0
5139,2052,reg1,SOFC_CHP_P,fix_tax_cost,0.0
5140,2053,reg1,SOFC_CHP_P,fix_tax_cost,0.0
5141,2054,reg1,SOFC_CHP_P,fix_tax_cost,0.0
5142,2055,reg1,SOFC_CHP_P,fix_tax_cost,0.0
5143,2056,reg1,SOFC_CHP_P,fix_tax_cost,0.0
5144,2057,reg1,SOFC_CHP_P,fix_tax_cost,0.0
5145,2058,reg1,SOFC_CHP_P,fix_tax_cost,0.0
5146,2059,reg1,SOFC_CHP_P,fix_tax_cost,0.0
5147,2060,reg1,SOFC_CHP_P,fix_tax_cost,0.0
5148,2025,reg1,Oil_CHP,fix_tax_cost,0.0
5149,2026,reg1,Oil_CHP,fix_tax_cost,0.0
5150,2027,reg1,Oil_CHP,fix_tax_cost,0.0
5151,2028,reg1,Oil_CHP,fix_tax_cost,0.0
5152,2029,reg1,Oil_CHP,fix_tax_cost,0.0
5153,2030,reg1,Oil_CHP,fix_tax_cost,0.0
5154,2031,reg1,Oil_CHP,fix_tax_cost,0.0
5155,2032,reg1,Oil_CHP,fix_tax_cost,0.0
5156,2033,reg1,Oil_CHP,fix_tax_cost,0.0
5157,2034,reg1,Oil_CHP,fix_tax_cost,0.0
5158,2035,reg1,Oil_CHP,fix_tax_cost,0.0
5159,2036,reg1,Oil_CHP,fix_tax_cost,0.0
5160,2037,reg1,Oil_CHP,fix_tax_cost,0.0
5161,2038,reg1,Oil_CHP,fix_tax_cost,0.0
5162,2039,reg1,Oil_CHP,fix_tax_cost,0.0
5163,2040,reg1,Oil_CHP,fix_tax_cost,0.0
5164,2041,reg1,Oil_CHP,fix_tax_cost,0.0
5165,2042,reg1,Oil_CHP,fix_tax_cost,0.0
5166,2043,reg1,Oil_CHP,fix_tax_cost,0.0
5167,2044,reg1,Oil_CHP,fix_tax_cost,0.0
5168,2045,reg1,Oil_CHP,fix_tax_cost,0.0
5169,2046,reg1,Oil_CHP,fix_tax_cost,0.0
5170,2047,reg1,Oil_CHP,fix_tax_cost,0.0
5171,2048,reg1,Oil_CHP,fix_tax_cost,0.0
5172,2049,reg1,Oil_CHP,fix_tax_cost,0.0
5173,2050,reg1,Oil_CHP,fix_tax_cost,0.0
5174,2051,reg1,Oil_CHP,fix_tax_cost,0.0
5175,2052,reg1,Oil_CHP,fix_tax_cost,0.0
5176,2053,reg1,Oil_CHP,fix_tax_cost,0.0
5177,2054,reg1,Oil_CHP,fix_tax_cost,0.0
5178,2055,reg1,Oil_CHP,fix_tax_cost,0.0
5179,2056,reg1,Oil_CHP,fix_tax_cost,0.0
5180,2057,reg1,Oil_CHP,fix_tax_cost,0.0
5181,2058,reg1,Oil_CHP,fix_tax_cost,0.0
5182,2059,reg1,Oil_CHP,fix_tax_cost,0.0
5183,2060,reg1,Oil_CHP,fix_tax_cost,0.0
5184,2025,reg1,BW_CHP_P,fix_tax_cost,0.0
5185,2026,reg1,BW_CHP_P,fix_tax_cost,0.0
5186,2027,reg1,BW_CHP_P,fix_tax_cost,0.0
5187,2028,reg1,BW_CHP_P,fix_tax_cost,0.0
5188,2029,reg1,BW_CHP_P,fix_tax_cost,0.0
5189,2030,reg1,BW_CHP_P,fix_tax_cost,0.0
5190,2031,reg1,BW_CHP_P,fix_tax_cost,0.0
5191,2032,reg1,BW_CHP_P,fix_tax_cost,0.0
5192,2033,reg1,BW_CHP_P,fix_tax_cost,0.0
5193,2034,reg1,BW_CHP_P,fix_tax_cost,0.0
5194,2035,reg1,BW_CHP_P,fix_tax_cost,0.0
5195,2036,reg1,BW_CHP_P,fix_tax_cost,0.0
5196,2037,reg1,BW_CHP_P,fix_tax_cost,0.0
5197,2038,reg1,BW_CHP_P,fix_tax_cost,0.0
5198,2039,reg1,BW_CHP_P,fix_tax_cost,0.0
5199,2040,reg1,BW_CHP_P,fix_tax_cost,0.0
5200,2041,reg1,BW_CHP_P,fix_tax_cost,0.0
5201,2042,reg1,BW_CHP_P,fix_tax_cost,0.0
5202,2043,reg1,BW_CHP_P,fix_tax_cost,0.0
5203,2044,reg1,BW_CHP_P,fix_tax_cost,0.0
5204,2045,reg1,BW_CHP_P,fix_tax_cost,0.0
5205,2046,reg1,BW_CHP_P,fix_tax_cost,0.0
5206,2047,reg1,BW_CHP_P,fix_tax_cost,0.0
5207,2048,reg1,BW_CHP_P,fix_tax_cost,0.0
5208,2049,reg1,BW_CHP_P,fix_tax_cost,0.0
5209,2050,reg1,BW_CHP_P,fix_tax_cost,0.0
5210,2051,reg1,BW_CHP_P,fix_tax_cost,0.0
5211,2052,reg1,BW_CHP_P,fix_tax_cost,0.0
5212,2053,reg1,BW_CHP_P,fix_tax_cost,0.0
5213,2054,reg1,BW_CHP_P,fix_tax_cost,0.0
5214,2055,reg1,BW_CHP_P,fix_tax_cost,0.0
5215,2056,reg1,BW_CHP_P,fix_tax_cost,0.0
5216,2057,reg1,BW_CHP_P,fix_tax_cost,0.0
5217,2058,reg1,BW_CHP_P,fix_tax_cost,0.0
5218,2059,reg1,BW_CHP_P,fix_tax_cost,0.0
5219,2060,reg1,BW_CHP_P,fix_tax_cost,0.0
5220,2025,reg1,Heat_transmission_distribution,fix_tax_cost,0.0
5221,2026,reg1,Heat_transmission_distribution,fix_tax_cost,0.0
5222,2027,reg1,Heat_transmission_distribution,fix_tax_cost,0.0
5223,2028,reg1,Heat_transmission_distribution,fix_tax_cost,0.0
5224,2029,reg1,Heat_transmission_distribution,fix_tax_cost,0.0
5225,2030,reg1,Heat_transmission_distribution,fix_tax_cost,0.0
5226,2031,reg1,Heat_transmission_distribution,fix_tax_cost,0.0
5227,2032,reg1,Heat_transmission_distribution,fix_tax_cost,0.0
5228,2033,reg1,Heat_transmission_distribution,fix_tax_cost,0.0
5229,2034,reg1,Heat_transmission_distribution,fix_tax_cost,0.0
5230,2035,reg1,Heat_transmission_distribution,fix_tax_cost,0.0
5231,2036,reg1,Heat_transmission_distribution,fix_tax_cost,0.0
5232,2037,reg1,Heat_transmission_distribution,fix_tax_cost,0.0
5233,2038,reg1,Heat_transmission_distribution,fix_tax_cost,0.0
5234,2039,reg1,Heat_transmission_distribution,fix_tax_cost,0.0
5235,2040,reg1,Heat_transmission_distribution,fix_tax_cost,0.0
5236,2041,reg1,Heat_transmission_distribution,fix_tax_cost,0.0
5237,2042,reg1,Heat_transmission_distribution,fix_tax_cost,0.0
5238,2043,reg1,Heat_transmission_distribution,fix_tax_cost,0.0
5239,2044,reg1,Heat_transmission_distribution,fix_tax_cost,0.0
5240,2045,reg1,Heat_transmission_distribution,fix_tax_cost,0.0
5241,2046,reg1,Heat_transmission_distribution,fix_tax_cost,0.0
5242,2047,reg1,Heat_transmission_distribution,fix_tax_cost,0.0
5243,2048,reg1,Heat_transmission_distribution,fix_tax_cost,0.0
5244,2049,reg1,Heat_transmission_distribution,fix_tax_cost,0.0
5245,2050,reg1,Heat_transmission_distribution,fix_tax_cost,0.0
5246,2051,reg1,Heat_transmission_distribution,fix_tax_cost,0.0
5247,2052,reg1,Heat_transmission_distribution,fix_tax_cost,0.0
5248,2053,reg1,Heat_transmission_distribution,fix_tax_cost,0.0
5249,2054,reg1,Heat_transmission_distribution,fix_tax_cost,0.0
5250,2055,reg1,Heat_transmission_distribution,fix_tax_cost,0.0
5251,2056,reg1,Heat_transmission_distribution,fix_tax_cost,0.0
5252,2057,reg1,Heat_transmission_distribution,fix_tax_cost,0.0
5253,2058,reg1,Heat_transmission_distribution,fix_tax_cost,0.0
5254,2059,reg1,Heat_transmission_distribution,fix_tax_cost,0.0
5255,2060,reg1,Heat_transmission_distribution,fix_tax_cost,0.0
5256,2025,reg1,Elec_transmission_distribution,fix_tax_cost,0.0
5257,2026,reg1,Elec_transmission_distribution,fix_tax_cost,0.0
5258,2027,reg1,Elec_transmission_distribution,fix_tax_cost,0.0
5259,2028,reg1,Elec_transmission_distribution,fix_tax_cost,0.0
5260,2029,reg1,Elec_transmission_distribution,fix_tax_cost,0.0
5261,2030,reg1,Elec_transmission_distribution,fix_tax_cost,0.0
5262,2031,reg1,Elec_transmission_distribution,fix_tax_cost,0.0
5263,2032,reg1,Elec_transmission_distribution,fix_tax_cost,0.0
5264,2033,reg1,Elec_transmission_distribution,fix_tax_cost,0.0
5265,2034,reg1,Elec_transmission_distribution,fix_tax_cost,0.0
5266,2035,reg1,Elec_transmission_distribution,fix_tax_cost,0.0
5267,2036,reg1,Elec_transmission_distribution,fix_tax_cost,0.0
5268,2037,reg1,Elec_transmission_distribution,fix_tax_cost,0.0
5269,2038,reg1,Elec_transmission_distribution,fix_tax_cost,0.0
5270,2039,reg1,Elec_transmission_distribution,fix_tax_cost,0.0
5271,2040,reg1,Elec_transmission_distribution,fix_tax_cost,0.0
5272,2041,reg1,Elec_transmission_distribution,fix_tax_cost,0.0
5273,2042,reg1,Elec_transmission_distribution,fix_tax_cost,0.0
5274,2043,reg1,Elec_transmission_distribution,fix_tax_cost,0.0
5275,2044,reg1,Elec_transmission_distribution,fix_tax_cost,0.0
5276,2045,reg1,Elec_transmission_distribution,fix_tax_cost,0.0
5277,2046,reg1,Elec_transmission_distribution,fix_tax_cost,0.0
5278,2047,reg1,Elec_transmission_distribution,fix_tax_cost,0.0
5279,2048,reg1,Elec_transmission_distribution,fix_tax_cost,0.0
5280,2049,reg1,Elec_transmission_distribution,fix_tax_cost,0.0
5281,2050,reg1,Elec_transmission_distribution,fix_tax_cost,0.0
5282,2051,reg1,Elec_transmission_distribution,fix_tax_cost,0.0
5283,2052,reg1,Elec_transmission_distribution,fix_tax_cost,0.0
5284,2053,reg1,Elec_transmission_distribution,fix_tax_cost,0.0
5285,2054,reg1,Elec_transmission_distribution,fix_tax_cost,0.0
5286,2055,reg1,Elec_transmission_distribution,fix_tax_cost,0.0
5287,2056,reg1,Elec_transmission_distribution,fix_tax_cost,0.0
5288,2057,reg1,Elec_transmission_distribution,fix_tax_cost,0.0
5289,2058,reg1,Elec_transmission_distribution,fix_tax_cost,0.0
5290,2059,reg1,Elec_transmission_distribution,fix_tax_cost,0.0
5291,2060,reg1,Elec_transmission_distribution,fix_tax_cost,0.0
5292,2025,reg1,NG_supply,fix_sub_cost,0.0
5293,2026,reg1,NG_supply,fix_sub_cost,0.0
5294,2027,reg1,NG_supply,fix_sub_cost,0.0
5295,2028,reg1,NG_supply,fix_sub_cost,0.0
5296,2029,reg1,NG_supply,fix_sub_cost,0.0
5297,2030,reg1,NG_supply,fix_sub_cost,0.0
5298,2031,reg1,NG_supply,fix_sub_cost,0.0
5299,2032,reg1,NG_supply,fix_sub_cost,0.0
5300,2033,reg1,NG_supply,fix_sub_cost,0.0
5301,2034,reg1,NG_supply,fix_sub_cost,0.0
5302,2035,reg1,NG_supply,fix_sub_cost,0.0
5303,2036,reg1,NG_supply,fix_sub_cost,0.0
5304,2037,reg1,NG_supply,fix_sub_cost,0.0
5305,2038,reg1,NG_supply,fix_sub_cost,0.0
5306,2039,reg1,NG_supply,fix_sub_cost,0.0
5307,2040,reg1,NG_supply,fix_sub_cost,0.0
5308,2041,reg1,NG_supply,fix_sub_cost,0.0
5309,2042,reg1,NG_supply,fix_sub_cost,0.0
5310,2043,reg1,NG_supply,fix_sub_cost,0.0
5311,2044,reg1,NG_supply,fix_sub_cost,0.0
5312,2045,reg1,NG_supply,fix_sub_cost,0.0
5313,2046,reg1,NG_supply,fix_sub_cost,0.0
5314,2047,reg1,NG_supply,fix_sub_cost,0.0
5315,2048,reg1,NG_supply,fix_sub_cost,0.0
5316,2049,reg1,NG_supply,fix_sub_cost,0.0
5317,2050,reg1,NG_supply,fix_sub_cost,0.0
5318,2051,reg1,NG_supply,fix_sub_cost,0.0
5319,2052,reg1,NG_supply,fix_sub_cost,0.0
5320,2053,reg1,NG_supply,fix_sub_cost,0.0
5321,2054,reg1,NG_supply,fix_sub_cost,0.0
5322,2055,reg1,NG_supply,fix_sub_cost,0.0
5323,2056,reg1,NG_supply,fix_sub_cost,0.0
5324,2057,reg1,NG_supply,fix_sub_cost,0.0
5325,2058,reg1,NG_supply,fix_sub_cost,0.0
5326,2059,reg1,NG_supply,fix_sub_cost,0.0
5327,2060,reg1,NG_supply,fix_sub_cost,0.0
5328,2025,reg1,SFF_supply,fix_sub_cost,0.0
5329,2026,reg1,SFF_supply,fix_sub_cost,0.0
5330,2027,reg1,SFF_supply,fix_sub_cost,0.0
5331,2028,reg1,SFF_supply,fix_sub_cost,0.0
5332,2029,reg1,SFF_supply,fix_sub_cost,0.0
5333,2030,reg1,SFF_supply,fix_sub_cost,0.0
5334,2031,reg1,SFF_supply,fix_sub_cost,0.0
5335,2032,reg1,SFF_supply,fix_sub_cost,0.0
5336,2033,reg1,SFF_supply,fix_sub_cost,0.0
5337,2034,reg1,SFF_supply,fix_sub_cost,0.0
5338,2035,reg1,SFF_supply,fix_sub_cost,0.0
5339,2036,reg1,SFF_supply,fix_sub_cost,0.0
5340,2037,reg1,SFF_supply,fix_sub_cost,0.0
5341,2038,reg1,SFF_supply,fix_sub_cost,0.0
5342,2039,reg1,SFF_supply,fix_sub_cost,0.0
5343,2040,reg1,SFF_supply,fix_sub_cost,0.0
5344,2041,reg1,SFF_supply,fix_sub_cost,0.0
5345,2042,reg1,SFF_supply,fix_sub_cost,0.0
5346,2043,reg1,SFF_supply,fix_sub_cost,0.0
5347,2044,reg1,SFF_supply,fix_sub_cost,0.0
5348,2045,reg1,SFF_supply,fix_sub_cost,0.0
5349,2046,reg1,SFF_supply,fix_sub_cost,0.0
5350,2047,reg1,SFF_supply,fix_sub_cost,0.0
5351,2048,reg1,SFF_supply,fix_sub_cost,0.0
5352,2049,reg1,SFF_supply,fix_sub_cost,0.0
5353,2050,reg1,SFF_supply,fix_sub_cost,0.0
5354,2051,reg1,SFF_supply,fix_sub_cost,0.0
5355,2052,reg1,SFF_supply,fix_sub_cost,0.0
5356,2053,reg1,SFF_supply,fix_sub_cost,0.0
5357,2054,reg1,SFF_supply,fix_sub_cost,0.0
5358,2055,reg1,SFF_supply,fix_sub_cost,0.0
5359,2056,reg1,SFF_supply,fix_sub_cost,0.0
5360,2057,reg1,SFF_supply,fix_sub_cost,0.0
5361,2058,reg1,SFF_supply,fix_sub_cost,0.0
5362,2059,reg1,SFF_supply,fix_sub_cost,0.0
5363,2060,reg1,SFF_supply,fix_sub_cost,0.0
5364,2025,reg1,OP_supply,fix_sub_cost,0.0
5365,2026,reg1,OP_supply,fix_sub_cost,0.0
5366,2027,reg1,OP_supply,fix_sub_cost,0.0
5367,2028,reg1,OP_supply,fix_sub_cost,0.0
5368,2029,reg1,OP_supply,fix_sub_cost,0.0
5369,2030,reg1,OP_supply,fix_sub_cost,0.0
5370,2031,reg1,OP_supply,fix_sub_cost,0.0
5371,2032,reg1,OP_supply,fix_sub_cost,0.0
5372,2033,reg1,OP_supply,fix_sub_cost,0.0
5373,2034,reg1,OP_supply,fix_sub_cost,0.0
5374,2035,reg1,OP_supply,fix_sub_cost,0.0
5375,2036,reg1,OP_supply,fix_sub_cost,0.0
5376,2037,reg1,OP_supply,fix_sub_cost,0.0
5377,2038,reg1,OP_supply,fix_sub_cost,0.0
5378,2039,reg1,OP_supply,fix_sub_cost,0.0
5379,2040,reg1,OP_supply,fix_sub_cost,0.0
5380,2041,reg1,OP_supply,fix_sub_cost,0.0
5381,2042,reg1,OP_supply,fix_sub_cost,0.0
5382,2043,reg1,OP_supply,fix_sub_cost,0.0
5383,2044,reg1,OP_supply,fix_sub_cost,0.0
5384,2045,reg1,OP_supply,fix_sub_cost,0.0
5385,2046,reg1,OP_supply,fix_sub_cost,0.0
5386,2047,reg1,OP_supply,fix_sub_cost,0.0
5387,2048,reg1,OP_supply,fix_sub_cost,0.0
5388,2049,reg1,OP_supply,fix_sub_cost,0.0
5389,2050,reg1,OP_supply,fix_sub_cost,0.0
5390,2051,reg1,OP_supply,fix_sub_cost,0.0
5391,2052,reg1,OP_supply,fix_sub_cost,0.0
5392,2053,reg1,OP_supply,fix_sub_cost,0.0
5393,2054,reg1,OP_supply,fix_sub_cost,0.0
5394,2055,reg1,OP_supply,fix_sub_cost,0.0
5395,2056,reg1,OP_supply,fix_sub_cost,0.0
5396,2057,reg1,OP_supply,fix_sub_cost,0.0
5397,2058,reg1,OP_supply,fix_sub_cost,0.0
5398,2059,reg1,OP_supply,fix_sub_cost,0.0
5399,2060,reg1,OP_supply,fix_sub_cost,0.0
5400,2025,reg1,BW_supply,fix_sub_cost,0.0
5401,2026,reg1,BW_supply,fix_sub_cost,0.0
5402,2027,reg1,BW_supply,fix_sub_cost,0.0
5403,2028,reg1,BW_supply,fix_sub_cost,0.0
5404,2029,reg1,BW_supply,fix_sub_cost,0.0
5405,2030,reg1,BW_supply,fix_sub_cost,0.0
5406,2031,reg1,BW_supply,fix_sub_cost,0.0
5407,2032,reg1,BW_supply,fix_sub_cost,0.0
5408,2033,reg1,BW_supply,fix_sub_cost,0.0
5409,2034,reg1,BW_supply,fix_sub_cost,0.0
5410,2035,reg1,BW_supply,fix_sub_cost,0.0
5411,2036,reg1,BW_supply,fix_sub_cost,0.0
5412,2037,reg1,BW_supply,fix_sub_cost,0.0
5413,2038,reg1,BW_supply,fix_sub_cost,0.0
5414,2039,reg1,BW_supply,fix_sub_cost,0.0
5415,2040,reg1,BW_supply,fix_sub_cost,0.0
5416,2041,reg1,BW_supply,fix_sub_cost,0.0
5417,2042,reg1,BW_supply,fix_sub_cost,0.0
5418,2043,reg1,BW_supply,fix_sub_cost,0.0
5419,2044,reg1,BW_supply,fix_sub_cost,0.0
5420,2045,reg1,BW_supply,fix_sub_cost,0.0
5421,2046,reg1,BW_supply,fix_sub_cost,0.0
5422,2047,reg1,BW_supply,fix_sub_cost,0.0
5423,2048,reg1,BW_supply,fix_sub_cost,0.0
5424,2049,reg1,BW_supply,fix_sub_cost,0.0
5425,2050,reg1,BW_supply,fix_sub_cost,0.0
5426,2051,reg1,BW_supply,fix_sub_cost,0.0
5427,2052,reg1,BW_supply,fix_sub_cost,0.0
5428,2053,reg1,BW_supply,fix_sub_cost,0.0
5429,2054,reg1,BW_supply,fix_sub_cost,0.0
5430,2055,reg1,BW_supply,fix_sub_cost,0.0
5431,2056,reg1,BW_supply,fix_sub_cost,0.0
5432,2057,reg1,BW_supply,fix_sub_cost,0.0
5433,2058,reg1,BW_supply,fix_sub_cost,0.0
5434,2059,reg1,BW_supply,fix_sub_cost,0.0
5435,2060,reg1,BW_supply,fix_sub_cost,0.0
5436,2025,reg1,BIO_supply,fix_sub_cost,0.0
5437,2026,reg1,BIO_supply,fix_sub_cost,0.0
5438,2027,reg1,BIO_supply,fix_sub_cost,0.0
5439,2028,reg1,BIO_supply,fix_sub_cost,0.0
5440,2029,reg1,BIO_supply,fix_sub_cost,0.0
5441,2030,reg1,BIO_supply,fix_sub_cost,0.0
5442,2031,reg1,BIO_supply,fix_sub_cost,0.0
5443,2032,reg1,BIO_supply,fix_sub_cost,0.0
5444,2033,reg1,BIO_supply,fix_sub_cost,0.0
5445,2034,reg1,BIO_supply,fix_sub_cost,0.0
5446,2035,reg1,BIO_supply,fix_sub_cost,0.0
5447,2036,reg1,BIO_supply,fix_sub_cost,0.0
5448,2037,reg1,BIO_supply,fix_sub_cost,0.0
5449,2038,reg1,BIO_supply,fix_sub_cost,0.0
5450,2039,reg1,BIO_supply,fix_sub_cost,0.0
5451,2040,reg1,BIO_supply,fix_sub_cost,0.0
5452,2041,reg1,BIO_supply,fix_sub_cost,0.0
5453,2042,reg1,BIO_supply,fix_sub_cost,0.0
5454,2043,reg1,BIO_supply,fix_sub_cost,0.0
5455,2044,reg1,BIO_supply,fix_sub_cost,0.0
5456,2045,reg1,BIO_supply,fix_sub_cost,0.0
5457,2046,reg1,BIO_supply,fix_sub_cost,0.0
5458,2047,reg1,BIO_supply,fix_sub_cost,0.0
5459,2048,reg1,BIO_supply,fix_sub_cost,0.0
5460,2049,reg1,BIO_supply,fix_sub_cost,0.0
5461,2050,reg1,BIO_supply,fix_sub_cost,0.0
5462,2051,reg1,BIO_supply,fix_sub_cost,0.0
5463,2052,reg1,BIO_supply,fix_sub_cost,0.0
5464,2053,reg1,BIO_supply,fix_sub_cost,0.0
5465,2054,reg1,BIO_supply,fix_sub_cost,0.0
5466,2055,reg1,BIO_supply,fix_sub_cost,0.0
5467,2056,reg1,BIO_supply,fix_sub_cost,0.0
5468,2057,reg1,BIO_supply,fix_sub_cost,0.0
5469,2058,reg1,BIO_supply,fix_sub_cost,0.0
5470,2059,reg1,BIO_supply,fix_sub_cost,0.0
5471,2060,reg1,BIO_supply,fix_sub_cost,0.0
5472,2025,reg1,Biogas_supply,fix_sub_cost,0.0
5473,2026,reg1,Biogas_supply,fix_sub_cost,0.0
5474,2027,reg1,Biogas_supply,fix_sub_cost,0.0
5475,2028,reg1,Biogas_supply,fix_sub_cost,0.0
5476,2029,reg1,Biogas_supply,fix_sub_cost,0.0
5477,2030,reg1,Biogas_supply,fix_sub_cost,0.0
5478,2031,reg1,Biogas_supply,fix_sub_cost,0.0
5479,2032,reg1,Biogas_supply,fix_sub_cost,0.0
5480,2033,reg1,Biogas_supply,fix_sub_cost,0.0
5481,2034,reg1,Biogas_supply,fix_sub_cost,0.0
5482,2035,reg1,Biogas_supply,fix_sub_cost,0.0
5483,2036,reg1,Biogas_supply,fix_sub_cost,0.0
5484,2037,reg1,Biogas_supply,fix_sub_cost,0.0
5485,2038,reg1,Biogas_supply,fix_sub_cost,0.0
5486,2039,reg1,Biogas_supply,fix_sub_cost,0.0
5487,2040,reg1,Biogas_supply,fix_sub_cost,0.0
5488,2041,reg1,Biogas_supply,fix_sub_cost,0.0
5489,2042,reg1,Biogas_supply,fix_sub_cost,0.0
5490,2043,reg1,Biogas_supply,fix_sub_cost,0.0
5491,2044,reg1,Biogas_supply,fix_sub_cost,0.0
5492,2045,reg1,Biogas_supply,fix_sub_cost,0.0
5493,2046,reg1,Biogas_supply,fix_sub_cost,0.0
5494,2047,reg1,Biogas_supply,fix_sub_cost,0.0
5495,2048,reg1,Biogas_supply,fix_sub_cost,0.0
5496,2049,reg1,Biogas_supply,fix_sub_cost,0.0
5497,2050,reg1,Biogas_supply,fix_sub_cost,0.0
5498,2051,reg1,Biogas_supply,fix_sub_cost,0.0
5499,2052,reg1,Biogas_supply,fix_sub_cost,0.0
5500,2053,reg1,Biogas_supply,fix_sub_cost,0.0
5501,2054,reg1,Biogas_supply,fix_sub_cost,0.0
5502,2055,reg1,Biogas_supply,fix_sub_cost,0.0
5503,2056,reg1,Biogas_supply,fix_sub_cost,0.0
5504,2057,reg1,Biogas_supply,fix_sub_cost,0.0
5505,2058,reg1,Biogas_supply,fix_sub_cost,0.0
5506,2059,reg1,Biogas_supply,fix_sub_cost,0.0
5507,2060,reg1,Biogas_supply,fix_sub_cost,0.0
5508,2025,reg1,Waste_supply,fix_sub_cost,0.0
5509,2026,reg1,Waste_supply,fix_sub_cost,0.0
5510,2027,reg1,Waste_supply,fix_sub_cost,0.0
5511,2028,reg1,Waste_supply,fix_sub_cost,0.0
5512,2029,reg1,Waste_supply,fix_sub_cost,0.0
5513,2030,reg1,Waste_supply,fix_sub_cost,0.0
5514,2031,reg1,Waste_supply,fix_sub_cost,0.0
5515,2032,reg1,Waste_supply,fix_sub_cost,0.0
5516,2033,reg1,Waste_supply,fix_sub_cost,0.0
5517,2034,reg1,Waste_supply,fix_sub_cost,0.0
5518,2035,reg1,Waste_supply,fix_sub_cost,0.0
5519,2036,reg1,Waste_supply,fix_sub_cost,0.0
5520,2037,reg1,Waste_supply,fix_sub_cost,0.0
5521,2038,reg1,Waste_supply,fix_sub_cost,0.0
5522,2039,reg1,Waste_supply,fix_sub_cost,0.0
5523,2040,reg1,Waste_supply,fix_sub_cost,0.0
5524,2041,reg1,Waste_supply,fix_sub_cost,0.0
5525,2042,reg1,Waste_supply,fix_sub_cost,0.0
5526,2043,reg1,Waste_supply,fix_sub_cost,0.0
5527,2044,reg1,Waste_supply,fix_sub_cost,0.0
5528,2045,reg1,Waste_supply,fix_sub_cost,0.0
5529,2046,reg1,Waste_supply,fix_sub_cost,0.0
5530,2047,reg1,Waste_supply,fix_sub_cost,0.0
5531,2048,reg1,Waste_supply,fix_sub_cost,0.0
5532,2049,reg1,Waste_supply,fix_sub_cost,0.0
5533,2050,reg1,Waste_supply,fix_sub_cost,0.0
5534,2051,reg1,Waste_supply,fix_sub_cost,0.0
5535,2052,reg1,Waste_supply,fix_sub_cost,0.0
5536,2053,reg1,Waste_supply,fix_sub_cost,0.0
5537,2054,reg1,Waste_supply,fix_sub_cost,0.0
5538,2055,reg1,Waste_supply,fix_sub_cost,0.0
5539,2056,reg1,Waste_supply,fix_sub_cost,0.0
5540,2057,reg1,Waste_supply,fix_sub_cost,0.0
5541,2058,reg1,Waste_supply,fix_sub_cost,0.0
5542,2059,reg1,Waste_supply,fix_sub_cost,0.0
5543,2060,reg1,Waste_supply,fix_sub_cost,0.0
5544,2025,reg1,Geo_PP,fix_sub_cost,0.0
5545,2026,reg1,Geo_PP,fix_sub_cost,0.0
5546,2027,reg1,Geo_PP,fix_sub_cost,0.0
5547,2028,reg1,Geo_PP,fix_sub_cost,0.0
5548,2029,reg1,Geo_PP,fix_sub_cost,0.0
5549,2030,reg1,Geo_PP,fix_sub_cost,0.0
5550,2031,reg1,Geo_PP,fix_sub_cost,0.0
5551,2032,reg1,Geo_PP,fix_sub_cost,0.0
5552,2033,reg1,Geo_PP,fix_sub_cost,0.0
5553,2034,reg1,Geo_PP,fix_sub_cost,0.0
5554,2035,reg1,Geo_PP,fix_sub_cost,0.0
5555,2036,reg1,Geo_PP,fix_sub_cost,0.0
5556,2037,reg1,Geo_PP,fix_sub_cost,0.0
5557,2038,reg1,Geo_PP,fix_sub_cost,0.0
5558,2039,reg1,Geo_PP,fix_sub_cost,0.0
5559,2040,reg1,Geo_PP,fix_sub_cost,0.0
5560,2041,reg1,Geo_PP,fix_sub_cost,0.0
5561,2042,reg1,Geo_PP,fix_sub_cost,0.0
5562,2043,reg1,Geo_PP,fix_sub_cost,0.0
5563,2044,reg1,Geo_PP,fix_sub_cost,0.0
5564,2045,reg1,Geo_PP,fix_sub_cost,0.0
5565,2046,reg1,Geo_PP,fix_sub_cost,0.0
5566,2047,reg1,Geo_PP,fix_sub_cost,0.0
5567,2048,reg1,Geo_PP,fix_sub_cost,0.0
5568,2049,reg1,Geo_PP,fix_sub_cost,0.0
5569,2050,reg1,Geo_PP,fix_sub_cost,0.0
5570,2051,reg1,Geo_PP,fix_sub_cost,0.0
5571,2052,reg1,Geo_PP,fix_sub_cost,0.0
5572,2053,reg1,Geo_PP,fix_sub_cost,0.0
5573,2054,reg1,Geo_PP,fix_sub_cost,0.0
5574,2055,reg1,Geo_PP,fix_sub_cost,0.0
5575,2056,reg1,Geo_PP,fix_sub_cost,0.0
5576,2057,reg1,Geo_PP,fix_sub_cost,0.0
5577,2058,reg1,Geo_PP,fix_sub_cost,0.0
5578,2059,reg1,Geo_PP,fix_sub_cost,0.0
5579,2060,reg1,Geo_PP,fix_sub_cost,0.0
5580,2025,reg1,Solar_PV_PP,fix_sub_cost,0.0
5581,2026,reg1,Solar_PV_PP,fix_sub_cost,0.0
5582,2027,reg1,Solar_PV_PP,fix_sub_cost,0.0
5583,2028,reg1,Solar_PV_PP,fix_sub_cost,0.0
5584,2029,reg1,Solar_PV_PP,fix_sub_cost,0.0
5585,2030,reg1,Solar_PV_PP,fix_sub_cost,0.0
5586,2031,reg1,Solar_PV_PP,fix_sub_cost,0.0
5587,2032,reg1,Solar_PV_PP,fix_sub_cost,0.0
5588,2033,reg1,Solar_PV_PP,fix_sub_cost,0.0
5589,2034,reg1,Solar_PV_PP,fix_sub_cost,0.0
5590,2035,reg1,Solar_PV_PP,fix_sub_cost,0.0
5591,2036,reg1,Solar_PV_PP,fix_sub_cost,0.0
5592,2037,reg1,Solar_PV_PP,fix_sub_cost,0.0
5593,2038,reg1,Solar_PV_PP,fix_sub_cost,0.0
5594,2039,reg1,Solar_PV_PP,fix_sub_cost,0.0
5595,2040,reg1,Solar_PV_PP,fix_sub_cost,0.0
5596,2041,reg1,Solar_PV_PP,fix_sub_cost,0.0
5597,2042,reg1,Solar_PV_PP,fix_sub_cost,0.0
5598,2043,reg1,Solar_PV_PP,fix_sub_cost,0.0
5599,2044,reg1,Solar_PV_PP,fix_sub_cost,0.0
5600,2045,reg1,Solar_PV_PP,fix_sub_cost,0.0
5601,2046,reg1,Solar_PV_PP,fix_sub_cost,0.0
5602,2047,reg1,Solar_PV_PP,fix_sub_cost,0.0
5603,2048,reg1,Solar_PV_PP,fix_sub_cost,0.0
5604,2049,reg1,Solar_PV_PP,fix_sub_cost,0.0
5605,2050,reg1,Solar_PV_PP,fix_sub_cost,0.0
5606,2051,reg1,Solar_PV_PP,fix_sub_cost,0.0
5607,2052,reg1,Solar_PV_PP,fix_sub_cost,0.0
5608,2053,reg1,Solar_PV_PP,fix_sub_cost,0.0
5609,2054,reg1,Solar_PV_PP,fix_sub_cost,0.0
5610,2055,reg1,Solar_PV_PP,fix_sub_cost,0.0
5611,2056,reg1,Solar_PV_PP,fix_sub_cost,0.0
5612,2057,reg1,Solar_PV_PP,fix_sub_cost,0.0
5613,2058,reg1,Solar_PV_PP,fix_sub_cost,0.0
5614,2059,reg1,Solar_PV_PP,fix_sub_cost,0.0
5615,2060,reg1,Solar_PV_PP,fix_sub_cost,0.0
5616,2025,reg1,Wind_On-Shore_PP,fix_sub_cost,0.0
5617,2026,reg1,Wind_On-Shore_PP,fix_sub_cost,0.0
5618,2027,reg1,Wind_On-Shore_PP,fix_sub_cost,0.0
5619,2028,reg1,Wind_On-Shore_PP,fix_sub_cost,0.0
5620,2029,reg1,Wind_On-Shore_PP,fix_sub_cost,0.0
5621,2030,reg1,Wind_On-Shore_PP,fix_sub_cost,0.0
5622,2031,reg1,Wind_On-Shore_PP,fix_sub_cost,0.0
5623,2032,reg1,Wind_On-Shore_PP,fix_sub_cost,0.0
5624,2033,reg1,Wind_On-Shore_PP,fix_sub_cost,0.0
5625,2034,reg1,Wind_On-Shore_PP,fix_sub_cost,0.0
5626,2035,reg1,Wind_On-Shore_PP,fix_sub_cost,0.0
5627,2036,reg1,Wind_On-Shore_PP,fix_sub_cost,0.0
5628,2037,reg1,Wind_On-Shore_PP,fix_sub_cost,0.0
5629,2038,reg1,Wind_On-Shore_PP,fix_sub_cost,0.0
5630,2039,reg1,Wind_On-Shore_PP,fix_sub_cost,0.0
5631,2040,reg1,Wind_On-Shore_PP,fix_sub_cost,0.0
5632,2041,reg1,Wind_On-Shore_PP,fix_sub_cost,0.0
5633,2042,reg1,Wind_On-Shore_PP,fix_sub_cost,0.0
5634,2043,reg1,Wind_On-Shore_PP,fix_sub_cost,0.0
5635,2044,reg1,Wind_On-Shore_PP,fix_sub_cost,0.0
5636,2045,reg1,Wind_On-Shore_PP,fix_sub_cost,0.0
5637,2046,reg1,Wind_On-Shore_PP,fix_sub_cost,0.0
5638,2047,reg1,Wind_On-Shore_PP,fix_sub_cost,0.0
5639,2048,reg1,Wind_On-Shore_PP,fix_sub_cost,0.0
5640,2049,reg1,Wind_On-Shore_PP,fix_sub_cost,0.0
5641,2050,reg1,Wind_On-Shore_PP,fix_sub_cost,0.0
5642,2051,reg1,Wind_On-Shore_PP,fix_sub_cost,0.0
5643,2052,reg1,Wind_On-Shore_PP,fix_sub_cost,0.0
5644,2053,reg1,Wind_On-Shore_PP,fix_sub_cost,0.0
5645,2054,reg1,Wind_On-Shore_PP,fix_sub_cost,0.0
5646,2055,reg1,Wind_On-Shore_PP,fix_sub_cost,0.0
5647,2056,reg1,Wind_On-Shore_PP,fix_sub_cost,0.0
5648,2057,reg1,Wind_On-Shore_PP,fix_sub_cost,0.0
5649,2058,reg1,Wind_On-Shore_PP,fix_sub_cost,0.0
5650,2059,reg1,Wind_On-Shore_PP,fix_sub_cost,0.0
5651,2060,reg1,Wind_On-Shore_PP,fix_sub_cost,0.0
5652,2025,reg1,Wind_Off-Shore_PP,fix_sub_cost,0.0
5653,2026,reg1,Wind_Off-Shore_PP,fix_sub_cost,0.0
5654,2027,reg1,Wind_Off-Shore_PP,fix_sub_cost,0.0
5655,2028,reg1,Wind_Off-Shore_PP,fix_sub_cost,0.0
5656,2029,reg1,Wind_Off-Shore_PP,fix_sub_cost,0.0
5657,2030,reg1,Wind_Off-Shore_PP,fix_sub_cost,0.0
5658,2031,reg1,Wind_Off-Shore_PP,fix_sub_cost,0.0
5659,2032,reg1,Wind_Off-Shore_PP,fix_sub_cost,0.0
5660,2033,reg1,Wind_Off-Shore_PP,fix_sub_cost,0.0
5661,2034,reg1,Wind_Off-Shore_PP,fix_sub_cost,0.0
5662,2035,reg1,Wind_Off-Shore_PP,fix_sub_cost,0.0
5663,2036,reg1,Wind_Off-Shore_PP,fix_sub_cost,0.0
5664,2037,reg1,Wind_Off-Shore_PP,fix_sub_cost,0.0
5665,2038,reg1,Wind_Off-Shore_PP,fix_sub_cost,0.0
5666,2039,reg1,Wind_Off-Shore_PP,fix_sub_cost,0.0
5667,2040,reg1,Wind_Off-Shore_PP,fix_sub_cost,0.0
5668,2041,reg1,Wind_Off-Shore_PP,fix_sub_cost,0.0
5669,2042,reg1,Wind_Off-Shore_PP,fix_sub_cost,0.0
5670,2043,reg1,Wind_Off-Shore_PP,fix_sub_cost,0.0
5671,2044,reg1,Wind_Off-Shore_PP,fix_sub_cost,0.0
5672,2045,reg1,Wind_Off-Shore_PP,fix_sub_cost,0.0
5673,2046,reg1,Wind_Off-Shore_PP,fix_sub_cost,0.0
5674,2047,reg1,Wind_Off-Shore_PP,fix_sub_cost,0.0
5675,2048,reg1,Wind_Off-Shore_PP,fix_sub_cost,0.0
5676,2049,reg1,Wind_Off-Shore_PP,fix_sub_cost,0.0
5677,2050,reg1,Wind_Off-Shore_PP,fix_sub_cost,0.0
5678,2051,reg1,Wind_Off-Shore_PP,fix_sub_cost,0.0
5679,2052,reg1,Wind_Off-Shore_PP,fix_sub_cost,0.0
5680,2053,reg1,Wind_Off-Shore_PP,fix_sub_cost,0.0
5681,2054,reg1,Wind_Off-Shore_PP,fix_sub_cost,0.0
5682,2055,reg1,Wind_Off-Shore_PP,fix_sub_cost,0.0
5683,2056,reg1,Wind_Off-Shore_PP,fix_sub_cost,0.0
5684,2057,reg1,Wind_Off-Shore_PP,fix_sub_cost,0.0
5685,2058,reg1,Wind_Off-Shore_PP,fix_sub_cost,0.0
5686,2059,reg1,Wind_Off-Shore_PP,fix_sub_cost,0.0
5687,2060,reg1,Wind_Off-Shore_PP,fix_sub_cost,0.0
5688,2025,reg1,Hydro_PP,fix_sub_cost,0.0
5689,2026,reg1,Hydro_PP,fix_sub_cost,0.0
5690,2027,reg1,Hydro_PP,fix_sub_cost,0.0
5691,2028,reg1,Hydro_PP,fix_sub_cost,0.0
5692,2029,reg1,Hydro_PP,fix_sub_cost,0.0
5693,2030,reg1,Hydro_PP,fix_sub_cost,0.0
5694,2031,reg1,Hydro_PP,fix_sub_cost,0.0
5695,2032,reg1,Hydro_PP,fix_sub_cost,0.0
5696,2033,reg1,Hydro_PP,fix_sub_cost,0.0
5697,2034,reg1,Hydro_PP,fix_sub_cost,0.0
5698,2035,reg1,Hydro_PP,fix_sub_cost,0.0
5699,2036,reg1,Hydro_PP,fix_sub_cost,0.0
5700,2037,reg1,Hydro_PP,fix_sub_cost,0.0
5701,2038,reg1,Hydro_PP,fix_sub_cost,0.0
5702,2039,reg1,Hydro_PP,fix_sub_cost,0.0
5703,2040,reg1,Hydro_PP,fix_sub_cost,0.0
5704,2041,reg1,Hydro_PP,fix_sub_cost,0.0
5705,2042,reg1,Hydro_PP,fix_sub_cost,0.0
5706,2043,reg1,Hydro_PP,fix_sub_cost,0.0
5707,2044,reg1,Hydro_PP,fix_sub_cost,0.0
5708,2045,reg1,Hydro_PP,fix_sub_cost,0.0
5709,2046,reg1,Hydro_PP,fix_sub_cost,0.0
5710,2047,reg1,Hydro_PP,fix_sub_cost,0.0
5711,2048,reg1,Hydro_PP,fix_sub_cost,0.0
5712,2049,reg1,Hydro_PP,fix_sub_cost,0.0
5713,2050,reg1,Hydro_PP,fix_sub_cost,0.0
5714,2051,reg1,Hydro_PP,fix_sub_cost,0.0
5715,2052,reg1,Hydro_PP,fix_sub_cost,0.0
5716,2053,reg1,Hydro_PP,fix_sub_cost,0.0
5717,2054,reg1,Hydro_PP,fix_sub_cost,0.0
5718,2055,reg1,Hydro_PP,fix_sub_cost,0.0
5719,2056,reg1,Hydro_PP,fix_sub_cost,0.0
5720,2057,reg1,Hydro_PP,fix_sub_cost,0.0
5721,2058,reg1,Hydro_PP,fix_sub_cost,0.0
5722,2059,reg1,Hydro_PP,fix_sub_cost,0.0
5723,2060,reg1,Hydro_PP,fix_sub_cost,0.0
5724,2025,reg1,UO2_supply ,fix_sub_cost,0.0
5725,2026,reg1,UO2_supply ,fix_sub_cost,0.0
5726,2027,reg1,UO2_supply ,fix_sub_cost,0.0
5727,2028,reg1,UO2_supply ,fix_sub_cost,0.0
5728,2029,reg1,UO2_supply ,fix_sub_cost,0.0
5729,2030,reg1,UO2_supply ,fix_sub_cost,0.0
5730,2031,reg1,UO2_supply ,fix_sub_cost,0.0
5731,2032,reg1,UO2_supply ,fix_sub_cost,0.0
5732,2033,reg1,UO2_supply ,fix_sub_cost,0.0
5733,2034,reg1,UO2_supply ,fix_sub_cost,0.0
5734,2035,reg1,UO2_supply ,fix_sub_cost,0.0
5735,2036,reg1,UO2_supply ,fix_sub_cost,0.0
5736,2037,reg1,UO2_supply ,fix_sub_cost,0.0
5737,2038,reg1,UO2_supply ,fix_sub_cost,0.0
5738,2039,reg1,UO2_supply ,fix_sub_cost,0.0
5739,2040,reg1,UO2_supply ,fix_sub_cost,0.0
5740,2041,reg1,UO2_supply ,fix_sub_cost,0.0
5741,2042,reg1,UO2_supply ,fix_sub_cost,0.0
5742,2043,reg1,UO2_supply ,fix_sub_cost,0.0
5743,2044,reg1,UO2_supply ,fix_sub_cost,0.0
5744,2045,reg1,UO2_supply ,fix_sub_cost,0.0
5745,2046,reg1,UO2_supply ,fix_sub_cost,0.0
5746,2047,reg1,UO2_supply ,fix_sub_cost,0.0
5747,2048,reg1,UO2_supply ,fix_sub_cost,0.0
5748,2049,reg1,UO2_supply ,fix_sub_cost,0.0
5749,2050,reg1,UO2_supply ,fix_sub_cost,0.0
5750,2051,reg1,UO2_supply ,fix_sub_cost,0.0
5751,2052,reg1,UO2_supply ,fix_sub_cost,0.0
5752,2053,reg1,UO2_supply ,fix_sub_cost,0.0
5753,2054,reg1,UO2_supply ,fix_sub_cost,0.0
5754,2055,reg1,UO2_supply ,fix_sub_cost,0.0
5755,2056,reg1,UO2_supply ,fix_sub_cost,0.0
5756,2057,reg1,UO2_supply ,fix_sub_cost,0.0
5757,2058,reg1,UO2_supply ,fix_sub_cost,0.0
5758,2059,reg1,UO2_supply ,fix_sub_cost,0.0
5759,2060,reg1,UO2_supply ,fix_sub_cost,0.0
5760,2025,reg1,Electricity_net_imports,fix_sub_cost,0.0
5761,2026,reg1,Electricity_net_imports,fix_sub_cost,0.0
5762,2027,reg1,Electricity_net_imports,fix_sub_cost,0.0
5763,2028,reg1,Electricity_net_imports,fix_sub_cost,0.0
5764,2029,reg1,Electricity_net_imports,fix_sub_cost,0.0
5765,2030,reg1,Electricity_net_imports,fix_sub_cost,0.0
5766,2031,reg1,Electricity_net_imports,fix_sub_cost,0.0
5767,2032,reg1,Electricity_net_imports,fix_sub_cost,0.0
5768,2033,reg1,Electricity_net_imports,fix_sub_cost,0.0
5769,2034,reg1,Electricity_net_imports,fix_sub_cost,0.0
5770,2035,reg1,Electricity_net_imports,fix_sub_cost,0.0
5771,2036,reg1,Electricity_net_imports,fix_sub_cost,0.0
5772,2037,reg1,Electricity_net_imports,fix_sub_cost,0.0
5773,2038,reg1,Electricity_net_imports,fix_sub_cost,0.0
5774,2039,reg1,Electricity_net_imports,fix_sub_cost,0.0
5775,2040,reg1,Electricity_net_imports,fix_sub_cost,0.0
5776,2041,reg1,Electricity_net_imports,fix_sub_cost,0.0
5777,2042,reg1,Electricity_net_imports,fix_sub_cost,0.0
5778,2043,reg1,Electricity_net_imports,fix_sub_cost,0.0
5779,2044,reg1,Electricity_net_imports,fix_sub_cost,0.0
5780,2045,reg1,Electricity_net_imports,fix_sub_cost,0.0
5781,2046,reg1,Electricity_net_imports,fix_sub_cost,0.0
5782,2047,reg1,Electricity_net_imports,fix_sub_cost,0.0
5783,2048,reg1,Electricity_net_imports,fix_sub_cost,0.0
5784,2049,reg1,Electricity_net_imports,fix_sub_cost,0.0
5785,2050,reg1,Electricity_net_imports,fix_sub_cost,0.0
5786,2051,reg1,Electricity_net_imports,fix_sub_cost,0.0
5787,2052,reg1,Electricity_net_imports,fix_sub_cost,0.0
5788,2053,reg1,Electricity_net_imports,fix_sub_cost,0.0
5789,2054,reg1,Electricity_net_imports,fix_sub_cost,0.0
5790,2055,reg1,Electricity_net_imports,fix_sub_cost,0.0
5791,2056,reg1,Electricity_net_imports,fix_sub_cost,0.0
5792,2057,reg1,Electricity_net_imports,fix_sub_cost,0.0
5793,2058,reg1,Electricity_net_imports,fix_sub_cost,0.0
5794,2059,reg1,Electricity_net_imports,fix_sub_cost,0.0
5795,2060,reg1,Electricity_net_imports,fix_sub_cost,0.0
5796,2025,reg1,Geo_HP,fix_sub_cost,0.0
5797,2026,reg1,Geo_HP,fix_sub_cost,0.0
5798,2027,reg1,Geo_HP,fix_sub_cost,0.0
5799,2028,reg1,Geo_HP,fix_sub_cost,0.0
5800,2029,reg1,Geo_HP,fix_sub_cost,0.0
5801,2030,reg1,Geo_HP,fix_sub_cost,0.0
5802,2031,reg1,Geo_HP,fix_sub_cost,0.0
5803,2032,reg1,Geo_HP,fix_sub_cost,0.0
5804,2033,reg1,Geo_HP,fix_sub_cost,0.0
5805,2034,reg1,Geo_HP,fix_sub_cost,0.0
5806,2035,reg1,Geo_HP,fix_sub_cost,0.0
5807,2036,reg1,Geo_HP,fix_sub_cost,0.0
5808,2037,reg1,Geo_HP,fix_sub_cost,0.0
5809,2038,reg1,Geo_HP,fix_sub_cost,0.0
5810,2039,reg1,Geo_HP,fix_sub_cost,0.0
5811,2040,reg1,Geo_HP,fix_sub_cost,0.0
5812,2041,reg1,Geo_HP,fix_sub_cost,0.0
5813,2042,reg1,Geo_HP,fix_sub_cost,0.0
5814,2043,reg1,Geo_HP,fix_sub_cost,0.0
5815,2044,reg1,Geo_HP,fix_sub_cost,0.0
5816,2045,reg1,Geo_HP,fix_sub_cost,0.0
5817,2046,reg1,Geo_HP,fix_sub_cost,0.0
5818,2047,reg1,Geo_HP,fix_sub_cost,0.0
5819,2048,reg1,Geo_HP,fix_sub_cost,0.0
5820,2049,reg1,Geo_HP,fix_sub_cost,0.0
5821,2050,reg1,Geo_HP,fix_sub_cost,0.0
5822,2051,reg1,Geo_HP,fix_sub_cost,0.0
5823,2052,reg1,Geo_HP,fix_sub_cost,0.0
5824,2053,reg1,Geo_HP,fix_sub_cost,0.0
5825,2054,reg1,Geo_HP,fix_sub_cost,0.0
5826,2055,reg1,Geo_HP,fix_sub_cost,0.0
5827,2056,reg1,Geo_HP,fix_sub_cost,0.0
5828,2057,reg1,Geo_HP,fix_sub_cost,0.0
5829,2058,reg1,Geo_HP,fix_sub_cost,0.0
5830,2059,reg1,Geo_HP,fix_sub_cost,0.0
5831,2060,reg1,Geo_HP,fix_sub_cost,0.0
5832,2025,reg1,Pump_hydro_ST,fix_sub_cost,0.0
5833,2026,reg1,Pump_hydro_ST,fix_sub_cost,0.0
5834,2027,reg1,Pump_hydro_ST,fix_sub_cost,0.0
5835,2028,reg1,Pump_hydro_ST,fix_sub_cost,0.0
5836,2029,reg1,Pump_hydro_ST,fix_sub_cost,0.0
5837,2030,reg1,Pump_hydro_ST,fix_sub_cost,0.0
5838,2031,reg1,Pump_hydro_ST,fix_sub_cost,0.0
5839,2032,reg1,Pump_hydro_ST,fix_sub_cost,0.0
5840,2033,reg1,Pump_hydro_ST,fix_sub_cost,0.0
5841,2034,reg1,Pump_hydro_ST,fix_sub_cost,0.0
5842,2035,reg1,Pump_hydro_ST,fix_sub_cost,0.0
5843,2036,reg1,Pump_hydro_ST,fix_sub_cost,0.0
5844,2037,reg1,Pump_hydro_ST,fix_sub_cost,0.0
5845,2038,reg1,Pump_hydro_ST,fix_sub_cost,0.0
5846,2039,reg1,Pump_hydro_ST,fix_sub_cost,0.0
5847,2040,reg1,Pump_hydro_ST,fix_sub_cost,0.0
5848,2041,reg1,Pump_hydro_ST,fix_sub_cost,0.0
5849,2042,reg1,Pump_hydro_ST,fix_sub_cost,0.0
5850,2043,reg1,Pump_hydro_ST,fix_sub_cost,0.0
5851,2044,reg1,Pump_hydro_ST,fix_sub_cost,0.0
5852,2045,reg1,Pump_hydro_ST,fix_sub_cost,0.0
5853,2046,reg1,Pump_hydro_ST,fix_sub_cost,0.0
5854,2047,reg1,Pump_hydro_ST,fix_sub_cost,0.0
5855,2048,reg1,Pump_hydro_ST,fix_sub_cost,0.0
5856,2049,reg1,Pump_hydro_ST,fix_sub_cost,0.0
5857,2050,reg1,Pump_hydro_ST,fix_sub_cost,0.0
5858,2051,reg1,Pump_hydro_ST,fix_sub_cost,0.0
5859,2052,reg1,Pump_hydro_ST,fix_sub_cost,0.0
5860,2053,reg1,Pump_hydro_ST,fix_sub_cost,0.0
5861,2054,reg1,Pump_hydro_ST,fix_sub_cost,0.0
5862,2055,reg1,Pump_hydro_ST,fix_sub_cost,0.0
5863,2056,reg1,Pump_hydro_ST,fix_sub_cost,0.0
5864,2057,reg1,Pump_hydro_ST,fix_sub_cost,0.0
5865,2058,reg1,Pump_hydro_ST,fix_sub_cost,0.0
5866,2059,reg1,Pump_hydro_ST,fix_sub_cost,0.0
5867,2060,reg1,Pump_hydro_ST,fix_sub_cost,0.0
5868,2025,reg1,Electrochemical_ST,fix_sub_cost,0.0
5869,2026,reg1,Electrochemical_ST,fix_sub_cost,0.0
5870,2027,reg1,Electrochemical_ST,fix_sub_cost,0.0
5871,2028,reg1,Electrochemical_ST,fix_sub_cost,0.0
5872,2029,reg1,Electrochemical_ST,fix_sub_cost,0.0
5873,2030,reg1,Electrochemical_ST,fix_sub_cost,0.0
5874,2031,reg1,Electrochemical_ST,fix_sub_cost,0.0
5875,2032,reg1,Electrochemical_ST,fix_sub_cost,0.0
5876,2033,reg1,Electrochemical_ST,fix_sub_cost,0.0
5877,2034,reg1,Electrochemical_ST,fix_sub_cost,0.0
5878,2035,reg1,Electrochemical_ST,fix_sub_cost,0.0
5879,2036,reg1,Electrochemical_ST,fix_sub_cost,0.0
5880,2037,reg1,Electrochemical_ST,fix_sub_cost,0.0
5881,2038,reg1,Electrochemical_ST,fix_sub_cost,0.0
5882,2039,reg1,Electrochemical_ST,fix_sub_cost,0.0
5883,2040,reg1,Electrochemical_ST,fix_sub_cost,0.0
5884,2041,reg1,Electrochemical_ST,fix_sub_cost,0.0
5885,2042,reg1,Electrochemical_ST,fix_sub_cost,0.0
5886,2043,reg1,Electrochemical_ST,fix_sub_cost,0.0
5887,2044,reg1,Electrochemical_ST,fix_sub_cost,0.0
5888,2045,reg1,Electrochemical_ST,fix_sub_cost,0.0
5889,2046,reg1,Electrochemical_ST,fix_sub_cost,0.0
5890,2047,reg1,Electrochemical_ST,fix_sub_cost,0.0
5891,2048,reg1,Electrochemical_ST,fix_sub_cost,0.0
5892,2049,reg1,Electrochemical_ST,fix_sub_cost,0.0
5893,2050,reg1,Electrochemical_ST,fix_sub_cost,0.0
5894,2051,reg1,Electrochemical_ST,fix_sub_cost,0.0
5895,2052,reg1,Electrochemical_ST,fix_sub_cost,0.0
5896,2053,reg1,Electrochemical_ST,fix_sub_cost,0.0
5897,2054,reg1,Electrochemical_ST,fix_sub_cost,0.0
5898,2055,reg1,Electrochemical_ST,fix_sub_cost,0.0
5899,2056,reg1,Electrochemical_ST,fix_sub_cost,0.0
5900,2057,reg1,Electrochemical_ST,fix_sub_cost,0.0
5901,2058,reg1,Electrochemical_ST,fix_sub_cost,0.0
5902,2059,reg1,Electrochemical_ST,fix_sub_cost,0.0
5903,2060,reg1,Electrochemical_ST,fix_sub_cost,0.0
5904,2025,reg1,Hydrogen_ST,fix_sub_cost,0.0
5905,2026,reg1,Hydrogen_ST,fix_sub_cost,0.0
5906,2027,reg1,Hydrogen_ST,fix_sub_cost,0.0
5907,2028,reg1,Hydrogen_ST,fix_sub_cost,0.0
5908,2029,reg1,Hydrogen_ST,fix_sub_cost,0.0
5909,2030,reg1,Hydrogen_ST,fix_sub_cost,0.0
5910,2031,reg1,Hydrogen_ST,fix_sub_cost,0.0
5911,2032,reg1,Hydrogen_ST,fix_sub_cost,0.0
5912,2033,reg1,Hydrogen_ST,fix_sub_cost,0.0
5913,2034,reg1,Hydrogen_ST,fix_sub_cost,0.0
5914,2035,reg1,Hydrogen_ST,fix_sub_cost,0.0
5915,2036,reg1,Hydrogen_ST,fix_sub_cost,0.0
5916,2037,reg1,Hydrogen_ST,fix_sub_cost,0.0
5917,2038,reg1,Hydrogen_ST,fix_sub_cost,0.0
5918,2039,reg1,Hydrogen_ST,fix_sub_cost,0.0
5919,2040,reg1,Hydrogen_ST,fix_sub_cost,0.0
5920,2041,reg1,Hydrogen_ST,fix_sub_cost,0.0
5921,2042,reg1,Hydrogen_ST,fix_sub_cost,0.0
5922,2043,reg1,Hydrogen_ST,fix_sub_cost,0.0
5923,2044,reg1,Hydrogen_ST,fix_sub_cost,0.0
5924,2045,reg1,Hydrogen_ST,fix_sub_cost,0.0
5925,2046,reg1,Hydrogen_ST,fix_sub_cost,0.0
5926,2047,reg1,Hydrogen_ST,fix_sub_cost,0.0
5927,2048,reg1,Hydrogen_ST,fix_sub_cost,0.0
5928,2049,reg1,Hydrogen_ST,fix_sub_cost,0.0
5929,2050,reg1,Hydrogen_ST,fix_sub_cost,0.0
5930,2051,reg1,Hydrogen_ST,fix_sub_cost,0.0
5931,2052,reg1,Hydrogen_ST,fix_sub_cost,0.0
5932,2053,reg1,Hydrogen_ST,fix_sub_cost,0.0
5933,2054,reg1,Hydrogen_ST,fix_sub_cost,0.0
5934,2055,reg1,Hydrogen_ST,fix_sub_cost,0.0
5935,2056,reg1,Hydrogen_ST,fix_sub_cost,0.0
5936,2057,reg1,Hydrogen_ST,fix_sub_cost,0.0
5937,2058,reg1,Hydrogen_ST,fix_sub_cost,0.0
5938,2059,reg1,Hydrogen_ST,fix_sub_cost,0.0
5939,2060,reg1,Hydrogen_ST,fix_sub_cost,0.0
5940,2025,reg1,Thermal_ST,fix_sub_cost,0.0
5941,2026,reg1,Thermal_ST,fix_sub_cost,0.0
5942,2027,reg1,Thermal_ST,fix_sub_cost,0.0
5943,2028,reg1,Thermal_ST,fix_sub_cost,0.0
5944,2029,reg1,Thermal_ST,fix_sub_cost,0.0
5945,2030,reg1,Thermal_ST,fix_sub_cost,0.0
5946,2031,reg1,Thermal_ST,fix_sub_cost,0.0
5947,2032,reg1,Thermal_ST,fix_sub_cost,0.0
5948,2033,reg1,Thermal_ST,fix_sub_cost,0.0
5949,2034,reg1,Thermal_ST,fix_sub_cost,0.0
5950,2035,reg1,Thermal_ST,fix_sub_cost,0.0
5951,2036,reg1,Thermal_ST,fix_sub_cost,0.0
5952,2037,reg1,Thermal_ST,fix_sub_cost,0.0
5953,2038,reg1,Thermal_ST,fix_sub_cost,0.0
5954,2039,reg1,Thermal_ST,fix_sub_cost,0.0
5955,2040,reg1,Thermal_ST,fix_sub_cost,0.0
5956,2041,reg1,Thermal_ST,fix_sub_cost,0.0
5957,2042,reg1,Thermal_ST,fix_sub_cost,0.0
5958,2043,reg1,Thermal_ST,fix_sub_cost,0.0
5959,2044,reg1,Thermal_ST,fix_sub_cost,0.0
5960,2045,reg1,Thermal_ST,fix_sub_cost,0.0
5961,2046,reg1,Thermal_ST,fix_sub_cost,0.0
5962,2047,reg1,Thermal_ST,fix_sub_cost,0.0
5963,2048,reg1,Thermal_ST,fix_sub_cost,0.0
5964,2049,reg1,Thermal_ST,fix_sub_cost,0.0
5965,2050,reg1,Thermal_ST,fix_sub_cost,0.0
5966,2051,reg1,Thermal_ST,fix_sub_cost,0.0
5967,2052,reg1,Thermal_ST,fix_sub_cost,0.0
5968,2053,reg1,Thermal_ST,fix_sub_cost,0.0
5969,2054,reg1,Thermal_ST,fix_sub_cost,0.0
5970,2055,reg1,Thermal_ST,fix_sub_cost,0.0
5971,2056,reg1,Thermal_ST,fix_sub_cost,0.0
5972,2057,reg1,Thermal_ST,fix_sub_cost,0.0
5973,2058,reg1,Thermal_ST,fix_sub_cost,0.0
5974,2059,reg1,Thermal_ST,fix_sub_cost,0.0
5975,2060,reg1,Thermal_ST,fix_sub_cost,0.0
5976,2025,reg1,Thermal-H2_ST,fix_sub_cost,0.0
5977,2026,reg1,Thermal-H2_ST,fix_sub_cost,0.0
5978,2027,reg1,Thermal-H2_ST,fix_sub_cost,0.0
5979,2028,reg1,Thermal-H2_ST,fix_sub_cost,0.0
5980,2029,reg1,Thermal-H2_ST,fix_sub_cost,0.0
5981,2030,reg1,Thermal-H2_ST,fix_sub_cost,0.0
5982,2031,reg1,Thermal-H2_ST,fix_sub_cost,0.0
5983,2032,reg1,Thermal-H2_ST,fix_sub_cost,0.0
5984,2033,reg1,Thermal-H2_ST,fix_sub_cost,0.0
5985,2034,reg1,Thermal-H2_ST,fix_sub_cost,0.0
5986,2035,reg1,Thermal-H2_ST,fix_sub_cost,0.0
5987,2036,reg1,Thermal-H2_ST,fix_sub_cost,0.0
5988,2037,reg1,Thermal-H2_ST,fix_sub_cost,0.0
5989,2038,reg1,Thermal-H2_ST,fix_sub_cost,0.0
5990,2039,reg1,Thermal-H2_ST,fix_sub_cost,0.0
5991,2040,reg1,Thermal-H2_ST,fix_sub_cost,0.0
5992,2041,reg1,Thermal-H2_ST,fix_sub_cost,0.0
5993,2042,reg1,Thermal-H2_ST,fix_sub_cost,0.0
5994,2043,reg1,Thermal-H2_ST,fix_sub_cost,0.0
5995,2044,reg1,Thermal-H2_ST,fix_sub_cost,0.0
5996,2045,reg1,Thermal-H2_ST,fix_sub_cost,0.0
5997,2046,reg1,Thermal-H2_ST,fix_sub_cost,0.0
5998,2047,reg1,Thermal-H2_ST,fix_sub_cost,0.0
5999,2048,reg1,Thermal-H2_ST,fix_sub_cost,0.0
6000,2049,reg1,Thermal-H2_ST,fix_sub_cost,0.0
6001,2050,reg1,Thermal-H2_ST,fix_sub_cost,0.0
6002,2051,reg1,Thermal-H2_ST,fix_sub_cost,0.0
6003,2052,reg1,Thermal-H2_ST,fix_sub_cost,0.0
6004,2053,reg1,Thermal-H2_ST,fix_sub_cost,0.0
6005,2054,reg1,Thermal-H2_ST,fix_sub_cost,0.0
6006,2055,reg1,Thermal-H2_ST,fix_sub_cost,0.0
6007,2056,reg1,Thermal-H2_ST,fix_sub_cost,0.0
6008,2057,reg1,Thermal-H2_ST,fix_sub_cost,0.0
6009,2058,reg1,Thermal-H2_ST,fix_sub_cost,0.0
6010,2059,reg1,Thermal-H2_ST,fix_sub_cost,0.0
6011,2060,reg1,Thermal-H2_ST,fix_sub_cost,0.0
6012,2025,reg1,HTHP,fix_sub_cost,0.0
6013,2026,reg1,HTHP,fix_sub_cost,0.0
6014,2027,reg1,HTHP,fix_sub_cost,0.0
6015,2028,reg1,HTHP,fix_sub_cost,0.0
6016,2029,reg1,HTHP,fix_sub_cost,0.0
6017,2030,reg1,HTHP,fix_sub_cost,0.0
6018,2031,reg1,HTHP,fix_sub_cost,0.0
6019,2032,reg1,HTHP,fix_sub_cost,0.0
6020,2033,reg1,HTHP,fix_sub_cost,0.0
6021,2034,reg1,HTHP,fix_sub_cost,0.0
6022,2035,reg1,HTHP,fix_sub_cost,0.0
6023,2036,reg1,HTHP,fix_sub_cost,0.0
6024,2037,reg1,HTHP,fix_sub_cost,0.0
6025,2038,reg1,HTHP,fix_sub_cost,0.0
6026,2039,reg1,HTHP,fix_sub_cost,0.0
6027,2040,reg1,HTHP,fix_sub_cost,0.0
6028,2041,reg1,HTHP,fix_sub_cost,0.0
6029,2042,reg1,HTHP,fix_sub_cost,0.0
6030,2043,reg1,HTHP,fix_sub_cost,0.0
6031,2044,reg1,HTHP,fix_sub_cost,0.0
6032,2045,reg1,HTHP,fix_sub_cost,0.0
6033,2046,reg1,HTHP,fix_sub_cost,0.0
6034,2047,reg1,HTHP,fix_sub_cost,0.0
6035,2048,reg1,HTHP,fix_sub_cost,0.0
6036,2049,reg1,HTHP,fix_sub_cost,0.0
6037,2050,reg1,HTHP,fix_sub_cost,0.0
6038,2051,reg1,HTHP,fix_sub_cost,0.0
6039,2052,reg1,HTHP,fix_sub_cost,0.0
6040,2053,reg1,HTHP,fix_sub_cost,0.0
6041,2054,reg1,HTHP,fix_sub_cost,0.0
6042,2055,reg1,HTHP,fix_sub_cost,0.0
6043,2056,reg1,HTHP,fix_sub_cost,0.0
6044,2057,reg1,HTHP,fix_sub_cost,0.0
6045,2058,reg1,HTHP,fix_sub_cost,0.0
6046,2059,reg1,HTHP,fix_sub_cost,0.0
6047,2060,reg1,HTHP,fix_sub_cost,0.0
6048,2025,reg1,SMR,fix_sub_cost,0.0
6049,2026,reg1,SMR,fix_sub_cost,0.0
6050,2027,reg1,SMR,fix_sub_cost,0.0
6051,2028,reg1,SMR,fix_sub_cost,0.0
6052,2029,reg1,SMR,fix_sub_cost,0.0
6053,2030,reg1,SMR,fix_sub_cost,0.0
6054,2031,reg1,SMR,fix_sub_cost,0.0
6055,2032,reg1,SMR,fix_sub_cost,0.0
6056,2033,reg1,SMR,fix_sub_cost,0.0
6057,2034,reg1,SMR,fix_sub_cost,0.0
6058,2035,reg1,SMR,fix_sub_cost,0.0
6059,2036,reg1,SMR,fix_sub_cost,0.0
6060,2037,reg1,SMR,fix_sub_cost,0.0
6061,2038,reg1,SMR,fix_sub_cost,0.0
6062,2039,reg1,SMR,fix_sub_cost,0.0
6063,2040,reg1,SMR,fix_sub_cost,0.0
6064,2041,reg1,SMR,fix_sub_cost,0.0
6065,2042,reg1,SMR,fix_sub_cost,0.0
6066,2043,reg1,SMR,fix_sub_cost,0.0
6067,2044,reg1,SMR,fix_sub_cost,0.0
6068,2045,reg1,SMR,fix_sub_cost,0.0
6069,2046,reg1,SMR,fix_sub_cost,0.0
6070,2047,reg1,SMR,fix_sub_cost,0.0
6071,2048,reg1,SMR,fix_sub_cost,0.0
6072,2049,reg1,SMR,fix_sub_cost,0.0
6073,2050,reg1,SMR,fix_sub_cost,0.0
6074,2051,reg1,SMR,fix_sub_cost,0.0
6075,2052,reg1,SMR,fix_sub_cost,0.0
6076,2053,reg1,SMR,fix_sub_cost,0.0
6077,2054,reg1,SMR,fix_sub_cost,0.0
6078,2055,reg1,SMR,fix_sub_cost,0.0
6079,2056,reg1,SMR,fix_sub_cost,0.0
6080,2057,reg1,SMR,fix_sub_cost,0.0
6081,2058,reg1,SMR,fix_sub_cost,0.0
6082,2059,reg1,SMR,fix_sub_cost,0.0
6083,2060,reg1,SMR,fix_sub_cost,0.0
6084,2025,reg1,SMR_CCS,fix_sub_cost,0.0
6085,2026,reg1,SMR_CCS,fix_sub_cost,0.0
6086,2027,reg1,SMR_CCS,fix_sub_cost,0.0
6087,2028,reg1,SMR_CCS,fix_sub_cost,0.0
6088,2029,reg1,SMR_CCS,fix_sub_cost,0.0
6089,2030,reg1,SMR_CCS,fix_sub_cost,0.0
6090,2031,reg1,SMR_CCS,fix_sub_cost,0.0
6091,2032,reg1,SMR_CCS,fix_sub_cost,0.0
6092,2033,reg1,SMR_CCS,fix_sub_cost,0.0
6093,2034,reg1,SMR_CCS,fix_sub_cost,0.0
6094,2035,reg1,SMR_CCS,fix_sub_cost,0.0
6095,2036,reg1,SMR_CCS,fix_sub_cost,0.0
6096,2037,reg1,SMR_CCS,fix_sub_cost,0.0
6097,2038,reg1,SMR_CCS,fix_sub_cost,0.0
6098,2039,reg1,SMR_CCS,fix_sub_cost,0.0
6099,2040,reg1,SMR_CCS,fix_sub_cost,0.0
6100,2041,reg1,SMR_CCS,fix_sub_cost,0.0
6101,2042,reg1,SMR_CCS,fix_sub_cost,0.0
6102,2043,reg1,SMR_CCS,fix_sub_cost,0.0
6103,2044,reg1,SMR_CCS,fix_sub_cost,0.0
6104,2045,reg1,SMR_CCS,fix_sub_cost,0.0
6105,2046,reg1,SMR_CCS,fix_sub_cost,0.0
6106,2047,reg1,SMR_CCS,fix_sub_cost,0.0
6107,2048,reg1,SMR_CCS,fix_sub_cost,0.0
6108,2049,reg1,SMR_CCS,fix_sub_cost,0.0
6109,2050,reg1,SMR_CCS,fix_sub_cost,0.0
6110,2051,reg1,SMR_CCS,fix_sub_cost,0.0
6111,2052,reg1,SMR_CCS,fix_sub_cost,0.0
6112,2053,reg1,SMR_CCS,fix_sub_cost,0.0
6113,2054,reg1,SMR_CCS,fix_sub_cost,0.0
6114,2055,reg1,SMR_CCS,fix_sub_cost,0.0
6115,2056,reg1,SMR_CCS,fix_sub_cost,0.0
6116,2057,reg1,SMR_CCS,fix_sub_cost,0.0
6117,2058,reg1,SMR_CCS,fix_sub_cost,0.0
6118,2059,reg1,SMR_CCS,fix_sub_cost,0.0
6119,2060,reg1,SMR_CCS,fix_sub_cost,0.0
6120,2025,reg1,Electrolysis_PEM,fix_sub_cost,0.0
6121,2026,reg1,Electrolysis_PEM,fix_sub_cost,0.0
6122,2027,reg1,Electrolysis_PEM,fix_sub_cost,0.0
6123,2028,reg1,Electrolysis_PEM,fix_sub_cost,0.0
6124,2029,reg1,Electrolysis_PEM,fix_sub_cost,0.0
6125,2030,reg1,Electrolysis_PEM,fix_sub_cost,0.0
6126,2031,reg1,Electrolysis_PEM,fix_sub_cost,0.0
6127,2032,reg1,Electrolysis_PEM,fix_sub_cost,0.0
6128,2033,reg1,Electrolysis_PEM,fix_sub_cost,0.0
6129,2034,reg1,Electrolysis_PEM,fix_sub_cost,0.0
6130,2035,reg1,Electrolysis_PEM,fix_sub_cost,0.0
6131,2036,reg1,Electrolysis_PEM,fix_sub_cost,0.0
6132,2037,reg1,Electrolysis_PEM,fix_sub_cost,0.0
6133,2038,reg1,Electrolysis_PEM,fix_sub_cost,0.0
6134,2039,reg1,Electrolysis_PEM,fix_sub_cost,0.0
6135,2040,reg1,Electrolysis_PEM,fix_sub_cost,0.0
6136,2041,reg1,Electrolysis_PEM,fix_sub_cost,0.0
6137,2042,reg1,Electrolysis_PEM,fix_sub_cost,0.0
6138,2043,reg1,Electrolysis_PEM,fix_sub_cost,0.0
6139,2044,reg1,Electrolysis_PEM,fix_sub_cost,0.0
6140,2045,reg1,Electrolysis_PEM,fix_sub_cost,0.0
6141,2046,reg1,Electrolysis_PEM,fix_sub_cost,0.0
6142,2047,reg1,Electrolysis_PEM,fix_sub_cost,0.0
6143,2048,reg1,Electrolysis_PEM,fix_sub_cost,0.0
6144,2049,reg1,Electrolysis_PEM,fix_sub_cost,0.0
6145,2050,reg1,Electrolysis_PEM,fix_sub_cost,0.0
6146,2051,reg1,Electrolysis_PEM,fix_sub_cost,0.0
6147,2052,reg1,Electrolysis_PEM,fix_sub_cost,0.0
6148,2053,reg1,Electrolysis_PEM,fix_sub_cost,0.0
6149,2054,reg1,Electrolysis_PEM,fix_sub_cost,0.0
6150,2055,reg1,Electrolysis_PEM,fix_sub_cost,0.0
6151,2056,reg1,Electrolysis_PEM,fix_sub_cost,0.0
6152,2057,reg1,Electrolysis_PEM,fix_sub_cost,0.0
6153,2058,reg1,Electrolysis_PEM,fix_sub_cost,0.0
6154,2059,reg1,Electrolysis_PEM,fix_sub_cost,0.0
6155,2060,reg1,Electrolysis_PEM,fix_sub_cost,0.0
6156,2025,reg1,SFF_PP,fix_sub_cost,0.0
6157,2026,reg1,SFF_PP,fix_sub_cost,0.0
6158,2027,reg1,SFF_PP,fix_sub_cost,0.0
6159,2028,reg1,SFF_PP,fix_sub_cost,0.0
6160,2029,reg1,SFF_PP,fix_sub_cost,0.0
6161,2030,reg1,SFF_PP,fix_sub_cost,0.0
6162,2031,reg1,SFF_PP,fix_sub_cost,0.0
6163,2032,reg1,SFF_PP,fix_sub_cost,0.0
6164,2033,reg1,SFF_PP,fix_sub_cost,0.0
6165,2034,reg1,SFF_PP,fix_sub_cost,0.0
6166,2035,reg1,SFF_PP,fix_sub_cost,0.0
6167,2036,reg1,SFF_PP,fix_sub_cost,0.0
6168,2037,reg1,SFF_PP,fix_sub_cost,0.0
6169,2038,reg1,SFF_PP,fix_sub_cost,0.0
6170,2039,reg1,SFF_PP,fix_sub_cost,0.0
6171,2040,reg1,SFF_PP,fix_sub_cost,0.0
6172,2041,reg1,SFF_PP,fix_sub_cost,0.0
6173,2042,reg1,SFF_PP,fix_sub_cost,0.0
6174,2043,reg1,SFF_PP,fix_sub_cost,0.0
6175,2044,reg1,SFF_PP,fix_sub_cost,0.0
6176,2045,reg1,SFF_PP,fix_sub_cost,0.0
6177,2046,reg1,SFF_PP,fix_sub_cost,0.0
6178,2047,reg1,SFF_PP,fix_sub_cost,0.0
6179,2048,reg1,SFF_PP,fix_sub_cost,0.0
6180,2049,reg1,SFF_PP,fix_sub_cost,0.0
6181,2050,reg1,SFF_PP,fix_sub_cost,0.0
6182,2051,reg1,SFF_PP,fix_sub_cost,0.0
6183,2052,reg1,SFF_PP,fix_sub_cost,0.0
6184,2053,reg1,SFF_PP,fix_sub_cost,0.0
6185,2054,reg1,SFF_PP,fix_sub_cost,0.0
6186,2055,reg1,SFF_PP,fix_sub_cost,0.0
6187,2056,reg1,SFF_PP,fix_sub_cost,0.0
6188,2057,reg1,SFF_PP,fix_sub_cost,0.0
6189,2058,reg1,SFF_PP,fix_sub_cost,0.0
6190,2059,reg1,SFF_PP,fix_sub_cost,0.0
6191,2060,reg1,SFF_PP,fix_sub_cost,0.0
6192,2025,reg1,Nuc_SMR_PP,fix_sub_cost,0.0
6193,2026,reg1,Nuc_SMR_PP,fix_sub_cost,0.0
6194,2027,reg1,Nuc_SMR_PP,fix_sub_cost,0.0
6195,2028,reg1,Nuc_SMR_PP,fix_sub_cost,0.0
6196,2029,reg1,Nuc_SMR_PP,fix_sub_cost,0.0
6197,2030,reg1,Nuc_SMR_PP,fix_sub_cost,0.0
6198,2031,reg1,Nuc_SMR_PP,fix_sub_cost,0.0
6199,2032,reg1,Nuc_SMR_PP,fix_sub_cost,0.0
6200,2033,reg1,Nuc_SMR_PP,fix_sub_cost,0.0
6201,2034,reg1,Nuc_SMR_PP,fix_sub_cost,0.0
6202,2035,reg1,Nuc_SMR_PP,fix_sub_cost,0.0
6203,2036,reg1,Nuc_SMR_PP,fix_sub_cost,0.0
6204,2037,reg1,Nuc_SMR_PP,fix_sub_cost,0.0
6205,2038,reg1,Nuc_SMR_PP,fix_sub_cost,0.0
6206,2039,reg1,Nuc_SMR_PP,fix_sub_cost,0.0
6207,2040,reg1,Nuc_SMR_PP,fix_sub_cost,0.0
6208,2041,reg1,Nuc_SMR_PP,fix_sub_cost,0.0
6209,2042,reg1,Nuc_SMR_PP,fix_sub_cost,0.0
6210,2043,reg1,Nuc_SMR_PP,fix_sub_cost,0.0
6211,2044,reg1,Nuc_SMR_PP,fix_sub_cost,0.0
6212,2045,reg1,Nuc_SMR_PP,fix_sub_cost,0.0
6213,2046,reg1,Nuc_SMR_PP,fix_sub_cost,0.0
6214,2047,reg1,Nuc_SMR_PP,fix_sub_cost,0.0
6215,2048,reg1,Nuc_SMR_PP,fix_sub_cost,0.0
6216,2049,reg1,Nuc_SMR_PP,fix_sub_cost,0.0
6217,2050,reg1,Nuc_SMR_PP,fix_sub_cost,0.0
6218,2051,reg1,Nuc_SMR_PP,fix_sub_cost,0.0
6219,2052,reg1,Nuc_SMR_PP,fix_sub_cost,0.0
6220,2053,reg1,Nuc_SMR_PP,fix_sub_cost,0.0
6221,2054,reg1,Nuc_SMR_PP,fix_sub_cost,0.0
6222,2055,reg1,Nuc_SMR_PP,fix_sub_cost,0.0
6223,2056,reg1,Nuc_SMR_PP,fix_sub_cost,0.0
6224,2057,reg1,Nuc_SMR_PP,fix_sub_cost,0.0
6225,2058,reg1,Nuc_SMR_PP,fix_sub_cost,0.0
6226,2059,reg1,Nuc_SMR_PP,fix_sub_cost,0.0
6227,2060,reg1,Nuc_SMR_PP,fix_sub_cost,0.0
6228,2025,reg1,Nuc_G3+_PP,fix_sub_cost,0.0
6229,2026,reg1,Nuc_G3+_PP,fix_sub_cost,0.0
6230,2027,reg1,Nuc_G3+_PP,fix_sub_cost,0.0
6231,2028,reg1,Nuc_G3+_PP,fix_sub_cost,0.0
6232,2029,reg1,Nuc_G3+_PP,fix_sub_cost,0.0
6233,2030,reg1,Nuc_G3+_PP,fix_sub_cost,0.0
6234,2031,reg1,Nuc_G3+_PP,fix_sub_cost,0.0
6235,2032,reg1,Nuc_G3+_PP,fix_sub_cost,0.0
6236,2033,reg1,Nuc_G3+_PP,fix_sub_cost,0.0
6237,2034,reg1,Nuc_G3+_PP,fix_sub_cost,0.0
6238,2035,reg1,Nuc_G3+_PP,fix_sub_cost,0.0
6239,2036,reg1,Nuc_G3+_PP,fix_sub_cost,0.0
6240,2037,reg1,Nuc_G3+_PP,fix_sub_cost,0.0
6241,2038,reg1,Nuc_G3+_PP,fix_sub_cost,0.0
6242,2039,reg1,Nuc_G3+_PP,fix_sub_cost,0.0
6243,2040,reg1,Nuc_G3+_PP,fix_sub_cost,0.0
6244,2041,reg1,Nuc_G3+_PP,fix_sub_cost,0.0
6245,2042,reg1,Nuc_G3+_PP,fix_sub_cost,0.0
6246,2043,reg1,Nuc_G3+_PP,fix_sub_cost,0.0
6247,2044,reg1,Nuc_G3+_PP,fix_sub_cost,0.0
6248,2045,reg1,Nuc_G3+_PP,fix_sub_cost,0.0
6249,2046,reg1,Nuc_G3+_PP,fix_sub_cost,0.0
6250,2047,reg1,Nuc_G3+_PP,fix_sub_cost,0.0
6251,2048,reg1,Nuc_G3+_PP,fix_sub_cost,0.0
6252,2049,reg1,Nuc_G3+_PP,fix_sub_cost,0.0
6253,2050,reg1,Nuc_G3+_PP,fix_sub_cost,0.0
6254,2051,reg1,Nuc_G3+_PP,fix_sub_cost,0.0
6255,2052,reg1,Nuc_G3+_PP,fix_sub_cost,0.0
6256,2053,reg1,Nuc_G3+_PP,fix_sub_cost,0.0
6257,2054,reg1,Nuc_G3+_PP,fix_sub_cost,0.0
6258,2055,reg1,Nuc_G3+_PP,fix_sub_cost,0.0
6259,2056,reg1,Nuc_G3+_PP,fix_sub_cost,0.0
6260,2057,reg1,Nuc_G3+_PP,fix_sub_cost,0.0
6261,2058,reg1,Nuc_G3+_PP,fix_sub_cost,0.0
6262,2059,reg1,Nuc_G3+_PP,fix_sub_cost,0.0
6263,2060,reg1,Nuc_G3+_PP,fix_sub_cost,0.0
6264,2025,reg1,Nuc_SMR_CHP,fix_sub_cost,0.0
6265,2026,reg1,Nuc_SMR_CHP,fix_sub_cost,0.0
6266,2027,reg1,Nuc_SMR_CHP,fix_sub_cost,0.0
6267,2028,reg1,Nuc_SMR_CHP,fix_sub_cost,0.0
6268,2029,reg1,Nuc_SMR_CHP,fix_sub_cost,0.0
6269,2030,reg1,Nuc_SMR_CHP,fix_sub_cost,0.0
6270,2031,reg1,Nuc_SMR_CHP,fix_sub_cost,0.0
6271,2032,reg1,Nuc_SMR_CHP,fix_sub_cost,0.0
6272,2033,reg1,Nuc_SMR_CHP,fix_sub_cost,0.0
6273,2034,reg1,Nuc_SMR_CHP,fix_sub_cost,0.0
6274,2035,reg1,Nuc_SMR_CHP,fix_sub_cost,0.0
6275,2036,reg1,Nuc_SMR_CHP,fix_sub_cost,0.0
6276,2037,reg1,Nuc_SMR_CHP,fix_sub_cost,0.0
6277,2038,reg1,Nuc_SMR_CHP,fix_sub_cost,0.0
6278,2039,reg1,Nuc_SMR_CHP,fix_sub_cost,0.0
6279,2040,reg1,Nuc_SMR_CHP,fix_sub_cost,0.0
6280,2041,reg1,Nuc_SMR_CHP,fix_sub_cost,0.0
6281,2042,reg1,Nuc_SMR_CHP,fix_sub_cost,0.0
6282,2043,reg1,Nuc_SMR_CHP,fix_sub_cost,0.0
6283,2044,reg1,Nuc_SMR_CHP,fix_sub_cost,0.0
6284,2045,reg1,Nuc_SMR_CHP,fix_sub_cost,0.0
6285,2046,reg1,Nuc_SMR_CHP,fix_sub_cost,0.0
6286,2047,reg1,Nuc_SMR_CHP,fix_sub_cost,0.0
6287,2048,reg1,Nuc_SMR_CHP,fix_sub_cost,0.0
6288,2049,reg1,Nuc_SMR_CHP,fix_sub_cost,0.0
6289,2050,reg1,Nuc_SMR_CHP,fix_sub_cost,0.0
6290,2051,reg1,Nuc_SMR_CHP,fix_sub_cost,0.0
6291,2052,reg1,Nuc_SMR_CHP,fix_sub_cost,0.0
6292,2053,reg1,Nuc_SMR_CHP,fix_sub_cost,0.0
6293,2054,reg1,Nuc_SMR_CHP,fix_sub_cost,0.0
6294,2055,reg1,Nuc_SMR_CHP,fix_sub_cost,0.0
6295,2056,reg1,Nuc_SMR_CHP,fix_sub_cost,0.0
6296,2057,reg1,Nuc_SMR_CHP,fix_sub_cost,0.0
6297,2058,reg1,Nuc_SMR_CHP,fix_sub_cost,0.0
6298,2059,reg1,Nuc_SMR_CHP,fix_sub_cost,0.0
6299,2060,reg1,Nuc_SMR_CHP,fix_sub_cost,0.0
6300,2025,reg1,Nuc_SMR_Power-CHP,fix_sub_cost,0.0
6301,2026,reg1,Nuc_SMR_Power-CHP,fix_sub_cost,0.0
6302,2027,reg1,Nuc_SMR_Power-CHP,fix_sub_cost,0.0
6303,2028,reg1,Nuc_SMR_Power-CHP,fix_sub_cost,0.0
6304,2029,reg1,Nuc_SMR_Power-CHP,fix_sub_cost,0.0
6305,2030,reg1,Nuc_SMR_Power-CHP,fix_sub_cost,0.0
6306,2031,reg1,Nuc_SMR_Power-CHP,fix_sub_cost,0.0
6307,2032,reg1,Nuc_SMR_Power-CHP,fix_sub_cost,0.0
6308,2033,reg1,Nuc_SMR_Power-CHP,fix_sub_cost,0.0
6309,2034,reg1,Nuc_SMR_Power-CHP,fix_sub_cost,0.0
6310,2035,reg1,Nuc_SMR_Power-CHP,fix_sub_cost,0.0
6311,2036,reg1,Nuc_SMR_Power-CHP,fix_sub_cost,0.0
6312,2037,reg1,Nuc_SMR_Power-CHP,fix_sub_cost,0.0
6313,2038,reg1,Nuc_SMR_Power-CHP,fix_sub_cost,0.0
6314,2039,reg1,Nuc_SMR_Power-CHP,fix_sub_cost,0.0
6315,2040,reg1,Nuc_SMR_Power-CHP,fix_sub_cost,0.0
6316,2041,reg1,Nuc_SMR_Power-CHP,fix_sub_cost,0.0
6317,2042,reg1,Nuc_SMR_Power-CHP,fix_sub_cost,0.0
6318,2043,reg1,Nuc_SMR_Power-CHP,fix_sub_cost,0.0
6319,2044,reg1,Nuc_SMR_Power-CHP,fix_sub_cost,0.0
6320,2045,reg1,Nuc_SMR_Power-CHP,fix_sub_cost,0.0
6321,2046,reg1,Nuc_SMR_Power-CHP,fix_sub_cost,0.0
6322,2047,reg1,Nuc_SMR_Power-CHP,fix_sub_cost,0.0
6323,2048,reg1,Nuc_SMR_Power-CHP,fix_sub_cost,0.0
6324,2049,reg1,Nuc_SMR_Power-CHP,fix_sub_cost,0.0
6325,2050,reg1,Nuc_SMR_Power-CHP,fix_sub_cost,0.0
6326,2051,reg1,Nuc_SMR_Power-CHP,fix_sub_cost,0.0
6327,2052,reg1,Nuc_SMR_Power-CHP,fix_sub_cost,0.0
6328,2053,reg1,Nuc_SMR_Power-CHP,fix_sub_cost,0.0
6329,2054,reg1,Nuc_SMR_Power-CHP,fix_sub_cost,0.0
6330,2055,reg1,Nuc_SMR_Power-CHP,fix_sub_cost,0.0
6331,2056,reg1,Nuc_SMR_Power-CHP,fix_sub_cost,0.0
6332,2057,reg1,Nuc_SMR_Power-CHP,fix_sub_cost,0.0
6333,2058,reg1,Nuc_SMR_Power-CHP,fix_sub_cost,0.0
6334,2059,reg1,Nuc_SMR_Power-CHP,fix_sub_cost,0.0
6335,2060,reg1,Nuc_SMR_Power-CHP,fix_sub_cost,0.0
6336,2025,reg1,Nuc_SMR_Heat-CHP,fix_sub_cost,0.0
6337,2026,reg1,Nuc_SMR_Heat-CHP,fix_sub_cost,0.0
6338,2027,reg1,Nuc_SMR_Heat-CHP,fix_sub_cost,0.0
6339,2028,reg1,Nuc_SMR_Heat-CHP,fix_sub_cost,0.0
6340,2029,reg1,Nuc_SMR_Heat-CHP,fix_sub_cost,0.0
6341,2030,reg1,Nuc_SMR_Heat-CHP,fix_sub_cost,0.0
6342,2031,reg1,Nuc_SMR_Heat-CHP,fix_sub_cost,0.0
6343,2032,reg1,Nuc_SMR_Heat-CHP,fix_sub_cost,0.0
6344,2033,reg1,Nuc_SMR_Heat-CHP,fix_sub_cost,0.0
6345,2034,reg1,Nuc_SMR_Heat-CHP,fix_sub_cost,0.0
6346,2035,reg1,Nuc_SMR_Heat-CHP,fix_sub_cost,0.0
6347,2036,reg1,Nuc_SMR_Heat-CHP,fix_sub_cost,0.0
6348,2037,reg1,Nuc_SMR_Heat-CHP,fix_sub_cost,0.0
6349,2038,reg1,Nuc_SMR_Heat-CHP,fix_sub_cost,0.0
6350,2039,reg1,Nuc_SMR_Heat-CHP,fix_sub_cost,0.0
6351,2040,reg1,Nuc_SMR_Heat-CHP,fix_sub_cost,0.0
6352,2041,reg1,Nuc_SMR_Heat-CHP,fix_sub_cost,0.0
6353,2042,reg1,Nuc_SMR_Heat-CHP,fix_sub_cost,0.0
6354,2043,reg1,Nuc_SMR_Heat-CHP,fix_sub_cost,0.0
6355,2044,reg1,Nuc_SMR_Heat-CHP,fix_sub_cost,0.0
6356,2045,reg1,Nuc_SMR_Heat-CHP,fix_sub_cost,0.0
6357,2046,reg1,Nuc_SMR_Heat-CHP,fix_sub_cost,0.0
6358,2047,reg1,Nuc_SMR_Heat-CHP,fix_sub_cost,0.0
6359,2048,reg1,Nuc_SMR_Heat-CHP,fix_sub_cost,0.0
6360,2049,reg1,Nuc_SMR_Heat-CHP,fix_sub_cost,0.0
6361,2050,reg1,Nuc_SMR_Heat-CHP,fix_sub_cost,0.0
6362,2051,reg1,Nuc_SMR_Heat-CHP,fix_sub_cost,0.0
6363,2052,reg1,Nuc_SMR_Heat-CHP,fix_sub_cost,0.0
6364,2053,reg1,Nuc_SMR_Heat-CHP,fix_sub_cost,0.0
6365,2054,reg1,Nuc_SMR_Heat-CHP,fix_sub_cost,0.0
6366,2055,reg1,Nuc_SMR_Heat-CHP,fix_sub_cost,0.0
6367,2056,reg1,Nuc_SMR_Heat-CHP,fix_sub_cost,0.0
6368,2057,reg1,Nuc_SMR_Heat-CHP,fix_sub_cost,0.0
6369,2058,reg1,Nuc_SMR_Heat-CHP,fix_sub_cost,0.0
6370,2059,reg1,Nuc_SMR_Heat-CHP,fix_sub_cost,0.0
6371,2060,reg1,Nuc_SMR_Heat-CHP,fix_sub_cost,0.0
6372,2025,reg1,Nuc_SMR-H2_CHP,fix_sub_cost,0.0
6373,2026,reg1,Nuc_SMR-H2_CHP,fix_sub_cost,0.0
6374,2027,reg1,Nuc_SMR-H2_CHP,fix_sub_cost,0.0
6375,2028,reg1,Nuc_SMR-H2_CHP,fix_sub_cost,0.0
6376,2029,reg1,Nuc_SMR-H2_CHP,fix_sub_cost,0.0
6377,2030,reg1,Nuc_SMR-H2_CHP,fix_sub_cost,0.0
6378,2031,reg1,Nuc_SMR-H2_CHP,fix_sub_cost,0.0
6379,2032,reg1,Nuc_SMR-H2_CHP,fix_sub_cost,0.0
6380,2033,reg1,Nuc_SMR-H2_CHP,fix_sub_cost,0.0
6381,2034,reg1,Nuc_SMR-H2_CHP,fix_sub_cost,0.0
6382,2035,reg1,Nuc_SMR-H2_CHP,fix_sub_cost,0.0
6383,2036,reg1,Nuc_SMR-H2_CHP,fix_sub_cost,0.0
6384,2037,reg1,Nuc_SMR-H2_CHP,fix_sub_cost,0.0
6385,2038,reg1,Nuc_SMR-H2_CHP,fix_sub_cost,0.0
6386,2039,reg1,Nuc_SMR-H2_CHP,fix_sub_cost,0.0
6387,2040,reg1,Nuc_SMR-H2_CHP,fix_sub_cost,0.0
6388,2041,reg1,Nuc_SMR-H2_CHP,fix_sub_cost,0.0
6389,2042,reg1,Nuc_SMR-H2_CHP,fix_sub_cost,0.0
6390,2043,reg1,Nuc_SMR-H2_CHP,fix_sub_cost,0.0
6391,2044,reg1,Nuc_SMR-H2_CHP,fix_sub_cost,0.0
6392,2045,reg1,Nuc_SMR-H2_CHP,fix_sub_cost,0.0
6393,2046,reg1,Nuc_SMR-H2_CHP,fix_sub_cost,0.0
6394,2047,reg1,Nuc_SMR-H2_CHP,fix_sub_cost,0.0
6395,2048,reg1,Nuc_SMR-H2_CHP,fix_sub_cost,0.0
6396,2049,reg1,Nuc_SMR-H2_CHP,fix_sub_cost,0.0
6397,2050,reg1,Nuc_SMR-H2_CHP,fix_sub_cost,0.0
6398,2051,reg1,Nuc_SMR-H2_CHP,fix_sub_cost,0.0
6399,2052,reg1,Nuc_SMR-H2_CHP,fix_sub_cost,0.0
6400,2053,reg1,Nuc_SMR-H2_CHP,fix_sub_cost,0.0
6401,2054,reg1,Nuc_SMR-H2_CHP,fix_sub_cost,0.0
6402,2055,reg1,Nuc_SMR-H2_CHP,fix_sub_cost,0.0
6403,2056,reg1,Nuc_SMR-H2_CHP,fix_sub_cost,0.0
6404,2057,reg1,Nuc_SMR-H2_CHP,fix_sub_cost,0.0
6405,2058,reg1,Nuc_SMR-H2_CHP,fix_sub_cost,0.0
6406,2059,reg1,Nuc_SMR-H2_CHP,fix_sub_cost,0.0
6407,2060,reg1,Nuc_SMR-H2_CHP,fix_sub_cost,0.0
6408,2025,reg1,Nuc_SMR-H2_Power-CHP,fix_sub_cost,0.0
6409,2026,reg1,Nuc_SMR-H2_Power-CHP,fix_sub_cost,0.0
6410,2027,reg1,Nuc_SMR-H2_Power-CHP,fix_sub_cost,0.0
6411,2028,reg1,Nuc_SMR-H2_Power-CHP,fix_sub_cost,0.0
6412,2029,reg1,Nuc_SMR-H2_Power-CHP,fix_sub_cost,0.0
6413,2030,reg1,Nuc_SMR-H2_Power-CHP,fix_sub_cost,0.0
6414,2031,reg1,Nuc_SMR-H2_Power-CHP,fix_sub_cost,0.0
6415,2032,reg1,Nuc_SMR-H2_Power-CHP,fix_sub_cost,0.0
6416,2033,reg1,Nuc_SMR-H2_Power-CHP,fix_sub_cost,0.0
6417,2034,reg1,Nuc_SMR-H2_Power-CHP,fix_sub_cost,0.0
6418,2035,reg1,Nuc_SMR-H2_Power-CHP,fix_sub_cost,0.0
6419,2036,reg1,Nuc_SMR-H2_Power-CHP,fix_sub_cost,0.0
6420,2037,reg1,Nuc_SMR-H2_Power-CHP,fix_sub_cost,0.0
6421,2038,reg1,Nuc_SMR-H2_Power-CHP,fix_sub_cost,0.0
6422,2039,reg1,Nuc_SMR-H2_Power-CHP,fix_sub_cost,0.0
6423,2040,reg1,Nuc_SMR-H2_Power-CHP,fix_sub_cost,0.0
6424,2041,reg1,Nuc_SMR-H2_Power-CHP,fix_sub_cost,0.0
6425,2042,reg1,Nuc_SMR-H2_Power-CHP,fix_sub_cost,0.0
6426,2043,reg1,Nuc_SMR-H2_Power-CHP,fix_sub_cost,0.0
6427,2044,reg1,Nuc_SMR-H2_Power-CHP,fix_sub_cost,0.0
6428,2045,reg1,Nuc_SMR-H2_Power-CHP,fix_sub_cost,0.0
6429,2046,reg1,Nuc_SMR-H2_Power-CHP,fix_sub_cost,0.0
6430,2047,reg1,Nuc_SMR-H2_Power-CHP,fix_sub_cost,0.0
6431,2048,reg1,Nuc_SMR-H2_Power-CHP,fix_sub_cost,0.0
6432,2049,reg1,Nuc_SMR-H2_Power-CHP,fix_sub_cost,0.0
6433,2050,reg1,Nuc_SMR-H2_Power-CHP,fix_sub_cost,0.0
6434,2051,reg1,Nuc_SMR-H2_Power-CHP,fix_sub_cost,0.0
6435,2052,reg1,Nuc_SMR-H2_Power-CHP,fix_sub_cost,0.0
6436,2053,reg1,Nuc_SMR-H2_Power-CHP,fix_sub_cost,0.0
6437,2054,reg1,Nuc_SMR-H2_Power-CHP,fix_sub_cost,0.0
6438,2055,reg1,Nuc_SMR-H2_Power-CHP,fix_sub_cost,0.0
6439,2056,reg1,Nuc_SMR-H2_Power-CHP,fix_sub_cost,0.0
6440,2057,reg1,Nuc_SMR-H2_Power-CHP,fix_sub_cost,0.0
6441,2058,reg1,Nuc_SMR-H2_Power-CHP,fix_sub_cost,0.0
6442,2059,reg1,Nuc_SMR-H2_Power-CHP,fix_sub_cost,0.0
6443,2060,reg1,Nuc_SMR-H2_Power-CHP,fix_sub_cost,0.0
6444,2025,reg1,Nuc_SMR-H2_Heat-CHP,fix_sub_cost,0.0
6445,2026,reg1,Nuc_SMR-H2_Heat-CHP,fix_sub_cost,0.0
6446,2027,reg1,Nuc_SMR-H2_Heat-CHP,fix_sub_cost,0.0
6447,2028,reg1,Nuc_SMR-H2_Heat-CHP,fix_sub_cost,0.0
6448,2029,reg1,Nuc_SMR-H2_Heat-CHP,fix_sub_cost,0.0
6449,2030,reg1,Nuc_SMR-H2_Heat-CHP,fix_sub_cost,0.0
6450,2031,reg1,Nuc_SMR-H2_Heat-CHP,fix_sub_cost,0.0
6451,2032,reg1,Nuc_SMR-H2_Heat-CHP,fix_sub_cost,0.0
6452,2033,reg1,Nuc_SMR-H2_Heat-CHP,fix_sub_cost,0.0
6453,2034,reg1,Nuc_SMR-H2_Heat-CHP,fix_sub_cost,0.0
6454,2035,reg1,Nuc_SMR-H2_Heat-CHP,fix_sub_cost,0.0
6455,2036,reg1,Nuc_SMR-H2_Heat-CHP,fix_sub_cost,0.0
6456,2037,reg1,Nuc_SMR-H2_Heat-CHP,fix_sub_cost,0.0
6457,2038,reg1,Nuc_SMR-H2_Heat-CHP,fix_sub_cost,0.0
6458,2039,reg1,Nuc_SMR-H2_Heat-CHP,fix_sub_cost,0.0
6459,2040,reg1,Nuc_SMR-H2_Heat-CHP,fix_sub_cost,0.0
6460,2041,reg1,Nuc_SMR-H2_Heat-CHP,fix_sub_cost,0.0
6461,2042,reg1,Nuc_SMR-H2_Heat-CHP,fix_sub_cost,0.0
6462,2043,reg1,Nuc_SMR-H2_Heat-CHP,fix_sub_cost,0.0
6463,2044,reg1,Nuc_SMR-H2_Heat-CHP,fix_sub_cost,0.0
6464,2045,reg1,Nuc_SMR-H2_Heat-CHP,fix_sub_cost,0.0
6465,2046,reg1,Nuc_SMR-H2_Heat-CHP,fix_sub_cost,0.0
6466,2047,reg1,Nuc_SMR-H2_Heat-CHP,fix_sub_cost,0.0
6467,2048,reg1,Nuc_SMR-H2_Heat-CHP,fix_sub_cost,0.0
6468,2049,reg1,Nuc_SMR-H2_Heat-CHP,fix_sub_cost,0.0
6469,2050,reg1,Nuc_SMR-H2_Heat-CHP,fix_sub_cost,0.0
6470,2051,reg1,Nuc_SMR-H2_Heat-CHP,fix_sub_cost,0.0
6471,2052,reg1,Nuc_SMR-H2_Heat-CHP,fix_sub_cost,0.0
6472,2053,reg1,Nuc_SMR-H2_Heat-CHP,fix_sub_cost,0.0
6473,2054,reg1,Nuc_SMR-H2_Heat-CHP,fix_sub_cost,0.0
6474,2055,reg1,Nuc_SMR-H2_Heat-CHP,fix_sub_cost,0.0
6475,2056,reg1,Nuc_SMR-H2_Heat-CHP,fix_sub_cost,0.0
6476,2057,reg1,Nuc_SMR-H2_Heat-CHP,fix_sub_cost,0.0
6477,2058,reg1,Nuc_SMR-H2_Heat-CHP,fix_sub_cost,0.0
6478,2059,reg1,Nuc_SMR-H2_Heat-CHP,fix_sub_cost,0.0
6479,2060,reg1,Nuc_SMR-H2_Heat-CHP,fix_sub_cost,0.0
6480,2025,reg1,NGCC-CCS_CHP,fix_sub_cost,0.0
6481,2026,reg1,NGCC-CCS_CHP,fix_sub_cost,0.0
6482,2027,reg1,NGCC-CCS_CHP,fix_sub_cost,0.0
6483,2028,reg1,NGCC-CCS_CHP,fix_sub_cost,0.0
6484,2029,reg1,NGCC-CCS_CHP,fix_sub_cost,0.0
6485,2030,reg1,NGCC-CCS_CHP,fix_sub_cost,0.0
6486,2031,reg1,NGCC-CCS_CHP,fix_sub_cost,0.0
6487,2032,reg1,NGCC-CCS_CHP,fix_sub_cost,0.0
6488,2033,reg1,NGCC-CCS_CHP,fix_sub_cost,0.0
6489,2034,reg1,NGCC-CCS_CHP,fix_sub_cost,0.0
6490,2035,reg1,NGCC-CCS_CHP,fix_sub_cost,0.0
6491,2036,reg1,NGCC-CCS_CHP,fix_sub_cost,0.0
6492,2037,reg1,NGCC-CCS_CHP,fix_sub_cost,0.0
6493,2038,reg1,NGCC-CCS_CHP,fix_sub_cost,0.0
6494,2039,reg1,NGCC-CCS_CHP,fix_sub_cost,0.0
6495,2040,reg1,NGCC-CCS_CHP,fix_sub_cost,0.0
6496,2041,reg1,NGCC-CCS_CHP,fix_sub_cost,0.0
6497,2042,reg1,NGCC-CCS_CHP,fix_sub_cost,0.0
6498,2043,reg1,NGCC-CCS_CHP,fix_sub_cost,0.0
6499,2044,reg1,NGCC-CCS_CHP,fix_sub_cost,0.0
6500,2045,reg1,NGCC-CCS_CHP,fix_sub_cost,0.0
6501,2046,reg1,NGCC-CCS_CHP,fix_sub_cost,0.0
6502,2047,reg1,NGCC-CCS_CHP,fix_sub_cost,0.0
6503,2048,reg1,NGCC-CCS_CHP,fix_sub_cost,0.0
6504,2049,reg1,NGCC-CCS_CHP,fix_sub_cost,0.0
6505,2050,reg1,NGCC-CCS_CHP,fix_sub_cost,0.0
6506,2051,reg1,NGCC-CCS_CHP,fix_sub_cost,0.0
6507,2052,reg1,NGCC-CCS_CHP,fix_sub_cost,0.0
6508,2053,reg1,NGCC-CCS_CHP,fix_sub_cost,0.0
6509,2054,reg1,NGCC-CCS_CHP,fix_sub_cost,0.0
6510,2055,reg1,NGCC-CCS_CHP,fix_sub_cost,0.0
6511,2056,reg1,NGCC-CCS_CHP,fix_sub_cost,0.0
6512,2057,reg1,NGCC-CCS_CHP,fix_sub_cost,0.0
6513,2058,reg1,NGCC-CCS_CHP,fix_sub_cost,0.0
6514,2059,reg1,NGCC-CCS_CHP,fix_sub_cost,0.0
6515,2060,reg1,NGCC-CCS_CHP,fix_sub_cost,0.0
6516,2025,reg1,NGCC-CCS_Power-CHP,fix_sub_cost,0.0
6517,2026,reg1,NGCC-CCS_Power-CHP,fix_sub_cost,0.0
6518,2027,reg1,NGCC-CCS_Power-CHP,fix_sub_cost,0.0
6519,2028,reg1,NGCC-CCS_Power-CHP,fix_sub_cost,0.0
6520,2029,reg1,NGCC-CCS_Power-CHP,fix_sub_cost,0.0
6521,2030,reg1,NGCC-CCS_Power-CHP,fix_sub_cost,0.0
6522,2031,reg1,NGCC-CCS_Power-CHP,fix_sub_cost,0.0
6523,2032,reg1,NGCC-CCS_Power-CHP,fix_sub_cost,0.0
6524,2033,reg1,NGCC-CCS_Power-CHP,fix_sub_cost,0.0
6525,2034,reg1,NGCC-CCS_Power-CHP,fix_sub_cost,0.0
6526,2035,reg1,NGCC-CCS_Power-CHP,fix_sub_cost,0.0
6527,2036,reg1,NGCC-CCS_Power-CHP,fix_sub_cost,0.0
6528,2037,reg1,NGCC-CCS_Power-CHP,fix_sub_cost,0.0
6529,2038,reg1,NGCC-CCS_Power-CHP,fix_sub_cost,0.0
6530,2039,reg1,NGCC-CCS_Power-CHP,fix_sub_cost,0.0
6531,2040,reg1,NGCC-CCS_Power-CHP,fix_sub_cost,0.0
6532,2041,reg1,NGCC-CCS_Power-CHP,fix_sub_cost,0.0
6533,2042,reg1,NGCC-CCS_Power-CHP,fix_sub_cost,0.0
6534,2043,reg1,NGCC-CCS_Power-CHP,fix_sub_cost,0.0
6535,2044,reg1,NGCC-CCS_Power-CHP,fix_sub_cost,0.0
6536,2045,reg1,NGCC-CCS_Power-CHP,fix_sub_cost,0.0
6537,2046,reg1,NGCC-CCS_Power-CHP,fix_sub_cost,0.0
6538,2047,reg1,NGCC-CCS_Power-CHP,fix_sub_cost,0.0
6539,2048,reg1,NGCC-CCS_Power-CHP,fix_sub_cost,0.0
6540,2049,reg1,NGCC-CCS_Power-CHP,fix_sub_cost,0.0
6541,2050,reg1,NGCC-CCS_Power-CHP,fix_sub_cost,0.0
6542,2051,reg1,NGCC-CCS_Power-CHP,fix_sub_cost,0.0
6543,2052,reg1,NGCC-CCS_Power-CHP,fix_sub_cost,0.0
6544,2053,reg1,NGCC-CCS_Power-CHP,fix_sub_cost,0.0
6545,2054,reg1,NGCC-CCS_Power-CHP,fix_sub_cost,0.0
6546,2055,reg1,NGCC-CCS_Power-CHP,fix_sub_cost,0.0
6547,2056,reg1,NGCC-CCS_Power-CHP,fix_sub_cost,0.0
6548,2057,reg1,NGCC-CCS_Power-CHP,fix_sub_cost,0.0
6549,2058,reg1,NGCC-CCS_Power-CHP,fix_sub_cost,0.0
6550,2059,reg1,NGCC-CCS_Power-CHP,fix_sub_cost,0.0
6551,2060,reg1,NGCC-CCS_Power-CHP,fix_sub_cost,0.0
6552,2025,reg1,NGCC-CCS_Heat-CHP,fix_sub_cost,0.0
6553,2026,reg1,NGCC-CCS_Heat-CHP,fix_sub_cost,0.0
6554,2027,reg1,NGCC-CCS_Heat-CHP,fix_sub_cost,0.0
6555,2028,reg1,NGCC-CCS_Heat-CHP,fix_sub_cost,0.0
6556,2029,reg1,NGCC-CCS_Heat-CHP,fix_sub_cost,0.0
6557,2030,reg1,NGCC-CCS_Heat-CHP,fix_sub_cost,0.0
6558,2031,reg1,NGCC-CCS_Heat-CHP,fix_sub_cost,0.0
6559,2032,reg1,NGCC-CCS_Heat-CHP,fix_sub_cost,0.0
6560,2033,reg1,NGCC-CCS_Heat-CHP,fix_sub_cost,0.0
6561,2034,reg1,NGCC-CCS_Heat-CHP,fix_sub_cost,0.0
6562,2035,reg1,NGCC-CCS_Heat-CHP,fix_sub_cost,0.0
6563,2036,reg1,NGCC-CCS_Heat-CHP,fix_sub_cost,0.0
6564,2037,reg1,NGCC-CCS_Heat-CHP,fix_sub_cost,0.0
6565,2038,reg1,NGCC-CCS_Heat-CHP,fix_sub_cost,0.0
6566,2039,reg1,NGCC-CCS_Heat-CHP,fix_sub_cost,0.0
6567,2040,reg1,NGCC-CCS_Heat-CHP,fix_sub_cost,0.0
6568,2041,reg1,NGCC-CCS_Heat-CHP,fix_sub_cost,0.0
6569,2042,reg1,NGCC-CCS_Heat-CHP,fix_sub_cost,0.0
6570,2043,reg1,NGCC-CCS_Heat-CHP,fix_sub_cost,0.0
6571,2044,reg1,NGCC-CCS_Heat-CHP,fix_sub_cost,0.0
6572,2045,reg1,NGCC-CCS_Heat-CHP,fix_sub_cost,0.0
6573,2046,reg1,NGCC-CCS_Heat-CHP,fix_sub_cost,0.0
6574,2047,reg1,NGCC-CCS_Heat-CHP,fix_sub_cost,0.0
6575,2048,reg1,NGCC-CCS_Heat-CHP,fix_sub_cost,0.0
6576,2049,reg1,NGCC-CCS_Heat-CHP,fix_sub_cost,0.0
6577,2050,reg1,NGCC-CCS_Heat-CHP,fix_sub_cost,0.0
6578,2051,reg1,NGCC-CCS_Heat-CHP,fix_sub_cost,0.0
6579,2052,reg1,NGCC-CCS_Heat-CHP,fix_sub_cost,0.0
6580,2053,reg1,NGCC-CCS_Heat-CHP,fix_sub_cost,0.0
6581,2054,reg1,NGCC-CCS_Heat-CHP,fix_sub_cost,0.0
6582,2055,reg1,NGCC-CCS_Heat-CHP,fix_sub_cost,0.0
6583,2056,reg1,NGCC-CCS_Heat-CHP,fix_sub_cost,0.0
6584,2057,reg1,NGCC-CCS_Heat-CHP,fix_sub_cost,0.0
6585,2058,reg1,NGCC-CCS_Heat-CHP,fix_sub_cost,0.0
6586,2059,reg1,NGCC-CCS_Heat-CHP,fix_sub_cost,0.0
6587,2060,reg1,NGCC-CCS_Heat-CHP,fix_sub_cost,0.0
6588,2025,reg1,NG_PP,fix_sub_cost,0.0
6589,2026,reg1,NG_PP,fix_sub_cost,0.0
6590,2027,reg1,NG_PP,fix_sub_cost,0.0
6591,2028,reg1,NG_PP,fix_sub_cost,0.0
6592,2029,reg1,NG_PP,fix_sub_cost,0.0
6593,2030,reg1,NG_PP,fix_sub_cost,0.0
6594,2031,reg1,NG_PP,fix_sub_cost,0.0
6595,2032,reg1,NG_PP,fix_sub_cost,0.0
6596,2033,reg1,NG_PP,fix_sub_cost,0.0
6597,2034,reg1,NG_PP,fix_sub_cost,0.0
6598,2035,reg1,NG_PP,fix_sub_cost,0.0
6599,2036,reg1,NG_PP,fix_sub_cost,0.0
6600,2037,reg1,NG_PP,fix_sub_cost,0.0
6601,2038,reg1,NG_PP,fix_sub_cost,0.0
6602,2039,reg1,NG_PP,fix_sub_cost,0.0
6603,2040,reg1,NG_PP,fix_sub_cost,0.0
6604,2041,reg1,NG_PP,fix_sub_cost,0.0
6605,2042,reg1,NG_PP,fix_sub_cost,0.0
6606,2043,reg1,NG_PP,fix_sub_cost,0.0
6607,2044,reg1,NG_PP,fix_sub_cost,0.0
6608,2045,reg1,NG_PP,fix_sub_cost,0.0
6609,2046,reg1,NG_PP,fix_sub_cost,0.0
6610,2047,reg1,NG_PP,fix_sub_cost,0.0
6611,2048,reg1,NG_PP,fix_sub_cost,0.0
6612,2049,reg1,NG_PP,fix_sub_cost,0.0
6613,2050,reg1,NG_PP,fix_sub_cost,0.0
6614,2051,reg1,NG_PP,fix_sub_cost,0.0
6615,2052,reg1,NG_PP,fix_sub_cost,0.0
6616,2053,reg1,NG_PP,fix_sub_cost,0.0
6617,2054,reg1,NG_PP,fix_sub_cost,0.0
6618,2055,reg1,NG_PP,fix_sub_cost,0.0
6619,2056,reg1,NG_PP,fix_sub_cost,0.0
6620,2057,reg1,NG_PP,fix_sub_cost,0.0
6621,2058,reg1,NG_PP,fix_sub_cost,0.0
6622,2059,reg1,NG_PP,fix_sub_cost,0.0
6623,2060,reg1,NG_PP,fix_sub_cost,0.0
6624,2025,reg1,NG_PP_CCS,fix_sub_cost,0.0
6625,2026,reg1,NG_PP_CCS,fix_sub_cost,0.0
6626,2027,reg1,NG_PP_CCS,fix_sub_cost,0.0
6627,2028,reg1,NG_PP_CCS,fix_sub_cost,0.0
6628,2029,reg1,NG_PP_CCS,fix_sub_cost,0.0
6629,2030,reg1,NG_PP_CCS,fix_sub_cost,0.0
6630,2031,reg1,NG_PP_CCS,fix_sub_cost,0.0
6631,2032,reg1,NG_PP_CCS,fix_sub_cost,0.0
6632,2033,reg1,NG_PP_CCS,fix_sub_cost,0.0
6633,2034,reg1,NG_PP_CCS,fix_sub_cost,0.0
6634,2035,reg1,NG_PP_CCS,fix_sub_cost,0.0
6635,2036,reg1,NG_PP_CCS,fix_sub_cost,0.0
6636,2037,reg1,NG_PP_CCS,fix_sub_cost,0.0
6637,2038,reg1,NG_PP_CCS,fix_sub_cost,0.0
6638,2039,reg1,NG_PP_CCS,fix_sub_cost,0.0
6639,2040,reg1,NG_PP_CCS,fix_sub_cost,0.0
6640,2041,reg1,NG_PP_CCS,fix_sub_cost,0.0
6641,2042,reg1,NG_PP_CCS,fix_sub_cost,0.0
6642,2043,reg1,NG_PP_CCS,fix_sub_cost,0.0
6643,2044,reg1,NG_PP_CCS,fix_sub_cost,0.0
6644,2045,reg1,NG_PP_CCS,fix_sub_cost,0.0
6645,2046,reg1,NG_PP_CCS,fix_sub_cost,0.0
6646,2047,reg1,NG_PP_CCS,fix_sub_cost,0.0
6647,2048,reg1,NG_PP_CCS,fix_sub_cost,0.0
6648,2049,reg1,NG_PP_CCS,fix_sub_cost,0.0
6649,2050,reg1,NG_PP_CCS,fix_sub_cost,0.0
6650,2051,reg1,NG_PP_CCS,fix_sub_cost,0.0
6651,2052,reg1,NG_PP_CCS,fix_sub_cost,0.0
6652,2053,reg1,NG_PP_CCS,fix_sub_cost,0.0
6653,2054,reg1,NG_PP_CCS,fix_sub_cost,0.0
6654,2055,reg1,NG_PP_CCS,fix_sub_cost,0.0
6655,2056,reg1,NG_PP_CCS,fix_sub_cost,0.0
6656,2057,reg1,NG_PP_CCS,fix_sub_cost,0.0
6657,2058,reg1,NG_PP_CCS,fix_sub_cost,0.0
6658,2059,reg1,NG_PP_CCS,fix_sub_cost,0.0
6659,2060,reg1,NG_PP_CCS,fix_sub_cost,0.0
6660,2025,reg1,Electrolysis_HTSE,fix_sub_cost,0.0
6661,2026,reg1,Electrolysis_HTSE,fix_sub_cost,0.0
6662,2027,reg1,Electrolysis_HTSE,fix_sub_cost,0.0
6663,2028,reg1,Electrolysis_HTSE,fix_sub_cost,0.0
6664,2029,reg1,Electrolysis_HTSE,fix_sub_cost,0.0
6665,2030,reg1,Electrolysis_HTSE,fix_sub_cost,0.0
6666,2031,reg1,Electrolysis_HTSE,fix_sub_cost,0.0
6667,2032,reg1,Electrolysis_HTSE,fix_sub_cost,0.0
6668,2033,reg1,Electrolysis_HTSE,fix_sub_cost,0.0
6669,2034,reg1,Electrolysis_HTSE,fix_sub_cost,0.0
6670,2035,reg1,Electrolysis_HTSE,fix_sub_cost,0.0
6671,2036,reg1,Electrolysis_HTSE,fix_sub_cost,0.0
6672,2037,reg1,Electrolysis_HTSE,fix_sub_cost,0.0
6673,2038,reg1,Electrolysis_HTSE,fix_sub_cost,0.0
6674,2039,reg1,Electrolysis_HTSE,fix_sub_cost,0.0
6675,2040,reg1,Electrolysis_HTSE,fix_sub_cost,0.0
6676,2041,reg1,Electrolysis_HTSE,fix_sub_cost,0.0
6677,2042,reg1,Electrolysis_HTSE,fix_sub_cost,0.0
6678,2043,reg1,Electrolysis_HTSE,fix_sub_cost,0.0
6679,2044,reg1,Electrolysis_HTSE,fix_sub_cost,0.0
6680,2045,reg1,Electrolysis_HTSE,fix_sub_cost,0.0
6681,2046,reg1,Electrolysis_HTSE,fix_sub_cost,0.0
6682,2047,reg1,Electrolysis_HTSE,fix_sub_cost,0.0
6683,2048,reg1,Electrolysis_HTSE,fix_sub_cost,0.0
6684,2049,reg1,Electrolysis_HTSE,fix_sub_cost,0.0
6685,2050,reg1,Electrolysis_HTSE,fix_sub_cost,0.0
6686,2051,reg1,Electrolysis_HTSE,fix_sub_cost,0.0
6687,2052,reg1,Electrolysis_HTSE,fix_sub_cost,0.0
6688,2053,reg1,Electrolysis_HTSE,fix_sub_cost,0.0
6689,2054,reg1,Electrolysis_HTSE,fix_sub_cost,0.0
6690,2055,reg1,Electrolysis_HTSE,fix_sub_cost,0.0
6691,2056,reg1,Electrolysis_HTSE,fix_sub_cost,0.0
6692,2057,reg1,Electrolysis_HTSE,fix_sub_cost,0.0
6693,2058,reg1,Electrolysis_HTSE,fix_sub_cost,0.0
6694,2059,reg1,Electrolysis_HTSE,fix_sub_cost,0.0
6695,2060,reg1,Electrolysis_HTSE,fix_sub_cost,0.0
6696,2025,reg1,NG_CHP_P,fix_sub_cost,0.0
6697,2026,reg1,NG_CHP_P,fix_sub_cost,0.0
6698,2027,reg1,NG_CHP_P,fix_sub_cost,0.0
6699,2028,reg1,NG_CHP_P,fix_sub_cost,0.0
6700,2029,reg1,NG_CHP_P,fix_sub_cost,0.0
6701,2030,reg1,NG_CHP_P,fix_sub_cost,0.0
6702,2031,reg1,NG_CHP_P,fix_sub_cost,0.0
6703,2032,reg1,NG_CHP_P,fix_sub_cost,0.0
6704,2033,reg1,NG_CHP_P,fix_sub_cost,0.0
6705,2034,reg1,NG_CHP_P,fix_sub_cost,0.0
6706,2035,reg1,NG_CHP_P,fix_sub_cost,0.0
6707,2036,reg1,NG_CHP_P,fix_sub_cost,0.0
6708,2037,reg1,NG_CHP_P,fix_sub_cost,0.0
6709,2038,reg1,NG_CHP_P,fix_sub_cost,0.0
6710,2039,reg1,NG_CHP_P,fix_sub_cost,0.0
6711,2040,reg1,NG_CHP_P,fix_sub_cost,0.0
6712,2041,reg1,NG_CHP_P,fix_sub_cost,0.0
6713,2042,reg1,NG_CHP_P,fix_sub_cost,0.0
6714,2043,reg1,NG_CHP_P,fix_sub_cost,0.0
6715,2044,reg1,NG_CHP_P,fix_sub_cost,0.0
6716,2045,reg1,NG_CHP_P,fix_sub_cost,0.0
6717,2046,reg1,NG_CHP_P,fix_sub_cost,0.0
6718,2047,reg1,NG_CHP_P,fix_sub_cost,0.0
6719,2048,reg1,NG_CHP_P,fix_sub_cost,0.0
6720,2049,reg1,NG_CHP_P,fix_sub_cost,0.0
6721,2050,reg1,NG_CHP_P,fix_sub_cost,0.0
6722,2051,reg1,NG_CHP_P,fix_sub_cost,0.0
6723,2052,reg1,NG_CHP_P,fix_sub_cost,0.0
6724,2053,reg1,NG_CHP_P,fix_sub_cost,0.0
6725,2054,reg1,NG_CHP_P,fix_sub_cost,0.0
6726,2055,reg1,NG_CHP_P,fix_sub_cost,0.0
6727,2056,reg1,NG_CHP_P,fix_sub_cost,0.0
6728,2057,reg1,NG_CHP_P,fix_sub_cost,0.0
6729,2058,reg1,NG_CHP_P,fix_sub_cost,0.0
6730,2059,reg1,NG_CHP_P,fix_sub_cost,0.0
6731,2060,reg1,NG_CHP_P,fix_sub_cost,0.0
6732,2025,reg1,BIO_CHP_P,fix_sub_cost,0.0
6733,2026,reg1,BIO_CHP_P,fix_sub_cost,0.0
6734,2027,reg1,BIO_CHP_P,fix_sub_cost,0.0
6735,2028,reg1,BIO_CHP_P,fix_sub_cost,0.0
6736,2029,reg1,BIO_CHP_P,fix_sub_cost,0.0
6737,2030,reg1,BIO_CHP_P,fix_sub_cost,0.0
6738,2031,reg1,BIO_CHP_P,fix_sub_cost,0.0
6739,2032,reg1,BIO_CHP_P,fix_sub_cost,0.0
6740,2033,reg1,BIO_CHP_P,fix_sub_cost,0.0
6741,2034,reg1,BIO_CHP_P,fix_sub_cost,0.0
6742,2035,reg1,BIO_CHP_P,fix_sub_cost,0.0
6743,2036,reg1,BIO_CHP_P,fix_sub_cost,0.0
6744,2037,reg1,BIO_CHP_P,fix_sub_cost,0.0
6745,2038,reg1,BIO_CHP_P,fix_sub_cost,0.0
6746,2039,reg1,BIO_CHP_P,fix_sub_cost,0.0
6747,2040,reg1,BIO_CHP_P,fix_sub_cost,0.0
6748,2041,reg1,BIO_CHP_P,fix_sub_cost,0.0
6749,2042,reg1,BIO_CHP_P,fix_sub_cost,0.0
6750,2043,reg1,BIO_CHP_P,fix_sub_cost,0.0
6751,2044,reg1,BIO_CHP_P,fix_sub_cost,0.0
6752,2045,reg1,BIO_CHP_P,fix_sub_cost,0.0
6753,2046,reg1,BIO_CHP_P,fix_sub_cost,0.0
6754,2047,reg1,BIO_CHP_P,fix_sub_cost,0.0
6755,2048,reg1,BIO_CHP_P,fix_sub_cost,0.0
6756,2049,reg1,BIO_CHP_P,fix_sub_cost,0.0
6757,2050,reg1,BIO_CHP_P,fix_sub_cost,0.0
6758,2051,reg1,BIO_CHP_P,fix_sub_cost,0.0
6759,2052,reg1,BIO_CHP_P,fix_sub_cost,0.0
6760,2053,reg1,BIO_CHP_P,fix_sub_cost,0.0
6761,2054,reg1,BIO_CHP_P,fix_sub_cost,0.0
6762,2055,reg1,BIO_CHP_P,fix_sub_cost,0.0
6763,2056,reg1,BIO_CHP_P,fix_sub_cost,0.0
6764,2057,reg1,BIO_CHP_P,fix_sub_cost,0.0
6765,2058,reg1,BIO_CHP_P,fix_sub_cost,0.0
6766,2059,reg1,BIO_CHP_P,fix_sub_cost,0.0
6767,2060,reg1,BIO_CHP_P,fix_sub_cost,0.0
6768,2025,reg1,Biogas_CHP_P,fix_sub_cost,0.0
6769,2026,reg1,Biogas_CHP_P,fix_sub_cost,0.0
6770,2027,reg1,Biogas_CHP_P,fix_sub_cost,0.0
6771,2028,reg1,Biogas_CHP_P,fix_sub_cost,0.0
6772,2029,reg1,Biogas_CHP_P,fix_sub_cost,0.0
6773,2030,reg1,Biogas_CHP_P,fix_sub_cost,0.0
6774,2031,reg1,Biogas_CHP_P,fix_sub_cost,0.0
6775,2032,reg1,Biogas_CHP_P,fix_sub_cost,0.0
6776,2033,reg1,Biogas_CHP_P,fix_sub_cost,0.0
6777,2034,reg1,Biogas_CHP_P,fix_sub_cost,0.0
6778,2035,reg1,Biogas_CHP_P,fix_sub_cost,0.0
6779,2036,reg1,Biogas_CHP_P,fix_sub_cost,0.0
6780,2037,reg1,Biogas_CHP_P,fix_sub_cost,0.0
6781,2038,reg1,Biogas_CHP_P,fix_sub_cost,0.0
6782,2039,reg1,Biogas_CHP_P,fix_sub_cost,0.0
6783,2040,reg1,Biogas_CHP_P,fix_sub_cost,0.0
6784,2041,reg1,Biogas_CHP_P,fix_sub_cost,0.0
6785,2042,reg1,Biogas_CHP_P,fix_sub_cost,0.0
6786,2043,reg1,Biogas_CHP_P,fix_sub_cost,0.0
6787,2044,reg1,Biogas_CHP_P,fix_sub_cost,0.0
6788,2045,reg1,Biogas_CHP_P,fix_sub_cost,0.0
6789,2046,reg1,Biogas_CHP_P,fix_sub_cost,0.0
6790,2047,reg1,Biogas_CHP_P,fix_sub_cost,0.0
6791,2048,reg1,Biogas_CHP_P,fix_sub_cost,0.0
6792,2049,reg1,Biogas_CHP_P,fix_sub_cost,0.0
6793,2050,reg1,Biogas_CHP_P,fix_sub_cost,0.0
6794,2051,reg1,Biogas_CHP_P,fix_sub_cost,0.0
6795,2052,reg1,Biogas_CHP_P,fix_sub_cost,0.0
6796,2053,reg1,Biogas_CHP_P,fix_sub_cost,0.0
6797,2054,reg1,Biogas_CHP_P,fix_sub_cost,0.0
6798,2055,reg1,Biogas_CHP_P,fix_sub_cost,0.0
6799,2056,reg1,Biogas_CHP_P,fix_sub_cost,0.0
6800,2057,reg1,Biogas_CHP_P,fix_sub_cost,0.0
6801,2058,reg1,Biogas_CHP_P,fix_sub_cost,0.0
6802,2059,reg1,Biogas_CHP_P,fix_sub_cost,0.0
6803,2060,reg1,Biogas_CHP_P,fix_sub_cost,0.0
6804,2025,reg1,WtE_CHP_P,fix_sub_cost,0.0
6805,2026,reg1,WtE_CHP_P,fix_sub_cost,0.0
6806,2027,reg1,WtE_CHP_P,fix_sub_cost,0.0
6807,2028,reg1,WtE_CHP_P,fix_sub_cost,0.0
6808,2029,reg1,WtE_CHP_P,fix_sub_cost,0.0
6809,2030,reg1,WtE_CHP_P,fix_sub_cost,0.0
6810,2031,reg1,WtE_CHP_P,fix_sub_cost,0.0
6811,2032,reg1,WtE_CHP_P,fix_sub_cost,0.0
6812,2033,reg1,WtE_CHP_P,fix_sub_cost,0.0
6813,2034,reg1,WtE_CHP_P,fix_sub_cost,0.0
6814,2035,reg1,WtE_CHP_P,fix_sub_cost,0.0
6815,2036,reg1,WtE_CHP_P,fix_sub_cost,0.0
6816,2037,reg1,WtE_CHP_P,fix_sub_cost,0.0
6817,2038,reg1,WtE_CHP_P,fix_sub_cost,0.0
6818,2039,reg1,WtE_CHP_P,fix_sub_cost,0.0
6819,2040,reg1,WtE_CHP_P,fix_sub_cost,0.0
6820,2041,reg1,WtE_CHP_P,fix_sub_cost,0.0
6821,2042,reg1,WtE_CHP_P,fix_sub_cost,0.0
6822,2043,reg1,WtE_CHP_P,fix_sub_cost,0.0
6823,2044,reg1,WtE_CHP_P,fix_sub_cost,0.0
6824,2045,reg1,WtE_CHP_P,fix_sub_cost,0.0
6825,2046,reg1,WtE_CHP_P,fix_sub_cost,0.0
6826,2047,reg1,WtE_CHP_P,fix_sub_cost,0.0
6827,2048,reg1,WtE_CHP_P,fix_sub_cost,0.0
6828,2049,reg1,WtE_CHP_P,fix_sub_cost,0.0
6829,2050,reg1,WtE_CHP_P,fix_sub_cost,0.0
6830,2051,reg1,WtE_CHP_P,fix_sub_cost,0.0
6831,2052,reg1,WtE_CHP_P,fix_sub_cost,0.0
6832,2053,reg1,WtE_CHP_P,fix_sub_cost,0.0
6833,2054,reg1,WtE_CHP_P,fix_sub_cost,0.0
6834,2055,reg1,WtE_CHP_P,fix_sub_cost,0.0
6835,2056,reg1,WtE_CHP_P,fix_sub_cost,0.0
6836,2057,reg1,WtE_CHP_P,fix_sub_cost,0.0
6837,2058,reg1,WtE_CHP_P,fix_sub_cost,0.0
6838,2059,reg1,WtE_CHP_P,fix_sub_cost,0.0
6839,2060,reg1,WtE_CHP_P,fix_sub_cost,0.0
6840,2025,reg1,WtE-CCS_CHP_P,fix_sub_cost,0.0
6841,2026,reg1,WtE-CCS_CHP_P,fix_sub_cost,0.0
6842,2027,reg1,WtE-CCS_CHP_P,fix_sub_cost,0.0
6843,2028,reg1,WtE-CCS_CHP_P,fix_sub_cost,0.0
6844,2029,reg1,WtE-CCS_CHP_P,fix_sub_cost,0.0
6845,2030,reg1,WtE-CCS_CHP_P,fix_sub_cost,0.0
6846,2031,reg1,WtE-CCS_CHP_P,fix_sub_cost,0.0
6847,2032,reg1,WtE-CCS_CHP_P,fix_sub_cost,0.0
6848,2033,reg1,WtE-CCS_CHP_P,fix_sub_cost,0.0
6849,2034,reg1,WtE-CCS_CHP_P,fix_sub_cost,0.0
6850,2035,reg1,WtE-CCS_CHP_P,fix_sub_cost,0.0
6851,2036,reg1,WtE-CCS_CHP_P,fix_sub_cost,0.0
6852,2037,reg1,WtE-CCS_CHP_P,fix_sub_cost,0.0
6853,2038,reg1,WtE-CCS_CHP_P,fix_sub_cost,0.0
6854,2039,reg1,WtE-CCS_CHP_P,fix_sub_cost,0.0
6855,2040,reg1,WtE-CCS_CHP_P,fix_sub_cost,0.0
6856,2041,reg1,WtE-CCS_CHP_P,fix_sub_cost,0.0
6857,2042,reg1,WtE-CCS_CHP_P,fix_sub_cost,0.0
6858,2043,reg1,WtE-CCS_CHP_P,fix_sub_cost,0.0
6859,2044,reg1,WtE-CCS_CHP_P,fix_sub_cost,0.0
6860,2045,reg1,WtE-CCS_CHP_P,fix_sub_cost,0.0
6861,2046,reg1,WtE-CCS_CHP_P,fix_sub_cost,0.0
6862,2047,reg1,WtE-CCS_CHP_P,fix_sub_cost,0.0
6863,2048,reg1,WtE-CCS_CHP_P,fix_sub_cost,0.0
6864,2049,reg1,WtE-CCS_CHP_P,fix_sub_cost,0.0
6865,2050,reg1,WtE-CCS_CHP_P,fix_sub_cost,0.0
6866,2051,reg1,WtE-CCS_CHP_P,fix_sub_cost,0.0
6867,2052,reg1,WtE-CCS_CHP_P,fix_sub_cost,0.0
6868,2053,reg1,WtE-CCS_CHP_P,fix_sub_cost,0.0
6869,2054,reg1,WtE-CCS_CHP_P,fix_sub_cost,0.0
6870,2055,reg1,WtE-CCS_CHP_P,fix_sub_cost,0.0
6871,2056,reg1,WtE-CCS_CHP_P,fix_sub_cost,0.0
6872,2057,reg1,WtE-CCS_CHP_P,fix_sub_cost,0.0
6873,2058,reg1,WtE-CCS_CHP_P,fix_sub_cost,0.0
6874,2059,reg1,WtE-CCS_CHP_P,fix_sub_cost,0.0
6875,2060,reg1,WtE-CCS_CHP_P,fix_sub_cost,0.0
6876,2025,reg1,SOFC_CHP_P,fix_sub_cost,0.0
6877,2026,reg1,SOFC_CHP_P,fix_sub_cost,0.0
6878,2027,reg1,SOFC_CHP_P,fix_sub_cost,0.0
6879,2028,reg1,SOFC_CHP_P,fix_sub_cost,0.0
6880,2029,reg1,SOFC_CHP_P,fix_sub_cost,0.0
6881,2030,reg1,SOFC_CHP_P,fix_sub_cost,0.0
6882,2031,reg1,SOFC_CHP_P,fix_sub_cost,0.0
6883,2032,reg1,SOFC_CHP_P,fix_sub_cost,0.0
6884,2033,reg1,SOFC_CHP_P,fix_sub_cost,0.0
6885,2034,reg1,SOFC_CHP_P,fix_sub_cost,0.0
6886,2035,reg1,SOFC_CHP_P,fix_sub_cost,0.0
6887,2036,reg1,SOFC_CHP_P,fix_sub_cost,0.0
6888,2037,reg1,SOFC_CHP_P,fix_sub_cost,0.0
6889,2038,reg1,SOFC_CHP_P,fix_sub_cost,0.0
6890,2039,reg1,SOFC_CHP_P,fix_sub_cost,0.0
6891,2040,reg1,SOFC_CHP_P,fix_sub_cost,0.0
6892,2041,reg1,SOFC_CHP_P,fix_sub_cost,0.0
6893,2042,reg1,SOFC_CHP_P,fix_sub_cost,0.0
6894,2043,reg1,SOFC_CHP_P,fix_sub_cost,0.0
6895,2044,reg1,SOFC_CHP_P,fix_sub_cost,0.0
6896,2045,reg1,SOFC_CHP_P,fix_sub_cost,0.0
6897,2046,reg1,SOFC_CHP_P,fix_sub_cost,0.0
6898,2047,reg1,SOFC_CHP_P,fix_sub_cost,0.0
6899,2048,reg1,SOFC_CHP_P,fix_sub_cost,0.0
6900,2049,reg1,SOFC_CHP_P,fix_sub_cost,0.0
6901,2050,reg1,SOFC_CHP_P,fix_sub_cost,0.0
6902,2051,reg1,SOFC_CHP_P,fix_sub_cost,0.0
6903,2052,reg1,SOFC_CHP_P,fix_sub_cost,0.0
6904,2053,reg1,SOFC_CHP_P,fix_sub_cost,0.0
6905,2054,reg1,SOFC_CHP_P,fix_sub_cost,0.0
6906,2055,reg1,SOFC_CHP_P,fix_sub_cost,0.0
6907,2056,reg1,SOFC_CHP_P,fix_sub_cost,0.0
6908,2057,reg1,SOFC_CHP_P,fix_sub_cost,0.0
6909,2058,reg1,SOFC_CHP_P,fix_sub_cost,0.0
6910,2059,reg1,SOFC_CHP_P,fix_sub_cost,0.0
6911,2060,reg1,SOFC_CHP_P,fix_sub_cost,0.0
6912,2025,reg1,Oil_CHP,fix_sub_cost,0.0
6913,2026,reg1,Oil_CHP,fix_sub_cost,0.0
6914,2027,reg1,Oil_CHP,fix_sub_cost,0.0
6915,2028,reg1,Oil_CHP,fix_sub_cost,0.0
6916,2029,reg1,Oil_CHP,fix_sub_cost,0.0
6917,2030,reg1,Oil_CHP,fix_sub_cost,0.0
6918,2031,reg1,Oil_CHP,fix_sub_cost,0.0
6919,2032,reg1,Oil_CHP,fix_sub_cost,0.0
6920,2033,reg1,Oil_CHP,fix_sub_cost,0.0
6921,2034,reg1,Oil_CHP,fix_sub_cost,0.0
6922,2035,reg1,Oil_CHP,fix_sub_cost,0.0
6923,2036,reg1,Oil_CHP,fix_sub_cost,0.0
6924,2037,reg1,Oil_CHP,fix_sub_cost,0.0
6925,2038,reg1,Oil_CHP,fix_sub_cost,0.0
6926,2039,reg1,Oil_CHP,fix_sub_cost,0.0
6927,2040,reg1,Oil_CHP,fix_sub_cost,0.0
6928,2041,reg1,Oil_CHP,fix_sub_cost,0.0
6929,2042,reg1,Oil_CHP,fix_sub_cost,0.0
6930,2043,reg1,Oil_CHP,fix_sub_cost,0.0
6931,2044,reg1,Oil_CHP,fix_sub_cost,0.0
6932,2045,reg1,Oil_CHP,fix_sub_cost,0.0
6933,2046,reg1,Oil_CHP,fix_sub_cost,0.0
6934,2047,reg1,Oil_CHP,fix_sub_cost,0.0
6935,2048,reg1,Oil_CHP,fix_sub_cost,0.0
6936,2049,reg1,Oil_CHP,fix_sub_cost,0.0
6937,2050,reg1,Oil_CHP,fix_sub_cost,0.0
6938,2051,reg1,Oil_CHP,fix_sub_cost,0.0
6939,2052,reg1,Oil_CHP,fix_sub_cost,0.0
6940,2053,reg1,Oil_CHP,fix_sub_cost,0.0
6941,2054,reg1,Oil_CHP,fix_sub_cost,0.0
6942,2055,reg1,Oil_CHP,fix_sub_cost,0.0
6943,2056,reg1,Oil_CHP,fix_sub_cost,0.0
6944,2057,reg1,Oil_CHP,fix_sub_cost,0.0
6945,2058,reg1,Oil_CHP,fix_sub_cost,0.0
6946,2059,reg1,Oil_CHP,fix_sub_cost,0.0
6947,2060,reg1,Oil_CHP,fix_sub_cost,0.0
6948,2025,reg1,BW_CHP_P,fix_sub_cost,0.0
6949,2026,reg1,BW_CHP_P,fix_sub_cost,0.0
6950,2027,reg1,BW_CHP_P,fix_sub_cost,0.0
6951,2028,reg1,BW_CHP_P,fix_sub_cost,0.0
6952,2029,reg1,BW_CHP_P,fix_sub_cost,0.0
6953,2030,reg1,BW_CHP_P,fix_sub_cost,0.0
6954,2031,reg1,BW_CHP_P,fix_sub_cost,0.0
6955,2032,reg1,BW_CHP_P,fix_sub_cost,0.0
6956,2033,reg1,BW_CHP_P,fix_sub_cost,0.0
6957,2034,reg1,BW_CHP_P,fix_sub_cost,0.0
6958,2035,reg1,BW_CHP_P,fix_sub_cost,0.0
6959,2036,reg1,BW_CHP_P,fix_sub_cost,0.0
6960,2037,reg1,BW_CHP_P,fix_sub_cost,0.0
6961,2038,reg1,BW_CHP_P,fix_sub_cost,0.0
6962,2039,reg1,BW_CHP_P,fix_sub_cost,0.0
6963,2040,reg1,BW_CHP_P,fix_sub_cost,0.0
6964,2041,reg1,BW_CHP_P,fix_sub_cost,0.0
6965,2042,reg1,BW_CHP_P,fix_sub_cost,0.0
6966,2043,reg1,BW_CHP_P,fix_sub_cost,0.0
6967,2044,reg1,BW_CHP_P,fix_sub_cost,0.0
6968,2045,reg1,BW_CHP_P,fix_sub_cost,0.0
6969,2046,reg1,BW_CHP_P,fix_sub_cost,0.0
6970,2047,reg1,BW_CHP_P,fix_sub_cost,0.0
6971,2048,reg1,BW_CHP_P,fix_sub_cost,0.0
6972,2049,reg1,BW_CHP_P,fix_sub_cost,0.0
6973,2050,reg1,BW_CHP_P,fix_sub_cost,0.0
6974,2051,reg1,BW_CHP_P,fix_sub_cost,0.0
6975,2052,reg1,BW_CHP_P,fix_sub_cost,0.0
6976,2053,reg1,BW_CHP_P,fix_sub_cost,0.0
6977,2054,reg1,BW_CHP_P,fix_sub_cost,0.0
6978,2055,reg1,BW_CHP_P,fix_sub_cost,0.0
6979,2056,reg1,BW_CHP_P,fix_sub_cost,0.0
6980,2057,reg1,BW_CHP_P,fix_sub_cost,0.0
6981,2058,reg1,BW_CHP_P,fix_sub_cost,0.0
6982,2059,reg1,BW_CHP_P,fix_sub_cost,0.0
6983,2060,reg1,BW_CHP_P,fix_sub_cost,0.0
6984,2025,reg1,Heat_transmission_distribution,fix_sub_cost,0.0
6985,2026,reg1,Heat_transmission_distribution,fix_sub_cost,0.0
6986,2027,reg1,Heat_transmission_distribution,fix_sub_cost,0.0
6987,2028,reg1,Heat_transmission_distribution,fix_sub_cost,0.0
6988,2029,reg1,Heat_transmission_distribution,fix_sub_cost,0.0
6989,2030,reg1,Heat_transmission_distribution,fix_sub_cost,0.0
6990,2031,reg1,Heat_transmission_distribution,fix_sub_cost,0.0
6991,2032,reg1,Heat_transmission_distribution,fix_sub_cost,0.0
6992,2033,reg1,Heat_transmission_distribution,fix_sub_cost,0.0
6993,2034,reg1,Heat_transmission_distribution,fix_sub_cost,0.0
6994,2035,reg1,Heat_transmission_distribution,fix_sub_cost,0.0
6995,2036,reg1,Heat_transmission_distribution,fix_sub_cost,0.0
6996,2037,reg1,Heat_transmission_distribution,fix_sub_cost,0.0
6997,2038,reg1,Heat_transmission_distribution,fix_sub_cost,0.0
6998,2039,reg1,Heat_transmission_distribution,fix_sub_cost,0.0
6999,2040,reg1,Heat_transmission_distribution,fix_sub_cost,0.0
7000,2041,reg1,Heat_transmission_distribution,fix_sub_cost,0.0
7001,2042,reg1,Heat_transmission_distribution,fix_sub_cost,0.0
7002,2043,reg1,Heat_transmission_distribution,fix_sub_cost,0.0
7003,2044,reg1,Heat_transmission_distribution,fix_sub_cost,0.0
7004,2045,reg1,Heat_transmission_distribution,fix_sub_cost,0.0
7005,2046,reg1,Heat_transmission_distribution,fix_sub_cost,0.0
7006,2047,reg1,Heat_transmission_distribution,fix_sub_cost,0.0
7007,2048,reg1,Heat_transmission_distribution,fix_sub_cost,0.0
7008,2049,reg1,Heat_transmission_distribution,fix_sub_cost,0.0
7009,2050,reg1,Heat_transmission_distribution,fix_sub_cost,0.0
7010,2051,reg1,Heat_transmission_distribution,fix_sub_cost,0.0
7011,2052,reg1,Heat_transmission_distribution,fix_sub_cost,0.0
7012,2053,reg1,Heat_transmission_distribution,fix_sub_cost,0.0
7013,2054,reg1,Heat_transmission_distribution,fix_sub_cost,0.0
7014,2055,reg1,Heat_transmission_distribution,fix_sub_cost,0.0
7015,2056,reg1,Heat_transmission_distribution,fix_sub_cost,0.0
7016,2057,reg1,Heat_transmission_distribution,fix_sub_cost,0.0
7017,2058,reg1,Heat_transmission_distribution,fix_sub_cost,0.0
7018,2059,reg1,Heat_transmission_distribution,fix_sub_cost,0.0
7019,2060,reg1,Heat_transmission_distribution,fix_sub_cost,0.0
7020,2025,reg1,Elec_transmission_distribution,fix_sub_cost,0.0
7021,2026,reg1,Elec_transmission_distribution,fix_sub_cost,0.0
7022,2027,reg1,Elec_transmission_distribution,fix_sub_cost,0.0
7023,2028,reg1,Elec_transmission_distribution,fix_sub_cost,0.0
7024,2029,reg1,Elec_transmission_distribution,fix_sub_cost,0.0
7025,2030,reg1,Elec_transmission_distribution,fix_sub_cost,0.0
7026,2031,reg1,Elec_transmission_distribution,fix_sub_cost,0.0
7027,2032,reg1,Elec_transmission_distribution,fix_sub_cost,0.0
7028,2033,reg1,Elec_transmission_distribution,fix_sub_cost,0.0
7029,2034,reg1,Elec_transmission_distribution,fix_sub_cost,0.0
7030,2035,reg1,Elec_transmission_distribution,fix_sub_cost,0.0
7031,2036,reg1,Elec_transmission_distribution,fix_sub_cost,0.0
7032,2037,reg1,Elec_transmission_distribution,fix_sub_cost,0.0
7033,2038,reg1,Elec_transmission_distribution,fix_sub_cost,0.0
7034,2039,reg1,Elec_transmission_distribution,fix_sub_cost,0.0
7035,2040,reg1,Elec_transmission_distribution,fix_sub_cost,0.0
7036,2041,reg1,Elec_transmission_distribution,fix_sub_cost,0.0
7037,2042,reg1,Elec_transmission_distribution,fix_sub_cost,0.0
7038,2043,reg1,Elec_transmission_distribution,fix_sub_cost,0.0
7039,2044,reg1,Elec_transmission_distribution,fix_sub_cost,0.0
7040,2045,reg1,Elec_transmission_distribution,fix_sub_cost,0.0
7041,2046,reg1,Elec_transmission_distribution,fix_sub_cost,0.0
7042,2047,reg1,Elec_transmission_distribution,fix_sub_cost,0.0
7043,2048,reg1,Elec_transmission_distribution,fix_sub_cost,0.0
7044,2049,reg1,Elec_transmission_distribution,fix_sub_cost,0.0
7045,2050,reg1,Elec_transmission_distribution,fix_sub_cost,0.0
7046,2051,reg1,Elec_transmission_distribution,fix_sub_cost,0.0
7047,2052,reg1,Elec_transmission_distribution,fix_sub_cost,0.0
7048,2053,reg1,Elec_transmission_distribution,fix_sub_cost,0.0
7049,2054,reg1,Elec_transmission_distribution,fix_sub_cost,0.0
7050,2055,reg1,Elec_transmission_distribution,fix_sub_cost,0.0
7051,2056,reg1,Elec_transmission_distribution,fix_sub_cost,0.0
7052,2057,reg1,Elec_transmission_distribution,fix_sub_cost,0.0
7053,2058,reg1,Elec_transmission_distribution,fix_sub_cost,0.0
7054,2059,reg1,Elec_transmission_distribution,fix_sub_cost,0.0
7055,2060,reg1,Elec_transmission_distribution,fix_sub_cost,0.0
7056,2025,reg1,NG_supply,CO2_emission_cost,0.0
7057,2026,reg1,NG_supply,CO2_emission_cost,0.0
7058,2027,reg1,NG_supply,CO2_emission_cost,0.0
7059,2028,reg1,NG_supply,CO2_emission_cost,0.0
7060,2029,reg1,NG_supply,CO2_emission_cost,0.0
7061,2030,reg1,NG_supply,CO2_emission_cost,0.0
7062,2031,reg1,NG_supply,CO2_emission_cost,0.0
7063,2032,reg1,NG_supply,CO2_emission_cost,0.0
7064,2033,reg1,NG_supply,CO2_emission_cost,0.0
7065,2034,reg1,NG_supply,CO2_emission_cost,0.0
7066,2035,reg1,NG_supply,CO2_emission_cost,0.0
7067,2036,reg1,NG_supply,CO2_emission_cost,0.0
7068,2037,reg1,NG_supply,CO2_emission_cost,0.0
7069,2038,reg1,NG_supply,CO2_emission_cost,0.0
7070,2039,reg1,NG_supply,CO2_emission_cost,0.0
7071,2040,reg1,NG_supply,CO2_emission_cost,0.0
7072,2041,reg1,NG_supply,CO2_emission_cost,0.0
7073,2042,reg1,NG_supply,CO2_emission_cost,0.0
7074,2043,reg1,NG_supply,CO2_emission_cost,0.0
7075,2044,reg1,NG_supply,CO2_emission_cost,0.0
7076,2045,reg1,NG_supply,CO2_emission_cost,0.0
7077,2046,reg1,NG_supply,CO2_emission_cost,0.0
7078,2047,reg1,NG_supply,CO2_emission_cost,0.0
7079,2048,reg1,NG_supply,CO2_emission_cost,0.0
7080,2049,reg1,NG_supply,CO2_emission_cost,0.0
7081,2050,reg1,NG_supply,CO2_emission_cost,0.0
7082,2051,reg1,NG_supply,CO2_emission_cost,0.0
7083,2052,reg1,NG_supply,CO2_emission_cost,0.0
7084,2053,reg1,NG_supply,CO2_emission_cost,0.0
7085,2054,reg1,NG_supply,CO2_emission_cost,0.0
7086,2055,reg1,NG_supply,CO2_emission_cost,0.0
7087,2056,reg1,NG_supply,CO2_emission_cost,0.0
7088,2057,reg1,NG_supply,CO2_emission_cost,0.0
7089,2058,reg1,NG_supply,CO2_emission_cost,0.0
7090,2059,reg1,NG_supply,CO2_emission_cost,0.0
7091,2060,reg1,NG_supply,CO2_emission_cost,0.0
7092,2025,reg1,SFF_supply,CO2_emission_cost,0.0
7093,2026,reg1,SFF_supply,CO2_emission_cost,0.0
7094,2027,reg1,SFF_supply,CO2_emission_cost,0.0
7095,2028,reg1,SFF_supply,CO2_emission_cost,0.0
7096,2029,reg1,SFF_supply,CO2_emission_cost,0.0
7097,2030,reg1,SFF_supply,CO2_emission_cost,0.0
7098,2031,reg1,SFF_supply,CO2_emission_cost,0.0
7099,2032,reg1,SFF_supply,CO2_emission_cost,0.0
7100,2033,reg1,SFF_supply,CO2_emission_cost,0.0
7101,2034,reg1,SFF_supply,CO2_emission_cost,0.0
7102,2035,reg1,SFF_supply,CO2_emission_cost,0.0
7103,2036,reg1,SFF_supply,CO2_emission_cost,0.0
7104,2037,reg1,SFF_supply,CO2_emission_cost,0.0
7105,2038,reg1,SFF_supply,CO2_emission_cost,0.0
7106,2039,reg1,SFF_supply,CO2_emission_cost,0.0
7107,2040,reg1,SFF_supply,CO2_emission_cost,0.0
7108,2041,reg1,SFF_supply,CO2_emission_cost,0.0
7109,2042,reg1,SFF_supply,CO2_emission_cost,0.0
7110,2043,reg1,SFF_supply,CO2_emission_cost,0.0
7111,2044,reg1,SFF_supply,CO2_emission_cost,0.0
7112,2045,reg1,SFF_supply,CO2_emission_cost,0.0
7113,2046,reg1,SFF_supply,CO2_emission_cost,0.0
7114,2047,reg1,SFF_supply,CO2_emission_cost,0.0
7115,2048,reg1,SFF_supply,CO2_emission_cost,0.0
7116,2049,reg1,SFF_supply,CO2_emission_cost,0.0
7117,2050,reg1,SFF_supply,CO2_emission_cost,0.0
7118,2051,reg1,SFF_supply,CO2_emission_cost,0.0
7119,2052,reg1,SFF_supply,CO2_emission_cost,0.0
7120,2053,reg1,SFF_supply,CO2_emission_cost,0.0
7121,2054,reg1,SFF_supply,CO2_emission_cost,0.0
7122,2055,reg1,SFF_supply,CO2_emission_cost,0.0
7123,2056,reg1,SFF_supply,CO2_emission_cost,0.0
7124,2057,reg1,SFF_supply,CO2_emission_cost,0.0
7125,2058,reg1,SFF_supply,CO2_emission_cost,0.0
7126,2059,reg1,SFF_supply,CO2_emission_cost,0.0
7127,2060,reg1,SFF_supply,CO2_emission_cost,0.0
7128,2025,reg1,OP_supply,CO2_emission_cost,0.0
7129,2026,reg1,OP_supply,CO2_emission_cost,0.0
7130,2027,reg1,OP_supply,CO2_emission_cost,0.0
7131,2028,reg1,OP_supply,CO2_emission_cost,0.0
7132,2029,reg1,OP_supply,CO2_emission_cost,0.0
7133,2030,reg1,OP_supply,CO2_emission_cost,0.0
7134,2031,reg1,OP_supply,CO2_emission_cost,0.0
7135,2032,reg1,OP_supply,CO2_emission_cost,0.0
7136,2033,reg1,OP_supply,CO2_emission_cost,0.0
7137,2034,reg1,OP_supply,CO2_emission_cost,0.0
7138,2035,reg1,OP_supply,CO2_emission_cost,0.0
7139,2036,reg1,OP_supply,CO2_emission_cost,0.0
7140,2037,reg1,OP_supply,CO2_emission_cost,0.0
7141,2038,reg1,OP_supply,CO2_emission_cost,0.0
7142,2039,reg1,OP_supply,CO2_emission_cost,0.0
7143,2040,reg1,OP_supply,CO2_emission_cost,0.0
7144,2041,reg1,OP_supply,CO2_emission_cost,0.0
7145,2042,reg1,OP_supply,CO2_emission_cost,0.0
7146,2043,reg1,OP_supply,CO2_emission_cost,0.0
7147,2044,reg1,OP_supply,CO2_emission_cost,0.0
7148,2045,reg1,OP_supply,CO2_emission_cost,0.0
7149,2046,reg1,OP_supply,CO2_emission_cost,0.0
7150,2047,reg1,OP_supply,CO2_emission_cost,0.0
7151,2048,reg1,OP_supply,CO2_emission_cost,0.0
7152,2049,reg1,OP_supply,CO2_emission_cost,0.0
7153,2050,reg1,OP_supply,CO2_emission_cost,0.0
7154,2051,reg1,OP_supply,CO2_emission_cost,0.0
7155,2052,reg1,OP_supply,CO2_emission_cost,0.0
7156,2053,reg1,OP_supply,CO2_emission_cost,0.0
7157,2054,reg1,OP_supply,CO2_emission_cost,0.0
7158,2055,reg1,OP_supply,CO2_emission_cost,0.0
7159,2056,reg1,OP_supply,CO2_emission_cost,0.0
7160,2057,reg1,OP_supply,CO2_emission_cost,0.0
7161,2058,reg1,OP_supply,CO2_emission_cost,0.0
7162,2059,reg1,OP_supply,CO2_emission_cost,0.0
7163,2060,reg1,OP_supply,CO2_emission_cost,0.0
7164,2025,reg1,BW_supply,CO2_emission_cost,0.0
7165,2026,reg1,BW_supply,CO2_emission_cost,0.0
7166,2027,reg1,BW_supply,CO2_emission_cost,0.0
7167,2028,reg1,BW_supply,CO2_emission_cost,0.0
7168,2029,reg1,BW_supply,CO2_emission_cost,0.0
7169,2030,reg1,BW_supply,CO2_emission_cost,0.0
7170,2031,reg1,BW_supply,CO2_emission_cost,0.0
7171,2032,reg1,BW_supply,CO2_emission_cost,0.0
7172,2033,reg1,BW_supply,CO2_emission_cost,0.0
7173,2034,reg1,BW_supply,CO2_emission_cost,0.0
7174,2035,reg1,BW_supply,CO2_emission_cost,0.0
7175,2036,reg1,BW_supply,CO2_emission_cost,0.0
7176,2037,reg1,BW_supply,CO2_emission_cost,0.0
7177,2038,reg1,BW_supply,CO2_emission_cost,0.0
7178,2039,reg1,BW_supply,CO2_emission_cost,0.0
7179,2040,reg1,BW_supply,CO2_emission_cost,0.0
7180,2041,reg1,BW_supply,CO2_emission_cost,0.0
7181,2042,reg1,BW_supply,CO2_emission_cost,0.0
7182,2043,reg1,BW_supply,CO2_emission_cost,0.0
7183,2044,reg1,BW_supply,CO2_emission_cost,0.0
7184,2045,reg1,BW_supply,CO2_emission_cost,0.0
7185,2046,reg1,BW_supply,CO2_emission_cost,0.0
7186,2047,reg1,BW_supply,CO2_emission_cost,0.0
7187,2048,reg1,BW_supply,CO2_emission_cost,0.0
7188,2049,reg1,BW_supply,CO2_emission_cost,0.0
7189,2050,reg1,BW_supply,CO2_emission_cost,0.0
7190,2051,reg1,BW_supply,CO2_emission_cost,0.0
7191,2052,reg1,BW_supply,CO2_emission_cost,0.0
7192,2053,reg1,BW_supply,CO2_emission_cost,0.0
7193,2054,reg1,BW_supply,CO2_emission_cost,0.0
7194,2055,reg1,BW_supply,CO2_emission_cost,0.0
7195,2056,reg1,BW_supply,CO2_emission_cost,0.0
7196,2057,reg1,BW_supply,CO2_emission_cost,0.0
7197,2058,reg1,BW_supply,CO2_emission_cost,0.0
7198,2059,reg1,BW_supply,CO2_emission_cost,0.0
7199,2060,reg1,BW_supply,CO2_emission_cost,0.0
7200,2025,reg1,BIO_supply,CO2_emission_cost,0.0
7201,2026,reg1,BIO_supply,CO2_emission_cost,0.0
7202,2027,reg1,BIO_supply,CO2_emission_cost,0.0
7203,2028,reg1,BIO_supply,CO2_emission_cost,0.0
7204,2029,reg1,BIO_supply,CO2_emission_cost,0.0
7205,2030,reg1,BIO_supply,CO2_emission_cost,0.0
7206,2031,reg1,BIO_supply,CO2_emission_cost,0.0
7207,2032,reg1,BIO_supply,CO2_emission_cost,0.0
7208,2033,reg1,BIO_supply,CO2_emission_cost,0.0
7209,2034,reg1,BIO_supply,CO2_emission_cost,0.0
7210,2035,reg1,BIO_supply,CO2_emission_cost,0.0
7211,2036,reg1,BIO_supply,CO2_emission_cost,0.0
7212,2037,reg1,BIO_supply,CO2_emission_cost,0.0
7213,2038,reg1,BIO_supply,CO2_emission_cost,0.0
7214,2039,reg1,BIO_supply,CO2_emission_cost,0.0
7215,2040,reg1,BIO_supply,CO2_emission_cost,0.0
7216,2041,reg1,BIO_supply,CO2_emission_cost,0.0
7217,2042,reg1,BIO_supply,CO2_emission_cost,0.0
7218,2043,reg1,BIO_supply,CO2_emission_cost,0.0
7219,2044,reg1,BIO_supply,CO2_emission_cost,0.0
7220,2045,reg1,BIO_supply,CO2_emission_cost,0.0
7221,2046,reg1,BIO_supply,CO2_emission_cost,0.0
7222,2047,reg1,BIO_supply,CO2_emission_cost,0.0
7223,2048,reg1,BIO_supply,CO2_emission_cost,0.0
7224,2049,reg1,BIO_supply,CO2_emission_cost,0.0
7225,2050,reg1,BIO_supply,CO2_emission_cost,0.0
7226,2051,reg1,BIO_supply,CO2_emission_cost,0.0
7227,2052,reg1,BIO_supply,CO2_emission_cost,0.0
7228,2053,reg1,BIO_supply,CO2_emission_cost,0.0
7229,2054,reg1,BIO_supply,CO2_emission_cost,0.0
7230,2055,reg1,BIO_supply,CO2_emission_cost,0.0
7231,2056,reg1,BIO_supply,CO2_emission_cost,0.0
7232,2057,reg1,BIO_supply,CO2_emission_cost,0.0
7233,2058,reg1,BIO_supply,CO2_emission_cost,0.0
7234,2059,reg1,BIO_supply,CO2_emission_cost,0.0
7235,2060,reg1,BIO_supply,CO2_emission_cost,0.0
7236,2025,reg1,Biogas_supply,CO2_emission_cost,0.0
7237,2026,reg1,Biogas_supply,CO2_emission_cost,0.0
7238,2027,reg1,Biogas_supply,CO2_emission_cost,0.0
7239,2028,reg1,Biogas_supply,CO2_emission_cost,0.0
7240,2029,reg1,Biogas_supply,CO2_emission_cost,0.0
7241,2030,reg1,Biogas_supply,CO2_emission_cost,0.0
7242,2031,reg1,Biogas_supply,CO2_emission_cost,0.0
7243,2032,reg1,Biogas_supply,CO2_emission_cost,0.0
7244,2033,reg1,Biogas_supply,CO2_emission_cost,0.0
7245,2034,reg1,Biogas_supply,CO2_emission_cost,0.0
7246,2035,reg1,Biogas_supply,CO2_emission_cost,0.0
7247,2036,reg1,Biogas_supply,CO2_emission_cost,0.0
7248,2037,reg1,Biogas_supply,CO2_emission_cost,0.0
7249,2038,reg1,Biogas_supply,CO2_emission_cost,0.0
7250,2039,reg1,Biogas_supply,CO2_emission_cost,0.0
7251,2040,reg1,Biogas_supply,CO2_emission_cost,0.0
7252,2041,reg1,Biogas_supply,CO2_emission_cost,0.0
7253,2042,reg1,Biogas_supply,CO2_emission_cost,0.0
7254,2043,reg1,Biogas_supply,CO2_emission_cost,0.0
7255,2044,reg1,Biogas_supply,CO2_emission_cost,0.0
7256,2045,reg1,Biogas_supply,CO2_emission_cost,0.0
7257,2046,reg1,Biogas_supply,CO2_emission_cost,0.0
7258,2047,reg1,Biogas_supply,CO2_emission_cost,0.0
7259,2048,reg1,Biogas_supply,CO2_emission_cost,0.0
7260,2049,reg1,Biogas_supply,CO2_emission_cost,0.0
7261,2050,reg1,Biogas_supply,CO2_emission_cost,0.0
7262,2051,reg1,Biogas_supply,CO2_emission_cost,0.0
7263,2052,reg1,Biogas_supply,CO2_emission_cost,0.0
7264,2053,reg1,Biogas_supply,CO2_emission_cost,0.0
7265,2054,reg1,Biogas_supply,CO2_emission_cost,0.0
7266,2055,reg1,Biogas_supply,CO2_emission_cost,0.0
7267,2056,reg1,Biogas_supply,CO2_emission_cost,0.0
7268,2057,reg1,Biogas_supply,CO2_emission_cost,0.0
7269,2058,reg1,Biogas_supply,CO2_emission_cost,0.0
7270,2059,reg1,Biogas_supply,CO2_emission_cost,0.0
7271,2060,reg1,Biogas_supply,CO2_emission_cost,0.0
7272,2025,reg1,Waste_supply,CO2_emission_cost,0.0
7273,2026,reg1,Waste_supply,CO2_emission_cost,0.0
7274,2027,reg1,Waste_supply,CO2_emission_cost,0.0
7275,2028,reg1,Waste_supply,CO2_emission_cost,0.0
7276,2029,reg1,Waste_supply,CO2_emission_cost,0.0
7277,2030,reg1,Waste_supply,CO2_emission_cost,0.0
7278,2031,reg1,Waste_supply,CO2_emission_cost,0.0
7279,2032,reg1,Waste_supply,CO2_emission_cost,0.0
7280,2033,reg1,Waste_supply,CO2_emission_cost,0.0
7281,2034,reg1,Waste_supply,CO2_emission_cost,0.0
7282,2035,reg1,Waste_supply,CO2_emission_cost,0.0
7283,2036,reg1,Waste_supply,CO2_emission_cost,0.0
7284,2037,reg1,Waste_supply,CO2_emission_cost,0.0
7285,2038,reg1,Waste_supply,CO2_emission_cost,0.0
7286,2039,reg1,Waste_supply,CO2_emission_cost,0.0
7287,2040,reg1,Waste_supply,CO2_emission_cost,0.0
7288,2041,reg1,Waste_supply,CO2_emission_cost,0.0
7289,2042,reg1,Waste_supply,CO2_emission_cost,0.0
7290,2043,reg1,Waste_supply,CO2_emission_cost,0.0
7291,2044,reg1,Waste_supply,CO2_emission_cost,0.0
7292,2045,reg1,Waste_supply,CO2_emission_cost,0.0
7293,2046,reg1,Waste_supply,CO2_emission_cost,0.0
7294,2047,reg1,Waste_supply,CO2_emission_cost,0.0
7295,2048,reg1,Waste_supply,CO2_emission_cost,0.0
7296,2049,reg1,Waste_supply,CO2_emission_cost,0.0
7297,2050,reg1,Waste_supply,CO2_emission_cost,0.0
7298,2051,reg1,Waste_supply,CO2_emission_cost,0.0
7299,2052,reg1,Waste_supply,CO2_emission_cost,0.0
7300,2053,reg1,Waste_supply,CO2_emission_cost,0.0
7301,2054,reg1,Waste_supply,CO2_emission_cost,0.0
7302,2055,reg1,Waste_supply,CO2_emission_cost,0.0
7303,2056,reg1,Waste_supply,CO2_emission_cost,0.0
7304,2057,reg1,Waste_supply,CO2_emission_cost,0.0
7305,2058,reg1,Waste_supply,CO2_emission_cost,0.0
7306,2059,reg1,Waste_supply,CO2_emission_cost,0.0
7307,2060,reg1,Waste_supply,CO2_emission_cost,0.0
7308,2025,reg1,Geo_PP,CO2_emission_cost,0.0
7309,2026,reg1,Geo_PP,CO2_emission_cost,0.0
7310,2027,reg1,Geo_PP,CO2_emission_cost,0.0
7311,2028,reg1,Geo_PP,CO2_emission_cost,0.0
7312,2029,reg1,Geo_PP,CO2_emission_cost,0.0
7313,2030,reg1,Geo_PP,CO2_emission_cost,0.0
7314,2031,reg1,Geo_PP,CO2_emission_cost,0.0
7315,2032,reg1,Geo_PP,CO2_emission_cost,0.0
7316,2033,reg1,Geo_PP,CO2_emission_cost,0.0
7317,2034,reg1,Geo_PP,CO2_emission_cost,0.0
7318,2035,reg1,Geo_PP,CO2_emission_cost,0.0
7319,2036,reg1,Geo_PP,CO2_emission_cost,0.0
7320,2037,reg1,Geo_PP,CO2_emission_cost,0.0
7321,2038,reg1,Geo_PP,CO2_emission_cost,0.0
7322,2039,reg1,Geo_PP,CO2_emission_cost,0.0
7323,2040,reg1,Geo_PP,CO2_emission_cost,0.0
7324,2041,reg1,Geo_PP,CO2_emission_cost,0.0
7325,2042,reg1,Geo_PP,CO2_emission_cost,0.0
7326,2043,reg1,Geo_PP,CO2_emission_cost,0.0
7327,2044,reg1,Geo_PP,CO2_emission_cost,0.0
7328,2045,reg1,Geo_PP,CO2_emission_cost,0.0
7329,2046,reg1,Geo_PP,CO2_emission_cost,0.0
7330,2047,reg1,Geo_PP,CO2_emission_cost,0.0
7331,2048,reg1,Geo_PP,CO2_emission_cost,0.0
7332,2049,reg1,Geo_PP,CO2_emission_cost,0.0
7333,2050,reg1,Geo_PP,CO2_emission_cost,0.0
7334,2051,reg1,Geo_PP,CO2_emission_cost,0.0
7335,2052,reg1,Geo_PP,CO2_emission_cost,0.0
7336,2053,reg1,Geo_PP,CO2_emission_cost,0.0
7337,2054,reg1,Geo_PP,CO2_emission_cost,0.0
7338,2055,reg1,Geo_PP,CO2_emission_cost,0.0
7339,2056,reg1,Geo_PP,CO2_emission_cost,0.0
7340,2057,reg1,Geo_PP,CO2_emission_cost,0.0
7341,2058,reg1,Geo_PP,CO2_emission_cost,0.0
7342,2059,reg1,Geo_PP,CO2_emission_cost,0.0
7343,2060,reg1,Geo_PP,CO2_emission_cost,0.0
7344,2025,reg1,Solar_PV_PP,CO2_emission_cost,0.0
7345,2026,reg1,Solar_PV_PP,CO2_emission_cost,0.0
7346,2027,reg1,Solar_PV_PP,CO2_emission_cost,0.0
7347,2028,reg1,Solar_PV_PP,CO2_emission_cost,0.0
7348,2029,reg1,Solar_PV_PP,CO2_emission_cost,0.0
7349,2030,reg1,Solar_PV_PP,CO2_emission_cost,0.0
7350,2031,reg1,Solar_PV_PP,CO2_emission_cost,0.0
7351,2032,reg1,Solar_PV_PP,CO2_emission_cost,0.0
7352,2033,reg1,Solar_PV_PP,CO2_emission_cost,0.0
7353,2034,reg1,Solar_PV_PP,CO2_emission_cost,0.0
7354,2035,reg1,Solar_PV_PP,CO2_emission_cost,0.0
7355,2036,reg1,Solar_PV_PP,CO2_emission_cost,0.0
7356,2037,reg1,Solar_PV_PP,CO2_emission_cost,0.0
7357,2038,reg1,Solar_PV_PP,CO2_emission_cost,0.0
7358,2039,reg1,Solar_PV_PP,CO2_emission_cost,0.0
7359,2040,reg1,Solar_PV_PP,CO2_emission_cost,0.0
7360,2041,reg1,Solar_PV_PP,CO2_emission_cost,0.0
7361,2042,reg1,Solar_PV_PP,CO2_emission_cost,0.0
7362,2043,reg1,Solar_PV_PP,CO2_emission_cost,0.0
7363,2044,reg1,Solar_PV_PP,CO2_emission_cost,0.0
7364,2045,reg1,Solar_PV_PP,CO2_emission_cost,0.0
7365,2046,reg1,Solar_PV_PP,CO2_emission_cost,0.0
7366,2047,reg1,Solar_PV_PP,CO2_emission_cost,0.0
7367,2048,reg1,Solar_PV_PP,CO2_emission_cost,0.0
7368,2049,reg1,Solar_PV_PP,CO2_emission_cost,0.0
7369,2050,reg1,Solar_PV_PP,CO2_emission_cost,0.0
7370,2051,reg1,Solar_PV_PP,CO2_emission_cost,0.0
7371,2052,reg1,Solar_PV_PP,CO2_emission_cost,0.0
7372,2053,reg1,Solar_PV_PP,CO2_emission_cost,0.0
7373,2054,reg1,Solar_PV_PP,CO2_emission_cost,0.0
7374,2055,reg1,Solar_PV_PP,CO2_emission_cost,0.0
7375,2056,reg1,Solar_PV_PP,CO2_emission_cost,0.0
7376,2057,reg1,Solar_PV_PP,CO2_emission_cost,0.0
7377,2058,reg1,Solar_PV_PP,CO2_emission_cost,0.0
7378,2059,reg1,Solar_PV_PP,CO2_emission_cost,0.0
7379,2060,reg1,Solar_PV_PP,CO2_emission_cost,0.0
7380,2025,reg1,Wind_On-Shore_PP,CO2_emission_cost,0.0
7381,2026,reg1,Wind_On-Shore_PP,CO2_emission_cost,0.0
7382,2027,reg1,Wind_On-Shore_PP,CO2_emission_cost,0.0
7383,2028,reg1,Wind_On-Shore_PP,CO2_emission_cost,0.0
7384,2029,reg1,Wind_On-Shore_PP,CO2_emission_cost,0.0
7385,2030,reg1,Wind_On-Shore_PP,CO2_emission_cost,0.0
7386,2031,reg1,Wind_On-Shore_PP,CO2_emission_cost,0.0
7387,2032,reg1,Wind_On-Shore_PP,CO2_emission_cost,0.0
7388,2033,reg1,Wind_On-Shore_PP,CO2_emission_cost,0.0
7389,2034,reg1,Wind_On-Shore_PP,CO2_emission_cost,0.0
7390,2035,reg1,Wind_On-Shore_PP,CO2_emission_cost,0.0
7391,2036,reg1,Wind_On-Shore_PP,CO2_emission_cost,0.0
7392,2037,reg1,Wind_On-Shore_PP,CO2_emission_cost,0.0
7393,2038,reg1,Wind_On-Shore_PP,CO2_emission_cost,0.0
7394,2039,reg1,Wind_On-Shore_PP,CO2_emission_cost,0.0
7395,2040,reg1,Wind_On-Shore_PP,CO2_emission_cost,0.0
7396,2041,reg1,Wind_On-Shore_PP,CO2_emission_cost,0.0
7397,2042,reg1,Wind_On-Shore_PP,CO2_emission_cost,0.0
7398,2043,reg1,Wind_On-Shore_PP,CO2_emission_cost,0.0
7399,2044,reg1,Wind_On-Shore_PP,CO2_emission_cost,0.0
7400,2045,reg1,Wind_On-Shore_PP,CO2_emission_cost,0.0
7401,2046,reg1,Wind_On-Shore_PP,CO2_emission_cost,0.0
7402,2047,reg1,Wind_On-Shore_PP,CO2_emission_cost,0.0
7403,2048,reg1,Wind_On-Shore_PP,CO2_emission_cost,0.0
7404,2049,reg1,Wind_On-Shore_PP,CO2_emission_cost,0.0
7405,2050,reg1,Wind_On-Shore_PP,CO2_emission_cost,0.0
7406,2051,reg1,Wind_On-Shore_PP,CO2_emission_cost,0.0
7407,2052,reg1,Wind_On-Shore_PP,CO2_emission_cost,0.0
7408,2053,reg1,Wind_On-Shore_PP,CO2_emission_cost,0.0
7409,2054,reg1,Wind_On-Shore_PP,CO2_emission_cost,0.0
7410,2055,reg1,Wind_On-Shore_PP,CO2_emission_cost,0.0
7411,2056,reg1,Wind_On-Shore_PP,CO2_emission_cost,0.0
7412,2057,reg1,Wind_On-Shore_PP,CO2_emission_cost,0.0
7413,2058,reg1,Wind_On-Shore_PP,CO2_emission_cost,0.0
7414,2059,reg1,Wind_On-Shore_PP,CO2_emission_cost,0.0
7415,2060,reg1,Wind_On-Shore_PP,CO2_emission_cost,0.0
7416,2025,reg1,Wind_Off-Shore_PP,CO2_emission_cost,0.0
7417,2026,reg1,Wind_Off-Shore_PP,CO2_emission_cost,0.0
7418,2027,reg1,Wind_Off-Shore_PP,CO2_emission_cost,0.0
7419,2028,reg1,Wind_Off-Shore_PP,CO2_emission_cost,0.0
7420,2029,reg1,Wind_Off-Shore_PP,CO2_emission_cost,0.0
7421,2030,reg1,Wind_Off-Shore_PP,CO2_emission_cost,0.0
7422,2031,reg1,Wind_Off-Shore_PP,CO2_emission_cost,0.0
7423,2032,reg1,Wind_Off-Shore_PP,CO2_emission_cost,0.0
7424,2033,reg1,Wind_Off-Shore_PP,CO2_emission_cost,0.0
7425,2034,reg1,Wind_Off-Shore_PP,CO2_emission_cost,0.0
7426,2035,reg1,Wind_Off-Shore_PP,CO2_emission_cost,0.0
7427,2036,reg1,Wind_Off-Shore_PP,CO2_emission_cost,0.0
7428,2037,reg1,Wind_Off-Shore_PP,CO2_emission_cost,0.0
7429,2038,reg1,Wind_Off-Shore_PP,CO2_emission_cost,0.0
7430,2039,reg1,Wind_Off-Shore_PP,CO2_emission_cost,0.0
7431,2040,reg1,Wind_Off-Shore_PP,CO2_emission_cost,0.0
7432,2041,reg1,Wind_Off-Shore_PP,CO2_emission_cost,0.0
7433,2042,reg1,Wind_Off-Shore_PP,CO2_emission_cost,0.0
7434,2043,reg1,Wind_Off-Shore_PP,CO2_emission_cost,0.0
7435,2044,reg1,Wind_Off-Shore_PP,CO2_emission_cost,0.0
7436,2045,reg1,Wind_Off-Shore_PP,CO2_emission_cost,0.0
7437,2046,reg1,Wind_Off-Shore_PP,CO2_emission_cost,0.0
7438,2047,reg1,Wind_Off-Shore_PP,CO2_emission_cost,0.0
7439,2048,reg1,Wind_Off-Shore_PP,CO2_emission_cost,0.0
7440,2049,reg1,Wind_Off-Shore_PP,CO2_emission_cost,0.0
7441,2050,reg1,Wind_Off-Shore_PP,CO2_emission_cost,0.0
7442,2051,reg1,Wind_Off-Shore_PP,CO2_emission_cost,0.0
7443,2052,reg1,Wind_Off-Shore_PP,CO2_emission_cost,0.0
7444,2053,reg1,Wind_Off-Shore_PP,CO2_emission_cost,0.0
7445,2054,reg1,Wind_Off-Shore_PP,CO2_emission_cost,0.0
7446,2055,reg1,Wind_Off-Shore_PP,CO2_emission_cost,0.0
7447,2056,reg1,Wind_Off-Shore_PP,CO2_emission_cost,0.0
7448,2057,reg1,Wind_Off-Shore_PP,CO2_emission_cost,0.0
7449,2058,reg1,Wind_Off-Shore_PP,CO2_emission_cost,0.0
7450,2059,reg1,Wind_Off-Shore_PP,CO2_emission_cost,0.0
7451,2060,reg1,Wind_Off-Shore_PP,CO2_emission_cost,0.0
7452,2025,reg1,Hydro_PP,CO2_emission_cost,0.0
7453,2026,reg1,Hydro_PP,CO2_emission_cost,0.0
7454,2027,reg1,Hydro_PP,CO2_emission_cost,0.0
7455,2028,reg1,Hydro_PP,CO2_emission_cost,0.0
7456,2029,reg1,Hydro_PP,CO2_emission_cost,0.0
7457,2030,reg1,Hydro_PP,CO2_emission_cost,0.0
7458,2031,reg1,Hydro_PP,CO2_emission_cost,0.0
7459,2032,reg1,Hydro_PP,CO2_emission_cost,0.0
7460,2033,reg1,Hydro_PP,CO2_emission_cost,0.0
7461,2034,reg1,Hydro_PP,CO2_emission_cost,0.0
7462,2035,reg1,Hydro_PP,CO2_emission_cost,0.0
7463,2036,reg1,Hydro_PP,CO2_emission_cost,0.0
7464,2037,reg1,Hydro_PP,CO2_emission_cost,0.0
7465,2038,reg1,Hydro_PP,CO2_emission_cost,0.0
7466,2039,reg1,Hydro_PP,CO2_emission_cost,0.0
7467,2040,reg1,Hydro_PP,CO2_emission_cost,0.0
7468,2041,reg1,Hydro_PP,CO2_emission_cost,0.0
7469,2042,reg1,Hydro_PP,CO2_emission_cost,0.0
7470,2043,reg1,Hydro_PP,CO2_emission_cost,0.0
7471,2044,reg1,Hydro_PP,CO2_emission_cost,0.0
7472,2045,reg1,Hydro_PP,CO2_emission_cost,0.0
7473,2046,reg1,Hydro_PP,CO2_emission_cost,0.0
7474,2047,reg1,Hydro_PP,CO2_emission_cost,0.0
7475,2048,reg1,Hydro_PP,CO2_emission_cost,0.0
7476,2049,reg1,Hydro_PP,CO2_emission_cost,0.0
7477,2050,reg1,Hydro_PP,CO2_emission_cost,0.0
7478,2051,reg1,Hydro_PP,CO2_emission_cost,0.0
7479,2052,reg1,Hydro_PP,CO2_emission_cost,0.0
7480,2053,reg1,Hydro_PP,CO2_emission_cost,0.0
7481,2054,reg1,Hydro_PP,CO2_emission_cost,0.0
7482,2055,reg1,Hydro_PP,CO2_emission_cost,0.0
7483,2056,reg1,Hydro_PP,CO2_emission_cost,0.0
7484,2057,reg1,Hydro_PP,CO2_emission_cost,0.0
7485,2058,reg1,Hydro_PP,CO2_emission_cost,0.0
7486,2059,reg1,Hydro_PP,CO2_emission_cost,0.0
7487,2060,reg1,Hydro_PP,CO2_emission_cost,0.0
7488,2025,reg1,UO2_supply ,CO2_emission_cost,0.0
7489,2026,reg1,UO2_supply ,CO2_emission_cost,0.0
7490,2027,reg1,UO2_supply ,CO2_emission_cost,0.0
7491,2028,reg1,UO2_supply ,CO2_emission_cost,0.0
7492,2029,reg1,UO2_supply ,CO2_emission_cost,0.0
7493,2030,reg1,UO2_supply ,CO2_emission_cost,0.0
7494,2031,reg1,UO2_supply ,CO2_emission_cost,0.0
7495,2032,reg1,UO2_supply ,CO2_emission_cost,0.0
7496,2033,reg1,UO2_supply ,CO2_emission_cost,0.0
7497,2034,reg1,UO2_supply ,CO2_emission_cost,0.0
7498,2035,reg1,UO2_supply ,CO2_emission_cost,0.0
7499,2036,reg1,UO2_supply ,CO2_emission_cost,0.0
7500,2037,reg1,UO2_supply ,CO2_emission_cost,0.0
7501,2038,reg1,UO2_supply ,CO2_emission_cost,0.0
7502,2039,reg1,UO2_supply ,CO2_emission_cost,0.0
7503,2040,reg1,UO2_supply ,CO2_emission_cost,0.0
7504,2041,reg1,UO2_supply ,CO2_emission_cost,0.0
7505,2042,reg1,UO2_supply ,CO2_emission_cost,0.0
7506,2043,reg1,UO2_supply ,CO2_emission_cost,0.0
7507,2044,reg1,UO2_supply ,CO2_emission_cost,0.0
7508,2045,reg1,UO2_supply ,CO2_emission_cost,0.0
7509,2046,reg1,UO2_supply ,CO2_emission_cost,0.0
7510,2047,reg1,UO2_supply ,CO2_emission_cost,0.0
7511,2048,reg1,UO2_supply ,CO2_emission_cost,0.0
7512,2049,reg1,UO2_supply ,CO2_emission_cost,0.0
7513,2050,reg1,UO2_supply ,CO2_emission_cost,0.0
7514,2051,reg1,UO2_supply ,CO2_emission_cost,0.0
7515,2052,reg1,UO2_supply ,CO2_emission_cost,0.0
7516,2053,reg1,UO2_supply ,CO2_emission_cost,0.0
7517,2054,reg1,UO2_supply ,CO2_emission_cost,0.0
7518,2055,reg1,UO2_supply ,CO2_emission_cost,0.0
7519,2056,reg1,UO2_supply ,CO2_emission_cost,0.0
7520,2057,reg1,UO2_supply ,CO2_emission_cost,0.0
7521,2058,reg1,UO2_supply ,CO2_emission_cost,0.0
7522,2059,reg1,UO2_supply ,CO2_emission_cost,0.0
7523,2060,reg1,UO2_supply ,CO2_emission_cost,0.0
7524,2025,reg1,Electricity_net_imports,CO2_emission_cost,0.0
7525,2026,reg1,Electricity_net_imports,CO2_emission_cost,0.0
7526,2027,reg1,Electricity_net_imports,CO2_emission_cost,0.0
7527,2028,reg1,Electricity_net_imports,CO2_emission_cost,0.0
7528,2029,reg1,Electricity_net_imports,CO2_emission_cost,0.0
7529,2030,reg1,Electricity_net_imports,CO2_emission_cost,0.0
7530,2031,reg1,Electricity_net_imports,CO2_emission_cost,0.0
7531,2032,reg1,Electricity_net_imports,CO2_emission_cost,0.0
7532,2033,reg1,Electricity_net_imports,CO2_emission_cost,0.0
7533,2034,reg1,Electricity_net_imports,CO2_emission_cost,0.0
7534,2035,reg1,Electricity_net_imports,CO2_emission_cost,0.0
7535,2036,reg1,Electricity_net_imports,CO2_emission_cost,0.0
7536,2037,reg1,Electricity_net_imports,CO2_emission_cost,0.0
7537,2038,reg1,Electricity_net_imports,CO2_emission_cost,0.0
7538,2039,reg1,Electricity_net_imports,CO2_emission_cost,0.0
7539,2040,reg1,Electricity_net_imports,CO2_emission_cost,0.0
7540,2041,reg1,Electricity_net_imports,CO2_emission_cost,0.0
7541,2042,reg1,Electricity_net_imports,CO2_emission_cost,0.0
7542,2043,reg1,Electricity_net_imports,CO2_emission_cost,0.0
7543,2044,reg1,Electricity_net_imports,CO2_emission_cost,0.0
7544,2045,reg1,Electricity_net_imports,CO2_emission_cost,0.0
7545,2046,reg1,Electricity_net_imports,CO2_emission_cost,0.0
7546,2047,reg1,Electricity_net_imports,CO2_emission_cost,0.0
7547,2048,reg1,Electricity_net_imports,CO2_emission_cost,0.0
7548,2049,reg1,Electricity_net_imports,CO2_emission_cost,0.0
7549,2050,reg1,Electricity_net_imports,CO2_emission_cost,0.0
7550,2051,reg1,Electricity_net_imports,CO2_emission_cost,0.0
7551,2052,reg1,Electricity_net_imports,CO2_emission_cost,0.0
7552,2053,reg1,Electricity_net_imports,CO2_emission_cost,0.0
7553,2054,reg1,Electricity_net_imports,CO2_emission_cost,0.0
7554,2055,reg1,Electricity_net_imports,CO2_emission_cost,0.0
7555,2056,reg1,Electricity_net_imports,CO2_emission_cost,0.0
7556,2057,reg1,Electricity_net_imports,CO2_emission_cost,0.0
7557,2058,reg1,Electricity_net_imports,CO2_emission_cost,0.0
7558,2059,reg1,Electricity_net_imports,CO2_emission_cost,0.0
7559,2060,reg1,Electricity_net_imports,CO2_emission_cost,0.0
7560,2025,reg1,Geo_HP,CO2_emission_cost,0.0
7561,2026,reg1,Geo_HP,CO2_emission_cost,0.0
7562,2027,reg1,Geo_HP,CO2_emission_cost,0.0
7563,2028,reg1,Geo_HP,CO2_emission_cost,0.0
7564,2029,reg1,Geo_HP,CO2_emission_cost,0.0
7565,2030,reg1,Geo_HP,CO2_emission_cost,0.0
7566,2031,reg1,Geo_HP,CO2_emission_cost,0.0
7567,2032,reg1,Geo_HP,CO2_emission_cost,0.0
7568,2033,reg1,Geo_HP,CO2_emission_cost,0.0
7569,2034,reg1,Geo_HP,CO2_emission_cost,0.0
7570,2035,reg1,Geo_HP,CO2_emission_cost,0.0
7571,2036,reg1,Geo_HP,CO2_emission_cost,0.0
7572,2037,reg1,Geo_HP,CO2_emission_cost,0.0
7573,2038,reg1,Geo_HP,CO2_emission_cost,0.0
7574,2039,reg1,Geo_HP,CO2_emission_cost,0.0
7575,2040,reg1,Geo_HP,CO2_emission_cost,0.0
7576,2041,reg1,Geo_HP,CO2_emission_cost,0.0
7577,2042,reg1,Geo_HP,CO2_emission_cost,0.0
7578,2043,reg1,Geo_HP,CO2_emission_cost,0.0
7579,2044,reg1,Geo_HP,CO2_emission_cost,0.0
7580,2045,reg1,Geo_HP,CO2_emission_cost,0.0
7581,2046,reg1,Geo_HP,CO2_emission_cost,0.0
7582,2047,reg1,Geo_HP,CO2_emission_cost,0.0
7583,2048,reg1,Geo_HP,CO2_emission_cost,0.0
7584,2049,reg1,Geo_HP,CO2_emission_cost,0.0
7585,2050,reg1,Geo_HP,CO2_emission_cost,0.0
7586,2051,reg1,Geo_HP,CO2_emission_cost,0.0
7587,2052,reg1,Geo_HP,CO2_emission_cost,0.0
7588,2053,reg1,Geo_HP,CO2_emission_cost,0.0
7589,2054,reg1,Geo_HP,CO2_emission_cost,0.0
7590,2055,reg1,Geo_HP,CO2_emission_cost,0.0
7591,2056,reg1,Geo_HP,CO2_emission_cost,0.0
7592,2057,reg1,Geo_HP,CO2_emission_cost,0.0
7593,2058,reg1,Geo_HP,CO2_emission_cost,0.0
7594,2059,reg1,Geo_HP,CO2_emission_cost,0.0
7595,2060,reg1,Geo_HP,CO2_emission_cost,0.0
7596,2025,reg1,HTHP,CO2_emission_cost,0.0
7597,2026,reg1,HTHP,CO2_emission_cost,0.0
7598,2027,reg1,HTHP,CO2_emission_cost,0.0
7599,2028,reg1,HTHP,CO2_emission_cost,0.0
7600,2029,reg1,HTHP,CO2_emission_cost,0.0
7601,2030,reg1,HTHP,CO2_emission_cost,0.0
7602,2031,reg1,HTHP,CO2_emission_cost,0.0
7603,2032,reg1,HTHP,CO2_emission_cost,0.0
7604,2033,reg1,HTHP,CO2_emission_cost,0.0
7605,2034,reg1,HTHP,CO2_emission_cost,0.0
7606,2035,reg1,HTHP,CO2_emission_cost,0.0
7607,2036,reg1,HTHP,CO2_emission_cost,0.0
7608,2037,reg1,HTHP,CO2_emission_cost,0.0
7609,2038,reg1,HTHP,CO2_emission_cost,0.0
7610,2039,reg1,HTHP,CO2_emission_cost,0.0
7611,2040,reg1,HTHP,CO2_emission_cost,0.0
7612,2041,reg1,HTHP,CO2_emission_cost,0.0
7613,2042,reg1,HTHP,CO2_emission_cost,0.0
7614,2043,reg1,HTHP,CO2_emission_cost,0.0
7615,2044,reg1,HTHP,CO2_emission_cost,0.0
7616,2045,reg1,HTHP,CO2_emission_cost,0.0
7617,2046,reg1,HTHP,CO2_emission_cost,0.0
7618,2047,reg1,HTHP,CO2_emission_cost,0.0
7619,2048,reg1,HTHP,CO2_emission_cost,0.0
7620,2049,reg1,HTHP,CO2_emission_cost,0.0
7621,2050,reg1,HTHP,CO2_emission_cost,0.0
7622,2051,reg1,HTHP,CO2_emission_cost,0.0
7623,2052,reg1,HTHP,CO2_emission_cost,0.0
7624,2053,reg1,HTHP,CO2_emission_cost,0.0
7625,2054,reg1,HTHP,CO2_emission_cost,0.0
7626,2055,reg1,HTHP,CO2_emission_cost,0.0
7627,2056,reg1,HTHP,CO2_emission_cost,0.0
7628,2057,reg1,HTHP,CO2_emission_cost,0.0
7629,2058,reg1,HTHP,CO2_emission_cost,0.0
7630,2059,reg1,HTHP,CO2_emission_cost,0.0
7631,2060,reg1,HTHP,CO2_emission_cost,0.0
7632,2025,reg1,SMR,CO2_emission_cost,0.0
7633,2026,reg1,SMR,CO2_emission_cost,0.0
7634,2027,reg1,SMR,CO2_emission_cost,0.0
7635,2028,reg1,SMR,CO2_emission_cost,0.0
7636,2029,reg1,SMR,CO2_emission_cost,0.0
7637,2030,reg1,SMR,CO2_emission_cost,0.0
7638,2031,reg1,SMR,CO2_emission_cost,0.0
7639,2032,reg1,SMR,CO2_emission_cost,0.0
7640,2033,reg1,SMR,CO2_emission_cost,0.0
7641,2034,reg1,SMR,CO2_emission_cost,0.0
7642,2035,reg1,SMR,CO2_emission_cost,0.0
7643,2036,reg1,SMR,CO2_emission_cost,0.0
7644,2037,reg1,SMR,CO2_emission_cost,0.0
7645,2038,reg1,SMR,CO2_emission_cost,0.0
7646,2039,reg1,SMR,CO2_emission_cost,0.0
7647,2040,reg1,SMR,CO2_emission_cost,0.0
7648,2041,reg1,SMR,CO2_emission_cost,0.0
7649,2042,reg1,SMR,CO2_emission_cost,0.0
7650,2043,reg1,SMR,CO2_emission_cost,0.0
7651,2044,reg1,SMR,CO2_emission_cost,0.0
7652,2045,reg1,SMR,CO2_emission_cost,0.0
7653,2046,reg1,SMR,CO2_emission_cost,0.0
7654,2047,reg1,SMR,CO2_emission_cost,0.0
7655,2048,reg1,SMR,CO2_emission_cost,0.0
7656,2049,reg1,SMR,CO2_emission_cost,0.0
7657,2050,reg1,SMR,CO2_emission_cost,0.0
7658,2051,reg1,SMR,CO2_emission_cost,0.0
7659,2052,reg1,SMR,CO2_emission_cost,0.0
7660,2053,reg1,SMR,CO2_emission_cost,0.0
7661,2054,reg1,SMR,CO2_emission_cost,0.0
7662,2055,reg1,SMR,CO2_emission_cost,0.0
7663,2056,reg1,SMR,CO2_emission_cost,0.0
7664,2057,reg1,SMR,CO2_emission_cost,0.0
7665,2058,reg1,SMR,CO2_emission_cost,0.0
7666,2059,reg1,SMR,CO2_emission_cost,0.0
7667,2060,reg1,SMR,CO2_emission_cost,0.0
7668,2025,reg1,SMR_CCS,CO2_emission_cost,0.0
7669,2026,reg1,SMR_CCS,CO2_emission_cost,0.0
7670,2027,reg1,SMR_CCS,CO2_emission_cost,0.0
7671,2028,reg1,SMR_CCS,CO2_emission_cost,0.0
7672,2029,reg1,SMR_CCS,CO2_emission_cost,0.0
7673,2030,reg1,SMR_CCS,CO2_emission_cost,0.0
7674,2031,reg1,SMR_CCS,CO2_emission_cost,0.0
7675,2032,reg1,SMR_CCS,CO2_emission_cost,0.0
7676,2033,reg1,SMR_CCS,CO2_emission_cost,0.0
7677,2034,reg1,SMR_CCS,CO2_emission_cost,0.0
7678,2035,reg1,SMR_CCS,CO2_emission_cost,0.0
7679,2036,reg1,SMR_CCS,CO2_emission_cost,0.0
7680,2037,reg1,SMR_CCS,CO2_emission_cost,0.0
7681,2038,reg1,SMR_CCS,CO2_emission_cost,0.0
7682,2039,reg1,SMR_CCS,CO2_emission_cost,0.0
7683,2040,reg1,SMR_CCS,CO2_emission_cost,0.0
7684,2041,reg1,SMR_CCS,CO2_emission_cost,0.0
7685,2042,reg1,SMR_CCS,CO2_emission_cost,0.0
7686,2043,reg1,SMR_CCS,CO2_emission_cost,0.0
7687,2044,reg1,SMR_CCS,CO2_emission_cost,0.0
7688,2045,reg1,SMR_CCS,CO2_emission_cost,0.0
7689,2046,reg1,SMR_CCS,CO2_emission_cost,0.0
7690,2047,reg1,SMR_CCS,CO2_emission_cost,0.0
7691,2048,reg1,SMR_CCS,CO2_emission_cost,0.0
7692,2049,reg1,SMR_CCS,CO2_emission_cost,0.0
7693,2050,reg1,SMR_CCS,CO2_emission_cost,0.0
7694,2051,reg1,SMR_CCS,CO2_emission_cost,0.0
7695,2052,reg1,SMR_CCS,CO2_emission_cost,0.0
7696,2053,reg1,SMR_CCS,CO2_emission_cost,0.0
7697,2054,reg1,SMR_CCS,CO2_emission_cost,0.0
7698,2055,reg1,SMR_CCS,CO2_emission_cost,0.0
7699,2056,reg1,SMR_CCS,CO2_emission_cost,0.0
7700,2057,reg1,SMR_CCS,CO2_emission_cost,0.0
7701,2058,reg1,SMR_CCS,CO2_emission_cost,0.0
7702,2059,reg1,SMR_CCS,CO2_emission_cost,0.0
7703,2060,reg1,SMR_CCS,CO2_emission_cost,0.0
7704,2025,reg1,Electrolysis_PEM,CO2_emission_cost,0.0
7705,2026,reg1,Electrolysis_PEM,CO2_emission_cost,0.0
7706,2027,reg1,Electrolysis_PEM,CO2_emission_cost,0.0
7707,2028,reg1,Electrolysis_PEM,CO2_emission_cost,0.0
7708,2029,reg1,Electrolysis_PEM,CO2_emission_cost,0.0
7709,2030,reg1,Electrolysis_PEM,CO2_emission_cost,0.0
7710,2031,reg1,Electrolysis_PEM,CO2_emission_cost,0.0
7711,2032,reg1,Electrolysis_PEM,CO2_emission_cost,0.0
7712,2033,reg1,Electrolysis_PEM,CO2_emission_cost,0.0
7713,2034,reg1,Electrolysis_PEM,CO2_emission_cost,0.0
7714,2035,reg1,Electrolysis_PEM,CO2_emission_cost,0.0
7715,2036,reg1,Electrolysis_PEM,CO2_emission_cost,0.0
7716,2037,reg1,Electrolysis_PEM,CO2_emission_cost,0.0
7717,2038,reg1,Electrolysis_PEM,CO2_emission_cost,0.0
7718,2039,reg1,Electrolysis_PEM,CO2_emission_cost,0.0
7719,2040,reg1,Electrolysis_PEM,CO2_emission_cost,0.0
7720,2041,reg1,Electrolysis_PEM,CO2_emission_cost,0.0
7721,2042,reg1,Electrolysis_PEM,CO2_emission_cost,0.0
7722,2043,reg1,Electrolysis_PEM,CO2_emission_cost,0.0
7723,2044,reg1,Electrolysis_PEM,CO2_emission_cost,0.0
7724,2045,reg1,Electrolysis_PEM,CO2_emission_cost,0.0
7725,2046,reg1,Electrolysis_PEM,CO2_emission_cost,0.0
7726,2047,reg1,Electrolysis_PEM,CO2_emission_cost,0.0
7727,2048,reg1,Electrolysis_PEM,CO2_emission_cost,0.0
7728,2049,reg1,Electrolysis_PEM,CO2_emission_cost,0.0
7729,2050,reg1,Electrolysis_PEM,CO2_emission_cost,0.0
7730,2051,reg1,Electrolysis_PEM,CO2_emission_cost,0.0
7731,2052,reg1,Electrolysis_PEM,CO2_emission_cost,0.0
7732,2053,reg1,Electrolysis_PEM,CO2_emission_cost,0.0
7733,2054,reg1,Electrolysis_PEM,CO2_emission_cost,0.0
7734,2055,reg1,Electrolysis_PEM,CO2_emission_cost,0.0
7735,2056,reg1,Electrolysis_PEM,CO2_emission_cost,0.0
7736,2057,reg1,Electrolysis_PEM,CO2_emission_cost,0.0
7737,2058,reg1,Electrolysis_PEM,CO2_emission_cost,0.0
7738,2059,reg1,Electrolysis_PEM,CO2_emission_cost,0.0
7739,2060,reg1,Electrolysis_PEM,CO2_emission_cost,0.0
7740,2025,reg1,SFF_PP,CO2_emission_cost,0.0
7741,2026,reg1,SFF_PP,CO2_emission_cost,0.0
7742,2027,reg1,SFF_PP,CO2_emission_cost,0.0
7743,2028,reg1,SFF_PP,CO2_emission_cost,0.0
7744,2029,reg1,SFF_PP,CO2_emission_cost,0.0
7745,2030,reg1,SFF_PP,CO2_emission_cost,0.0
7746,2031,reg1,SFF_PP,CO2_emission_cost,0.0
7747,2032,reg1,SFF_PP,CO2_emission_cost,0.0
7748,2033,reg1,SFF_PP,CO2_emission_cost,0.0
7749,2034,reg1,SFF_PP,CO2_emission_cost,0.0
7750,2035,reg1,SFF_PP,CO2_emission_cost,0.0
7751,2036,reg1,SFF_PP,CO2_emission_cost,0.0
7752,2037,reg1,SFF_PP,CO2_emission_cost,0.0
7753,2038,reg1,SFF_PP,CO2_emission_cost,0.0
7754,2039,reg1,SFF_PP,CO2_emission_cost,0.0
7755,2040,reg1,SFF_PP,CO2_emission_cost,0.0
7756,2041,reg1,SFF_PP,CO2_emission_cost,0.0
7757,2042,reg1,SFF_PP,CO2_emission_cost,0.0
7758,2043,reg1,SFF_PP,CO2_emission_cost,0.0
7759,2044,reg1,SFF_PP,CO2_emission_cost,0.0
7760,2045,reg1,SFF_PP,CO2_emission_cost,0.0
7761,2046,reg1,SFF_PP,CO2_emission_cost,0.0
7762,2047,reg1,SFF_PP,CO2_emission_cost,0.0
7763,2048,reg1,SFF_PP,CO2_emission_cost,0.0
7764,2049,reg1,SFF_PP,CO2_emission_cost,0.0
7765,2050,reg1,SFF_PP,CO2_emission_cost,0.0
7766,2051,reg1,SFF_PP,CO2_emission_cost,0.0
7767,2052,reg1,SFF_PP,CO2_emission_cost,0.0
7768,2053,reg1,SFF_PP,CO2_emission_cost,0.0
7769,2054,reg1,SFF_PP,CO2_emission_cost,0.0
7770,2055,reg1,SFF_PP,CO2_emission_cost,0.0
7771,2056,reg1,SFF_PP,CO2_emission_cost,0.0
7772,2057,reg1,SFF_PP,CO2_emission_cost,0.0
7773,2058,reg1,SFF_PP,CO2_emission_cost,0.0
7774,2059,reg1,SFF_PP,CO2_emission_cost,0.0
7775,2060,reg1,SFF_PP,CO2_emission_cost,0.0
7776,2025,reg1,Nuc_SMR_PP,CO2_emission_cost,0.0
7777,2026,reg1,Nuc_SMR_PP,CO2_emission_cost,0.0
7778,2027,reg1,Nuc_SMR_PP,CO2_emission_cost,0.0
7779,2028,reg1,Nuc_SMR_PP,CO2_emission_cost,0.0
7780,2029,reg1,Nuc_SMR_PP,CO2_emission_cost,0.0
7781,2030,reg1,Nuc_SMR_PP,CO2_emission_cost,0.0
7782,2031,reg1,Nuc_SMR_PP,CO2_emission_cost,0.0
7783,2032,reg1,Nuc_SMR_PP,CO2_emission_cost,0.0
7784,2033,reg1,Nuc_SMR_PP,CO2_emission_cost,0.0
7785,2034,reg1,Nuc_SMR_PP,CO2_emission_cost,0.0
7786,2035,reg1,Nuc_SMR_PP,CO2_emission_cost,0.0
7787,2036,reg1,Nuc_SMR_PP,CO2_emission_cost,0.0
7788,2037,reg1,Nuc_SMR_PP,CO2_emission_cost,0.0
7789,2038,reg1,Nuc_SMR_PP,CO2_emission_cost,0.0
7790,2039,reg1,Nuc_SMR_PP,CO2_emission_cost,0.0
7791,2040,reg1,Nuc_SMR_PP,CO2_emission_cost,0.0
7792,2041,reg1,Nuc_SMR_PP,CO2_emission_cost,0.0
7793,2042,reg1,Nuc_SMR_PP,CO2_emission_cost,0.0
7794,2043,reg1,Nuc_SMR_PP,CO2_emission_cost,0.0
7795,2044,reg1,Nuc_SMR_PP,CO2_emission_cost,0.0
7796,2045,reg1,Nuc_SMR_PP,CO2_emission_cost,0.0
7797,2046,reg1,Nuc_SMR_PP,CO2_emission_cost,0.0
7798,2047,reg1,Nuc_SMR_PP,CO2_emission_cost,0.0
7799,2048,reg1,Nuc_SMR_PP,CO2_emission_cost,0.0
7800,2049,reg1,Nuc_SMR_PP,CO2_emission_cost,0.0
7801,2050,reg1,Nuc_SMR_PP,CO2_emission_cost,0.0
7802,2051,reg1,Nuc_SMR_PP,CO2_emission_cost,0.0
7803,2052,reg1,Nuc_SMR_PP,CO2_emission_cost,0.0
7804,2053,reg1,Nuc_SMR_PP,CO2_emission_cost,0.0
7805,2054,reg1,Nuc_SMR_PP,CO2_emission_cost,0.0
7806,2055,reg1,Nuc_SMR_PP,CO2_emission_cost,0.0
7807,2056,reg1,Nuc_SMR_PP,CO2_emission_cost,0.0
7808,2057,reg1,Nuc_SMR_PP,CO2_emission_cost,0.0
7809,2058,reg1,Nuc_SMR_PP,CO2_emission_cost,0.0
7810,2059,reg1,Nuc_SMR_PP,CO2_emission_cost,0.0
7811,2060,reg1,Nuc_SMR_PP,CO2_emission_cost,0.0
7812,2025,reg1,Nuc_G3+_PP,CO2_emission_cost,0.0
7813,2026,reg1,Nuc_G3+_PP,CO2_emission_cost,0.0
7814,2027,reg1,Nuc_G3+_PP,CO2_emission_cost,0.0
7815,2028,reg1,Nuc_G3+_PP,CO2_emission_cost,0.0
7816,2029,reg1,Nuc_G3+_PP,CO2_emission_cost,0.0
7817,2030,reg1,Nuc_G3+_PP,CO2_emission_cost,0.0
7818,2031,reg1,Nuc_G3+_PP,CO2_emission_cost,0.0
7819,2032,reg1,Nuc_G3+_PP,CO2_emission_cost,0.0
7820,2033,reg1,Nuc_G3+_PP,CO2_emission_cost,0.0
7821,2034,reg1,Nuc_G3+_PP,CO2_emission_cost,0.0
7822,2035,reg1,Nuc_G3+_PP,CO2_emission_cost,0.0
7823,2036,reg1,Nuc_G3+_PP,CO2_emission_cost,0.0
7824,2037,reg1,Nuc_G3+_PP,CO2_emission_cost,0.0
7825,2038,reg1,Nuc_G3+_PP,CO2_emission_cost,0.0
7826,2039,reg1,Nuc_G3+_PP,CO2_emission_cost,0.0
7827,2040,reg1,Nuc_G3+_PP,CO2_emission_cost,0.0
7828,2041,reg1,Nuc_G3+_PP,CO2_emission_cost,0.0
7829,2042,reg1,Nuc_G3+_PP,CO2_emission_cost,0.0
7830,2043,reg1,Nuc_G3+_PP,CO2_emission_cost,0.0
7831,2044,reg1,Nuc_G3+_PP,CO2_emission_cost,0.0
7832,2045,reg1,Nuc_G3+_PP,CO2_emission_cost,0.0
7833,2046,reg1,Nuc_G3+_PP,CO2_emission_cost,0.0
7834,2047,reg1,Nuc_G3+_PP,CO2_emission_cost,0.0
7835,2048,reg1,Nuc_G3+_PP,CO2_emission_cost,0.0
7836,2049,reg1,Nuc_G3+_PP,CO2_emission_cost,0.0
7837,2050,reg1,Nuc_G3+_PP,CO2_emission_cost,0.0
7838,2051,reg1,Nuc_G3+_PP,CO2_emission_cost,0.0
7839,2052,reg1,Nuc_G3+_PP,CO2_emission_cost,0.0
7840,2053,reg1,Nuc_G3+_PP,CO2_emission_cost,0.0
7841,2054,reg1,Nuc_G3+_PP,CO2_emission_cost,0.0
7842,2055,reg1,Nuc_G3+_PP,CO2_emission_cost,0.0
7843,2056,reg1,Nuc_G3+_PP,CO2_emission_cost,0.0
7844,2057,reg1,Nuc_G3+_PP,CO2_emission_cost,0.0
7845,2058,reg1,Nuc_G3+_PP,CO2_emission_cost,0.0
7846,2059,reg1,Nuc_G3+_PP,CO2_emission_cost,0.0
7847,2060,reg1,Nuc_G3+_PP,CO2_emission_cost,0.0
7848,2025,reg1,Nuc_SMR_CHP,CO2_emission_cost,0.0
7849,2026,reg1,Nuc_SMR_CHP,CO2_emission_cost,0.0
7850,2027,reg1,Nuc_SMR_CHP,CO2_emission_cost,0.0
7851,2028,reg1,Nuc_SMR_CHP,CO2_emission_cost,0.0
7852,2029,reg1,Nuc_SMR_CHP,CO2_emission_cost,0.0
7853,2030,reg1,Nuc_SMR_CHP,CO2_emission_cost,0.0
7854,2031,reg1,Nuc_SMR_CHP,CO2_emission_cost,0.0
7855,2032,reg1,Nuc_SMR_CHP,CO2_emission_cost,0.0
7856,2033,reg1,Nuc_SMR_CHP,CO2_emission_cost,0.0
7857,2034,reg1,Nuc_SMR_CHP,CO2_emission_cost,0.0
7858,2035,reg1,Nuc_SMR_CHP,CO2_emission_cost,0.0
7859,2036,reg1,Nuc_SMR_CHP,CO2_emission_cost,0.0
7860,2037,reg1,Nuc_SMR_CHP,CO2_emission_cost,0.0
7861,2038,reg1,Nuc_SMR_CHP,CO2_emission_cost,0.0
7862,2039,reg1,Nuc_SMR_CHP,CO2_emission_cost,0.0
7863,2040,reg1,Nuc_SMR_CHP,CO2_emission_cost,0.0
7864,2041,reg1,Nuc_SMR_CHP,CO2_emission_cost,0.0
7865,2042,reg1,Nuc_SMR_CHP,CO2_emission_cost,0.0
7866,2043,reg1,Nuc_SMR_CHP,CO2_emission_cost,0.0
7867,2044,reg1,Nuc_SMR_CHP,CO2_emission_cost,0.0
7868,2045,reg1,Nuc_SMR_CHP,CO2_emission_cost,0.0
7869,2046,reg1,Nuc_SMR_CHP,CO2_emission_cost,0.0
7870,2047,reg1,Nuc_SMR_CHP,CO2_emission_cost,0.0
7871,2048,reg1,Nuc_SMR_CHP,CO2_emission_cost,0.0
7872,2049,reg1,Nuc_SMR_CHP,CO2_emission_cost,0.0
7873,2050,reg1,Nuc_SMR_CHP,CO2_emission_cost,0.0
7874,2051,reg1,Nuc_SMR_CHP,CO2_emission_cost,0.0
7875,2052,reg1,Nuc_SMR_CHP,CO2_emission_cost,0.0
7876,2053,reg1,Nuc_SMR_CHP,CO2_emission_cost,0.0
7877,2054,reg1,Nuc_SMR_CHP,CO2_emission_cost,0.0
7878,2055,reg1,Nuc_SMR_CHP,CO2_emission_cost,0.0
7879,2056,reg1,Nuc_SMR_CHP,CO2_emission_cost,0.0
7880,2057,reg1,Nuc_SMR_CHP,CO2_emission_cost,0.0
7881,2058,reg1,Nuc_SMR_CHP,CO2_emission_cost,0.0
7882,2059,reg1,Nuc_SMR_CHP,CO2_emission_cost,0.0
7883,2060,reg1,Nuc_SMR_CHP,CO2_emission_cost,0.0
7884,2025,reg1,Nuc_SMR_Power-CHP,CO2_emission_cost,0.0
7885,2026,reg1,Nuc_SMR_Power-CHP,CO2_emission_cost,0.0
7886,2027,reg1,Nuc_SMR_Power-CHP,CO2_emission_cost,0.0
7887,2028,reg1,Nuc_SMR_Power-CHP,CO2_emission_cost,0.0
7888,2029,reg1,Nuc_SMR_Power-CHP,CO2_emission_cost,0.0
7889,2030,reg1,Nuc_SMR_Power-CHP,CO2_emission_cost,0.0
7890,2031,reg1,Nuc_SMR_Power-CHP,CO2_emission_cost,0.0
7891,2032,reg1,Nuc_SMR_Power-CHP,CO2_emission_cost,0.0
7892,2033,reg1,Nuc_SMR_Power-CHP,CO2_emission_cost,0.0
7893,2034,reg1,Nuc_SMR_Power-CHP,CO2_emission_cost,0.0
7894,2035,reg1,Nuc_SMR_Power-CHP,CO2_emission_cost,0.0
7895,2036,reg1,Nuc_SMR_Power-CHP,CO2_emission_cost,0.0
7896,2037,reg1,Nuc_SMR_Power-CHP,CO2_emission_cost,0.0
7897,2038,reg1,Nuc_SMR_Power-CHP,CO2_emission_cost,0.0
7898,2039,reg1,Nuc_SMR_Power-CHP,CO2_emission_cost,0.0
7899,2040,reg1,Nuc_SMR_Power-CHP,CO2_emission_cost,0.0
7900,2041,reg1,Nuc_SMR_Power-CHP,CO2_emission_cost,0.0
7901,2042,reg1,Nuc_SMR_Power-CHP,CO2_emission_cost,0.0
7902,2043,reg1,Nuc_SMR_Power-CHP,CO2_emission_cost,0.0
7903,2044,reg1,Nuc_SMR_Power-CHP,CO2_emission_cost,0.0
7904,2045,reg1,Nuc_SMR_Power-CHP,CO2_emission_cost,0.0
7905,2046,reg1,Nuc_SMR_Power-CHP,CO2_emission_cost,0.0
7906,2047,reg1,Nuc_SMR_Power-CHP,CO2_emission_cost,0.0
7907,2048,reg1,Nuc_SMR_Power-CHP,CO2_emission_cost,0.0
7908,2049,reg1,Nuc_SMR_Power-CHP,CO2_emission_cost,0.0
7909,2050,reg1,Nuc_SMR_Power-CHP,CO2_emission_cost,0.0
7910,2051,reg1,Nuc_SMR_Power-CHP,CO2_emission_cost,0.0
7911,2052,reg1,Nuc_SMR_Power-CHP,CO2_emission_cost,0.0
7912,2053,reg1,Nuc_SMR_Power-CHP,CO2_emission_cost,0.0
7913,2054,reg1,Nuc_SMR_Power-CHP,CO2_emission_cost,0.0
7914,2055,reg1,Nuc_SMR_Power-CHP,CO2_emission_cost,0.0
7915,2056,reg1,Nuc_SMR_Power-CHP,CO2_emission_cost,0.0
7916,2057,reg1,Nuc_SMR_Power-CHP,CO2_emission_cost,0.0
7917,2058,reg1,Nuc_SMR_Power-CHP,CO2_emission_cost,0.0
7918,2059,reg1,Nuc_SMR_Power-CHP,CO2_emission_cost,0.0
7919,2060,reg1,Nuc_SMR_Power-CHP,CO2_emission_cost,0.0
7920,2025,reg1,Nuc_SMR_Heat-CHP,CO2_emission_cost,0.0
7921,2026,reg1,Nuc_SMR_Heat-CHP,CO2_emission_cost,0.0
7922,2027,reg1,Nuc_SMR_Heat-CHP,CO2_emission_cost,0.0
7923,2028,reg1,Nuc_SMR_Heat-CHP,CO2_emission_cost,0.0
7924,2029,reg1,Nuc_SMR_Heat-CHP,CO2_emission_cost,0.0
7925,2030,reg1,Nuc_SMR_Heat-CHP,CO2_emission_cost,0.0
7926,2031,reg1,Nuc_SMR_Heat-CHP,CO2_emission_cost,0.0
7927,2032,reg1,Nuc_SMR_Heat-CHP,CO2_emission_cost,0.0
7928,2033,reg1,Nuc_SMR_Heat-CHP,CO2_emission_cost,0.0
7929,2034,reg1,Nuc_SMR_Heat-CHP,CO2_emission_cost,0.0
7930,2035,reg1,Nuc_SMR_Heat-CHP,CO2_emission_cost,0.0
7931,2036,reg1,Nuc_SMR_Heat-CHP,CO2_emission_cost,0.0
7932,2037,reg1,Nuc_SMR_Heat-CHP,CO2_emission_cost,0.0
7933,2038,reg1,Nuc_SMR_Heat-CHP,CO2_emission_cost,0.0
7934,2039,reg1,Nuc_SMR_Heat-CHP,CO2_emission_cost,0.0
7935,2040,reg1,Nuc_SMR_Heat-CHP,CO2_emission_cost,0.0
7936,2041,reg1,Nuc_SMR_Heat-CHP,CO2_emission_cost,0.0
7937,2042,reg1,Nuc_SMR_Heat-CHP,CO2_emission_cost,0.0
7938,2043,reg1,Nuc_SMR_Heat-CHP,CO2_emission_cost,0.0
7939,2044,reg1,Nuc_SMR_Heat-CHP,CO2_emission_cost,0.0
7940,2045,reg1,Nuc_SMR_Heat-CHP,CO2_emission_cost,0.0
7941,2046,reg1,Nuc_SMR_Heat-CHP,CO2_emission_cost,0.0
7942,2047,reg1,Nuc_SMR_Heat-CHP,CO2_emission_cost,0.0
7943,2048,reg1,Nuc_SMR_Heat-CHP,CO2_emission_cost,0.0
7944,2049,reg1,Nuc_SMR_Heat-CHP,CO2_emission_cost,0.0
7945,2050,reg1,Nuc_SMR_Heat-CHP,CO2_emission_cost,0.0
7946,2051,reg1,Nuc_SMR_Heat-CHP,CO2_emission_cost,0.0
7947,2052,reg1,Nuc_SMR_Heat-CHP,CO2_emission_cost,0.0
7948,2053,reg1,Nuc_SMR_Heat-CHP,CO2_emission_cost,0.0
7949,2054,reg1,Nuc_SMR_Heat-CHP,CO2_emission_cost,0.0
7950,2055,reg1,Nuc_SMR_Heat-CHP,CO2_emission_cost,0.0
7951,2056,reg1,Nuc_SMR_Heat-CHP,CO2_emission_cost,0.0
7952,2057,reg1,Nuc_SMR_Heat-CHP,CO2_emission_cost,0.0
7953,2058,reg1,Nuc_SMR_Heat-CHP,CO2_emission_cost,0.0
7954,2059,reg1,Nuc_SMR_Heat-CHP,CO2_emission_cost,0.0
7955,2060,reg1,Nuc_SMR_Heat-CHP,CO2_emission_cost,0.0
7956,2025,reg1,Nuc_SMR-H2_CHP,CO2_emission_cost,0.0
7957,2026,reg1,Nuc_SMR-H2_CHP,CO2_emission_cost,0.0
7958,2027,reg1,Nuc_SMR-H2_CHP,CO2_emission_cost,0.0
7959,2028,reg1,Nuc_SMR-H2_CHP,CO2_emission_cost,0.0
7960,2029,reg1,Nuc_SMR-H2_CHP,CO2_emission_cost,0.0
7961,2030,reg1,Nuc_SMR-H2_CHP,CO2_emission_cost,0.0
7962,2031,reg1,Nuc_SMR-H2_CHP,CO2_emission_cost,0.0
7963,2032,reg1,Nuc_SMR-H2_CHP,CO2_emission_cost,0.0
7964,2033,reg1,Nuc_SMR-H2_CHP,CO2_emission_cost,0.0
7965,2034,reg1,Nuc_SMR-H2_CHP,CO2_emission_cost,0.0
7966,2035,reg1,Nuc_SMR-H2_CHP,CO2_emission_cost,0.0
7967,2036,reg1,Nuc_SMR-H2_CHP,CO2_emission_cost,0.0
7968,2037,reg1,Nuc_SMR-H2_CHP,CO2_emission_cost,0.0
7969,2038,reg1,Nuc_SMR-H2_CHP,CO2_emission_cost,0.0
7970,2039,reg1,Nuc_SMR-H2_CHP,CO2_emission_cost,0.0
7971,2040,reg1,Nuc_SMR-H2_CHP,CO2_emission_cost,0.0
7972,2041,reg1,Nuc_SMR-H2_CHP,CO2_emission_cost,0.0
7973,2042,reg1,Nuc_SMR-H2_CHP,CO2_emission_cost,0.0
7974,2043,reg1,Nuc_SMR-H2_CHP,CO2_emission_cost,0.0
7975,2044,reg1,Nuc_SMR-H2_CHP,CO2_emission_cost,0.0
7976,2045,reg1,Nuc_SMR-H2_CHP,CO2_emission_cost,0.0
7977,2046,reg1,Nuc_SMR-H2_CHP,CO2_emission_cost,0.0
7978,2047,reg1,Nuc_SMR-H2_CHP,CO2_emission_cost,0.0
7979,2048,reg1,Nuc_SMR-H2_CHP,CO2_emission_cost,0.0
7980,2049,reg1,Nuc_SMR-H2_CHP,CO2_emission_cost,0.0
7981,2050,reg1,Nuc_SMR-H2_CHP,CO2_emission_cost,0.0
7982,2051,reg1,Nuc_SMR-H2_CHP,CO2_emission_cost,0.0
7983,2052,reg1,Nuc_SMR-H2_CHP,CO2_emission_cost,0.0
7984,2053,reg1,Nuc_SMR-H2_CHP,CO2_emission_cost,0.0
7985,2054,reg1,Nuc_SMR-H2_CHP,CO2_emission_cost,0.0
7986,2055,reg1,Nuc_SMR-H2_CHP,CO2_emission_cost,0.0
7987,2056,reg1,Nuc_SMR-H2_CHP,CO2_emission_cost,0.0
7988,2057,reg1,Nuc_SMR-H2_CHP,CO2_emission_cost,0.0
7989,2058,reg1,Nuc_SMR-H2_CHP,CO2_emission_cost,0.0
7990,2059,reg1,Nuc_SMR-H2_CHP,CO2_emission_cost,0.0
7991,2060,reg1,Nuc_SMR-H2_CHP,CO2_emission_cost,0.0
7992,2025,reg1,Nuc_SMR-H2_Power-CHP,CO2_emission_cost,0.0
7993,2026,reg1,Nuc_SMR-H2_Power-CHP,CO2_emission_cost,0.0
7994,2027,reg1,Nuc_SMR-H2_Power-CHP,CO2_emission_cost,0.0
7995,2028,reg1,Nuc_SMR-H2_Power-CHP,CO2_emission_cost,0.0
7996,2029,reg1,Nuc_SMR-H2_Power-CHP,CO2_emission_cost,0.0
7997,2030,reg1,Nuc_SMR-H2_Power-CHP,CO2_emission_cost,0.0
7998,2031,reg1,Nuc_SMR-H2_Power-CHP,CO2_emission_cost,0.0
7999,2032,reg1,Nuc_SMR-H2_Power-CHP,CO2_emission_cost,0.0
8000,2033,reg1,Nuc_SMR-H2_Power-CHP,CO2_emission_cost,0.0
8001,2034,reg1,Nuc_SMR-H2_Power-CHP,CO2_emission_cost,0.0
8002,2035,reg1,Nuc_SMR-H2_Power-CHP,CO2_emission_cost,0.0
8003,2036,reg1,Nuc_SMR-H2_Power-CHP,CO2_emission_cost,0.0
8004,2037,reg1,Nuc_SMR-H2_Power-CHP,CO2_emission_cost,0.0
8005,2038,reg1,Nuc_SMR-H2_Power-CHP,CO2_emission_cost,0.0
8006,2039,reg1,Nuc_SMR-H2_Power-CHP,CO2_emission_cost,0.0
8007,2040,reg1,Nuc_SMR-H2_Power-CHP,CO2_emission_cost,0.0
8008,2041,reg1,Nuc_SMR-H2_Power-CHP,CO2_emission_cost,0.0
8009,2042,reg1,Nuc_SMR-H2_Power-CHP,CO2_emission_cost,0.0
8010,2043,reg1,Nuc_SMR-H2_Power-CHP,CO2_emission_cost,0.0
8011,2044,reg1,Nuc_SMR-H2_Power-CHP,CO2_emission_cost,0.0
8012,2045,reg1,Nuc_SMR-H2_Power-CHP,CO2_emission_cost,0.0
8013,2046,reg1,Nuc_SMR-H2_Power-CHP,CO2_emission_cost,0.0
8014,2047,reg1,Nuc_SMR-H2_Power-CHP,CO2_emission_cost,0.0
8015,2048,reg1,Nuc_SMR-H2_Power-CHP,CO2_emission_cost,0.0
8016,2049,reg1,Nuc_SMR-H2_Power-CHP,CO2_emission_cost,0.0
8017,2050,reg1,Nuc_SMR-H2_Power-CHP,CO2_emission_cost,0.0
8018,2051,reg1,Nuc_SMR-H2_Power-CHP,CO2_emission_cost,0.0
8019,2052,reg1,Nuc_SMR-H2_Power-CHP,CO2_emission_cost,0.0
8020,2053,reg1,Nuc_SMR-H2_Power-CHP,CO2_emission_cost,0.0
8021,2054,reg1,Nuc_SMR-H2_Power-CHP,CO2_emission_cost,0.0
8022,2055,reg1,Nuc_SMR-H2_Power-CHP,CO2_emission_cost,0.0
8023,2056,reg1,Nuc_SMR-H2_Power-CHP,CO2_emission_cost,0.0
8024,2057,reg1,Nuc_SMR-H2_Power-CHP,CO2_emission_cost,0.0
8025,2058,reg1,Nuc_SMR-H2_Power-CHP,CO2_emission_cost,0.0
8026,2059,reg1,Nuc_SMR-H2_Power-CHP,CO2_emission_cost,0.0
8027,2060,reg1,Nuc_SMR-H2_Power-CHP,CO2_emission_cost,0.0
8028,2025,reg1,Nuc_SMR-H2_Heat-CHP,CO2_emission_cost,0.0
8029,2026,reg1,Nuc_SMR-H2_Heat-CHP,CO2_emission_cost,0.0
8030,2027,reg1,Nuc_SMR-H2_Heat-CHP,CO2_emission_cost,0.0
8031,2028,reg1,Nuc_SMR-H2_Heat-CHP,CO2_emission_cost,0.0
8032,2029,reg1,Nuc_SMR-H2_Heat-CHP,CO2_emission_cost,0.0
8033,2030,reg1,Nuc_SMR-H2_Heat-CHP,CO2_emission_cost,0.0
8034,2031,reg1,Nuc_SMR-H2_Heat-CHP,CO2_emission_cost,0.0
8035,2032,reg1,Nuc_SMR-H2_Heat-CHP,CO2_emission_cost,0.0
8036,2033,reg1,Nuc_SMR-H2_Heat-CHP,CO2_emission_cost,0.0
8037,2034,reg1,Nuc_SMR-H2_Heat-CHP,CO2_emission_cost,0.0
8038,2035,reg1,Nuc_SMR-H2_Heat-CHP,CO2_emission_cost,0.0
8039,2036,reg1,Nuc_SMR-H2_Heat-CHP,CO2_emission_cost,0.0
8040,2037,reg1,Nuc_SMR-H2_Heat-CHP,CO2_emission_cost,0.0
8041,2038,reg1,Nuc_SMR-H2_Heat-CHP,CO2_emission_cost,0.0
8042,2039,reg1,Nuc_SMR-H2_Heat-CHP,CO2_emission_cost,0.0
8043,2040,reg1,Nuc_SMR-H2_Heat-CHP,CO2_emission_cost,0.0
8044,2041,reg1,Nuc_SMR-H2_Heat-CHP,CO2_emission_cost,0.0
8045,2042,reg1,Nuc_SMR-H2_Heat-CHP,CO2_emission_cost,0.0
8046,2043,reg1,Nuc_SMR-H2_Heat-CHP,CO2_emission_cost,0.0
8047,2044,reg1,Nuc_SMR-H2_Heat-CHP,CO2_emission_cost,0.0
8048,2045,reg1,Nuc_SMR-H2_Heat-CHP,CO2_emission_cost,0.0
8049,2046,reg1,Nuc_SMR-H2_Heat-CHP,CO2_emission_cost,0.0
8050,2047,reg1,Nuc_SMR-H2_Heat-CHP,CO2_emission_cost,0.0
8051,2048,reg1,Nuc_SMR-H2_Heat-CHP,CO2_emission_cost,0.0
8052,2049,reg1,Nuc_SMR-H2_Heat-CHP,CO2_emission_cost,0.0
8053,2050,reg1,Nuc_SMR-H2_Heat-CHP,CO2_emission_cost,0.0
8054,2051,reg1,Nuc_SMR-H2_Heat-CHP,CO2_emission_cost,0.0
8055,2052,reg1,Nuc_SMR-H2_Heat-CHP,CO2_emission_cost,0.0
8056,2053,reg1,Nuc_SMR-H2_Heat-CHP,CO2_emission_cost,0.0
8057,2054,reg1,Nuc_SMR-H2_Heat-CHP,CO2_emission_cost,0.0
8058,2055,reg1,Nuc_SMR-H2_Heat-CHP,CO2_emission_cost,0.0
8059,2056,reg1,Nuc_SMR-H2_Heat-CHP,CO2_emission_cost,0.0
8060,2057,reg1,Nuc_SMR-H2_Heat-CHP,CO2_emission_cost,0.0
8061,2058,reg1,Nuc_SMR-H2_Heat-CHP,CO2_emission_cost,0.0
8062,2059,reg1,Nuc_SMR-H2_Heat-CHP,CO2_emission_cost,0.0
8063,2060,reg1,Nuc_SMR-H2_Heat-CHP,CO2_emission_cost,0.0
8064,2025,reg1,NGCC-CCS_CHP,CO2_emission_cost,0.0
8065,2026,reg1,NGCC-CCS_CHP,CO2_emission_cost,0.0
8066,2027,reg1,NGCC-CCS_CHP,CO2_emission_cost,0.0
8067,2028,reg1,NGCC-CCS_CHP,CO2_emission_cost,0.0
8068,2029,reg1,NGCC-CCS_CHP,CO2_emission_cost,0.0
8069,2030,reg1,NGCC-CCS_CHP,CO2_emission_cost,0.0
8070,2031,reg1,NGCC-CCS_CHP,CO2_emission_cost,0.0
8071,2032,reg1,NGCC-CCS_CHP,CO2_emission_cost,0.0
8072,2033,reg1,NGCC-CCS_CHP,CO2_emission_cost,0.0
8073,2034,reg1,NGCC-CCS_CHP,CO2_emission_cost,0.0
8074,2035,reg1,NGCC-CCS_CHP,CO2_emission_cost,0.0
8075,2036,reg1,NGCC-CCS_CHP,CO2_emission_cost,0.0
8076,2037,reg1,NGCC-CCS_CHP,CO2_emission_cost,0.0
8077,2038,reg1,NGCC-CCS_CHP,CO2_emission_cost,0.0
8078,2039,reg1,NGCC-CCS_CHP,CO2_emission_cost,0.0
8079,2040,reg1,NGCC-CCS_CHP,CO2_emission_cost,0.0
8080,2041,reg1,NGCC-CCS_CHP,CO2_emission_cost,0.0
8081,2042,reg1,NGCC-CCS_CHP,CO2_emission_cost,0.0
8082,2043,reg1,NGCC-CCS_CHP,CO2_emission_cost,0.0
8083,2044,reg1,NGCC-CCS_CHP,CO2_emission_cost,0.0
8084,2045,reg1,NGCC-CCS_CHP,CO2_emission_cost,0.0
8085,2046,reg1,NGCC-CCS_CHP,CO2_emission_cost,0.0
8086,2047,reg1,NGCC-CCS_CHP,CO2_emission_cost,0.0
8087,2048,reg1,NGCC-CCS_CHP,CO2_emission_cost,0.0
8088,2049,reg1,NGCC-CCS_CHP,CO2_emission_cost,0.0
8089,2050,reg1,NGCC-CCS_CHP,CO2_emission_cost,0.0
8090,2051,reg1,NGCC-CCS_CHP,CO2_emission_cost,0.0
8091,2052,reg1,NGCC-CCS_CHP,CO2_emission_cost,0.0
8092,2053,reg1,NGCC-CCS_CHP,CO2_emission_cost,0.0
8093,2054,reg1,NGCC-CCS_CHP,CO2_emission_cost,0.0
8094,2055,reg1,NGCC-CCS_CHP,CO2_emission_cost,0.0
8095,2056,reg1,NGCC-CCS_CHP,CO2_emission_cost,0.0
8096,2057,reg1,NGCC-CCS_CHP,CO2_emission_cost,0.0
8097,2058,reg1,NGCC-CCS_CHP,CO2_emission_cost,0.0
8098,2059,reg1,NGCC-CCS_CHP,CO2_emission_cost,0.0
8099,2060,reg1,NGCC-CCS_CHP,CO2_emission_cost,0.0
8100,2025,reg1,NGCC-CCS_Power-CHP,CO2_emission_cost,0.0
8101,2026,reg1,NGCC-CCS_Power-CHP,CO2_emission_cost,0.0
8102,2027,reg1,NGCC-CCS_Power-CHP,CO2_emission_cost,0.0
8103,2028,reg1,NGCC-CCS_Power-CHP,CO2_emission_cost,0.0
8104,2029,reg1,NGCC-CCS_Power-CHP,CO2_emission_cost,0.0
8105,2030,reg1,NGCC-CCS_Power-CHP,CO2_emission_cost,0.0
8106,2031,reg1,NGCC-CCS_Power-CHP,CO2_emission_cost,0.0
8107,2032,reg1,NGCC-CCS_Power-CHP,CO2_emission_cost,0.0
8108,2033,reg1,NGCC-CCS_Power-CHP,CO2_emission_cost,0.0
8109,2034,reg1,NGCC-CCS_Power-CHP,CO2_emission_cost,0.0
8110,2035,reg1,NGCC-CCS_Power-CHP,CO2_emission_cost,0.0
8111,2036,reg1,NGCC-CCS_Power-CHP,CO2_emission_cost,0.0
8112,2037,reg1,NGCC-CCS_Power-CHP,CO2_emission_cost,0.0
8113,2038,reg1,NGCC-CCS_Power-CHP,CO2_emission_cost,0.0
8114,2039,reg1,NGCC-CCS_Power-CHP,CO2_emission_cost,0.0
8115,2040,reg1,NGCC-CCS_Power-CHP,CO2_emission_cost,0.0
8116,2041,reg1,NGCC-CCS_Power-CHP,CO2_emission_cost,0.0
8117,2042,reg1,NGCC-CCS_Power-CHP,CO2_emission_cost,0.0
8118,2043,reg1,NGCC-CCS_Power-CHP,CO2_emission_cost,0.0
8119,2044,reg1,NGCC-CCS_Power-CHP,CO2_emission_cost,0.0
8120,2045,reg1,NGCC-CCS_Power-CHP,CO2_emission_cost,0.0
8121,2046,reg1,NGCC-CCS_Power-CHP,CO2_emission_cost,0.0
8122,2047,reg1,NGCC-CCS_Power-CHP,CO2_emission_cost,0.0
8123,2048,reg1,NGCC-CCS_Power-CHP,CO2_emission_cost,0.0
8124,2049,reg1,NGCC-CCS_Power-CHP,CO2_emission_cost,0.0
8125,2050,reg1,NGCC-CCS_Power-CHP,CO2_emission_cost,0.0
8126,2051,reg1,NGCC-CCS_Power-CHP,CO2_emission_cost,0.0
8127,2052,reg1,NGCC-CCS_Power-CHP,CO2_emission_cost,0.0
8128,2053,reg1,NGCC-CCS_Power-CHP,CO2_emission_cost,0.0
8129,2054,reg1,NGCC-CCS_Power-CHP,CO2_emission_cost,0.0
8130,2055,reg1,NGCC-CCS_Power-CHP,CO2_emission_cost,0.0
8131,2056,reg1,NGCC-CCS_Power-CHP,CO2_emission_cost,0.0
8132,2057,reg1,NGCC-CCS_Power-CHP,CO2_emission_cost,0.0
8133,2058,reg1,NGCC-CCS_Power-CHP,CO2_emission_cost,0.0
8134,2059,reg1,NGCC-CCS_Power-CHP,CO2_emission_cost,0.0
8135,2060,reg1,NGCC-CCS_Power-CHP,CO2_emission_cost,0.0
8136,2025,reg1,NGCC-CCS_Heat-CHP,CO2_emission_cost,0.0
8137,2026,reg1,NGCC-CCS_Heat-CHP,CO2_emission_cost,0.0
8138,2027,reg1,NGCC-CCS_Heat-CHP,CO2_emission_cost,0.0
8139,2028,reg1,NGCC-CCS_Heat-CHP,CO2_emission_cost,0.0
8140,2029,reg1,NGCC-CCS_Heat-CHP,CO2_emission_cost,0.0
8141,2030,reg1,NGCC-CCS_Heat-CHP,CO2_emission_cost,0.0
8142,2031,reg1,NGCC-CCS_Heat-CHP,CO2_emission_cost,0.0
8143,2032,reg1,NGCC-CCS_Heat-CHP,CO2_emission_cost,0.0
8144,2033,reg1,NGCC-CCS_Heat-CHP,CO2_emission_cost,0.0
8145,2034,reg1,NGCC-CCS_Heat-CHP,CO2_emission_cost,0.0
8146,2035,reg1,NGCC-CCS_Heat-CHP,CO2_emission_cost,0.0
8147,2036,reg1,NGCC-CCS_Heat-CHP,CO2_emission_cost,0.0
8148,2037,reg1,NGCC-CCS_Heat-CHP,CO2_emission_cost,0.0
8149,2038,reg1,NGCC-CCS_Heat-CHP,CO2_emission_cost,0.0
8150,2039,reg1,NGCC-CCS_Heat-CHP,CO2_emission_cost,0.0
8151,2040,reg1,NGCC-CCS_Heat-CHP,CO2_emission_cost,0.0
8152,2041,reg1,NGCC-CCS_Heat-CHP,CO2_emission_cost,0.0
8153,2042,reg1,NGCC-CCS_Heat-CHP,CO2_emission_cost,0.0
8154,2043,reg1,NGCC-CCS_Heat-CHP,CO2_emission_cost,0.0
8155,2044,reg1,NGCC-CCS_Heat-CHP,CO2_emission_cost,0.0
8156,2045,reg1,NGCC-CCS_Heat-CHP,CO2_emission_cost,0.0
8157,2046,reg1,NGCC-CCS_Heat-CHP,CO2_emission_cost,0.0
8158,2047,reg1,NGCC-CCS_Heat-CHP,CO2_emission_cost,0.0
8159,2048,reg1,NGCC-CCS_Heat-CHP,CO2_emission_cost,0.0
8160,2049,reg1,NGCC-CCS_Heat-CHP,CO2_emission_cost,0.0
8161,2050,reg1,NGCC-CCS_Heat-CHP,CO2_emission_cost,0.0
8162,2051,reg1,NGCC-CCS_Heat-CHP,CO2_emission_cost,0.0
8163,2052,reg1,NGCC-CCS_Heat-CHP,CO2_emission_cost,0.0
8164,2053,reg1,NGCC-CCS_Heat-CHP,CO2_emission_cost,0.0
8165,2054,reg1,NGCC-CCS_Heat-CHP,CO2_emission_cost,0.0
8166,2055,reg1,NGCC-CCS_Heat-CHP,CO2_emission_cost,0.0
8167,2056,reg1,NGCC-CCS_Heat-CHP,CO2_emission_cost,0.0
8168,2057,reg1,NGCC-CCS_Heat-CHP,CO2_emission_cost,0.0
8169,2058,reg1,NGCC-CCS_Heat-CHP,CO2_emission_cost,0.0
8170,2059,reg1,NGCC-CCS_Heat-CHP,CO2_emission_cost,0.0
8171,2060,reg1,NGCC-CCS_Heat-CHP,CO2_emission_cost,0.0
8172,2025,reg1,NG_PP,CO2_emission_cost,0.0
8173,2026,reg1,NG_PP,CO2_emission_cost,0.0
8174,2027,reg1,NG_PP,CO2_emission_cost,0.0
8175,2028,reg1,NG_PP,CO2_emission_cost,0.0
8176,2029,reg1,NG_PP,CO2_emission_cost,0.0
8177,2030,reg1,NG_PP,CO2_emission_cost,0.0
8178,2031,reg1,NG_PP,CO2_emission_cost,0.0
8179,2032,reg1,NG_PP,CO2_emission_cost,0.0
8180,2033,reg1,NG_PP,CO2_emission_cost,0.0
8181,2034,reg1,NG_PP,CO2_emission_cost,0.0
8182,2035,reg1,NG_PP,CO2_emission_cost,0.0
8183,2036,reg1,NG_PP,CO2_emission_cost,0.0
8184,2037,reg1,NG_PP,CO2_emission_cost,0.0
8185,2038,reg1,NG_PP,CO2_emission_cost,0.0
8186,2039,reg1,NG_PP,CO2_emission_cost,0.0
8187,2040,reg1,NG_PP,CO2_emission_cost,0.0
8188,2041,reg1,NG_PP,CO2_emission_cost,0.0
8189,2042,reg1,NG_PP,CO2_emission_cost,0.0
8190,2043,reg1,NG_PP,CO2_emission_cost,0.0
8191,2044,reg1,NG_PP,CO2_emission_cost,0.0
8192,2045,reg1,NG_PP,CO2_emission_cost,0.0
8193,2046,reg1,NG_PP,CO2_emission_cost,0.0
8194,2047,reg1,NG_PP,CO2_emission_cost,0.0
8195,2048,reg1,NG_PP,CO2_emission_cost,0.0
8196,2049,reg1,NG_PP,CO2_emission_cost,0.0
8197,2050,reg1,NG_PP,CO2_emission_cost,0.0
8198,2051,reg1,NG_PP,CO2_emission_cost,0.0
8199,2052,reg1,NG_PP,CO2_emission_cost,0.0
8200,2053,reg1,NG_PP,CO2_emission_cost,0.0
8201,2054,reg1,NG_PP,CO2_emission_cost,0.0
8202,2055,reg1,NG_PP,CO2_emission_cost,0.0
8203,2056,reg1,NG_PP,CO2_emission_cost,0.0
8204,2057,reg1,NG_PP,CO2_emission_cost,0.0
8205,2058,reg1,NG_PP,CO2_emission_cost,0.0
8206,2059,reg1,NG_PP,CO2_emission_cost,0.0
8207,2060,reg1,NG_PP,CO2_emission_cost,0.0
8208,2025,reg1,NG_PP_CCS,CO2_emission_cost,0.0
8209,2026,reg1,NG_PP_CCS,CO2_emission_cost,0.0
8210,2027,reg1,NG_PP_CCS,CO2_emission_cost,0.0
8211,2028,reg1,NG_PP_CCS,CO2_emission_cost,0.0
8212,2029,reg1,NG_PP_CCS,CO2_emission_cost,0.0
8213,2030,reg1,NG_PP_CCS,CO2_emission_cost,0.0
8214,2031,reg1,NG_PP_CCS,CO2_emission_cost,0.0
8215,2032,reg1,NG_PP_CCS,CO2_emission_cost,0.0
8216,2033,reg1,NG_PP_CCS,CO2_emission_cost,0.0
8217,2034,reg1,NG_PP_CCS,CO2_emission_cost,0.0
8218,2035,reg1,NG_PP_CCS,CO2_emission_cost,0.0
8219,2036,reg1,NG_PP_CCS,CO2_emission_cost,0.0
8220,2037,reg1,NG_PP_CCS,CO2_emission_cost,0.0
8221,2038,reg1,NG_PP_CCS,CO2_emission_cost,0.0
8222,2039,reg1,NG_PP_CCS,CO2_emission_cost,0.0
8223,2040,reg1,NG_PP_CCS,CO2_emission_cost,0.0
8224,2041,reg1,NG_PP_CCS,CO2_emission_cost,0.0
8225,2042,reg1,NG_PP_CCS,CO2_emission_cost,0.0
8226,2043,reg1,NG_PP_CCS,CO2_emission_cost,0.0
8227,2044,reg1,NG_PP_CCS,CO2_emission_cost,0.0
8228,2045,reg1,NG_PP_CCS,CO2_emission_cost,0.0
8229,2046,reg1,NG_PP_CCS,CO2_emission_cost,0.0
8230,2047,reg1,NG_PP_CCS,CO2_emission_cost,0.0
8231,2048,reg1,NG_PP_CCS,CO2_emission_cost,0.0
8232,2049,reg1,NG_PP_CCS,CO2_emission_cost,0.0
8233,2050,reg1,NG_PP_CCS,CO2_emission_cost,0.0
8234,2051,reg1,NG_PP_CCS,CO2_emission_cost,0.0
8235,2052,reg1,NG_PP_CCS,CO2_emission_cost,0.0
8236,2053,reg1,NG_PP_CCS,CO2_emission_cost,0.0
8237,2054,reg1,NG_PP_CCS,CO2_emission_cost,0.0
8238,2055,reg1,NG_PP_CCS,CO2_emission_cost,0.0
8239,2056,reg1,NG_PP_CCS,CO2_emission_cost,0.0
8240,2057,reg1,NG_PP_CCS,CO2_emission_cost,0.0
8241,2058,reg1,NG_PP_CCS,CO2_emission_cost,0.0
8242,2059,reg1,NG_PP_CCS,CO2_emission_cost,0.0
8243,2060,reg1,NG_PP_CCS,CO2_emission_cost,0.0
8244,2025,reg1,Electrolysis_HTSE,CO2_emission_cost,0.0
8245,2026,reg1,Electrolysis_HTSE,CO2_emission_cost,0.0
8246,2027,reg1,Electrolysis_HTSE,CO2_emission_cost,0.0
8247,2028,reg1,Electrolysis_HTSE,CO2_emission_cost,0.0
8248,2029,reg1,Electrolysis_HTSE,CO2_emission_cost,0.0
8249,2030,reg1,Electrolysis_HTSE,CO2_emission_cost,0.0
8250,2031,reg1,Electrolysis_HTSE,CO2_emission_cost,0.0
8251,2032,reg1,Electrolysis_HTSE,CO2_emission_cost,0.0
8252,2033,reg1,Electrolysis_HTSE,CO2_emission_cost,0.0
8253,2034,reg1,Electrolysis_HTSE,CO2_emission_cost,0.0
8254,2035,reg1,Electrolysis_HTSE,CO2_emission_cost,0.0
8255,2036,reg1,Electrolysis_HTSE,CO2_emission_cost,0.0
8256,2037,reg1,Electrolysis_HTSE,CO2_emission_cost,0.0
8257,2038,reg1,Electrolysis_HTSE,CO2_emission_cost,0.0
8258,2039,reg1,Electrolysis_HTSE,CO2_emission_cost,0.0
8259,2040,reg1,Electrolysis_HTSE,CO2_emission_cost,0.0
8260,2041,reg1,Electrolysis_HTSE,CO2_emission_cost,0.0
8261,2042,reg1,Electrolysis_HTSE,CO2_emission_cost,0.0
8262,2043,reg1,Electrolysis_HTSE,CO2_emission_cost,0.0
8263,2044,reg1,Electrolysis_HTSE,CO2_emission_cost,0.0
8264,2045,reg1,Electrolysis_HTSE,CO2_emission_cost,0.0
8265,2046,reg1,Electrolysis_HTSE,CO2_emission_cost,0.0
8266,2047,reg1,Electrolysis_HTSE,CO2_emission_cost,0.0
8267,2048,reg1,Electrolysis_HTSE,CO2_emission_cost,0.0
8268,2049,reg1,Electrolysis_HTSE,CO2_emission_cost,0.0
8269,2050,reg1,Electrolysis_HTSE,CO2_emission_cost,0.0
8270,2051,reg1,Electrolysis_HTSE,CO2_emission_cost,0.0
8271,2052,reg1,Electrolysis_HTSE,CO2_emission_cost,0.0
8272,2053,reg1,Electrolysis_HTSE,CO2_emission_cost,0.0
8273,2054,reg1,Electrolysis_HTSE,CO2_emission_cost,0.0
8274,2055,reg1,Electrolysis_HTSE,CO2_emission_cost,0.0
8275,2056,reg1,Electrolysis_HTSE,CO2_emission_cost,0.0
8276,2057,reg1,Electrolysis_HTSE,CO2_emission_cost,0.0
8277,2058,reg1,Electrolysis_HTSE,CO2_emission_cost,0.0
8278,2059,reg1,Electrolysis_HTSE,CO2_emission_cost,0.0
8279,2060,reg1,Electrolysis_HTSE,CO2_emission_cost,0.0
8280,2025,reg1,NG_CHP_P,CO2_emission_cost,0.0
8281,2026,reg1,NG_CHP_P,CO2_emission_cost,0.0
8282,2027,reg1,NG_CHP_P,CO2_emission_cost,0.0
8283,2028,reg1,NG_CHP_P,CO2_emission_cost,0.0
8284,2029,reg1,NG_CHP_P,CO2_emission_cost,0.0
8285,2030,reg1,NG_CHP_P,CO2_emission_cost,0.0
8286,2031,reg1,NG_CHP_P,CO2_emission_cost,0.0
8287,2032,reg1,NG_CHP_P,CO2_emission_cost,0.0
8288,2033,reg1,NG_CHP_P,CO2_emission_cost,0.0
8289,2034,reg1,NG_CHP_P,CO2_emission_cost,0.0
8290,2035,reg1,NG_CHP_P,CO2_emission_cost,0.0
8291,2036,reg1,NG_CHP_P,CO2_emission_cost,0.0
8292,2037,reg1,NG_CHP_P,CO2_emission_cost,0.0
8293,2038,reg1,NG_CHP_P,CO2_emission_cost,0.0
8294,2039,reg1,NG_CHP_P,CO2_emission_cost,0.0
8295,2040,reg1,NG_CHP_P,CO2_emission_cost,0.0
8296,2041,reg1,NG_CHP_P,CO2_emission_cost,0.0
8297,2042,reg1,NG_CHP_P,CO2_emission_cost,0.0
8298,2043,reg1,NG_CHP_P,CO2_emission_cost,0.0
8299,2044,reg1,NG_CHP_P,CO2_emission_cost,0.0
8300,2045,reg1,NG_CHP_P,CO2_emission_cost,0.0
8301,2046,reg1,NG_CHP_P,CO2_emission_cost,0.0
8302,2047,reg1,NG_CHP_P,CO2_emission_cost,0.0
8303,2048,reg1,NG_CHP_P,CO2_emission_cost,0.0
8304,2049,reg1,NG_CHP_P,CO2_emission_cost,0.0
8305,2050,reg1,NG_CHP_P,CO2_emission_cost,0.0
8306,2051,reg1,NG_CHP_P,CO2_emission_cost,0.0
8307,2052,reg1,NG_CHP_P,CO2_emission_cost,0.0
8308,2053,reg1,NG_CHP_P,CO2_emission_cost,0.0
8309,2054,reg1,NG_CHP_P,CO2_emission_cost,0.0
8310,2055,reg1,NG_CHP_P,CO2_emission_cost,0.0
8311,2056,reg1,NG_CHP_P,CO2_emission_cost,0.0
8312,2057,reg1,NG_CHP_P,CO2_emission_cost,0.0
8313,2058,reg1,NG_CHP_P,CO2_emission_cost,0.0
8314,2059,reg1,NG_CHP_P,CO2_emission_cost,0.0
8315,2060,reg1,NG_CHP_P,CO2_emission_cost,0.0
8316,2025,reg1,BIO_CHP_P,CO2_emission_cost,0.0
8317,2026,reg1,BIO_CHP_P,CO2_emission_cost,0.0
8318,2027,reg1,BIO_CHP_P,CO2_emission_cost,0.0
8319,2028,reg1,BIO_CHP_P,CO2_emission_cost,0.0
8320,2029,reg1,BIO_CHP_P,CO2_emission_cost,0.0
8321,2030,reg1,BIO_CHP_P,CO2_emission_cost,0.0
8322,2031,reg1,BIO_CHP_P,CO2_emission_cost,0.0
8323,2032,reg1,BIO_CHP_P,CO2_emission_cost,0.0
8324,2033,reg1,BIO_CHP_P,CO2_emission_cost,0.0
8325,2034,reg1,BIO_CHP_P,CO2_emission_cost,0.0
8326,2035,reg1,BIO_CHP_P,CO2_emission_cost,0.0
8327,2036,reg1,BIO_CHP_P,CO2_emission_cost,0.0
8328,2037,reg1,BIO_CHP_P,CO2_emission_cost,0.0
8329,2038,reg1,BIO_CHP_P,CO2_emission_cost,0.0
8330,2039,reg1,BIO_CHP_P,CO2_emission_cost,0.0
8331,2040,reg1,BIO_CHP_P,CO2_emission_cost,0.0
8332,2041,reg1,BIO_CHP_P,CO2_emission_cost,0.0
8333,2042,reg1,BIO_CHP_P,CO2_emission_cost,0.0
8334,2043,reg1,BIO_CHP_P,CO2_emission_cost,0.0
8335,2044,reg1,BIO_CHP_P,CO2_emission_cost,0.0
8336,2045,reg1,BIO_CHP_P,CO2_emission_cost,0.0
8337,2046,reg1,BIO_CHP_P,CO2_emission_cost,0.0
8338,2047,reg1,BIO_CHP_P,CO2_emission_cost,0.0
8339,2048,reg1,BIO_CHP_P,CO2_emission_cost,0.0
8340,2049,reg1,BIO_CHP_P,CO2_emission_cost,0.0
8341,2050,reg1,BIO_CHP_P,CO2_emission_cost,0.0
8342,2051,reg1,BIO_CHP_P,CO2_emission_cost,0.0
8343,2052,reg1,BIO_CHP_P,CO2_emission_cost,0.0
8344,2053,reg1,BIO_CHP_P,CO2_emission_cost,0.0
8345,2054,reg1,BIO_CHP_P,CO2_emission_cost,0.0
8346,2055,reg1,BIO_CHP_P,CO2_emission_cost,0.0
8347,2056,reg1,BIO_CHP_P,CO2_emission_cost,0.0
8348,2057,reg1,BIO_CHP_P,CO2_emission_cost,0.0
8349,2058,reg1,BIO_CHP_P,CO2_emission_cost,0.0
8350,2059,reg1,BIO_CHP_P,CO2_emission_cost,0.0
8351,2060,reg1,BIO_CHP_P,CO2_emission_cost,0.0
8352,2025,reg1,Biogas_CHP_P,CO2_emission_cost,0.0
8353,2026,reg1,Biogas_CHP_P,CO2_emission_cost,0.0
8354,2027,reg1,Biogas_CHP_P,CO2_emission_cost,0.0
8355,2028,reg1,Biogas_CHP_P,CO2_emission_cost,0.0
8356,2029,reg1,Biogas_CHP_P,CO2_emission_cost,0.0
8357,2030,reg1,Biogas_CHP_P,CO2_emission_cost,0.0
8358,2031,reg1,Biogas_CHP_P,CO2_emission_cost,0.0
8359,2032,reg1,Biogas_CHP_P,CO2_emission_cost,0.0
8360,2033,reg1,Biogas_CHP_P,CO2_emission_cost,0.0
8361,2034,reg1,Biogas_CHP_P,CO2_emission_cost,0.0
8362,2035,reg1,Biogas_CHP_P,CO2_emission_cost,0.0
8363,2036,reg1,Biogas_CHP_P,CO2_emission_cost,0.0
8364,2037,reg1,Biogas_CHP_P,CO2_emission_cost,0.0
8365,2038,reg1,Biogas_CHP_P,CO2_emission_cost,0.0
8366,2039,reg1,Biogas_CHP_P,CO2_emission_cost,0.0
8367,2040,reg1,Biogas_CHP_P,CO2_emission_cost,0.0
8368,2041,reg1,Biogas_CHP_P,CO2_emission_cost,0.0
8369,2042,reg1,Biogas_CHP_P,CO2_emission_cost,0.0
8370,2043,reg1,Biogas_CHP_P,CO2_emission_cost,0.0
8371,2044,reg1,Biogas_CHP_P,CO2_emission_cost,0.0
8372,2045,reg1,Biogas_CHP_P,CO2_emission_cost,0.0
8373,2046,reg1,Biogas_CHP_P,CO2_emission_cost,0.0
8374,2047,reg1,Biogas_CHP_P,CO2_emission_cost,0.0
8375,2048,reg1,Biogas_CHP_P,CO2_emission_cost,0.0
8376,2049,reg1,Biogas_CHP_P,CO2_emission_cost,0.0
8377,2050,reg1,Biogas_CHP_P,CO2_emission_cost,0.0
8378,2051,reg1,Biogas_CHP_P,CO2_emission_cost,0.0
8379,2052,reg1,Biogas_CHP_P,CO2_emission_cost,0.0
8380,2053,reg1,Biogas_CHP_P,CO2_emission_cost,0.0
8381,2054,reg1,Biogas_CHP_P,CO2_emission_cost,0.0
8382,2055,reg1,Biogas_CHP_P,CO2_emission_cost,0.0
8383,2056,reg1,Biogas_CHP_P,CO2_emission_cost,0.0
8384,2057,reg1,Biogas_CHP_P,CO2_emission_cost,0.0
8385,2058,reg1,Biogas_CHP_P,CO2_emission_cost,0.0
8386,2059,reg1,Biogas_CHP_P,CO2_emission_cost,0.0
8387,2060,reg1,Biogas_CHP_P,CO2_emission_cost,0.0
8388,2025,reg1,WtE_CHP_P,CO2_emission_cost,0.0
8389,2026,reg1,WtE_CHP_P,CO2_emission_cost,0.0
8390,2027,reg1,WtE_CHP_P,CO2_emission_cost,0.0
8391,2028,reg1,WtE_CHP_P,CO2_emission_cost,0.0
8392,2029,reg1,WtE_CHP_P,CO2_emission_cost,0.0
8393,2030,reg1,WtE_CHP_P,CO2_emission_cost,0.0
8394,2031,reg1,WtE_CHP_P,CO2_emission_cost,0.0
8395,2032,reg1,WtE_CHP_P,CO2_emission_cost,0.0
8396,2033,reg1,WtE_CHP_P,CO2_emission_cost,0.0
8397,2034,reg1,WtE_CHP_P,CO2_emission_cost,0.0
8398,2035,reg1,WtE_CHP_P,CO2_emission_cost,0.0
8399,2036,reg1,WtE_CHP_P,CO2_emission_cost,0.0
8400,2037,reg1,WtE_CHP_P,CO2_emission_cost,0.0
8401,2038,reg1,WtE_CHP_P,CO2_emission_cost,0.0
8402,2039,reg1,WtE_CHP_P,CO2_emission_cost,0.0
8403,2040,reg1,WtE_CHP_P,CO2_emission_cost,0.0
8404,2041,reg1,WtE_CHP_P,CO2_emission_cost,0.0
8405,2042,reg1,WtE_CHP_P,CO2_emission_cost,0.0
8406,2043,reg1,WtE_CHP_P,CO2_emission_cost,0.0
8407,2044,reg1,WtE_CHP_P,CO2_emission_cost,0.0
8408,2045,reg1,WtE_CHP_P,CO2_emission_cost,0.0
8409,2046,reg1,WtE_CHP_P,CO2_emission_cost,0.0
8410,2047,reg1,WtE_CHP_P,CO2_emission_cost,0.0
8411,2048,reg1,WtE_CHP_P,CO2_emission_cost,0.0
8412,2049,reg1,WtE_CHP_P,CO2_emission_cost,0.0
8413,2050,reg1,WtE_CHP_P,CO2_emission_cost,0.0
8414,2051,reg1,WtE_CHP_P,CO2_emission_cost,0.0
8415,2052,reg1,WtE_CHP_P,CO2_emission_cost,0.0
8416,2053,reg1,WtE_CHP_P,CO2_emission_cost,0.0
8417,2054,reg1,WtE_CHP_P,CO2_emission_cost,0.0
8418,2055,reg1,WtE_CHP_P,CO2_emission_cost,0.0
8419,2056,reg1,WtE_CHP_P,CO2_emission_cost,0.0
8420,2057,reg1,WtE_CHP_P,CO2_emission_cost,0.0
8421,2058,reg1,WtE_CHP_P,CO2_emission_cost,0.0
8422,2059,reg1,WtE_CHP_P,CO2_emission_cost,0.0
8423,2060,reg1,WtE_CHP_P,CO2_emission_cost,0.0
8424,2025,reg1,WtE-CCS_CHP_P,CO2_emission_cost,0.0
8425,2026,reg1,WtE-CCS_CHP_P,CO2_emission_cost,0.0
8426,2027,reg1,WtE-CCS_CHP_P,CO2_emission_cost,0.0
8427,2028,reg1,WtE-CCS_CHP_P,CO2_emission_cost,0.0
8428,2029,reg1,WtE-CCS_CHP_P,CO2_emission_cost,0.0
8429,2030,reg1,WtE-CCS_CHP_P,CO2_emission_cost,0.0
8430,2031,reg1,WtE-CCS_CHP_P,CO2_emission_cost,0.0
8431,2032,reg1,WtE-CCS_CHP_P,CO2_emission_cost,0.0
8432,2033,reg1,WtE-CCS_CHP_P,CO2_emission_cost,0.0
8433,2034,reg1,WtE-CCS_CHP_P,CO2_emission_cost,0.0
8434,2035,reg1,WtE-CCS_CHP_P,CO2_emission_cost,0.0
8435,2036,reg1,WtE-CCS_CHP_P,CO2_emission_cost,0.0
8436,2037,reg1,WtE-CCS_CHP_P,CO2_emission_cost,0.0
8437,2038,reg1,WtE-CCS_CHP_P,CO2_emission_cost,0.0
8438,2039,reg1,WtE-CCS_CHP_P,CO2_emission_cost,0.0
8439,2040,reg1,WtE-CCS_CHP_P,CO2_emission_cost,0.0
8440,2041,reg1,WtE-CCS_CHP_P,CO2_emission_cost,0.0
8441,2042,reg1,WtE-CCS_CHP_P,CO2_emission_cost,0.0
8442,2043,reg1,WtE-CCS_CHP_P,CO2_emission_cost,0.0
8443,2044,reg1,WtE-CCS_CHP_P,CO2_emission_cost,0.0
8444,2045,reg1,WtE-CCS_CHP_P,CO2_emission_cost,0.0
8445,2046,reg1,WtE-CCS_CHP_P,CO2_emission_cost,0.0
8446,2047,reg1,WtE-CCS_CHP_P,CO2_emission_cost,0.0
8447,2048,reg1,WtE-CCS_CHP_P,CO2_emission_cost,0.0
8448,2049,reg1,WtE-CCS_CHP_P,CO2_emission_cost,0.0
8449,2050,reg1,WtE-CCS_CHP_P,CO2_emission_cost,0.0
8450,2051,reg1,WtE-CCS_CHP_P,CO2_emission_cost,0.0
8451,2052,reg1,WtE-CCS_CHP_P,CO2_emission_cost,0.0
8452,2053,reg1,WtE-CCS_CHP_P,CO2_emission_cost,0.0
8453,2054,reg1,WtE-CCS_CHP_P,CO2_emission_cost,0.0
8454,2055,reg1,WtE-CCS_CHP_P,CO2_emission_cost,0.0
8455,2056,reg1,WtE-CCS_CHP_P,CO2_emission_cost,0.0
8456,2057,reg1,WtE-CCS_CHP_P,CO2_emission_cost,0.0
8457,2058,reg1,WtE-CCS_CHP_P,CO2_emission_cost,0.0
8458,2059,reg1,WtE-CCS_CHP_P,CO2_emission_cost,0.0
8459,2060,reg1,WtE-CCS_CHP_P,CO2_emission_cost,0.0
8460,2025,reg1,SOFC_CHP_P,CO2_emission_cost,0.0
8461,2026,reg1,SOFC_CHP_P,CO2_emission_cost,0.0
8462,2027,reg1,SOFC_CHP_P,CO2_emission_cost,0.0
8463,2028,reg1,SOFC_CHP_P,CO2_emission_cost,0.0
8464,2029,reg1,SOFC_CHP_P,CO2_emission_cost,0.0
8465,2030,reg1,SOFC_CHP_P,CO2_emission_cost,0.0
8466,2031,reg1,SOFC_CHP_P,CO2_emission_cost,0.0
8467,2032,reg1,SOFC_CHP_P,CO2_emission_cost,0.0
8468,2033,reg1,SOFC_CHP_P,CO2_emission_cost,0.0
8469,2034,reg1,SOFC_CHP_P,CO2_emission_cost,0.0
8470,2035,reg1,SOFC_CHP_P,CO2_emission_cost,0.0
8471,2036,reg1,SOFC_CHP_P,CO2_emission_cost,0.0
8472,2037,reg1,SOFC_CHP_P,CO2_emission_cost,0.0
8473,2038,reg1,SOFC_CHP_P,CO2_emission_cost,0.0
8474,2039,reg1,SOFC_CHP_P,CO2_emission_cost,0.0
8475,2040,reg1,SOFC_CHP_P,CO2_emission_cost,0.0
8476,2041,reg1,SOFC_CHP_P,CO2_emission_cost,0.0
8477,2042,reg1,SOFC_CHP_P,CO2_emission_cost,0.0
8478,2043,reg1,SOFC_CHP_P,CO2_emission_cost,0.0
8479,2044,reg1,SOFC_CHP_P,CO2_emission_cost,0.0
8480,2045,reg1,SOFC_CHP_P,CO2_emission_cost,0.0
8481,2046,reg1,SOFC_CHP_P,CO2_emission_cost,0.0
8482,2047,reg1,SOFC_CHP_P,CO2_emission_cost,0.0
8483,2048,reg1,SOFC_CHP_P,CO2_emission_cost,0.0
8484,2049,reg1,SOFC_CHP_P,CO2_emission_cost,0.0
8485,2050,reg1,SOFC_CHP_P,CO2_emission_cost,0.0
8486,2051,reg1,SOFC_CHP_P,CO2_emission_cost,0.0
8487,2052,reg1,SOFC_CHP_P,CO2_emission_cost,0.0
8488,2053,reg1,SOFC_CHP_P,CO2_emission_cost,0.0
8489,2054,reg1,SOFC_CHP_P,CO2_emission_cost,0.0
8490,2055,reg1,SOFC_CHP_P,CO2_emission_cost,0.0
8491,2056,reg1,SOFC_CHP_P,CO2_emission_cost,0.0
8492,2057,reg1,SOFC_CHP_P,CO2_emission_cost,0.0
8493,2058,reg1,SOFC_CHP_P,CO2_emission_cost,0.0
8494,2059,reg1,SOFC_CHP_P,CO2_emission_cost,0.0
8495,2060,reg1,SOFC_CHP_P,CO2_emission_cost,0.0
8496,2025,reg1,Oil_CHP,CO2_emission_cost,0.0
8497,2026,reg1,Oil_CHP,CO2_emission_cost,0.0
8498,2027,reg1,Oil_CHP,CO2_emission_cost,0.0
8499,2028,reg1,Oil_CHP,CO2_emission_cost,0.0
8500,2029,reg1,Oil_CHP,CO2_emission_cost,0.0
8501,2030,reg1,Oil_CHP,CO2_emission_cost,0.0
8502,2031,reg1,Oil_CHP,CO2_emission_cost,0.0
8503,2032,reg1,Oil_CHP,CO2_emission_cost,0.0
8504,2033,reg1,Oil_CHP,CO2_emission_cost,0.0
8505,2034,reg1,Oil_CHP,CO2_emission_cost,0.0
8506,2035,reg1,Oil_CHP,CO2_emission_cost,0.0
8507,2036,reg1,Oil_CHP,CO2_emission_cost,0.0
8508,2037,reg1,Oil_CHP,CO2_emission_cost,0.0
8509,2038,reg1,Oil_CHP,CO2_emission_cost,0.0
8510,2039,reg1,Oil_CHP,CO2_emission_cost,0.0
8511,2040,reg1,Oil_CHP,CO2_emission_cost,0.0
8512,2041,reg1,Oil_CHP,CO2_emission_cost,0.0
8513,2042,reg1,Oil_CHP,CO2_emission_cost,0.0
8514,2043,reg1,Oil_CHP,CO2_emission_cost,0.0
8515,2044,reg1,Oil_CHP,CO2_emission_cost,0.0
8516,2045,reg1,Oil_CHP,CO2_emission_cost,0.0
8517,2046,reg1,Oil_CHP,CO2_emission_cost,0.0
8518,2047,reg1,Oil_CHP,CO2_emission_cost,0.0
8519,2048,reg1,Oil_CHP,CO2_emission_cost,0.0
8520,2049,reg1,Oil_CHP,CO2_emission_cost,0.0
8521,2050,reg1,Oil_CHP,CO2_emission_cost,0.0
8522,2051,reg1,Oil_CHP,CO2_emission_cost,0.0
8523,2052,reg1,Oil_CHP,CO2_emission_cost,0.0
8524,2053,reg1,Oil_CHP,CO2_emission_cost,0.0
8525,2054,reg1,Oil_CHP,CO2_emission_cost,0.0
8526,2055,reg1,Oil_CHP,CO2_emission_cost,0.0
8527,2056,reg1,Oil_CHP,CO2_emission_cost,0.0
8528,2057,reg1,Oil_CHP,CO2_emission_cost,0.0
8529,2058,reg1,Oil_CHP,CO2_emission_cost,0.0
8530,2059,reg1,Oil_CHP,CO2_emission_cost,0.0
8531,2060,reg1,Oil_CHP,CO2_emission_cost,0.0
8532,2025,reg1,BW_CHP_P,CO2_emission_cost,0.0
8533,2026,reg1,BW_CHP_P,CO2_emission_cost,0.0
8534,2027,reg1,BW_CHP_P,CO2_emission_cost,0.0
8535,2028,reg1,BW_CHP_P,CO2_emission_cost,0.0
8536,2029,reg1,BW_CHP_P,CO2_emission_cost,0.0
8537,2030,reg1,BW_CHP_P,CO2_emission_cost,0.0
8538,2031,reg1,BW_CHP_P,CO2_emission_cost,0.0
8539,2032,reg1,BW_CHP_P,CO2_emission_cost,0.0
8540,2033,reg1,BW_CHP_P,CO2_emission_cost,0.0
8541,2034,reg1,BW_CHP_P,CO2_emission_cost,0.0
8542,2035,reg1,BW_CHP_P,CO2_emission_cost,0.0
8543,2036,reg1,BW_CHP_P,CO2_emission_cost,0.0
8544,2037,reg1,BW_CHP_P,CO2_emission_cost,0.0
8545,2038,reg1,BW_CHP_P,CO2_emission_cost,0.0
8546,2039,reg1,BW_CHP_P,CO2_emission_cost,0.0
8547,2040,reg1,BW_CHP_P,CO2_emission_cost,0.0
8548,2041,reg1,BW_CHP_P,CO2_emission_cost,0.0
8549,2042,reg1,BW_CHP_P,CO2_emission_cost,0.0
8550,2043,reg1,BW_CHP_P,CO2_emission_cost,0.0
8551,2044,reg1,BW_CHP_P,CO2_emission_cost,0.0
8552,2045,reg1,BW_CHP_P,CO2_emission_cost,0.0
8553,2046,reg1,BW_CHP_P,CO2_emission_cost,0.0
8554,2047,reg1,BW_CHP_P,CO2_emission_cost,0.0
8555,2048,reg1,BW_CHP_P,CO2_emission_cost,0.0
8556,2049,reg1,BW_CHP_P,CO2_emission_cost,0.0
8557,2050,reg1,BW_CHP_P,CO2_emission_cost,0.0
8558,2051,reg1,BW_CHP_P,CO2_emission_cost,0.0
8559,2052,reg1,BW_CHP_P,CO2_emission_cost,0.0
8560,2053,reg1,BW_CHP_P,CO2_emission_cost,0.0
8561,2054,reg1,BW_CHP_P,CO2_emission_cost,0.0
8562,2055,reg1,BW_CHP_P,CO2_emission_cost,0.0
8563,2056,reg1,BW_CHP_P,CO2_emission_cost,0.0
8564,2057,reg1,BW_CHP_P,CO2_emission_cost,0.0
8565,2058,reg1,BW_CHP_P,CO2_emission_cost,0.0
8566,2059,reg1,BW_CHP_P,CO2_emission_cost,0.0
8567,2060,reg1,BW_CHP_P,CO2_emission_cost,0.0
8568,2025,reg1,NG_supply,decommissioning_cost,0.0
8569,2026,reg1,NG_supply,decommissioning_cost,0.0
8570,2027,reg1,NG_supply,decommissioning_cost,0.0
8571,2028,reg1,NG_supply,decommissioning_cost,0.0
8572,2029,reg1,NG_supply,decommissioning_cost,0.0
8573,2030,reg1,NG_supply,decommissioning_cost,0.0
8574,2031,reg1,NG_supply,decommissioning_cost,0.0
8575,2032,reg1,NG_supply,decommissioning_cost,0.0
8576,2033,reg1,NG_supply,decommissioning_cost,0.0
8577,2034,reg1,NG_supply,decommissioning_cost,0.0
8578,2035,reg1,NG_supply,decommissioning_cost,0.0
8579,2036,reg1,NG_supply,decommissioning_cost,0.0
8580,2037,reg1,NG_supply,decommissioning_cost,0.0
8581,2038,reg1,NG_supply,decommissioning_cost,0.0
8582,2039,reg1,NG_supply,decommissioning_cost,0.0
8583,2040,reg1,NG_supply,decommissioning_cost,0.0
8584,2041,reg1,NG_supply,decommissioning_cost,0.0
8585,2042,reg1,NG_supply,decommissioning_cost,0.0
8586,2043,reg1,NG_supply,decommissioning_cost,0.0
8587,2044,reg1,NG_supply,decommissioning_cost,0.0
8588,2045,reg1,NG_supply,decommissioning_cost,0.0
8589,2046,reg1,NG_supply,decommissioning_cost,0.0
8590,2047,reg1,NG_supply,decommissioning_cost,0.0
8591,2048,reg1,NG_supply,decommissioning_cost,0.0
8592,2049,reg1,NG_supply,decommissioning_cost,0.0
8593,2050,reg1,NG_supply,decommissioning_cost,0.0
8594,2051,reg1,NG_supply,decommissioning_cost,0.0
8595,2052,reg1,NG_supply,decommissioning_cost,0.0
8596,2053,reg1,NG_supply,decommissioning_cost,0.0
8597,2054,reg1,NG_supply,decommissioning_cost,0.0
8598,2055,reg1,NG_supply,decommissioning_cost,0.0
8599,2056,reg1,NG_supply,decommissioning_cost,0.0
8600,2057,reg1,NG_supply,decommissioning_cost,0.0
8601,2058,reg1,NG_supply,decommissioning_cost,0.0
8602,2059,reg1,NG_supply,decommissioning_cost,0.0
8603,2060,reg1,NG_supply,decommissioning_cost,0.0
8604,2025,reg1,SFF_supply,decommissioning_cost,0.0
8605,2026,reg1,SFF_supply,decommissioning_cost,0.0
8606,2027,reg1,SFF_supply,decommissioning_cost,0.0
8607,2028,reg1,SFF_supply,decommissioning_cost,0.0
8608,2029,reg1,SFF_supply,decommissioning_cost,0.0
8609,2030,reg1,SFF_supply,decommissioning_cost,0.0
8610,2031,reg1,SFF_supply,decommissioning_cost,0.0
8611,2032,reg1,SFF_supply,decommissioning_cost,0.0
8612,2033,reg1,SFF_supply,decommissioning_cost,0.0
8613,2034,reg1,SFF_supply,decommissioning_cost,0.0
8614,2035,reg1,SFF_supply,decommissioning_cost,0.0
8615,2036,reg1,SFF_supply,decommissioning_cost,0.0
8616,2037,reg1,SFF_supply,decommissioning_cost,0.0
8617,2038,reg1,SFF_supply,decommissioning_cost,0.0
8618,2039,reg1,SFF_supply,decommissioning_cost,0.0
8619,2040,reg1,SFF_supply,decommissioning_cost,0.0
8620,2041,reg1,SFF_supply,decommissioning_cost,0.0
8621,2042,reg1,SFF_supply,decommissioning_cost,0.0
8622,2043,reg1,SFF_supply,decommissioning_cost,0.0
8623,2044,reg1,SFF_supply,decommissioning_cost,0.0
8624,2045,reg1,SFF_supply,decommissioning_cost,0.0
8625,2046,reg1,SFF_supply,decommissioning_cost,0.0
8626,2047,reg1,SFF_supply,decommissioning_cost,0.0
8627,2048,reg1,SFF_supply,decommissioning_cost,0.0
8628,2049,reg1,SFF_supply,decommissioning_cost,0.0
8629,2050,reg1,SFF_supply,decommissioning_cost,0.0
8630,2051,reg1,SFF_supply,decommissioning_cost,0.0
8631,2052,reg1,SFF_supply,decommissioning_cost,0.0
8632,2053,reg1,SFF_supply,decommissioning_cost,0.0
8633,2054,reg1,SFF_supply,decommissioning_cost,0.0
8634,2055,reg1,SFF_supply,decommissioning_cost,0.0
8635,2056,reg1,SFF_supply,decommissioning_cost,0.0
8636,2057,reg1,SFF_supply,decommissioning_cost,0.0
8637,2058,reg1,SFF_supply,decommissioning_cost,0.0
8638,2059,reg1,SFF_supply,decommissioning_cost,0.0
8639,2060,reg1,SFF_supply,decommissioning_cost,0.0
8640,2025,reg1,OP_supply,decommissioning_cost,0.0
8641,2026,reg1,OP_supply,decommissioning_cost,0.0
8642,2027,reg1,OP_supply,decommissioning_cost,0.0
8643,2028,reg1,OP_supply,decommissioning_cost,0.0
8644,2029,reg1,OP_supply,decommissioning_cost,0.0
8645,2030,reg1,OP_supply,decommissioning_cost,0.0
8646,2031,reg1,OP_supply,decommissioning_cost,0.0
8647,2032,reg1,OP_supply,decommissioning_cost,0.0
8648,2033,reg1,OP_supply,decommissioning_cost,0.0
8649,2034,reg1,OP_supply,decommissioning_cost,0.0
8650,2035,reg1,OP_supply,decommissioning_cost,0.0
8651,2036,reg1,OP_supply,decommissioning_cost,0.0
8652,2037,reg1,OP_supply,decommissioning_cost,0.0
8653,2038,reg1,OP_supply,decommissioning_cost,0.0
8654,2039,reg1,OP_supply,decommissioning_cost,0.0
8655,2040,reg1,OP_supply,decommissioning_cost,0.0
8656,2041,reg1,OP_supply,decommissioning_cost,0.0
8657,2042,reg1,OP_supply,decommissioning_cost,0.0
8658,2043,reg1,OP_supply,decommissioning_cost,0.0
8659,2044,reg1,OP_supply,decommissioning_cost,0.0
8660,2045,reg1,OP_supply,decommissioning_cost,0.0
8661,2046,reg1,OP_supply,decommissioning_cost,0.0
8662,2047,reg1,OP_supply,decommissioning_cost,0.0
8663,2048,reg1,OP_supply,decommissioning_cost,0.0
8664,2049,reg1,OP_supply,decommissioning_cost,0.0
8665,2050,reg1,OP_supply,decommissioning_cost,0.0
8666,2051,reg1,OP_supply,decommissioning_cost,0.0
8667,2052,reg1,OP_supply,decommissioning_cost,0.0
8668,2053,reg1,OP_supply,decommissioning_cost,0.0
8669,2054,reg1,OP_supply,decommissioning_cost,0.0
8670,2055,reg1,OP_supply,decommissioning_cost,0.0
8671,2056,reg1,OP_supply,decommissioning_cost,0.0
8672,2057,reg1,OP_supply,decommissioning_cost,0.0
8673,2058,reg1,OP_supply,decommissioning_cost,0.0
8674,2059,reg1,OP_supply,decommissioning_cost,0.0
8675,2060,reg1,OP_supply,decommissioning_cost,0.0
8676,2025,reg1,BW_supply,decommissioning_cost,0.0
8677,2026,reg1,BW_supply,decommissioning_cost,0.0
8678,2027,reg1,BW_supply,decommissioning_cost,0.0
8679,2028,reg1,BW_supply,decommissioning_cost,0.0
8680,2029,reg1,BW_supply,decommissioning_cost,0.0
8681,2030,reg1,BW_supply,decommissioning_cost,0.0
8682,2031,reg1,BW_supply,decommissioning_cost,0.0
8683,2032,reg1,BW_supply,decommissioning_cost,0.0
8684,2033,reg1,BW_supply,decommissioning_cost,0.0
8685,2034,reg1,BW_supply,decommissioning_cost,0.0
8686,2035,reg1,BW_supply,decommissioning_cost,0.0
8687,2036,reg1,BW_supply,decommissioning_cost,0.0
8688,2037,reg1,BW_supply,decommissioning_cost,0.0
8689,2038,reg1,BW_supply,decommissioning_cost,0.0
8690,2039,reg1,BW_supply,decommissioning_cost,0.0
8691,2040,reg1,BW_supply,decommissioning_cost,0.0
8692,2041,reg1,BW_supply,decommissioning_cost,0.0
8693,2042,reg1,BW_supply,decommissioning_cost,0.0
8694,2043,reg1,BW_supply,decommissioning_cost,0.0
8695,2044,reg1,BW_supply,decommissioning_cost,0.0
8696,2045,reg1,BW_supply,decommissioning_cost,0.0
8697,2046,reg1,BW_supply,decommissioning_cost,0.0
8698,2047,reg1,BW_supply,decommissioning_cost,0.0
8699,2048,reg1,BW_supply,decommissioning_cost,0.0
8700,2049,reg1,BW_supply,decommissioning_cost,0.0
8701,2050,reg1,BW_supply,decommissioning_cost,0.0
8702,2051,reg1,BW_supply,decommissioning_cost,0.0
8703,2052,reg1,BW_supply,decommissioning_cost,0.0
8704,2053,reg1,BW_supply,decommissioning_cost,0.0
8705,2054,reg1,BW_supply,decommissioning_cost,0.0
8706,2055,reg1,BW_supply,decommissioning_cost,0.0
8707,2056,reg1,BW_supply,decommissioning_cost,0.0
8708,2057,reg1,BW_supply,decommissioning_cost,0.0
8709,2058,reg1,BW_supply,decommissioning_cost,0.0
8710,2059,reg1,BW_supply,decommissioning_cost,0.0
8711,2060,reg1,BW_supply,decommissioning_cost,0.0
8712,2025,reg1,BIO_supply,decommissioning_cost,0.0
8713,2026,reg1,BIO_supply,decommissioning_cost,0.0
8714,2027,reg1,BIO_supply,decommissioning_cost,0.0
8715,2028,reg1,BIO_supply,decommissioning_cost,0.0
8716,2029,reg1,BIO_supply,decommissioning_cost,0.0
8717,2030,reg1,BIO_supply,decommissioning_cost,0.0
8718,2031,reg1,BIO_supply,decommissioning_cost,0.0
8719,2032,reg1,BIO_supply,decommissioning_cost,0.0
8720,2033,reg1,BIO_supply,decommissioning_cost,0.0
8721,2034,reg1,BIO_supply,decommissioning_cost,0.0
8722,2035,reg1,BIO_supply,decommissioning_cost,0.0
8723,2036,reg1,BIO_supply,decommissioning_cost,0.0
8724,2037,reg1,BIO_supply,decommissioning_cost,0.0
8725,2038,reg1,BIO_supply,decommissioning_cost,0.0
8726,2039,reg1,BIO_supply,decommissioning_cost,0.0
8727,2040,reg1,BIO_supply,decommissioning_cost,0.0
8728,2041,reg1,BIO_supply,decommissioning_cost,0.0
8729,2042,reg1,BIO_supply,decommissioning_cost,0.0
8730,2043,reg1,BIO_supply,decommissioning_cost,0.0
8731,2044,reg1,BIO_supply,decommissioning_cost,0.0
8732,2045,reg1,BIO_supply,decommissioning_cost,0.0
8733,2046,reg1,BIO_supply,decommissioning_cost,0.0
8734,2047,reg1,BIO_supply,decommissioning_cost,0.0
8735,2048,reg1,BIO_supply,decommissioning_cost,0.0
8736,2049,reg1,BIO_supply,decommissioning_cost,0.0
8737,2050,reg1,BIO_supply,decommissioning_cost,0.0
8738,2051,reg1,BIO_supply,decommissioning_cost,0.0
8739,2052,reg1,BIO_supply,decommissioning_cost,0.0
8740,2053,reg1,BIO_supply,decommissioning_cost,0.0
8741,2054,reg1,BIO_supply,decommissioning_cost,0.0
8742,2055,reg1,BIO_supply,decommissioning_cost,0.0
8743,2056,reg1,BIO_supply,decommissioning_cost,0.0
8744,2057,reg1,BIO_supply,decommissioning_cost,0.0
8745,2058,reg1,BIO_supply,decommissioning_cost,0.0
8746,2059,reg1,BIO_supply,decommissioning_cost,0.0
8747,2060,reg1,BIO_supply,decommissioning_cost,0.0
8748,2025,reg1,Biogas_supply,decommissioning_cost,0.0
8749,2026,reg1,Biogas_supply,decommissioning_cost,0.0
8750,2027,reg1,Biogas_supply,decommissioning_cost,0.0
8751,2028,reg1,Biogas_supply,decommissioning_cost,0.0
8752,2029,reg1,Biogas_supply,decommissioning_cost,0.0
8753,2030,reg1,Biogas_supply,decommissioning_cost,0.0
8754,2031,reg1,Biogas_supply,decommissioning_cost,0.0
8755,2032,reg1,Biogas_supply,decommissioning_cost,0.0
8756,2033,reg1,Biogas_supply,decommissioning_cost,0.0
8757,2034,reg1,Biogas_supply,decommissioning_cost,0.0
8758,2035,reg1,Biogas_supply,decommissioning_cost,0.0
8759,2036,reg1,Biogas_supply,decommissioning_cost,0.0
8760,2037,reg1,Biogas_supply,decommissioning_cost,0.0
8761,2038,reg1,Biogas_supply,decommissioning_cost,0.0
8762,2039,reg1,Biogas_supply,decommissioning_cost,0.0
8763,2040,reg1,Biogas_supply,decommissioning_cost,0.0
8764,2041,reg1,Biogas_supply,decommissioning_cost,0.0
8765,2042,reg1,Biogas_supply,decommissioning_cost,0.0
8766,2043,reg1,Biogas_supply,decommissioning_cost,0.0
8767,2044,reg1,Biogas_supply,decommissioning_cost,0.0
8768,2045,reg1,Biogas_supply,decommissioning_cost,0.0
8769,2046,reg1,Biogas_supply,decommissioning_cost,0.0
8770,2047,reg1,Biogas_supply,decommissioning_cost,0.0
8771,2048,reg1,Biogas_supply,decommissioning_cost,0.0
8772,2049,reg1,Biogas_supply,decommissioning_cost,0.0
8773,2050,reg1,Biogas_supply,decommissioning_cost,0.0
8774,2051,reg1,Biogas_supply,decommissioning_cost,0.0
8775,2052,reg1,Biogas_supply,decommissioning_cost,0.0
8776,2053,reg1,Biogas_supply,decommissioning_cost,0.0
8777,2054,reg1,Biogas_supply,decommissioning_cost,0.0
8778,2055,reg1,Biogas_supply,decommissioning_cost,0.0
8779,2056,reg1,Biogas_supply,decommissioning_cost,0.0
8780,2057,reg1,Biogas_supply,decommissioning_cost,0.0
8781,2058,reg1,Biogas_supply,decommissioning_cost,0.0
8782,2059,reg1,Biogas_supply,decommissioning_cost,0.0
8783,2060,reg1,Biogas_supply,decommissioning_cost,0.0
8784,2025,reg1,Waste_supply,decommissioning_cost,0.0
8785,2026,reg1,Waste_supply,decommissioning_cost,0.0
8786,2027,reg1,Waste_supply,decommissioning_cost,0.0
8787,2028,reg1,Waste_supply,decommissioning_cost,0.0
8788,2029,reg1,Waste_supply,decommissioning_cost,0.0
8789,2030,reg1,Waste_supply,decommissioning_cost,0.0
8790,2031,reg1,Waste_supply,decommissioning_cost,0.0
8791,2032,reg1,Waste_supply,decommissioning_cost,0.0
8792,2033,reg1,Waste_supply,decommissioning_cost,0.0
8793,2034,reg1,Waste_supply,decommissioning_cost,0.0
8794,2035,reg1,Waste_supply,decommissioning_cost,0.0
8795,2036,reg1,Waste_supply,decommissioning_cost,0.0
8796,2037,reg1,Waste_supply,decommissioning_cost,0.0
8797,2038,reg1,Waste_supply,decommissioning_cost,0.0
8798,2039,reg1,Waste_supply,decommissioning_cost,0.0
8799,2040,reg1,Waste_supply,decommissioning_cost,0.0
8800,2041,reg1,Waste_supply,decommissioning_cost,0.0
8801,2042,reg1,Waste_supply,decommissioning_cost,0.0
8802,2043,reg1,Waste_supply,decommissioning_cost,0.0
8803,2044,reg1,Waste_supply,decommissioning_cost,0.0
8804,2045,reg1,Waste_supply,decommissioning_cost,0.0
8805,2046,reg1,Waste_supply,decommissioning_cost,0.0
8806,2047,reg1,Waste_supply,decommissioning_cost,0.0
8807,2048,reg1,Waste_supply,decommissioning_cost,0.0
8808,2049,reg1,Waste_supply,decommissioning_cost,0.0
8809,2050,reg1,Waste_supply,decommissioning_cost,0.0
8810,2051,reg1,Waste_supply,decommissioning_cost,0.0
8811,2052,reg1,Waste_supply,decommissioning_cost,0.0
8812,2053,reg1,Waste_supply,decommissioning_cost,0.0
8813,2054,reg1,Waste_supply,decommissioning_cost,0.0
8814,2055,reg1,Waste_supply,decommissioning_cost,0.0
8815,2056,reg1,Waste_supply,decommissioning_cost,0.0
8816,2057,reg1,Waste_supply,decommissioning_cost,0.0
8817,2058,reg1,Waste_supply,decommissioning_cost,0.0
8818,2059,reg1,Waste_supply,decommissioning_cost,0.0
8819,2060,reg1,Waste_supply,decommissioning_cost,0.0
8820,2025,reg1,Geo_PP,decommissioning_cost,0.0
8821,2026,reg1,Geo_PP,decommissioning_cost,0.0
8822,2027,reg1,Geo_PP,decommissioning_cost,0.0
8823,2028,reg1,Geo_PP,decommissioning_cost,0.0
8824,2029,reg1,Geo_PP,decommissioning_cost,0.0
8825,2030,reg1,Geo_PP,decommissioning_cost,0.0
8826,2031,reg1,Geo_PP,decommissioning_cost,0.0
8827,2032,reg1,Geo_PP,decommissioning_cost,0.0
8828,2033,reg1,Geo_PP,decommissioning_cost,0.0
8829,2034,reg1,Geo_PP,decommissioning_cost,0.0
8830,2035,reg1,Geo_PP,decommissioning_cost,0.0
8831,2036,reg1,Geo_PP,decommissioning_cost,0.0
8832,2037,reg1,Geo_PP,decommissioning_cost,0.0
8833,2038,reg1,Geo_PP,decommissioning_cost,0.0
8834,2039,reg1,Geo_PP,decommissioning_cost,0.0
8835,2040,reg1,Geo_PP,decommissioning_cost,0.0
8836,2041,reg1,Geo_PP,decommissioning_cost,0.0
8837,2042,reg1,Geo_PP,decommissioning_cost,0.0
8838,2043,reg1,Geo_PP,decommissioning_cost,0.0
8839,2044,reg1,Geo_PP,decommissioning_cost,0.0
8840,2045,reg1,Geo_PP,decommissioning_cost,0.0
8841,2046,reg1,Geo_PP,decommissioning_cost,0.0
8842,2047,reg1,Geo_PP,decommissioning_cost,0.0
8843,2048,reg1,Geo_PP,decommissioning_cost,0.0
8844,2049,reg1,Geo_PP,decommissioning_cost,0.0
8845,2050,reg1,Geo_PP,decommissioning_cost,0.0
8846,2051,reg1,Geo_PP,decommissioning_cost,0.0
8847,2052,reg1,Geo_PP,decommissioning_cost,0.0
8848,2053,reg1,Geo_PP,decommissioning_cost,0.0
8849,2054,reg1,Geo_PP,decommissioning_cost,0.0
8850,2055,reg1,Geo_PP,decommissioning_cost,0.0
8851,2056,reg1,Geo_PP,decommissioning_cost,0.0
8852,2057,reg1,Geo_PP,decommissioning_cost,0.0
8853,2058,reg1,Geo_PP,decommissioning_cost,0.0
8854,2059,reg1,Geo_PP,decommissioning_cost,0.0
8855,2060,reg1,Geo_PP,decommissioning_cost,0.0
8856,2025,reg1,Solar_PV_PP,decommissioning_cost,0.0
8857,2026,reg1,Solar_PV_PP,decommissioning_cost,0.0
8858,2027,reg1,Solar_PV_PP,decommissioning_cost,0.0
8859,2028,reg1,Solar_PV_PP,decommissioning_cost,0.0
8860,2029,reg1,Solar_PV_PP,decommissioning_cost,0.0
8861,2030,reg1,Solar_PV_PP,decommissioning_cost,0.0
8862,2031,reg1,Solar_PV_PP,decommissioning_cost,0.0
8863,2032,reg1,Solar_PV_PP,decommissioning_cost,0.0
8864,2033,reg1,Solar_PV_PP,decommissioning_cost,0.0
8865,2034,reg1,Solar_PV_PP,decommissioning_cost,0.0
8866,2035,reg1,Solar_PV_PP,decommissioning_cost,0.0
8867,2036,reg1,Solar_PV_PP,decommissioning_cost,0.0
8868,2037,reg1,Solar_PV_PP,decommissioning_cost,0.0
8869,2038,reg1,Solar_PV_PP,decommissioning_cost,0.0
8870,2039,reg1,Solar_PV_PP,decommissioning_cost,0.0
8871,2040,reg1,Solar_PV_PP,decommissioning_cost,0.0
8872,2041,reg1,Solar_PV_PP,decommissioning_cost,0.0
8873,2042,reg1,Solar_PV_PP,decommissioning_cost,0.0
8874,2043,reg1,Solar_PV_PP,decommissioning_cost,0.0
8875,2044,reg1,Solar_PV_PP,decommissioning_cost,0.0
8876,2045,reg1,Solar_PV_PP,decommissioning_cost,0.0
8877,2046,reg1,Solar_PV_PP,decommissioning_cost,0.0
8878,2047,reg1,Solar_PV_PP,decommissioning_cost,0.0
8879,2048,reg1,Solar_PV_PP,decommissioning_cost,0.0
8880,2049,reg1,Solar_PV_PP,decommissioning_cost,0.0
8881,2050,reg1,Solar_PV_PP,decommissioning_cost,0.0
8882,2051,reg1,Solar_PV_PP,decommissioning_cost,0.0
8883,2052,reg1,Solar_PV_PP,decommissioning_cost,0.0
8884,2053,reg1,Solar_PV_PP,decommissioning_cost,0.0
8885,2054,reg1,Solar_PV_PP,decommissioning_cost,0.0
8886,2055,reg1,Solar_PV_PP,decommissioning_cost,0.0
8887,2056,reg1,Solar_PV_PP,decommissioning_cost,0.0
8888,2057,reg1,Solar_PV_PP,decommissioning_cost,0.0
8889,2058,reg1,Solar_PV_PP,decommissioning_cost,0.0
8890,2059,reg1,Solar_PV_PP,decommissioning_cost,0.0
8891,2060,reg1,Solar_PV_PP,decommissioning_cost,0.0
8892,2025,reg1,Wind_On-Shore_PP,decommissioning_cost,0.0
8893,2026,reg1,Wind_On-Shore_PP,decommissioning_cost,0.0
8894,2027,reg1,Wind_On-Shore_PP,decommissioning_cost,0.0
8895,2028,reg1,Wind_On-Shore_PP,decommissioning_cost,0.0
8896,2029,reg1,Wind_On-Shore_PP,decommissioning_cost,0.0
8897,2030,reg1,Wind_On-Shore_PP,decommissioning_cost,0.0
8898,2031,reg1,Wind_On-Shore_PP,decommissioning_cost,0.0
8899,2032,reg1,Wind_On-Shore_PP,decommissioning_cost,0.0
8900,2033,reg1,Wind_On-Shore_PP,decommissioning_cost,0.0
8901,2034,reg1,Wind_On-Shore_PP,decommissioning_cost,0.0
8902,2035,reg1,Wind_On-Shore_PP,decommissioning_cost,0.0
8903,2036,reg1,Wind_On-Shore_PP,decommissioning_cost,0.0
8904,2037,reg1,Wind_On-Shore_PP,decommissioning_cost,0.0
8905,2038,reg1,Wind_On-Shore_PP,decommissioning_cost,0.0
8906,2039,reg1,Wind_On-Shore_PP,decommissioning_cost,0.0
8907,2040,reg1,Wind_On-Shore_PP,decommissioning_cost,0.0
8908,2041,reg1,Wind_On-Shore_PP,decommissioning_cost,0.0
8909,2042,reg1,Wind_On-Shore_PP,decommissioning_cost,0.0
8910,2043,reg1,Wind_On-Shore_PP,decommissioning_cost,0.0
8911,2044,reg1,Wind_On-Shore_PP,decommissioning_cost,0.0
8912,2045,reg1,Wind_On-Shore_PP,decommissioning_cost,0.0
8913,2046,reg1,Wind_On-Shore_PP,decommissioning_cost,0.0
8914,2047,reg1,Wind_On-Shore_PP,decommissioning_cost,0.0
8915,2048,reg1,Wind_On-Shore_PP,decommissioning_cost,0.0
8916,2049,reg1,Wind_On-Shore_PP,decommissioning_cost,0.0
8917,2050,reg1,Wind_On-Shore_PP,decommissioning_cost,0.0
8918,2051,reg1,Wind_On-Shore_PP,decommissioning_cost,0.0
8919,2052,reg1,Wind_On-Shore_PP,decommissioning_cost,0.0
8920,2053,reg1,Wind_On-Shore_PP,decommissioning_cost,0.0
8921,2054,reg1,Wind_On-Shore_PP,decommissioning_cost,0.0
8922,2055,reg1,Wind_On-Shore_PP,decommissioning_cost,0.0
8923,2056,reg1,Wind_On-Shore_PP,decommissioning_cost,0.0
8924,2057,reg1,Wind_On-Shore_PP,decommissioning_cost,0.0
8925,2058,reg1,Wind_On-Shore_PP,decommissioning_cost,0.0
8926,2059,reg1,Wind_On-Shore_PP,decommissioning_cost,0.0
8927,2060,reg1,Wind_On-Shore_PP,decommissioning_cost,0.0
8928,2025,reg1,Wind_Off-Shore_PP,decommissioning_cost,0.0
8929,2026,reg1,Wind_Off-Shore_PP,decommissioning_cost,0.0
8930,2027,reg1,Wind_Off-Shore_PP,decommissioning_cost,0.0
8931,2028,reg1,Wind_Off-Shore_PP,decommissioning_cost,0.0
8932,2029,reg1,Wind_Off-Shore_PP,decommissioning_cost,0.0
8933,2030,reg1,Wind_Off-Shore_PP,decommissioning_cost,0.0
8934,2031,reg1,Wind_Off-Shore_PP,decommissioning_cost,0.0
8935,2032,reg1,Wind_Off-Shore_PP,decommissioning_cost,0.0
8936,2033,reg1,Wind_Off-Shore_PP,decommissioning_cost,0.0
8937,2034,reg1,Wind_Off-Shore_PP,decommissioning_cost,0.0
8938,2035,reg1,Wind_Off-Shore_PP,decommissioning_cost,0.0
8939,2036,reg1,Wind_Off-Shore_PP,decommissioning_cost,0.0
8940,2037,reg1,Wind_Off-Shore_PP,decommissioning_cost,0.0
8941,2038,reg1,Wind_Off-Shore_PP,decommissioning_cost,0.0
8942,2039,reg1,Wind_Off-Shore_PP,decommissioning_cost,0.0
8943,2040,reg1,Wind_Off-Shore_PP,decommissioning_cost,0.0
8944,2041,reg1,Wind_Off-Shore_PP,decommissioning_cost,0.0
8945,2042,reg1,Wind_Off-Shore_PP,decommissioning_cost,0.0
8946,2043,reg1,Wind_Off-Shore_PP,decommissioning_cost,0.0
8947,2044,reg1,Wind_Off-Shore_PP,decommissioning_cost,0.0
8948,2045,reg1,Wind_Off-Shore_PP,decommissioning_cost,0.0
8949,2046,reg1,Wind_Off-Shore_PP,decommissioning_cost,0.0
8950,2047,reg1,Wind_Off-Shore_PP,decommissioning_cost,0.0
8951,2048,reg1,Wind_Off-Shore_PP,decommissioning_cost,0.0
8952,2049,reg1,Wind_Off-Shore_PP,decommissioning_cost,0.0
8953,2050,reg1,Wind_Off-Shore_PP,decommissioning_cost,0.0
8954,2051,reg1,Wind_Off-Shore_PP,decommissioning_cost,0.0
8955,2052,reg1,Wind_Off-Shore_PP,decommissioning_cost,0.0
8956,2053,reg1,Wind_Off-Shore_PP,decommissioning_cost,0.0
8957,2054,reg1,Wind_Off-Shore_PP,decommissioning_cost,0.0
8958,2055,reg1,Wind_Off-Shore_PP,decommissioning_cost,0.0
8959,2056,reg1,Wind_Off-Shore_PP,decommissioning_cost,0.0
8960,2057,reg1,Wind_Off-Shore_PP,decommissioning_cost,0.0
8961,2058,reg1,Wind_Off-Shore_PP,decommissioning_cost,0.0
8962,2059,reg1,Wind_Off-Shore_PP,decommissioning_cost,0.0
8963,2060,reg1,Wind_Off-Shore_PP,decommissioning_cost,0.0
8964,2025,reg1,Hydro_PP,decommissioning_cost,0.0
8965,2026,reg1,Hydro_PP,decommissioning_cost,0.0
8966,2027,reg1,Hydro_PP,decommissioning_cost,0.0
8967,2028,reg1,Hydro_PP,decommissioning_cost,0.0
8968,2029,reg1,Hydro_PP,decommissioning_cost,0.0
8969,2030,reg1,Hydro_PP,decommissioning_cost,0.0
8970,2031,reg1,Hydro_PP,decommissioning_cost,0.0
8971,2032,reg1,Hydro_PP,decommissioning_cost,0.0
8972,2033,reg1,Hydro_PP,decommissioning_cost,0.0
8973,2034,reg1,Hydro_PP,decommissioning_cost,0.0
8974,2035,reg1,Hydro_PP,decommissioning_cost,0.0
8975,2036,reg1,Hydro_PP,decommissioning_cost,0.0
8976,2037,reg1,Hydro_PP,decommissioning_cost,0.0
8977,2038,reg1,Hydro_PP,decommissioning_cost,0.0
8978,2039,reg1,Hydro_PP,decommissioning_cost,0.0
8979,2040,reg1,Hydro_PP,decommissioning_cost,0.0
8980,2041,reg1,Hydro_PP,decommissioning_cost,0.0
8981,2042,reg1,Hydro_PP,decommissioning_cost,0.0
8982,2043,reg1,Hydro_PP,decommissioning_cost,0.0
8983,2044,reg1,Hydro_PP,decommissioning_cost,0.0
8984,2045,reg1,Hydro_PP,decommissioning_cost,0.0
8985,2046,reg1,Hydro_PP,decommissioning_cost,0.0
8986,2047,reg1,Hydro_PP,decommissioning_cost,0.0
8987,2048,reg1,Hydro_PP,decommissioning_cost,0.0
8988,2049,reg1,Hydro_PP,decommissioning_cost,0.0
8989,2050,reg1,Hydro_PP,decommissioning_cost,0.0
8990,2051,reg1,Hydro_PP,decommissioning_cost,0.0
8991,2052,reg1,Hydro_PP,decommissioning_cost,0.0
8992,2053,reg1,Hydro_PP,decommissioning_cost,0.0
8993,2054,reg1,Hydro_PP,decommissioning_cost,0.0
8994,2055,reg1,Hydro_PP,decommissioning_cost,0.0
8995,2056,reg1,Hydro_PP,decommissioning_cost,0.0
8996,2057,reg1,Hydro_PP,decommissioning_cost,0.0
8997,2058,reg1,Hydro_PP,decommissioning_cost,0.0
8998,2059,reg1,Hydro_PP,decommissioning_cost,0.0
8999,2060,reg1,Hydro_PP,decommissioning_cost,0.0
9000,2025,reg1,UO2_supply ,decommissioning_cost,0.0
9001,2026,reg1,UO2_supply ,decommissioning_cost,0.0
9002,2027,reg1,UO2_supply ,decommissioning_cost,0.0
9003,2028,reg1,UO2_supply ,decommissioning_cost,0.0
9004,2029,reg1,UO2_supply ,decommissioning_cost,0.0
9005,2030,reg1,UO2_supply ,decommissioning_cost,0.0
9006,2031,reg1,UO2_supply ,decommissioning_cost,0.0
9007,2032,reg1,UO2_supply ,decommissioning_cost,0.0
9008,2033,reg1,UO2_supply ,decommissioning_cost,0.0
9009,2034,reg1,UO2_supply ,decommissioning_cost,0.0
9010,2035,reg1,UO2_supply ,decommissioning_cost,0.0
9011,2036,reg1,UO2_supply ,decommissioning_cost,0.0
9012,2037,reg1,UO2_supply ,decommissioning_cost,0.0
9013,2038,reg1,UO2_supply ,decommissioning_cost,0.0
9014,2039,reg1,UO2_supply ,decommissioning_cost,0.0
9015,2040,reg1,UO2_supply ,decommissioning_cost,0.0
9016,2041,reg1,UO2_supply ,decommissioning_cost,0.0
9017,2042,reg1,UO2_supply ,decommissioning_cost,0.0
9018,2043,reg1,UO2_supply ,decommissioning_cost,0.0
9019,2044,reg1,UO2_supply ,decommissioning_cost,0.0
9020,2045,reg1,UO2_supply ,decommissioning_cost,0.0
9021,2046,reg1,UO2_supply ,decommissioning_cost,0.0
9022,2047,reg1,UO2_supply ,decommissioning_cost,0.0
9023,2048,reg1,UO2_supply ,decommissioning_cost,0.0
9024,2049,reg1,UO2_supply ,decommissioning_cost,0.0
9025,2050,reg1,UO2_supply ,decommissioning_cost,0.0
9026,2051,reg1,UO2_supply ,decommissioning_cost,0.0
9027,2052,reg1,UO2_supply ,decommissioning_cost,0.0
9028,2053,reg1,UO2_supply ,decommissioning_cost,0.0
9029,2054,reg1,UO2_supply ,decommissioning_cost,0.0
9030,2055,reg1,UO2_supply ,decommissioning_cost,0.0
9031,2056,reg1,UO2_supply ,decommissioning_cost,0.0
9032,2057,reg1,UO2_supply ,decommissioning_cost,0.0
9033,2058,reg1,UO2_supply ,decommissioning_cost,0.0
9034,2059,reg1,UO2_supply ,decommissioning_cost,0.0
9035,2060,reg1,UO2_supply ,decommissioning_cost,0.0
9036,2025,reg1,Electricity_net_imports,decommissioning_cost,0.0
9037,2026,reg1,Electricity_net_imports,decommissioning_cost,0.0
9038,2027,reg1,Electricity_net_imports,decommissioning_cost,0.0
9039,2028,reg1,Electricity_net_imports,decommissioning_cost,0.0
9040,2029,reg1,Electricity_net_imports,decommissioning_cost,0.0
9041,2030,reg1,Electricity_net_imports,decommissioning_cost,0.0
9042,2031,reg1,Electricity_net_imports,decommissioning_cost,0.0
9043,2032,reg1,Electricity_net_imports,decommissioning_cost,0.0
9044,2033,reg1,Electricity_net_imports,decommissioning_cost,0.0
9045,2034,reg1,Electricity_net_imports,decommissioning_cost,0.0
9046,2035,reg1,Electricity_net_imports,decommissioning_cost,0.0
9047,2036,reg1,Electricity_net_imports,decommissioning_cost,0.0
9048,2037,reg1,Electricity_net_imports,decommissioning_cost,0.0
9049,2038,reg1,Electricity_net_imports,decommissioning_cost,0.0
9050,2039,reg1,Electricity_net_imports,decommissioning_cost,0.0
9051,2040,reg1,Electricity_net_imports,decommissioning_cost,0.0
9052,2041,reg1,Electricity_net_imports,decommissioning_cost,0.0
9053,2042,reg1,Electricity_net_imports,decommissioning_cost,0.0
9054,2043,reg1,Electricity_net_imports,decommissioning_cost,0.0
9055,2044,reg1,Electricity_net_imports,decommissioning_cost,0.0
9056,2045,reg1,Electricity_net_imports,decommissioning_cost,0.0
9057,2046,reg1,Electricity_net_imports,decommissioning_cost,0.0
9058,2047,reg1,Electricity_net_imports,decommissioning_cost,0.0
9059,2048,reg1,Electricity_net_imports,decommissioning_cost,0.0
9060,2049,reg1,Electricity_net_imports,decommissioning_cost,0.0
9061,2050,reg1,Electricity_net_imports,decommissioning_cost,0.0
9062,2051,reg1,Electricity_net_imports,decommissioning_cost,0.0
9063,2052,reg1,Electricity_net_imports,decommissioning_cost,0.0
9064,2053,reg1,Electricity_net_imports,decommissioning_cost,0.0
9065,2054,reg1,Electricity_net_imports,decommissioning_cost,0.0
9066,2055,reg1,Electricity_net_imports,decommissioning_cost,0.0
9067,2056,reg1,Electricity_net_imports,decommissioning_cost,0.0
9068,2057,reg1,Electricity_net_imports,decommissioning_cost,0.0
9069,2058,reg1,Electricity_net_imports,decommissioning_cost,0.0
9070,2059,reg1,Electricity_net_imports,decommissioning_cost,0.0
9071,2060,reg1,Electricity_net_imports,decommissioning_cost,0.0
9072,2025,reg1,Geo_HP,decommissioning_cost,0.0
9073,2026,reg1,Geo_HP,decommissioning_cost,0.0
9074,2027,reg1,Geo_HP,decommissioning_cost,0.0
9075,2028,reg1,Geo_HP,decommissioning_cost,0.0
9076,2029,reg1,Geo_HP,decommissioning_cost,0.0
9077,2030,reg1,Geo_HP,decommissioning_cost,0.0
9078,2031,reg1,Geo_HP,decommissioning_cost,0.0
9079,2032,reg1,Geo_HP,decommissioning_cost,0.0
9080,2033,reg1,Geo_HP,decommissioning_cost,0.0
9081,2034,reg1,Geo_HP,decommissioning_cost,0.0
9082,2035,reg1,Geo_HP,decommissioning_cost,0.0
9083,2036,reg1,Geo_HP,decommissioning_cost,0.0
9084,2037,reg1,Geo_HP,decommissioning_cost,0.0
9085,2038,reg1,Geo_HP,decommissioning_cost,0.0
9086,2039,reg1,Geo_HP,decommissioning_cost,0.0
9087,2040,reg1,Geo_HP,decommissioning_cost,0.0
9088,2041,reg1,Geo_HP,decommissioning_cost,0.0
9089,2042,reg1,Geo_HP,decommissioning_cost,0.0
9090,2043,reg1,Geo_HP,decommissioning_cost,0.0
9091,2044,reg1,Geo_HP,decommissioning_cost,0.0
9092,2045,reg1,Geo_HP,decommissioning_cost,0.0
9093,2046,reg1,Geo_HP,decommissioning_cost,0.0
9094,2047,reg1,Geo_HP,decommissioning_cost,0.0
9095,2048,reg1,Geo_HP,decommissioning_cost,0.0
9096,2049,reg1,Geo_HP,decommissioning_cost,0.0
9097,2050,reg1,Geo_HP,decommissioning_cost,0.0
9098,2051,reg1,Geo_HP,decommissioning_cost,0.0
9099,2052,reg1,Geo_HP,decommissioning_cost,0.0
9100,2053,reg1,Geo_HP,decommissioning_cost,0.0
9101,2054,reg1,Geo_HP,decommissioning_cost,0.0
9102,2055,reg1,Geo_HP,decommissioning_cost,0.0
9103,2056,reg1,Geo_HP,decommissioning_cost,0.0
9104,2057,reg1,Geo_HP,decommissioning_cost,0.0
9105,2058,reg1,Geo_HP,decommissioning_cost,0.0
9106,2059,reg1,Geo_HP,decommissioning_cost,0.0
9107,2060,reg1,Geo_HP,decommissioning_cost,0.0
9108,2025,reg1,Pump_hydro_ST,decommissioning_cost,0.0
9109,2026,reg1,Pump_hydro_ST,decommissioning_cost,0.0
9110,2027,reg1,Pump_hydro_ST,decommissioning_cost,0.0
9111,2028,reg1,Pump_hydro_ST,decommissioning_cost,0.0
9112,2029,reg1,Pump_hydro_ST,decommissioning_cost,0.0
9113,2030,reg1,Pump_hydro_ST,decommissioning_cost,0.0
9114,2031,reg1,Pump_hydro_ST,decommissioning_cost,0.0
9115,2032,reg1,Pump_hydro_ST,decommissioning_cost,0.0
9116,2033,reg1,Pump_hydro_ST,decommissioning_cost,0.0
9117,2034,reg1,Pump_hydro_ST,decommissioning_cost,0.0
9118,2035,reg1,Pump_hydro_ST,decommissioning_cost,0.0
9119,2036,reg1,Pump_hydro_ST,decommissioning_cost,0.0
9120,2037,reg1,Pump_hydro_ST,decommissioning_cost,0.0
9121,2038,reg1,Pump_hydro_ST,decommissioning_cost,0.0
9122,2039,reg1,Pump_hydro_ST,decommissioning_cost,0.0
9123,2040,reg1,Pump_hydro_ST,decommissioning_cost,0.0
9124,2041,reg1,Pump_hydro_ST,decommissioning_cost,0.0
9125,2042,reg1,Pump_hydro_ST,decommissioning_cost,0.0
9126,2043,reg1,Pump_hydro_ST,decommissioning_cost,0.0
9127,2044,reg1,Pump_hydro_ST,decommissioning_cost,0.0
9128,2045,reg1,Pump_hydro_ST,decommissioning_cost,0.0
9129,2046,reg1,Pump_hydro_ST,decommissioning_cost,0.0
9130,2047,reg1,Pump_hydro_ST,decommissioning_cost,0.0
9131,2048,reg1,Pump_hydro_ST,decommissioning_cost,0.0
9132,2049,reg1,Pump_hydro_ST,decommissioning_cost,0.0
9133,2050,reg1,Pump_hydro_ST,decommissioning_cost,0.0
9134,2051,reg1,Pump_hydro_ST,decommissioning_cost,0.0
9135,2052,reg1,Pump_hydro_ST,decommissioning_cost,0.0
9136,2053,reg1,Pump_hydro_ST,decommissioning_cost,0.0
9137,2054,reg1,Pump_hydro_ST,decommissioning_cost,0.0
9138,2055,reg1,Pump_hydro_ST,decommissioning_cost,0.0
9139,2056,reg1,Pump_hydro_ST,decommissioning_cost,0.0
9140,2057,reg1,Pump_hydro_ST,decommissioning_cost,0.0
9141,2058,reg1,Pump_hydro_ST,decommissioning_cost,0.0
9142,2059,reg1,Pump_hydro_ST,decommissioning_cost,0.0
9143,2060,reg1,Pump_hydro_ST,decommissioning_cost,0.0
9144,2025,reg1,Electrochemical_ST,decommissioning_cost,0.0
9145,2026,reg1,Electrochemical_ST,decommissioning_cost,0.0
9146,2027,reg1,Electrochemical_ST,decommissioning_cost,0.0
9147,2028,reg1,Electrochemical_ST,decommissioning_cost,0.0
9148,2029,reg1,Electrochemical_ST,decommissioning_cost,0.0
9149,2030,reg1,Electrochemical_ST,decommissioning_cost,0.0
9150,2031,reg1,Electrochemical_ST,decommissioning_cost,0.0
9151,2032,reg1,Electrochemical_ST,decommissioning_cost,0.0
9152,2033,reg1,Electrochemical_ST,decommissioning_cost,0.0
9153,2034,reg1,Electrochemical_ST,decommissioning_cost,0.0
9154,2035,reg1,Electrochemical_ST,decommissioning_cost,0.0
9155,2036,reg1,Electrochemical_ST,decommissioning_cost,0.0
9156,2037,reg1,Electrochemical_ST,decommissioning_cost,0.0
9157,2038,reg1,Electrochemical_ST,decommissioning_cost,0.0
9158,2039,reg1,Electrochemical_ST,decommissioning_cost,0.0
9159,2040,reg1,Electrochemical_ST,decommissioning_cost,0.0
9160,2041,reg1,Electrochemical_ST,decommissioning_cost,0.0
9161,2042,reg1,Electrochemical_ST,decommissioning_cost,0.0
9162,2043,reg1,Electrochemical_ST,decommissioning_cost,0.0
9163,2044,reg1,Electrochemical_ST,decommissioning_cost,0.0
9164,2045,reg1,Electrochemical_ST,decommissioning_cost,0.0
9165,2046,reg1,Electrochemical_ST,decommissioning_cost,0.0
9166,2047,reg1,Electrochemical_ST,decommissioning_cost,0.0
9167,2048,reg1,Electrochemical_ST,decommissioning_cost,0.0
9168,2049,reg1,Electrochemical_ST,decommissioning_cost,0.0
9169,2050,reg1,Electrochemical_ST,decommissioning_cost,0.0
9170,2051,reg1,Electrochemical_ST,decommissioning_cost,0.0
9171,2052,reg1,Electrochemical_ST,decommissioning_cost,0.0
9172,2053,reg1,Electrochemical_ST,decommissioning_cost,0.0
9173,2054,reg1,Electrochemical_ST,decommissioning_cost,0.0
9174,2055,reg1,Electrochemical_ST,decommissioning_cost,0.0
9175,2056,reg1,Electrochemical_ST,decommissioning_cost,0.0
9176,2057,reg1,Electrochemical_ST,decommissioning_cost,0.0
9177,2058,reg1,Electrochemical_ST,decommissioning_cost,0.0
9178,2059,reg1,Electrochemical_ST,decommissioning_cost,0.0
9179,2060,reg1,Electrochemical_ST,decommissioning_cost,0.0
9180,2025,reg1,Hydrogen_ST,decommissioning_cost,0.0
9181,2026,reg1,Hydrogen_ST,decommissioning_cost,0.0
9182,2027,reg1,Hydrogen_ST,decommissioning_cost,0.0
9183,2028,reg1,Hydrogen_ST,decommissioning_cost,0.0
9184,2029,reg1,Hydrogen_ST,decommissioning_cost,0.0
9185,2030,reg1,Hydrogen_ST,decommissioning_cost,0.0
9186,2031,reg1,Hydrogen_ST,decommissioning_cost,0.0
9187,2032,reg1,Hydrogen_ST,decommissioning_cost,0.0
9188,2033,reg1,Hydrogen_ST,decommissioning_cost,0.0
9189,2034,reg1,Hydrogen_ST,decommissioning_cost,0.0
9190,2035,reg1,Hydrogen_ST,decommissioning_cost,0.0
9191,2036,reg1,Hydrogen_ST,decommissioning_cost,0.0
9192,2037,reg1,Hydrogen_ST,decommissioning_cost,0.0
9193,2038,reg1,Hydrogen_ST,decommissioning_cost,0.0
9194,2039,reg1,Hydrogen_ST,decommissioning_cost,0.0
9195,2040,reg1,Hydrogen_ST,decommissioning_cost,0.0
9196,2041,reg1,Hydrogen_ST,decommissioning_cost,0.0
9197,2042,reg1,Hydrogen_ST,decommissioning_cost,0.0
9198,2043,reg1,Hydrogen_ST,decommissioning_cost,0.0
9199,2044,reg1,Hydrogen_ST,decommissioning_cost,0.0
9200,2045,reg1,Hydrogen_ST,decommissioning_cost,0.0
9201,2046,reg1,Hydrogen_ST,decommissioning_cost,0.0
9202,2047,reg1,Hydrogen_ST,decommissioning_cost,0.0
9203,2048,reg1,Hydrogen_ST,decommissioning_cost,0.0
9204,2049,reg1,Hydrogen_ST,decommissioning_cost,0.0
9205,2050,reg1,Hydrogen_ST,decommissioning_cost,0.0
9206,2051,reg1,Hydrogen_ST,decommissioning_cost,0.0
9207,2052,reg1,Hydrogen_ST,decommissioning_cost,0.0
9208,2053,reg1,Hydrogen_ST,decommissioning_cost,0.0
9209,2054,reg1,Hydrogen_ST,decommissioning_cost,0.0
9210,2055,reg1,Hydrogen_ST,decommissioning_cost,0.0
9211,2056,reg1,Hydrogen_ST,decommissioning_cost,0.0
9212,2057,reg1,Hydrogen_ST,decommissioning_cost,0.0
9213,2058,reg1,Hydrogen_ST,decommissioning_cost,0.0
9214,2059,reg1,Hydrogen_ST,decommissioning_cost,0.0
9215,2060,reg1,Hydrogen_ST,decommissioning_cost,0.0
9216,2025,reg1,Thermal_ST,decommissioning_cost,0.0
9217,2026,reg1,Thermal_ST,decommissioning_cost,0.0
9218,2027,reg1,Thermal_ST,decommissioning_cost,0.0
9219,2028,reg1,Thermal_ST,decommissioning_cost,0.0
9220,2029,reg1,Thermal_ST,decommissioning_cost,0.0
9221,2030,reg1,Thermal_ST,decommissioning_cost,0.0
9222,2031,reg1,Thermal_ST,decommissioning_cost,0.0
9223,2032,reg1,Thermal_ST,decommissioning_cost,0.0
9224,2033,reg1,Thermal_ST,decommissioning_cost,0.0
9225,2034,reg1,Thermal_ST,decommissioning_cost,0.0
9226,2035,reg1,Thermal_ST,decommissioning_cost,0.0
9227,2036,reg1,Thermal_ST,decommissioning_cost,0.0
9228,2037,reg1,Thermal_ST,decommissioning_cost,0.0
9229,2038,reg1,Thermal_ST,decommissioning_cost,0.0
9230,2039,reg1,Thermal_ST,decommissioning_cost,0.0
9231,2040,reg1,Thermal_ST,decommissioning_cost,0.0
9232,2041,reg1,Thermal_ST,decommissioning_cost,0.0
9233,2042,reg1,Thermal_ST,decommissioning_cost,0.0
9234,2043,reg1,Thermal_ST,decommissioning_cost,0.0
9235,2044,reg1,Thermal_ST,decommissioning_cost,0.0
9236,2045,reg1,Thermal_ST,decommissioning_cost,0.0
9237,2046,reg1,Thermal_ST,decommissioning_cost,0.0
9238,2047,reg1,Thermal_ST,decommissioning_cost,0.0
9239,2048,reg1,Thermal_ST,decommissioning_cost,0.0
9240,2049,reg1,Thermal_ST,decommissioning_cost,0.0
9241,2050,reg1,Thermal_ST,decommissioning_cost,0.0
9242,2051,reg1,Thermal_ST,decommissioning_cost,0.0
9243,2052,reg1,Thermal_ST,decommissioning_cost,0.0
9244,2053,reg1,Thermal_ST,decommissioning_cost,0.0
9245,2054,reg1,Thermal_ST,decommissioning_cost,0.0
9246,2055,reg1,Thermal_ST,decommissioning_cost,0.0
9247,2056,reg1,Thermal_ST,decommissioning_cost,0.0
9248,2057,reg1,Thermal_ST,decommissioning_cost,0.0
9249,2058,reg1,Thermal_ST,decommissioning_cost,0.0
9250,2059,reg1,Thermal_ST,decommissioning_cost,0.0
9251,2060,reg1,Thermal_ST,decommissioning_cost,0.0
9252,2025,reg1,Thermal-H2_ST,decommissioning_cost,0.0
9253,2026,reg1,Thermal-H2_ST,decommissioning_cost,0.0
9254,2027,reg1,Thermal-H2_ST,decommissioning_cost,0.0
9255,2028,reg1,Thermal-H2_ST,decommissioning_cost,0.0
9256,2029,reg1,Thermal-H2_ST,decommissioning_cost,0.0
9257,2030,reg1,Thermal-H2_ST,decommissioning_cost,0.0
9258,2031,reg1,Thermal-H2_ST,decommissioning_cost,0.0
9259,2032,reg1,Thermal-H2_ST,decommissioning_cost,0.0
9260,2033,reg1,Thermal-H2_ST,decommissioning_cost,0.0
9261,2034,reg1,Thermal-H2_ST,decommissioning_cost,0.0
9262,2035,reg1,Thermal-H2_ST,decommissioning_cost,0.0
9263,2036,reg1,Thermal-H2_ST,decommissioning_cost,0.0
9264,2037,reg1,Thermal-H2_ST,decommissioning_cost,0.0
9265,2038,reg1,Thermal-H2_ST,decommissioning_cost,0.0
9266,2039,reg1,Thermal-H2_ST,decommissioning_cost,0.0
9267,2040,reg1,Thermal-H2_ST,decommissioning_cost,0.0
9268,2041,reg1,Thermal-H2_ST,decommissioning_cost,0.0
9269,2042,reg1,Thermal-H2_ST,decommissioning_cost,0.0
9270,2043,reg1,Thermal-H2_ST,decommissioning_cost,0.0
9271,2044,reg1,Thermal-H2_ST,decommissioning_cost,0.0
9272,2045,reg1,Thermal-H2_ST,decommissioning_cost,0.0
9273,2046,reg1,Thermal-H2_ST,decommissioning_cost,0.0
9274,2047,reg1,Thermal-H2_ST,decommissioning_cost,0.0
9275,2048,reg1,Thermal-H2_ST,decommissioning_cost,0.0
9276,2049,reg1,Thermal-H2_ST,decommissioning_cost,0.0
9277,2050,reg1,Thermal-H2_ST,decommissioning_cost,0.0
9278,2051,reg1,Thermal-H2_ST,decommissioning_cost,0.0
9279,2052,reg1,Thermal-H2_ST,decommissioning_cost,0.0
9280,2053,reg1,Thermal-H2_ST,decommissioning_cost,0.0
9281,2054,reg1,Thermal-H2_ST,decommissioning_cost,0.0
9282,2055,reg1,Thermal-H2_ST,decommissioning_cost,0.0
9283,2056,reg1,Thermal-H2_ST,decommissioning_cost,0.0
9284,2057,reg1,Thermal-H2_ST,decommissioning_cost,0.0
9285,2058,reg1,Thermal-H2_ST,decommissioning_cost,0.0
9286,2059,reg1,Thermal-H2_ST,decommissioning_cost,0.0
9287,2060,reg1,Thermal-H2_ST,decommissioning_cost,0.0
9288,2025,reg1,HTHP,decommissioning_cost,0.0
9289,2026,reg1,HTHP,decommissioning_cost,0.0
9290,2027,reg1,HTHP,decommissioning_cost,0.0
9291,2028,reg1,HTHP,decommissioning_cost,0.0
9292,2029,reg1,HTHP,decommissioning_cost,0.0
9293,2030,reg1,HTHP,decommissioning_cost,0.0
9294,2031,reg1,HTHP,decommissioning_cost,0.0
9295,2032,reg1,HTHP,decommissioning_cost,0.0
9296,2033,reg1,HTHP,decommissioning_cost,0.0
9297,2034,reg1,HTHP,decommissioning_cost,0.0
9298,2035,reg1,HTHP,decommissioning_cost,0.0
9299,2036,reg1,HTHP,decommissioning_cost,0.0
9300,2037,reg1,HTHP,decommissioning_cost,0.0
9301,2038,reg1,HTHP,decommissioning_cost,0.0
9302,2039,reg1,HTHP,decommissioning_cost,0.0
9303,2040,reg1,HTHP,decommissioning_cost,0.0
9304,2041,reg1,HTHP,decommissioning_cost,0.0
9305,2042,reg1,HTHP,decommissioning_cost,0.0
9306,2043,reg1,HTHP,decommissioning_cost,0.0
9307,2044,reg1,HTHP,decommissioning_cost,0.0
9308,2045,reg1,HTHP,decommissioning_cost,0.0
9309,2046,reg1,HTHP,decommissioning_cost,0.0
9310,2047,reg1,HTHP,decommissioning_cost,0.0
9311,2048,reg1,HTHP,decommissioning_cost,0.0
9312,2049,reg1,HTHP,decommissioning_cost,0.0
9313,2050,reg1,HTHP,decommissioning_cost,0.0
9314,2051,reg1,HTHP,decommissioning_cost,0.0
9315,2052,reg1,HTHP,decommissioning_cost,0.0
9316,2053,reg1,HTHP,decommissioning_cost,0.0
9317,2054,reg1,HTHP,decommissioning_cost,0.0
9318,2055,reg1,HTHP,decommissioning_cost,0.0
9319,2056,reg1,HTHP,decommissioning_cost,0.0
9320,2057,reg1,HTHP,decommissioning_cost,0.0
9321,2058,reg1,HTHP,decommissioning_cost,0.0
9322,2059,reg1,HTHP,decommissioning_cost,0.0
9323,2060,reg1,HTHP,decommissioning_cost,0.0
9324,2025,reg1,SMR,decommissioning_cost,0.0
9325,2026,reg1,SMR,decommissioning_cost,0.0
9326,2027,reg1,SMR,decommissioning_cost,0.0
9327,2028,reg1,SMR,decommissioning_cost,0.0
9328,2029,reg1,SMR,decommissioning_cost,0.0
9329,2030,reg1,SMR,decommissioning_cost,0.0
9330,2031,reg1,SMR,decommissioning_cost,0.0
9331,2032,reg1,SMR,decommissioning_cost,0.0
9332,2033,reg1,SMR,decommissioning_cost,0.0
9333,2034,reg1,SMR,decommissioning_cost,0.0
9334,2035,reg1,SMR,decommissioning_cost,0.0
9335,2036,reg1,SMR,decommissioning_cost,0.0
9336,2037,reg1,SMR,decommissioning_cost,0.0
9337,2038,reg1,SMR,decommissioning_cost,0.0
9338,2039,reg1,SMR,decommissioning_cost,0.0
9339,2040,reg1,SMR,decommissioning_cost,0.0
9340,2041,reg1,SMR,decommissioning_cost,0.0
9341,2042,reg1,SMR,decommissioning_cost,0.0
9342,2043,reg1,SMR,decommissioning_cost,0.0
9343,2044,reg1,SMR,decommissioning_cost,0.0
9344,2045,reg1,SMR,decommissioning_cost,0.0
9345,2046,reg1,SMR,decommissioning_cost,0.0
9346,2047,reg1,SMR,decommissioning_cost,0.0
9347,2048,reg1,SMR,decommissioning_cost,0.0
9348,2049,reg1,SMR,decommissioning_cost,0.0
9349,2050,reg1,SMR,decommissioning_cost,0.0
9350,2051,reg1,SMR,decommissioning_cost,0.0
9351,2052,reg1,SMR,decommissioning_cost,0.0
9352,2053,reg1,SMR,decommissioning_cost,0.0
9353,2054,reg1,SMR,decommissioning_cost,0.0
9354,2055,reg1,SMR,decommissioning_cost,0.0
9355,2056,reg1,SMR,decommissioning_cost,0.0
9356,2057,reg1,SMR,decommissioning_cost,0.0
9357,2058,reg1,SMR,decommissioning_cost,0.0
9358,2059,reg1,SMR,decommissioning_cost,0.0
9359,2060,reg1,SMR,decommissioning_cost,0.0
9360,2025,reg1,SMR_CCS,decommissioning_cost,0.0
9361,2026,reg1,SMR_CCS,decommissioning_cost,0.0
9362,2027,reg1,SMR_CCS,decommissioning_cost,0.0
9363,2028,reg1,SMR_CCS,decommissioning_cost,0.0
9364,2029,reg1,SMR_CCS,decommissioning_cost,0.0
9365,2030,reg1,SMR_CCS,decommissioning_cost,0.0
9366,2031,reg1,SMR_CCS,decommissioning_cost,0.0
9367,2032,reg1,SMR_CCS,decommissioning_cost,0.0
9368,2033,reg1,SMR_CCS,decommissioning_cost,0.0
9369,2034,reg1,SMR_CCS,decommissioning_cost,0.0
9370,2035,reg1,SMR_CCS,decommissioning_cost,0.0
9371,2036,reg1,SMR_CCS,decommissioning_cost,0.0
9372,2037,reg1,SMR_CCS,decommissioning_cost,0.0
9373,2038,reg1,SMR_CCS,decommissioning_cost,0.0
9374,2039,reg1,SMR_CCS,decommissioning_cost,0.0
9375,2040,reg1,SMR_CCS,decommissioning_cost,0.0
9376,2041,reg1,SMR_CCS,decommissioning_cost,0.0
9377,2042,reg1,SMR_CCS,decommissioning_cost,0.0
9378,2043,reg1,SMR_CCS,decommissioning_cost,0.0
9379,2044,reg1,SMR_CCS,decommissioning_cost,0.0
9380,2045,reg1,SMR_CCS,decommissioning_cost,0.0
9381,2046,reg1,SMR_CCS,decommissioning_cost,0.0
9382,2047,reg1,SMR_CCS,decommissioning_cost,0.0
9383,2048,reg1,SMR_CCS,decommissioning_cost,0.0
9384,2049,reg1,SMR_CCS,decommissioning_cost,0.0
9385,2050,reg1,SMR_CCS,decommissioning_cost,0.0
9386,2051,reg1,SMR_CCS,decommissioning_cost,0.0
9387,2052,reg1,SMR_CCS,decommissioning_cost,0.0
9388,2053,reg1,SMR_CCS,decommissioning_cost,0.0
9389,2054,reg1,SMR_CCS,decommissioning_cost,0.0
9390,2055,reg1,SMR_CCS,decommissioning_cost,0.0
9391,2056,reg1,SMR_CCS,decommissioning_cost,0.0
9392,2057,reg1,SMR_CCS,decommissioning_cost,0.0
9393,2058,reg1,SMR_CCS,decommissioning_cost,0.0
9394,2059,reg1,SMR_CCS,decommissioning_cost,0.0
9395,2060,reg1,SMR_CCS,decommissioning_cost,0.0
9396,2025,reg1,Electrolysis_PEM,decommissioning_cost,0.0
9397,2026,reg1,Electrolysis_PEM,decommissioning_cost,0.0
9398,2027,reg1,Electrolysis_PEM,decommissioning_cost,0.0
9399,2028,reg1,Electrolysis_PEM,decommissioning_cost,0.0
9400,2029,reg1,Electrolysis_PEM,decommissioning_cost,0.0
9401,2030,reg1,Electrolysis_PEM,decommissioning_cost,0.0
9402,2031,reg1,Electrolysis_PEM,decommissioning_cost,0.0
9403,2032,reg1,Electrolysis_PEM,decommissioning_cost,0.0
9404,2033,reg1,Electrolysis_PEM,decommissioning_cost,0.0
9405,2034,reg1,Electrolysis_PEM,decommissioning_cost,0.0
9406,2035,reg1,Electrolysis_PEM,decommissioning_cost,0.0
9407,2036,reg1,Electrolysis_PEM,decommissioning_cost,0.0
9408,2037,reg1,Electrolysis_PEM,decommissioning_cost,0.0
9409,2038,reg1,Electrolysis_PEM,decommissioning_cost,0.0
9410,2039,reg1,Electrolysis_PEM,decommissioning_cost,0.0
9411,2040,reg1,Electrolysis_PEM,decommissioning_cost,0.0
9412,2041,reg1,Electrolysis_PEM,decommissioning_cost,0.0
9413,2042,reg1,Electrolysis_PEM,decommissioning_cost,0.0
9414,2043,reg1,Electrolysis_PEM,decommissioning_cost,0.0
9415,2044,reg1,Electrolysis_PEM,decommissioning_cost,0.0
9416,2045,reg1,Electrolysis_PEM,decommissioning_cost,0.0
9417,2046,reg1,Electrolysis_PEM,decommissioning_cost,0.0
9418,2047,reg1,Electrolysis_PEM,decommissioning_cost,0.0
9419,2048,reg1,Electrolysis_PEM,decommissioning_cost,0.0
9420,2049,reg1,Electrolysis_PEM,decommissioning_cost,0.0
9421,2050,reg1,Electrolysis_PEM,decommissioning_cost,0.0
9422,2051,reg1,Electrolysis_PEM,decommissioning_cost,0.0
9423,2052,reg1,Electrolysis_PEM,decommissioning_cost,0.0
9424,2053,reg1,Electrolysis_PEM,decommissioning_cost,0.0
9425,2054,reg1,Electrolysis_PEM,decommissioning_cost,0.0
9426,2055,reg1,Electrolysis_PEM,decommissioning_cost,0.0
9427,2056,reg1,Electrolysis_PEM,decommissioning_cost,0.0
9428,2057,reg1,Electrolysis_PEM,decommissioning_cost,0.0
9429,2058,reg1,Electrolysis_PEM,decommissioning_cost,0.0
9430,2059,reg1,Electrolysis_PEM,decommissioning_cost,0.0
9431,2060,reg1,Electrolysis_PEM,decommissioning_cost,0.0
9432,2025,reg1,SFF_PP,decommissioning_cost,0.0
9433,2026,reg1,SFF_PP,decommissioning_cost,0.0
9434,2027,reg1,SFF_PP,decommissioning_cost,0.0
9435,2028,reg1,SFF_PP,decommissioning_cost,0.0
9436,2029,reg1,SFF_PP,decommissioning_cost,0.0
9437,2030,reg1,SFF_PP,decommissioning_cost,0.0
9438,2031,reg1,SFF_PP,decommissioning_cost,0.0
9439,2032,reg1,SFF_PP,decommissioning_cost,0.0
9440,2033,reg1,SFF_PP,decommissioning_cost,0.0
9441,2034,reg1,SFF_PP,decommissioning_cost,0.0
9442,2035,reg1,SFF_PP,decommissioning_cost,0.0
9443,2036,reg1,SFF_PP,decommissioning_cost,0.0
9444,2037,reg1,SFF_PP,decommissioning_cost,0.0
9445,2038,reg1,SFF_PP,decommissioning_cost,0.0
9446,2039,reg1,SFF_PP,decommissioning_cost,0.0
9447,2040,reg1,SFF_PP,decommissioning_cost,0.0
9448,2041,reg1,SFF_PP,decommissioning_cost,0.0
9449,2042,reg1,SFF_PP,decommissioning_cost,0.0
9450,2043,reg1,SFF_PP,decommissioning_cost,0.0
9451,2044,reg1,SFF_PP,decommissioning_cost,0.0
9452,2045,reg1,SFF_PP,decommissioning_cost,0.0
9453,2046,reg1,SFF_PP,decommissioning_cost,0.0
9454,2047,reg1,SFF_PP,decommissioning_cost,0.0
9455,2048,reg1,SFF_PP,decommissioning_cost,0.0
9456,2049,reg1,SFF_PP,decommissioning_cost,0.0
9457,2050,reg1,SFF_PP,decommissioning_cost,0.0
9458,2051,reg1,SFF_PP,decommissioning_cost,0.0
9459,2052,reg1,SFF_PP,decommissioning_cost,0.0
9460,2053,reg1,SFF_PP,decommissioning_cost,0.0
9461,2054,reg1,SFF_PP,decommissioning_cost,0.0
9462,2055,reg1,SFF_PP,decommissioning_cost,0.0
9463,2056,reg1,SFF_PP,decommissioning_cost,0.0
9464,2057,reg1,SFF_PP,decommissioning_cost,0.0
9465,2058,reg1,SFF_PP,decommissioning_cost,0.0
9466,2059,reg1,SFF_PP,decommissioning_cost,0.0
9467,2060,reg1,SFF_PP,decommissioning_cost,0.0
9468,2025,reg1,Nuc_SMR_PP,decommissioning_cost,0.0
9469,2026,reg1,Nuc_SMR_PP,decommissioning_cost,0.0
9470,2027,reg1,Nuc_SMR_PP,decommissioning_cost,0.0
9471,2028,reg1,Nuc_SMR_PP,decommissioning_cost,0.0
9472,2029,reg1,Nuc_SMR_PP,decommissioning_cost,0.0
9473,2030,reg1,Nuc_SMR_PP,decommissioning_cost,0.0
9474,2031,reg1,Nuc_SMR_PP,decommissioning_cost,0.0
9475,2032,reg1,Nuc_SMR_PP,decommissioning_cost,0.0
9476,2033,reg1,Nuc_SMR_PP,decommissioning_cost,0.0
9477,2034,reg1,Nuc_SMR_PP,decommissioning_cost,0.0
9478,2035,reg1,Nuc_SMR_PP,decommissioning_cost,0.0
9479,2036,reg1,Nuc_SMR_PP,decommissioning_cost,0.0
9480,2037,reg1,Nuc_SMR_PP,decommissioning_cost,0.0
9481,2038,reg1,Nuc_SMR_PP,decommissioning_cost,0.0
9482,2039,reg1,Nuc_SMR_PP,decommissioning_cost,0.0
9483,2040,reg1,Nuc_SMR_PP,decommissioning_cost,0.0
9484,2041,reg1,Nuc_SMR_PP,decommissioning_cost,0.0
9485,2042,reg1,Nuc_SMR_PP,decommissioning_cost,0.0
9486,2043,reg1,Nuc_SMR_PP,decommissioning_cost,0.0
9487,2044,reg1,Nuc_SMR_PP,decommissioning_cost,0.0
9488,2045,reg1,Nuc_SMR_PP,decommissioning_cost,0.0
9489,2046,reg1,Nuc_SMR_PP,decommissioning_cost,0.0
9490,2047,reg1,Nuc_SMR_PP,decommissioning_cost,0.0
9491,2048,reg1,Nuc_SMR_PP,decommissioning_cost,0.0
9492,2049,reg1,Nuc_SMR_PP,decommissioning_cost,0.0
9493,2050,reg1,Nuc_SMR_PP,decommissioning_cost,0.0
9494,2051,reg1,Nuc_SMR_PP,decommissioning_cost,0.0
9495,2052,reg1,Nuc_SMR_PP,decommissioning_cost,0.0
9496,2053,reg1,Nuc_SMR_PP,decommissioning_cost,0.0
9497,2054,reg1,Nuc_SMR_PP,decommissioning_cost,0.0
9498,2055,reg1,Nuc_SMR_PP,decommissioning_cost,0.0
9499,2056,reg1,Nuc_SMR_PP,decommissioning_cost,0.0
9500,2057,reg1,Nuc_SMR_PP,decommissioning_cost,0.0
9501,2058,reg1,Nuc_SMR_PP,decommissioning_cost,0.0
9502,2059,reg1,Nuc_SMR_PP,decommissioning_cost,0.0
9503,2060,reg1,Nuc_SMR_PP,decommissioning_cost,0.0
9504,2025,reg1,Nuc_G3+_PP,decommissioning_cost,0.0
9505,2026,reg1,Nuc_G3+_PP,decommissioning_cost,0.0
9506,2027,reg1,Nuc_G3+_PP,decommissioning_cost,0.0
9507,2028,reg1,Nuc_G3+_PP,decommissioning_cost,0.0
9508,2029,reg1,Nuc_G3+_PP,decommissioning_cost,0.0
9509,2030,reg1,Nuc_G3+_PP,decommissioning_cost,0.0
9510,2031,reg1,Nuc_G3+_PP,decommissioning_cost,0.0
9511,2032,reg1,Nuc_G3+_PP,decommissioning_cost,0.0
9512,2033,reg1,Nuc_G3+_PP,decommissioning_cost,0.0
9513,2034,reg1,Nuc_G3+_PP,decommissioning_cost,0.0
9514,2035,reg1,Nuc_G3+_PP,decommissioning_cost,0.0
9515,2036,reg1,Nuc_G3+_PP,decommissioning_cost,0.0
9516,2037,reg1,Nuc_G3+_PP,decommissioning_cost,0.0
9517,2038,reg1,Nuc_G3+_PP,decommissioning_cost,0.0
9518,2039,reg1,Nuc_G3+_PP,decommissioning_cost,0.0
9519,2040,reg1,Nuc_G3+_PP,decommissioning_cost,0.0
9520,2041,reg1,Nuc_G3+_PP,decommissioning_cost,0.0
9521,2042,reg1,Nuc_G3+_PP,decommissioning_cost,0.0
9522,2043,reg1,Nuc_G3+_PP,decommissioning_cost,0.0
9523,2044,reg1,Nuc_G3+_PP,decommissioning_cost,0.0
9524,2045,reg1,Nuc_G3+_PP,decommissioning_cost,0.0
9525,2046,reg1,Nuc_G3+_PP,decommissioning_cost,0.0
9526,2047,reg1,Nuc_G3+_PP,decommissioning_cost,0.0
9527,2048,reg1,Nuc_G3+_PP,decommissioning_cost,0.0
9528,2049,reg1,Nuc_G3+_PP,decommissioning_cost,0.0
9529,2050,reg1,Nuc_G3+_PP,decommissioning_cost,0.0
9530,2051,reg1,Nuc_G3+_PP,decommissioning_cost,0.0
9531,2052,reg1,Nuc_G3+_PP,decommissioning_cost,0.0
9532,2053,reg1,Nuc_G3+_PP,decommissioning_cost,0.0
9533,2054,reg1,Nuc_G3+_PP,decommissioning_cost,0.0
9534,2055,reg1,Nuc_G3+_PP,decommissioning_cost,0.0
9535,2056,reg1,Nuc_G3+_PP,decommissioning_cost,0.0
9536,2057,reg1,Nuc_G3+_PP,decommissioning_cost,0.0
9537,2058,reg1,Nuc_G3+_PP,decommissioning_cost,0.0
9538,2059,reg1,Nuc_G3+_PP,decommissioning_cost,0.0
9539,2060,reg1,Nuc_G3+_PP,decommissioning_cost,0.0
9540,2025,reg1,Nuc_SMR_CHP,decommissioning_cost,0.0
9541,2026,reg1,Nuc_SMR_CHP,decommissioning_cost,0.0
9542,2027,reg1,Nuc_SMR_CHP,decommissioning_cost,0.0
9543,2028,reg1,Nuc_SMR_CHP,decommissioning_cost,0.0
9544,2029,reg1,Nuc_SMR_CHP,decommissioning_cost,0.0
9545,2030,reg1,Nuc_SMR_CHP,decommissioning_cost,0.0
9546,2031,reg1,Nuc_SMR_CHP,decommissioning_cost,0.0
9547,2032,reg1,Nuc_SMR_CHP,decommissioning_cost,0.0
9548,2033,reg1,Nuc_SMR_CHP,decommissioning_cost,0.0
9549,2034,reg1,Nuc_SMR_CHP,decommissioning_cost,0.0
9550,2035,reg1,Nuc_SMR_CHP,decommissioning_cost,0.0
9551,2036,reg1,Nuc_SMR_CHP,decommissioning_cost,0.0
9552,2037,reg1,Nuc_SMR_CHP,decommissioning_cost,0.0
9553,2038,reg1,Nuc_SMR_CHP,decommissioning_cost,0.0
9554,2039,reg1,Nuc_SMR_CHP,decommissioning_cost,0.0
9555,2040,reg1,Nuc_SMR_CHP,decommissioning_cost,0.0
9556,2041,reg1,Nuc_SMR_CHP,decommissioning_cost,0.0
9557,2042,reg1,Nuc_SMR_CHP,decommissioning_cost,0.0
9558,2043,reg1,Nuc_SMR_CHP,decommissioning_cost,0.0
9559,2044,reg1,Nuc_SMR_CHP,decommissioning_cost,0.0
9560,2045,reg1,Nuc_SMR_CHP,decommissioning_cost,0.0
9561,2046,reg1,Nuc_SMR_CHP,decommissioning_cost,0.0
9562,2047,reg1,Nuc_SMR_CHP,decommissioning_cost,0.0
9563,2048,reg1,Nuc_SMR_CHP,decommissioning_cost,0.0
9564,2049,reg1,Nuc_SMR_CHP,decommissioning_cost,0.0
9565,2050,reg1,Nuc_SMR_CHP,decommissioning_cost,0.0
9566,2051,reg1,Nuc_SMR_CHP,decommissioning_cost,0.0
9567,2052,reg1,Nuc_SMR_CHP,decommissioning_cost,0.0
9568,2053,reg1,Nuc_SMR_CHP,decommissioning_cost,0.0
9569,2054,reg1,Nuc_SMR_CHP,decommissioning_cost,0.0
9570,2055,reg1,Nuc_SMR_CHP,decommissioning_cost,0.0
9571,2056,reg1,Nuc_SMR_CHP,decommissioning_cost,0.0
9572,2057,reg1,Nuc_SMR_CHP,decommissioning_cost,0.0
9573,2058,reg1,Nuc_SMR_CHP,decommissioning_cost,0.0
9574,2059,reg1,Nuc_SMR_CHP,decommissioning_cost,0.0
9575,2060,reg1,Nuc_SMR_CHP,decommissioning_cost,0.0
9576,2025,reg1,Nuc_SMR_Power-CHP,decommissioning_cost,0.0
9577,2026,reg1,Nuc_SMR_Power-CHP,decommissioning_cost,0.0
9578,2027,reg1,Nuc_SMR_Power-CHP,decommissioning_cost,0.0
9579,2028,reg1,Nuc_SMR_Power-CHP,decommissioning_cost,0.0
9580,2029,reg1,Nuc_SMR_Power-CHP,decommissioning_cost,0.0
9581,2030,reg1,Nuc_SMR_Power-CHP,decommissioning_cost,0.0
9582,2031,reg1,Nuc_SMR_Power-CHP,decommissioning_cost,0.0
9583,2032,reg1,Nuc_SMR_Power-CHP,decommissioning_cost,0.0
9584,2033,reg1,Nuc_SMR_Power-CHP,decommissioning_cost,0.0
9585,2034,reg1,Nuc_SMR_Power-CHP,decommissioning_cost,0.0
9586,2035,reg1,Nuc_SMR_Power-CHP,decommissioning_cost,0.0
9587,2036,reg1,Nuc_SMR_Power-CHP,decommissioning_cost,0.0
9588,2037,reg1,Nuc_SMR_Power-CHP,decommissioning_cost,0.0
9589,2038,reg1,Nuc_SMR_Power-CHP,decommissioning_cost,0.0
9590,2039,reg1,Nuc_SMR_Power-CHP,decommissioning_cost,0.0
9591,2040,reg1,Nuc_SMR_Power-CHP,decommissioning_cost,0.0
9592,2041,reg1,Nuc_SMR_Power-CHP,decommissioning_cost,0.0
9593,2042,reg1,Nuc_SMR_Power-CHP,decommissioning_cost,0.0
9594,2043,reg1,Nuc_SMR_Power-CHP,decommissioning_cost,0.0
9595,2044,reg1,Nuc_SMR_Power-CHP,decommissioning_cost,0.0
9596,2045,reg1,Nuc_SMR_Power-CHP,decommissioning_cost,0.0
9597,2046,reg1,Nuc_SMR_Power-CHP,decommissioning_cost,0.0
9598,2047,reg1,Nuc_SMR_Power-CHP,decommissioning_cost,0.0
9599,2048,reg1,Nuc_SMR_Power-CHP,decommissioning_cost,0.0
9600,2049,reg1,Nuc_SMR_Power-CHP,decommissioning_cost,0.0
9601,2050,reg1,Nuc_SMR_Power-CHP,decommissioning_cost,0.0
9602,2051,reg1,Nuc_SMR_Power-CHP,decommissioning_cost,0.0
9603,2052,reg1,Nuc_SMR_Power-CHP,decommissioning_cost,0.0
9604,2053,reg1,Nuc_SMR_Power-CHP,decommissioning_cost,0.0
9605,2054,reg1,Nuc_SMR_Power-CHP,decommissioning_cost,0.0
9606,2055,reg1,Nuc_SMR_Power-CHP,decommissioning_cost,0.0
9607,2056,reg1,Nuc_SMR_Power-CHP,decommissioning_cost,0.0
9608,2057,reg1,Nuc_SMR_Power-CHP,decommissioning_cost,0.0
9609,2058,reg1,Nuc_SMR_Power-CHP,decommissioning_cost,0.0
9610,2059,reg1,Nuc_SMR_Power-CHP,decommissioning_cost,0.0
9611,2060,reg1,Nuc_SMR_Power-CHP,decommissioning_cost,0.0
9612,2025,reg1,Nuc_SMR_Heat-CHP,decommissioning_cost,0.0
9613,2026,reg1,Nuc_SMR_Heat-CHP,decommissioning_cost,0.0
9614,2027,reg1,Nuc_SMR_Heat-CHP,decommissioning_cost,0.0
9615,2028,reg1,Nuc_SMR_Heat-CHP,decommissioning_cost,0.0
9616,2029,reg1,Nuc_SMR_Heat-CHP,decommissioning_cost,0.0
9617,2030,reg1,Nuc_SMR_Heat-CHP,decommissioning_cost,0.0
9618,2031,reg1,Nuc_SMR_Heat-CHP,decommissioning_cost,0.0
9619,2032,reg1,Nuc_SMR_Heat-CHP,decommissioning_cost,0.0
9620,2033,reg1,Nuc_SMR_Heat-CHP,decommissioning_cost,0.0
9621,2034,reg1,Nuc_SMR_Heat-CHP,decommissioning_cost,0.0
9622,2035,reg1,Nuc_SMR_Heat-CHP,decommissioning_cost,0.0
9623,2036,reg1,Nuc_SMR_Heat-CHP,decommissioning_cost,0.0
9624,2037,reg1,Nuc_SMR_Heat-CHP,decommissioning_cost,0.0
9625,2038,reg1,Nuc_SMR_Heat-CHP,decommissioning_cost,0.0
9626,2039,reg1,Nuc_SMR_Heat-CHP,decommissioning_cost,0.0
9627,2040,reg1,Nuc_SMR_Heat-CHP,decommissioning_cost,0.0
9628,2041,reg1,Nuc_SMR_Heat-CHP,decommissioning_cost,0.0
9629,2042,reg1,Nuc_SMR_Heat-CHP,decommissioning_cost,0.0
9630,2043,reg1,Nuc_SMR_Heat-CHP,decommissioning_cost,0.0
9631,2044,reg1,Nuc_SMR_Heat-CHP,decommissioning_cost,0.0
9632,2045,reg1,Nuc_SMR_Heat-CHP,decommissioning_cost,0.0
9633,2046,reg1,Nuc_SMR_Heat-CHP,decommissioning_cost,0.0
9634,2047,reg1,Nuc_SMR_Heat-CHP,decommissioning_cost,0.0
9635,2048,reg1,Nuc_SMR_Heat-CHP,decommissioning_cost,0.0
9636,2049,reg1,Nuc_SMR_Heat-CHP,decommissioning_cost,0.0
9637,2050,reg1,Nuc_SMR_Heat-CHP,decommissioning_cost,0.0
9638,2051,reg1,Nuc_SMR_Heat-CHP,decommissioning_cost,0.0
9639,2052,reg1,Nuc_SMR_Heat-CHP,decommissioning_cost,0.0
9640,2053,reg1,Nuc_SMR_Heat-CHP,decommissioning_cost,0.0
9641,2054,reg1,Nuc_SMR_Heat-CHP,decommissioning_cost,0.0
9642,2055,reg1,Nuc_SMR_Heat-CHP,decommissioning_cost,0.0
9643,2056,reg1,Nuc_SMR_Heat-CHP,decommissioning_cost,0.0
9644,2057,reg1,Nuc_SMR_Heat-CHP,decommissioning_cost,0.0
9645,2058,reg1,Nuc_SMR_Heat-CHP,decommissioning_cost,0.0
9646,2059,reg1,Nuc_SMR_Heat-CHP,decommissioning_cost,0.0
9647,2060,reg1,Nuc_SMR_Heat-CHP,decommissioning_cost,0.0
9648,2025,reg1,Nuc_SMR-H2_CHP,decommissioning_cost,0.0
9649,2026,reg1,Nuc_SMR-H2_CHP,decommissioning_cost,0.0
9650,2027,reg1,Nuc_SMR-H2_CHP,decommissioning_cost,0.0
9651,2028,reg1,Nuc_SMR-H2_CHP,decommissioning_cost,0.0
9652,2029,reg1,Nuc_SMR-H2_CHP,decommissioning_cost,0.0
9653,2030,reg1,Nuc_SMR-H2_CHP,decommissioning_cost,0.0
9654,2031,reg1,Nuc_SMR-H2_CHP,decommissioning_cost,0.0
9655,2032,reg1,Nuc_SMR-H2_CHP,decommissioning_cost,0.0
9656,2033,reg1,Nuc_SMR-H2_CHP,decommissioning_cost,0.0
9657,2034,reg1,Nuc_SMR-H2_CHP,decommissioning_cost,0.0
9658,2035,reg1,Nuc_SMR-H2_CHP,decommissioning_cost,0.0
9659,2036,reg1,Nuc_SMR-H2_CHP,decommissioning_cost,0.0
9660,2037,reg1,Nuc_SMR-H2_CHP,decommissioning_cost,0.0
9661,2038,reg1,Nuc_SMR-H2_CHP,decommissioning_cost,0.0
9662,2039,reg1,Nuc_SMR-H2_CHP,decommissioning_cost,0.0
9663,2040,reg1,Nuc_SMR-H2_CHP,decommissioning_cost,0.0
9664,2041,reg1,Nuc_SMR-H2_CHP,decommissioning_cost,0.0
9665,2042,reg1,Nuc_SMR-H2_CHP,decommissioning_cost,0.0
9666,2043,reg1,Nuc_SMR-H2_CHP,decommissioning_cost,0.0
9667,2044,reg1,Nuc_SMR-H2_CHP,decommissioning_cost,0.0
9668,2045,reg1,Nuc_SMR-H2_CHP,decommissioning_cost,0.0
9669,2046,reg1,Nuc_SMR-H2_CHP,decommissioning_cost,0.0
9670,2047,reg1,Nuc_SMR-H2_CHP,decommissioning_cost,0.0
9671,2048,reg1,Nuc_SMR-H2_CHP,decommissioning_cost,0.0
9672,2049,reg1,Nuc_SMR-H2_CHP,decommissioning_cost,0.0
9673,2050,reg1,Nuc_SMR-H2_CHP,decommissioning_cost,0.0
9674,2051,reg1,Nuc_SMR-H2_CHP,decommissioning_cost,0.0
9675,2052,reg1,Nuc_SMR-H2_CHP,decommissioning_cost,0.0
9676,2053,reg1,Nuc_SMR-H2_CHP,decommissioning_cost,0.0
9677,2054,reg1,Nuc_SMR-H2_CHP,decommissioning_cost,0.0
9678,2055,reg1,Nuc_SMR-H2_CHP,decommissioning_cost,0.0
9679,2056,reg1,Nuc_SMR-H2_CHP,decommissioning_cost,0.0
9680,2057,reg1,Nuc_SMR-H2_CHP,decommissioning_cost,0.0
9681,2058,reg1,Nuc_SMR-H2_CHP,decommissioning_cost,0.0
9682,2059,reg1,Nuc_SMR-H2_CHP,decommissioning_cost,0.0
9683,2060,reg1,Nuc_SMR-H2_CHP,decommissioning_cost,0.0
9684,2025,reg1,Nuc_SMR-H2_Power-CHP,decommissioning_cost,0.0
9685,2026,reg1,Nuc_SMR-H2_Power-CHP,decommissioning_cost,0.0
9686,2027,reg1,Nuc_SMR-H2_Power-CHP,decommissioning_cost,0.0
9687,2028,reg1,Nuc_SMR-H2_Power-CHP,decommissioning_cost,0.0
9688,2029,reg1,Nuc_SMR-H2_Power-CHP,decommissioning_cost,0.0
9689,2030,reg1,Nuc_SMR-H2_Power-CHP,decommissioning_cost,0.0
9690,2031,reg1,Nuc_SMR-H2_Power-CHP,decommissioning_cost,0.0
9691,2032,reg1,Nuc_SMR-H2_Power-CHP,decommissioning_cost,0.0
9692,2033,reg1,Nuc_SMR-H2_Power-CHP,decommissioning_cost,0.0
9693,2034,reg1,Nuc_SMR-H2_Power-CHP,decommissioning_cost,0.0
9694,2035,reg1,Nuc_SMR-H2_Power-CHP,decommissioning_cost,0.0
9695,2036,reg1,Nuc_SMR-H2_Power-CHP,decommissioning_cost,0.0
9696,2037,reg1,Nuc_SMR-H2_Power-CHP,decommissioning_cost,0.0
9697,2038,reg1,Nuc_SMR-H2_Power-CHP,decommissioning_cost,0.0
9698,2039,reg1,Nuc_SMR-H2_Power-CHP,decommissioning_cost,0.0
9699,2040,reg1,Nuc_SMR-H2_Power-CHP,decommissioning_cost,0.0
9700,2041,reg1,Nuc_SMR-H2_Power-CHP,decommissioning_cost,0.0
9701,2042,reg1,Nuc_SMR-H2_Power-CHP,decommissioning_cost,0.0
9702,2043,reg1,Nuc_SMR-H2_Power-CHP,decommissioning_cost,0.0
9703,2044,reg1,Nuc_SMR-H2_Power-CHP,decommissioning_cost,0.0
9704,2045,reg1,Nuc_SMR-H2_Power-CHP,decommissioning_cost,0.0
9705,2046,reg1,Nuc_SMR-H2_Power-CHP,decommissioning_cost,0.0
9706,2047,reg1,Nuc_SMR-H2_Power-CHP,decommissioning_cost,0.0
9707,2048,reg1,Nuc_SMR-H2_Power-CHP,decommissioning_cost,0.0
9708,2049,reg1,Nuc_SMR-H2_Power-CHP,decommissioning_cost,0.0
9709,2050,reg1,Nuc_SMR-H2_Power-CHP,decommissioning_cost,0.0
9710,2051,reg1,Nuc_SMR-H2_Power-CHP,decommissioning_cost,0.0
9711,2052,reg1,Nuc_SMR-H2_Power-CHP,decommissioning_cost,0.0
9712,2053,reg1,Nuc_SMR-H2_Power-CHP,decommissioning_cost,0.0
9713,2054,reg1,Nuc_SMR-H2_Power-CHP,decommissioning_cost,0.0
9714,2055,reg1,Nuc_SMR-H2_Power-CHP,decommissioning_cost,0.0
9715,2056,reg1,Nuc_SMR-H2_Power-CHP,decommissioning_cost,0.0
9716,2057,reg1,Nuc_SMR-H2_Power-CHP,decommissioning_cost,0.0
9717,2058,reg1,Nuc_SMR-H2_Power-CHP,decommissioning_cost,0.0
9718,2059,reg1,Nuc_SMR-H2_Power-CHP,decommissioning_cost,0.0
9719,2060,reg1,Nuc_SMR-H2_Power-CHP,decommissioning_cost,0.0
9720,2025,reg1,Nuc_SMR-H2_Heat-CHP,decommissioning_cost,0.0
9721,2026,reg1,Nuc_SMR-H2_Heat-CHP,decommissioning_cost,0.0
9722,2027,reg1,Nuc_SMR-H2_Heat-CHP,decommissioning_cost,0.0
9723,2028,reg1,Nuc_SMR-H2_Heat-CHP,decommissioning_cost,0.0
9724,2029,reg1,Nuc_SMR-H2_Heat-CHP,decommissioning_cost,0.0
9725,2030,reg1,Nuc_SMR-H2_Heat-CHP,decommissioning_cost,0.0
9726,2031,reg1,Nuc_SMR-H2_Heat-CHP,decommissioning_cost,0.0
9727,2032,reg1,Nuc_SMR-H2_Heat-CHP,decommissioning_cost,0.0
9728,2033,reg1,Nuc_SMR-H2_Heat-CHP,decommissioning_cost,0.0
9729,2034,reg1,Nuc_SMR-H2_Heat-CHP,decommissioning_cost,0.0
9730,2035,reg1,Nuc_SMR-H2_Heat-CHP,decommissioning_cost,0.0
9731,2036,reg1,Nuc_SMR-H2_Heat-CHP,decommissioning_cost,0.0
9732,2037,reg1,Nuc_SMR-H2_Heat-CHP,decommissioning_cost,0.0
9733,2038,reg1,Nuc_SMR-H2_Heat-CHP,decommissioning_cost,0.0
9734,2039,reg1,Nuc_SMR-H2_Heat-CHP,decommissioning_cost,0.0
9735,2040,reg1,Nuc_SMR-H2_Heat-CHP,decommissioning_cost,0.0
9736,2041,reg1,Nuc_SMR-H2_Heat-CHP,decommissioning_cost,0.0
9737,2042,reg1,Nuc_SMR-H2_Heat-CHP,decommissioning_cost,0.0
9738,2043,reg1,Nuc_SMR-H2_Heat-CHP,decommissioning_cost,0.0
9739,2044,reg1,Nuc_SMR-H2_Heat-CHP,decommissioning_cost,0.0
9740,2045,reg1,Nuc_SMR-H2_Heat-CHP,decommissioning_cost,0.0
9741,2046,reg1,Nuc_SMR-H2_Heat-CHP,decommissioning_cost,0.0
9742,2047,reg1,Nuc_SMR-H2_Heat-CHP,decommissioning_cost,0.0
9743,2048,reg1,Nuc_SMR-H2_Heat-CHP,decommissioning_cost,0.0
9744,2049,reg1,Nuc_SMR-H2_Heat-CHP,decommissioning_cost,0.0
9745,2050,reg1,Nuc_SMR-H2_Heat-CHP,decommissioning_cost,0.0
9746,2051,reg1,Nuc_SMR-H2_Heat-CHP,decommissioning_cost,0.0
9747,2052,reg1,Nuc_SMR-H2_Heat-CHP,decommissioning_cost,0.0
9748,2053,reg1,Nuc_SMR-H2_Heat-CHP,decommissioning_cost,0.0
9749,2054,reg1,Nuc_SMR-H2_Heat-CHP,decommissioning_cost,0.0
9750,2055,reg1,Nuc_SMR-H2_Heat-CHP,decommissioning_cost,0.0
9751,2056,reg1,Nuc_SMR-H2_Heat-CHP,decommissioning_cost,0.0
9752,2057,reg1,Nuc_SMR-H2_Heat-CHP,decommissioning_cost,0.0
9753,2058,reg1,Nuc_SMR-H2_Heat-CHP,decommissioning_cost,0.0
9754,2059,reg1,Nuc_SMR-H2_Heat-CHP,decommissioning_cost,0.0
9755,2060,reg1,Nuc_SMR-H2_Heat-CHP,decommissioning_cost,0.0
9756,2025,reg1,NGCC-CCS_CHP,decommissioning_cost,0.0
9757,2026,reg1,NGCC-CCS_CHP,decommissioning_cost,0.0
9758,2027,reg1,NGCC-CCS_CHP,decommissioning_cost,0.0
9759,2028,reg1,NGCC-CCS_CHP,decommissioning_cost,0.0
9760,2029,reg1,NGCC-CCS_CHP,decommissioning_cost,0.0
9761,2030,reg1,NGCC-CCS_CHP,decommissioning_cost,0.0
9762,2031,reg1,NGCC-CCS_CHP,decommissioning_cost,0.0
9763,2032,reg1,NGCC-CCS_CHP,decommissioning_cost,0.0
9764,2033,reg1,NGCC-CCS_CHP,decommissioning_cost,0.0
9765,2034,reg1,NGCC-CCS_CHP,decommissioning_cost,0.0
9766,2035,reg1,NGCC-CCS_CHP,decommissioning_cost,0.0
9767,2036,reg1,NGCC-CCS_CHP,decommissioning_cost,0.0
9768,2037,reg1,NGCC-CCS_CHP,decommissioning_cost,0.0
9769,2038,reg1,NGCC-CCS_CHP,decommissioning_cost,0.0
9770,2039,reg1,NGCC-CCS_CHP,decommissioning_cost,0.0
9771,2040,reg1,NGCC-CCS_CHP,decommissioning_cost,0.0
9772,2041,reg1,NGCC-CCS_CHP,decommissioning_cost,0.0
9773,2042,reg1,NGCC-CCS_CHP,decommissioning_cost,0.0
9774,2043,reg1,NGCC-CCS_CHP,decommissioning_cost,0.0
9775,2044,reg1,NGCC-CCS_CHP,decommissioning_cost,0.0
9776,2045,reg1,NGCC-CCS_CHP,decommissioning_cost,0.0
9777,2046,reg1,NGCC-CCS_CHP,decommissioning_cost,0.0
9778,2047,reg1,NGCC-CCS_CHP,decommissioning_cost,0.0
9779,2048,reg1,NGCC-CCS_CHP,decommissioning_cost,0.0
9780,2049,reg1,NGCC-CCS_CHP,decommissioning_cost,0.0
9781,2050,reg1,NGCC-CCS_CHP,decommissioning_cost,0.0
9782,2051,reg1,NGCC-CCS_CHP,decommissioning_cost,0.0
9783,2052,reg1,NGCC-CCS_CHP,decommissioning_cost,0.0
9784,2053,reg1,NGCC-CCS_CHP,decommissioning_cost,0.0
9785,2054,reg1,NGCC-CCS_CHP,decommissioning_cost,0.0
9786,2055,reg1,NGCC-CCS_CHP,decommissioning_cost,0.0
9787,2056,reg1,NGCC-CCS_CHP,decommissioning_cost,0.0
9788,2057,reg1,NGCC-CCS_CHP,decommissioning_cost,0.0
9789,2058,reg1,NGCC-CCS_CHP,decommissioning_cost,0.0
9790,2059,reg1,NGCC-CCS_CHP,decommissioning_cost,0.0
9791,2060,reg1,NGCC-CCS_CHP,decommissioning_cost,0.0
9792,2025,reg1,NGCC-CCS_Power-CHP,decommissioning_cost,0.0
9793,2026,reg1,NGCC-CCS_Power-CHP,decommissioning_cost,0.0
9794,2027,reg1,NGCC-CCS_Power-CHP,decommissioning_cost,0.0
9795,2028,reg1,NGCC-CCS_Power-CHP,decommissioning_cost,0.0
9796,2029,reg1,NGCC-CCS_Power-CHP,decommissioning_cost,0.0
9797,2030,reg1,NGCC-CCS_Power-CHP,decommissioning_cost,0.0
9798,2031,reg1,NGCC-CCS_Power-CHP,decommissioning_cost,0.0
9799,2032,reg1,NGCC-CCS_Power-CHP,decommissioning_cost,0.0
9800,2033,reg1,NGCC-CCS_Power-CHP,decommissioning_cost,0.0
9801,2034,reg1,NGCC-CCS_Power-CHP,decommissioning_cost,0.0
9802,2035,reg1,NGCC-CCS_Power-CHP,decommissioning_cost,0.0
9803,2036,reg1,NGCC-CCS_Power-CHP,decommissioning_cost,0.0
9804,2037,reg1,NGCC-CCS_Power-CHP,decommissioning_cost,0.0
9805,2038,reg1,NGCC-CCS_Power-CHP,decommissioning_cost,0.0
9806,2039,reg1,NGCC-CCS_Power-CHP,decommissioning_cost,0.0
9807,2040,reg1,NGCC-CCS_Power-CHP,decommissioning_cost,0.0
9808,2041,reg1,NGCC-CCS_Power-CHP,decommissioning_cost,0.0
9809,2042,reg1,NGCC-CCS_Power-CHP,decommissioning_cost,0.0
9810,2043,reg1,NGCC-CCS_Power-CHP,decommissioning_cost,0.0
9811,2044,reg1,NGCC-CCS_Power-CHP,decommissioning_cost,0.0
9812,2045,reg1,NGCC-CCS_Power-CHP,decommissioning_cost,0.0
9813,2046,reg1,NGCC-CCS_Power-CHP,decommissioning_cost,0.0
9814,2047,reg1,NGCC-CCS_Power-CHP,decommissioning_cost,0.0
9815,2048,reg1,NGCC-CCS_Power-CHP,decommissioning_cost,0.0
9816,2049,reg1,NGCC-CCS_Power-CHP,decommissioning_cost,0.0
9817,2050,reg1,NGCC-CCS_Power-CHP,decommissioning_cost,0.0
9818,2051,reg1,NGCC-CCS_Power-CHP,decommissioning_cost,0.0
9819,2052,reg1,NGCC-CCS_Power-CHP,decommissioning_cost,0.0
9820,2053,reg1,NGCC-CCS_Power-CHP,decommissioning_cost,0.0
9821,2054,reg1,NGCC-CCS_Power-CHP,decommissioning_cost,0.0
9822,2055,reg1,NGCC-CCS_Power-CHP,decommissioning_cost,0.0
9823,2056,reg1,NGCC-CCS_Power-CHP,decommissioning_cost,0.0
9824,2057,reg1,NGCC-CCS_Power-CHP,decommissioning_cost,0.0
9825,2058,reg1,NGCC-CCS_Power-CHP,decommissioning_cost,0.0
9826,2059,reg1,NGCC-CCS_Power-CHP,decommissioning_cost,0.0
9827,2060,reg1,NGCC-CCS_Power-CHP,decommissioning_cost,0.0
9828,2025,reg1,NGCC-CCS_Heat-CHP,decommissioning_cost,0.0
9829,2026,reg1,NGCC-CCS_Heat-CHP,decommissioning_cost,0.0
9830,2027,reg1,NGCC-CCS_Heat-CHP,decommissioning_cost,0.0
9831,2028,reg1,NGCC-CCS_Heat-CHP,decommissioning_cost,0.0
9832,2029,reg1,NGCC-CCS_Heat-CHP,decommissioning_cost,0.0
9833,2030,reg1,NGCC-CCS_Heat-CHP,decommissioning_cost,0.0
9834,2031,reg1,NGCC-CCS_Heat-CHP,decommissioning_cost,0.0
9835,2032,reg1,NGCC-CCS_Heat-CHP,decommissioning_cost,0.0
9836,2033,reg1,NGCC-CCS_Heat-CHP,decommissioning_cost,0.0
9837,2034,reg1,NGCC-CCS_Heat-CHP,decommissioning_cost,0.0
9838,2035,reg1,NGCC-CCS_Heat-CHP,decommissioning_cost,0.0
9839,2036,reg1,NGCC-CCS_Heat-CHP,decommissioning_cost,0.0
9840,2037,reg1,NGCC-CCS_Heat-CHP,decommissioning_cost,0.0
9841,2038,reg1,NGCC-CCS_Heat-CHP,decommissioning_cost,0.0
9842,2039,reg1,NGCC-CCS_Heat-CHP,decommissioning_cost,0.0
9843,2040,reg1,NGCC-CCS_Heat-CHP,decommissioning_cost,0.0
9844,2041,reg1,NGCC-CCS_Heat-CHP,decommissioning_cost,0.0
9845,2042,reg1,NGCC-CCS_Heat-CHP,decommissioning_cost,0.0
9846,2043,reg1,NGCC-CCS_Heat-CHP,decommissioning_cost,0.0
9847,2044,reg1,NGCC-CCS_Heat-CHP,decommissioning_cost,0.0
9848,2045,reg1,NGCC-CCS_Heat-CHP,decommissioning_cost,0.0
9849,2046,reg1,NGCC-CCS_Heat-CHP,decommissioning_cost,0.0
9850,2047,reg1,NGCC-CCS_Heat-CHP,decommissioning_cost,0.0
9851,2048,reg1,NGCC-CCS_Heat-CHP,decommissioning_cost,0.0
9852,2049,reg1,NGCC-CCS_Heat-CHP,decommissioning_cost,0.0
9853,2050,reg1,NGCC-CCS_Heat-CHP,decommissioning_cost,0.0
9854,2051,reg1,NGCC-CCS_Heat-CHP,decommissioning_cost,0.0
9855,2052,reg1,NGCC-CCS_Heat-CHP,decommissioning_cost,0.0
9856,2053,reg1,NGCC-CCS_Heat-CHP,decommissioning_cost,0.0
9857,2054,reg1,NGCC-CCS_Heat-CHP,decommissioning_cost,0.0
9858,2055,reg1,NGCC-CCS_Heat-CHP,decommissioning_cost,0.0
9859,2056,reg1,NGCC-CCS_Heat-CHP,decommissioning_cost,0.0
9860,2057,reg1,NGCC-CCS_Heat-CHP,decommissioning_cost,0.0
9861,2058,reg1,NGCC-CCS_Heat-CHP,decommissioning_cost,0.0
9862,2059,reg1,NGCC-CCS_Heat-CHP,decommissioning_cost,0.0
9863,2060,reg1,NGCC-CCS_Heat-CHP,decommissioning_cost,0.0
9864,2025,reg1,NG_PP,decommissioning_cost,0.0
9865,2026,reg1,NG_PP,decommissioning_cost,0.0
9866,2027,reg1,NG_PP,decommissioning_cost,0.0
9867,2028,reg1,NG_PP,decommissioning_cost,0.0
9868,2029,reg1,NG_PP,decommissioning_cost,0.0
9869,2030,reg1,NG_PP,decommissioning_cost,0.0
9870,2031,reg1,NG_PP,decommissioning_cost,0.0
9871,2032,reg1,NG_PP,decommissioning_cost,0.0
9872,2033,reg1,NG_PP,decommissioning_cost,0.0
9873,2034,reg1,NG_PP,decommissioning_cost,0.0
9874,2035,reg1,NG_PP,decommissioning_cost,0.0
9875,2036,reg1,NG_PP,decommissioning_cost,0.0
9876,2037,reg1,NG_PP,decommissioning_cost,0.0
9877,2038,reg1,NG_PP,decommissioning_cost,0.0
9878,2039,reg1,NG_PP,decommissioning_cost,0.0
9879,2040,reg1,NG_PP,decommissioning_cost,0.0
9880,2041,reg1,NG_PP,decommissioning_cost,0.0
9881,2042,reg1,NG_PP,decommissioning_cost,0.0
9882,2043,reg1,NG_PP,decommissioning_cost,0.0
9883,2044,reg1,NG_PP,decommissioning_cost,0.0
9884,2045,reg1,NG_PP,decommissioning_cost,0.0
9885,2046,reg1,NG_PP,decommissioning_cost,0.0
9886,2047,reg1,NG_PP,decommissioning_cost,0.0
9887,2048,reg1,NG_PP,decommissioning_cost,0.0
9888,2049,reg1,NG_PP,decommissioning_cost,0.0
9889,2050,reg1,NG_PP,decommissioning_cost,0.0
9890,2051,reg1,NG_PP,decommissioning_cost,0.0
9891,2052,reg1,NG_PP,decommissioning_cost,0.0
9892,2053,reg1,NG_PP,decommissioning_cost,0.0
9893,2054,reg1,NG_PP,decommissioning_cost,0.0
9894,2055,reg1,NG_PP,decommissioning_cost,0.0
9895,2056,reg1,NG_PP,decommissioning_cost,0.0
9896,2057,reg1,NG_PP,decommissioning_cost,0.0
9897,2058,reg1,NG_PP,decommissioning_cost,0.0
9898,2059,reg1,NG_PP,decommissioning_cost,0.0
9899,2060,reg1,NG_PP,decommissioning_cost,0.0
9900,2025,reg1,NG_PP_CCS,decommissioning_cost,0.0
9901,2026,reg1,NG_PP_CCS,decommissioning_cost,0.0
9902,2027,reg1,NG_PP_CCS,decommissioning_cost,0.0
9903,2028,reg1,NG_PP_CCS,decommissioning_cost,0.0
9904,2029,reg1,NG_PP_CCS,decommissioning_cost,0.0
9905,2030,reg1,NG_PP_CCS,decommissioning_cost,0.0
9906,2031,reg1,NG_PP_CCS,decommissioning_cost,0.0
9907,2032,reg1,NG_PP_CCS,decommissioning_cost,0.0
9908,2033,reg1,NG_PP_CCS,decommissioning_cost,0.0
9909,2034,reg1,NG_PP_CCS,decommissioning_cost,0.0
9910,2035,reg1,NG_PP_CCS,decommissioning_cost,0.0
9911,2036,reg1,NG_PP_CCS,decommissioning_cost,0.0
9912,2037,reg1,NG_PP_CCS,decommissioning_cost,0.0
9913,2038,reg1,NG_PP_CCS,decommissioning_cost,0.0
9914,2039,reg1,NG_PP_CCS,decommissioning_cost,0.0
9915,2040,reg1,NG_PP_CCS,decommissioning_cost,0.0
9916,2041,reg1,NG_PP_CCS,decommissioning_cost,0.0
9917,2042,reg1,NG_PP_CCS,decommissioning_cost,0.0
9918,2043,reg1,NG_PP_CCS,decommissioning_cost,0.0
9919,2044,reg1,NG_PP_CCS,decommissioning_cost,0.0
9920,2045,reg1,NG_PP_CCS,decommissioning_cost,0.0
9921,2046,reg1,NG_PP_CCS,decommissioning_cost,0.0
9922,2047,reg1,NG_PP_CCS,decommissioning_cost,0.0
9923,2048,reg1,NG_PP_CCS,decommissioning_cost,0.0
9924,2049,reg1,NG_PP_CCS,decommissioning_cost,0.0
9925,2050,reg1,NG_PP_CCS,decommissioning_cost,0.0
9926,2051,reg1,NG_PP_CCS,decommissioning_cost,0.0
9927,2052,reg1,NG_PP_CCS,decommissioning_cost,0.0
9928,2053,reg1,NG_PP_CCS,decommissioning_cost,0.0
9929,2054,reg1,NG_PP_CCS,decommissioning_cost,0.0
9930,2055,reg1,NG_PP_CCS,decommissioning_cost,0.0
9931,2056,reg1,NG_PP_CCS,decommissioning_cost,0.0
9932,2057,reg1,NG_PP_CCS,decommissioning_cost,0.0
9933,2058,reg1,NG_PP_CCS,decommissioning_cost,0.0
9934,2059,reg1,NG_PP_CCS,decommissioning_cost,0.0
9935,2060,reg1,NG_PP_CCS,decommissioning_cost,0.0
9936,2025,reg1,Electrolysis_HTSE,decommissioning_cost,0.0
9937,2026,reg1,Electrolysis_HTSE,decommissioning_cost,0.0
9938,2027,reg1,Electrolysis_HTSE,decommissioning_cost,0.0
9939,2028,reg1,Electrolysis_HTSE,decommissioning_cost,0.0
9940,2029,reg1,Electrolysis_HTSE,decommissioning_cost,0.0
9941,2030,reg1,Electrolysis_HTSE,decommissioning_cost,0.0
9942,2031,reg1,Electrolysis_HTSE,decommissioning_cost,0.0
9943,2032,reg1,Electrolysis_HTSE,decommissioning_cost,0.0
9944,2033,reg1,Electrolysis_HTSE,decommissioning_cost,0.0
9945,2034,reg1,Electrolysis_HTSE,decommissioning_cost,0.0
9946,2035,reg1,Electrolysis_HTSE,decommissioning_cost,0.0
9947,2036,reg1,Electrolysis_HTSE,decommissioning_cost,0.0
9948,2037,reg1,Electrolysis_HTSE,decommissioning_cost,0.0
9949,2038,reg1,Electrolysis_HTSE,decommissioning_cost,0.0
9950,2039,reg1,Electrolysis_HTSE,decommissioning_cost,0.0
9951,2040,reg1,Electrolysis_HTSE,decommissioning_cost,0.0
9952,2041,reg1,Electrolysis_HTSE,decommissioning_cost,0.0
9953,2042,reg1,Electrolysis_HTSE,decommissioning_cost,0.0
9954,2043,reg1,Electrolysis_HTSE,decommissioning_cost,0.0
9955,2044,reg1,Electrolysis_HTSE,decommissioning_cost,0.0
9956,2045,reg1,Electrolysis_HTSE,decommissioning_cost,0.0
9957,2046,reg1,Electrolysis_HTSE,decommissioning_cost,0.0
9958,2047,reg1,Electrolysis_HTSE,decommissioning_cost,0.0
9959,2048,reg1,Electrolysis_HTSE,decommissioning_cost,0.0
9960,2049,reg1,Electrolysis_HTSE,decommissioning_cost,0.0
9961,2050,reg1,Electrolysis_HTSE,decommissioning_cost,0.0
9962,2051,reg1,Electrolysis_HTSE,decommissioning_cost,0.0
9963,2052,reg1,Electrolysis_HTSE,decommissioning_cost,0.0
9964,2053,reg1,Electrolysis_HTSE,decommissioning_cost,0.0
9965,2054,reg1,Electrolysis_HTSE,decommissioning_cost,0.0
9966,2055,reg1,Electrolysis_HTSE,decommissioning_cost,0.0
9967,2056,reg1,Electrolysis_HTSE,decommissioning_cost,0.0
9968,2057,reg1,Electrolysis_HTSE,decommissioning_cost,0.0
9969,2058,reg1,Electrolysis_HTSE,decommissioning_cost,0.0
9970,2059,reg1,Electrolysis_HTSE,decommissioning_cost,0.0
9971,2060,reg1,Electrolysis_HTSE,decommissioning_cost,0.0
9972,2025,reg1,NG_CHP_P,decommissioning_cost,0.0
9973,2026,reg1,NG_CHP_P,decommissioning_cost,0.0
9974,2027,reg1,NG_CHP_P,decommissioning_cost,0.0
9975,2028,reg1,NG_CHP_P,decommissioning_cost,0.0
9976,2029,reg1,NG_CHP_P,decommissioning_cost,0.0
9977,2030,reg1,NG_CHP_P,decommissioning_cost,0.0
9978,2031,reg1,NG_CHP_P,decommissioning_cost,0.0
9979,2032,reg1,NG_CHP_P,decommissioning_cost,0.0
9980,2033,reg1,NG_CHP_P,decommissioning_cost,0.0
9981,2034,reg1,NG_CHP_P,decommissioning_cost,0.0
9982,2035,reg1,NG_CHP_P,decommissioning_cost,0.0
9983,2036,reg1,NG_CHP_P,decommissioning_cost,0.0
9984,2037,reg1,NG_CHP_P,decommissioning_cost,0.0
9985,2038,reg1,NG_CHP_P,decommissioning_cost,0.0
9986,2039,reg1,NG_CHP_P,decommissioning_cost,0.0
9987,2040,reg1,NG_CHP_P,decommissioning_cost,0.0
9988,2041,reg1,NG_CHP_P,decommissioning_cost,0.0
9989,2042,reg1,NG_CHP_P,decommissioning_cost,0.0
9990,2043,reg1,NG_CHP_P,decommissioning_cost,0.0
9991,2044,reg1,NG_CHP_P,decommissioning_cost,0.0
9992,2045,reg1,NG_CHP_P,decommissioning_cost,0.0
9993,2046,reg1,NG_CHP_P,decommissioning_cost,0.0
9994,2047,reg1,NG_CHP_P,decommissioning_cost,0.0
9995,2048,reg1,NG_CHP_P,decommissioning_cost,0.0
9996,2049,reg1,NG_CHP_P,decommissioning_cost,0.0
9997,2050,reg1,NG_CHP_P,decommissioning_cost,0.0
9998,2051,reg1,NG_CHP_P,decommissioning_cost,0.0
9999,2052,reg1,NG_CHP_P,decommissioning_cost,0.0
10000,2053,reg1,NG_CHP_P,decommissioning_cost,0.0
10001,2054,reg1,NG_CHP_P,decommissioning_cost,0.0
10002,2055,reg1,NG_CHP_P,decommissioning_cost,0.0
10003,2056,reg1,NG_CHP_P,decommissioning_cost,0.0
10004,2057,reg1,NG_CHP_P,decommissioning_cost,0.0
10005,2058,reg1,NG_CHP_P,decommissioning_cost,0.0
10006,2059,reg1,NG_CHP_P,decommissioning_cost,0.0
10007,2060,reg1,NG_CHP_P,decommissioning_cost,0.0
10008,2025,reg1,BIO_CHP_P,decommissioning_cost,0.0
10009,2026,reg1,BIO_CHP_P,decommissioning_cost,0.0
10010,2027,reg1,BIO_CHP_P,decommissioning_cost,0.0
10011,2028,reg1,BIO_CHP_P,decommissioning_cost,0.0
10012,2029,reg1,BIO_CHP_P,decommissioning_cost,0.0
10013,2030,reg1,BIO_CHP_P,decommissioning_cost,0.0
10014,2031,reg1,BIO_CHP_P,decommissioning_cost,0.0
10015,2032,reg1,BIO_CHP_P,decommissioning_cost,0.0
10016,2033,reg1,BIO_CHP_P,decommissioning_cost,0.0
10017,2034,reg1,BIO_CHP_P,decommissioning_cost,0.0
10018,2035,reg1,BIO_CHP_P,decommissioning_cost,0.0
10019,2036,reg1,BIO_CHP_P,decommissioning_cost,0.0
10020,2037,reg1,BIO_CHP_P,decommissioning_cost,0.0
10021,2038,reg1,BIO_CHP_P,decommissioning_cost,0.0
10022,2039,reg1,BIO_CHP_P,decommissioning_cost,0.0
10023,2040,reg1,BIO_CHP_P,decommissioning_cost,0.0
10024,2041,reg1,BIO_CHP_P,decommissioning_cost,0.0
10025,2042,reg1,BIO_CHP_P,decommissioning_cost,0.0
10026,2043,reg1,BIO_CHP_P,decommissioning_cost,0.0
10027,2044,reg1,BIO_CHP_P,decommissioning_cost,0.0
10028,2045,reg1,BIO_CHP_P,decommissioning_cost,0.0
10029,2046,reg1,BIO_CHP_P,decommissioning_cost,0.0
10030,2047,reg1,BIO_CHP_P,decommissioning_cost,0.0
10031,2048,reg1,BIO_CHP_P,decommissioning_cost,0.0
10032,2049,reg1,BIO_CHP_P,decommissioning_cost,0.0
10033,2050,reg1,BIO_CHP_P,decommissioning_cost,0.0
10034,2051,reg1,BIO_CHP_P,decommissioning_cost,0.0
10035,2052,reg1,BIO_CHP_P,decommissioning_cost,0.0
10036,2053,reg1,BIO_CHP_P,decommissioning_cost,0.0
10037,2054,reg1,BIO_CHP_P,decommissioning_cost,0.0
10038,2055,reg1,BIO_CHP_P,decommissioning_cost,0.0
10039,2056,reg1,BIO_CHP_P,decommissioning_cost,0.0
10040,2057,reg1,BIO_CHP_P,decommissioning_cost,0.0
10041,2058,reg1,BIO_CHP_P,decommissioning_cost,0.0
10042,2059,reg1,BIO_CHP_P,decommissioning_cost,0.0
10043,2060,reg1,BIO_CHP_P,decommissioning_cost,0.0
10044,2025,reg1,Biogas_CHP_P,decommissioning_cost,0.0
10045,2026,reg1,Biogas_CHP_P,decommissioning_cost,0.0
10046,2027,reg1,Biogas_CHP_P,decommissioning_cost,0.0
10047,2028,reg1,Biogas_CHP_P,decommissioning_cost,0.0
10048,2029,reg1,Biogas_CHP_P,decommissioning_cost,0.0
10049,2030,reg1,Biogas_CHP_P,decommissioning_cost,0.0
10050,2031,reg1,Biogas_CHP_P,decommissioning_cost,0.0
10051,2032,reg1,Biogas_CHP_P,decommissioning_cost,0.0
10052,2033,reg1,Biogas_CHP_P,decommissioning_cost,0.0
10053,2034,reg1,Biogas_CHP_P,decommissioning_cost,0.0
10054,2035,reg1,Biogas_CHP_P,decommissioning_cost,0.0
10055,2036,reg1,Biogas_CHP_P,decommissioning_cost,0.0
10056,2037,reg1,Biogas_CHP_P,decommissioning_cost,0.0
10057,2038,reg1,Biogas_CHP_P,decommissioning_cost,0.0
10058,2039,reg1,Biogas_CHP_P,decommissioning_cost,0.0
10059,2040,reg1,Biogas_CHP_P,decommissioning_cost,0.0
10060,2041,reg1,Biogas_CHP_P,decommissioning_cost,0.0
10061,2042,reg1,Biogas_CHP_P,decommissioning_cost,0.0
10062,2043,reg1,Biogas_CHP_P,decommissioning_cost,0.0
10063,2044,reg1,Biogas_CHP_P,decommissioning_cost,0.0
10064,2045,reg1,Biogas_CHP_P,decommissioning_cost,0.0
10065,2046,reg1,Biogas_CHP_P,decommissioning_cost,0.0
10066,2047,reg1,Biogas_CHP_P,decommissioning_cost,0.0
10067,2048,reg1,Biogas_CHP_P,decommissioning_cost,0.0
10068,2049,reg1,Biogas_CHP_P,decommissioning_cost,0.0
10069,2050,reg1,Biogas_CHP_P,decommissioning_cost,0.0
10070,2051,reg1,Biogas_CHP_P,decommissioning_cost,0.0
10071,2052,reg1,Biogas_CHP_P,decommissioning_cost,0.0
10072,2053,reg1,Biogas_CHP_P,decommissioning_cost,0.0
10073,2054,reg1,Biogas_CHP_P,decommissioning_cost,0.0
10074,2055,reg1,Biogas_CHP_P,decommissioning_cost,0.0
10075,2056,reg1,Biogas_CHP_P,decommissioning_cost,0.0
10076,2057,reg1,Biogas_CHP_P,decommissioning_cost,0.0
10077,2058,reg1,Biogas_CHP_P,decommissioning_cost,0.0
10078,2059,reg1,Biogas_CHP_P,decommissioning_cost,0.0
10079,2060,reg1,Biogas_CHP_P,decommissioning_cost,0.0
10080,2025,reg1,WtE_CHP_P,decommissioning_cost,0.0
10081,2026,reg1,WtE_CHP_P,decommissioning_cost,0.0
10082,2027,reg1,WtE_CHP_P,decommissioning_cost,0.0
10083,2028,reg1,WtE_CHP_P,decommissioning_cost,0.0
10084,2029,reg1,WtE_CHP_P,decommissioning_cost,0.0
10085,2030,reg1,WtE_CHP_P,decommissioning_cost,0.0
10086,2031,reg1,WtE_CHP_P,decommissioning_cost,0.0
10087,2032,reg1,WtE_CHP_P,decommissioning_cost,0.0
10088,2033,reg1,WtE_CHP_P,decommissioning_cost,0.0
10089,2034,reg1,WtE_CHP_P,decommissioning_cost,0.0
10090,2035,reg1,WtE_CHP_P,decommissioning_cost,0.0
10091,2036,reg1,WtE_CHP_P,decommissioning_cost,0.0
10092,2037,reg1,WtE_CHP_P,decommissioning_cost,0.0
10093,2038,reg1,WtE_CHP_P,decommissioning_cost,0.0
10094,2039,reg1,WtE_CHP_P,decommissioning_cost,0.0
10095,2040,reg1,WtE_CHP_P,decommissioning_cost,0.0
10096,2041,reg1,WtE_CHP_P,decommissioning_cost,0.0
10097,2042,reg1,WtE_CHP_P,decommissioning_cost,0.0
10098,2043,reg1,WtE_CHP_P,decommissioning_cost,0.0
10099,2044,reg1,WtE_CHP_P,decommissioning_cost,0.0
10100,2045,reg1,WtE_CHP_P,decommissioning_cost,0.0
10101,2046,reg1,WtE_CHP_P,decommissioning_cost,0.0
10102,2047,reg1,WtE_CHP_P,decommissioning_cost,0.0
10103,2048,reg1,WtE_CHP_P,decommissioning_cost,0.0
10104,2049,reg1,WtE_CHP_P,decommissioning_cost,0.0
10105,2050,reg1,WtE_CHP_P,decommissioning_cost,0.0
10106,2051,reg1,WtE_CHP_P,decommissioning_cost,0.0
10107,2052,reg1,WtE_CHP_P,decommissioning_cost,0.0
10108,2053,reg1,WtE_CHP_P,decommissioning_cost,0.0
10109,2054,reg1,WtE_CHP_P,decommissioning_cost,0.0
10110,2055,reg1,WtE_CHP_P,decommissioning_cost,0.0
10111,2056,reg1,WtE_CHP_P,decommissioning_cost,0.0
10112,2057,reg1,WtE_CHP_P,decommissioning_cost,0.0
10113,2058,reg1,WtE_CHP_P,decommissioning_cost,0.0
10114,2059,reg1,WtE_CHP_P,decommissioning_cost,0.0
10115,2060,reg1,WtE_CHP_P,decommissioning_cost,0.0
10116,2025,reg1,WtE-CCS_CHP_P,decommissioning_cost,0.0
10117,2026,reg1,WtE-CCS_CHP_P,decommissioning_cost,0.0
10118,2027,reg1,WtE-CCS_CHP_P,decommissioning_cost,0.0
10119,2028,reg1,WtE-CCS_CHP_P,decommissioning_cost,0.0
10120,2029,reg1,WtE-CCS_CHP_P,decommissioning_cost,0.0
10121,2030,reg1,WtE-CCS_CHP_P,decommissioning_cost,0.0
10122,2031,reg1,WtE-CCS_CHP_P,decommissioning_cost,0.0
10123,2032,reg1,WtE-CCS_CHP_P,decommissioning_cost,0.0
10124,2033,reg1,WtE-CCS_CHP_P,decommissioning_cost,0.0
10125,2034,reg1,WtE-CCS_CHP_P,decommissioning_cost,0.0
10126,2035,reg1,WtE-CCS_CHP_P,decommissioning_cost,0.0
10127,2036,reg1,WtE-CCS_CHP_P,decommissioning_cost,0.0
10128,2037,reg1,WtE-CCS_CHP_P,decommissioning_cost,0.0
10129,2038,reg1,WtE-CCS_CHP_P,decommissioning_cost,0.0
10130,2039,reg1,WtE-CCS_CHP_P,decommissioning_cost,0.0
10131,2040,reg1,WtE-CCS_CHP_P,decommissioning_cost,0.0
10132,2041,reg1,WtE-CCS_CHP_P,decommissioning_cost,0.0
10133,2042,reg1,WtE-CCS_CHP_P,decommissioning_cost,0.0
10134,2043,reg1,WtE-CCS_CHP_P,decommissioning_cost,0.0
10135,2044,reg1,WtE-CCS_CHP_P,decommissioning_cost,0.0
10136,2045,reg1,WtE-CCS_CHP_P,decommissioning_cost,0.0
10137,2046,reg1,WtE-CCS_CHP_P,decommissioning_cost,0.0
10138,2047,reg1,WtE-CCS_CHP_P,decommissioning_cost,0.0
10139,2048,reg1,WtE-CCS_CHP_P,decommissioning_cost,0.0
10140,2049,reg1,WtE-CCS_CHP_P,decommissioning_cost,0.0
10141,2050,reg1,WtE-CCS_CHP_P,decommissioning_cost,0.0
10142,2051,reg1,WtE-CCS_CHP_P,decommissioning_cost,0.0
10143,2052,reg1,WtE-CCS_CHP_P,decommissioning_cost,0.0
10144,2053,reg1,WtE-CCS_CHP_P,decommissioning_cost,0.0
10145,2054,reg1,WtE-CCS_CHP_P,decommissioning_cost,0.0
10146,2055,reg1,WtE-CCS_CHP_P,decommissioning_cost,0.0
10147,2056,reg1,WtE-CCS_CHP_P,decommissioning_cost,0.0
10148,2057,reg1,WtE-CCS_CHP_P,decommissioning_cost,0.0
10149,2058,reg1,WtE-CCS_CHP_P,decommissioning_cost,0.0
10150,2059,reg1,WtE-CCS_CHP_P,decommissioning_cost,0.0
10151,2060,reg1,WtE-CCS_CHP_P,decommissioning_cost,0.0
10152,2025,reg1,SOFC_CHP_P,decommissioning_cost,0.0
10153,2026,reg1,SOFC_CHP_P,decommissioning_cost,0.0
10154,2027,reg1,SOFC_CHP_P,decommissioning_cost,0.0
10155,2028,reg1,SOFC_CHP_P,decommissioning_cost,0.0
10156,2029,reg1,SOFC_CHP_P,decommissioning_cost,0.0
10157,2030,reg1,SOFC_CHP_P,decommissioning_cost,0.0
10158,2031,reg1,SOFC_CHP_P,decommissioning_cost,0.0
10159,2032,reg1,SOFC_CHP_P,decommissioning_cost,0.0
10160,2033,reg1,SOFC_CHP_P,decommissioning_cost,0.0
10161,2034,reg1,SOFC_CHP_P,decommissioning_cost,0.0
10162,2035,reg1,SOFC_CHP_P,decommissioning_cost,0.0
10163,2036,reg1,SOFC_CHP_P,decommissioning_cost,0.0
10164,2037,reg1,SOFC_CHP_P,decommissioning_cost,0.0
10165,2038,reg1,SOFC_CHP_P,decommissioning_cost,0.0
10166,2039,reg1,SOFC_CHP_P,decommissioning_cost,0.0
10167,2040,reg1,SOFC_CHP_P,decommissioning_cost,0.0
10168,2041,reg1,SOFC_CHP_P,decommissioning_cost,0.0
10169,2042,reg1,SOFC_CHP_P,decommissioning_cost,0.0
10170,2043,reg1,SOFC_CHP_P,decommissioning_cost,0.0
10171,2044,reg1,SOFC_CHP_P,decommissioning_cost,0.0
10172,2045,reg1,SOFC_CHP_P,decommissioning_cost,0.0
10173,2046,reg1,SOFC_CHP_P,decommissioning_cost,0.0
10174,2047,reg1,SOFC_CHP_P,decommissioning_cost,0.0
10175,2048,reg1,SOFC_CHP_P,decommissioning_cost,0.0
10176,2049,reg1,SOFC_CHP_P,decommissioning_cost,0.0
10177,2050,reg1,SOFC_CHP_P,decommissioning_cost,0.0
10178,2051,reg1,SOFC_CHP_P,decommissioning_cost,0.0
10179,2052,reg1,SOFC_CHP_P,decommissioning_cost,0.0
10180,2053,reg1,SOFC_CHP_P,decommissioning_cost,0.0
10181,2054,reg1,SOFC_CHP_P,decommissioning_cost,0.0
10182,2055,reg1,SOFC_CHP_P,decommissioning_cost,0.0
10183,2056,reg1,SOFC_CHP_P,decommissioning_cost,0.0
10184,2057,reg1,SOFC_CHP_P,decommissioning_cost,0.0
10185,2058,reg1,SOFC_CHP_P,decommissioning_cost,0.0
10186,2059,reg1,SOFC_CHP_P,decommissioning_cost,0.0
10187,2060,reg1,SOFC_CHP_P,decommissioning_cost,0.0
10188,2025,reg1,Oil_CHP,decommissioning_cost,0.0
10189,2026,reg1,Oil_CHP,decommissioning_cost,0.0
10190,2027,reg1,Oil_CHP,decommissioning_cost,0.0
10191,2028,reg1,Oil_CHP,decommissioning_cost,0.0
10192,2029,reg1,Oil_CHP,decommissioning_cost,0.0
10193,2030,reg1,Oil_CHP,decommissioning_cost,0.0
10194,2031,reg1,Oil_CHP,decommissioning_cost,0.0
10195,2032,reg1,Oil_CHP,decommissioning_cost,0.0
10196,2033,reg1,Oil_CHP,decommissioning_cost,0.0
10197,2034,reg1,Oil_CHP,decommissioning_cost,0.0
10198,2035,reg1,Oil_CHP,decommissioning_cost,0.0
10199,2036,reg1,Oil_CHP,decommissioning_cost,0.0
10200,2037,reg1,Oil_CHP,decommissioning_cost,0.0
10201,2038,reg1,Oil_CHP,decommissioning_cost,0.0
10202,2039,reg1,Oil_CHP,decommissioning_cost,0.0
10203,2040,reg1,Oil_CHP,decommissioning_cost,0.0
10204,2041,reg1,Oil_CHP,decommissioning_cost,0.0
10205,2042,reg1,Oil_CHP,decommissioning_cost,0.0
10206,2043,reg1,Oil_CHP,decommissioning_cost,0.0
10207,2044,reg1,Oil_CHP,decommissioning_cost,0.0
10208,2045,reg1,Oil_CHP,decommissioning_cost,0.0
10209,2046,reg1,Oil_CHP,decommissioning_cost,0.0
10210,2047,reg1,Oil_CHP,decommissioning_cost,0.0
10211,2048,reg1,Oil_CHP,decommissioning_cost,0.0
10212,2049,reg1,Oil_CHP,decommissioning_cost,0.0
10213,2050,reg1,Oil_CHP,decommissioning_cost,0.0
10214,2051,reg1,Oil_CHP,decommissioning_cost,0.0
10215,2052,reg1,Oil_CHP,decommissioning_cost,0.0
10216,2053,reg1,Oil_CHP,decommissioning_cost,0.0
10217,2054,reg1,Oil_CHP,decommissioning_cost,0.0
10218,2055,reg1,Oil_CHP,decommissioning_cost,0.0
10219,2056,reg1,Oil_CHP,decommissioning_cost,0.0
10220,2057,reg1,Oil_CHP,decommissioning_cost,0.0
10221,2058,reg1,Oil_CHP,decommissioning_cost,0.0
10222,2059,reg1,Oil_CHP,decommissioning_cost,0.0
10223,2060,reg1,Oil_CHP,decommissioning_cost,0.0
10224,2025,reg1,BW_CHP_P,decommissioning_cost,0.0
10225,2026,reg1,BW_CHP_P,decommissioning_cost,0.0
10226,2027,reg1,BW_CHP_P,decommissioning_cost,0.0
10227,2028,reg1,BW_CHP_P,decommissioning_cost,0.0
10228,2029,reg1,BW_CHP_P,decommissioning_cost,0.0
10229,2030,reg1,BW_CHP_P,decommissioning_cost,0.0
10230,2031,reg1,BW_CHP_P,decommissioning_cost,0.0
10231,2032,reg1,BW_CHP_P,decommissioning_cost,0.0
10232,2033,reg1,BW_CHP_P,decommissioning_cost,0.0
10233,2034,reg1,BW_CHP_P,decommissioning_cost,0.0
10234,2035,reg1,BW_CHP_P,decommissioning_cost,0.0
10235,2036,reg1,BW_CHP_P,decommissioning_cost,0.0
10236,2037,reg1,BW_CHP_P,decommissioning_cost,0.0
10237,2038,reg1,BW_CHP_P,decommissioning_cost,0.0
10238,2039,reg1,BW_CHP_P,decommissioning_cost,0.0
10239,2040,reg1,BW_CHP_P,decommissioning_cost,0.0
10240,2041,reg1,BW_CHP_P,decommissioning_cost,0.0
10241,2042,reg1,BW_CHP_P,decommissioning_cost,0.0
10242,2043,reg1,BW_CHP_P,decommissioning_cost,0.0
10243,2044,reg1,BW_CHP_P,decommissioning_cost,0.0
10244,2045,reg1,BW_CHP_P,decommissioning_cost,0.0
10245,2046,reg1,BW_CHP_P,decommissioning_cost,0.0
10246,2047,reg1,BW_CHP_P,decommissioning_cost,0.0
10247,2048,reg1,BW_CHP_P,decommissioning_cost,0.0
10248,2049,reg1,BW_CHP_P,decommissioning_cost,0.0
10249,2050,reg1,BW_CHP_P,decommissioning_cost,0.0
10250,2051,reg1,BW_CHP_P,decommissioning_cost,0.0
10251,2052,reg1,BW_CHP_P,decommissioning_cost,0.0
10252,2053,reg1,BW_CHP_P,decommissioning_cost,0.0
10253,2054,reg1,BW_CHP_P,decommissioning_cost,0.0
10254,2055,reg1,BW_CHP_P,decommissioning_cost,0.0
10255,2056,reg1,BW_CHP_P,decommissioning_cost,0.0
10256,2057,reg1,BW_CHP_P,decommissioning_cost,0.0
10257,2058,reg1,BW_CHP_P,decommissioning_cost,0.0
10258,2059,reg1,BW_CHP_P,decommissioning_cost,0.0
10259,2060,reg1,BW_CHP_P,decommissioning_cost,0.0
10260,2025,reg1,Heat_transmission_distribution,decommissioning_cost,0.0
10261,2026,reg1,Heat_transmission_distribution,decommissioning_cost,0.0
10262,2027,reg1,Heat_transmission_distribution,decommissioning_cost,0.0
10263,2028,reg1,Heat_transmission_distribution,decommissioning_cost,0.0
10264,2029,reg1,Heat_transmission_distribution,decommissioning_cost,0.0
10265,2030,reg1,Heat_transmission_distribution,decommissioning_cost,0.0
10266,2031,reg1,Heat_transmission_distribution,decommissioning_cost,0.0
10267,2032,reg1,Heat_transmission_distribution,decommissioning_cost,0.0
10268,2033,reg1,Heat_transmission_distribution,decommissioning_cost,0.0
10269,2034,reg1,Heat_transmission_distribution,decommissioning_cost,0.0
10270,2035,reg1,Heat_transmission_distribution,decommissioning_cost,0.0
10271,2036,reg1,Heat_transmission_distribution,decommissioning_cost,0.0
10272,2037,reg1,Heat_transmission_distribution,decommissioning_cost,0.0
10273,2038,reg1,Heat_transmission_distribution,decommissioning_cost,0.0
10274,2039,reg1,Heat_transmission_distribution,decommissioning_cost,0.0
10275,2040,reg1,Heat_transmission_distribution,decommissioning_cost,0.0
10276,2041,reg1,Heat_transmission_distribution,decommissioning_cost,0.0
10277,2042,reg1,Heat_transmission_distribution,decommissioning_cost,0.0
10278,2043,reg1,Heat_transmission_distribution,decommissioning_cost,0.0
10279,2044,reg1,Heat_transmission_distribution,decommissioning_cost,0.0
10280,2045,reg1,Heat_transmission_distribution,decommissioning_cost,0.0
10281,2046,reg1,Heat_transmission_distribution,decommissioning_cost,0.0
10282,2047,reg1,Heat_transmission_distribution,decommissioning_cost,0.0
10283,2048,reg1,Heat_transmission_distribution,decommissioning_cost,0.0
10284,2049,reg1,Heat_transmission_distribution,decommissioning_cost,0.0
10285,2050,reg1,Heat_transmission_distribution,decommissioning_cost,0.0
10286,2051,reg1,Heat_transmission_distribution,decommissioning_cost,0.0
10287,2052,reg1,Heat_transmission_distribution,decommissioning_cost,0.0
10288,2053,reg1,Heat_transmission_distribution,decommissioning_cost,0.0
10289,2054,reg1,Heat_transmission_distribution,decommissioning_cost,0.0
10290,2055,reg1,Heat_transmission_distribution,decommissioning_cost,0.0
10291,2056,reg1,Heat_transmission_distribution,decommissioning_cost,0.0
10292,2057,reg1,Heat_transmission_distribution,decommissioning_cost,0.0
10293,2058,reg1,Heat_transmission_distribution,decommissioning_cost,0.0
10294,2059,reg1,Heat_transmission_distribution,decommissioning_cost,0.0
10295,2060,reg1,Heat_transmission_distribution,decommissioning_cost,0.0
10296,2025,reg1,Elec_transmission_distribution,decommissioning_cost,0.0
10297,2026,reg1,Elec_transmission_distribution,decommissioning_cost,0.0
10298,2027,reg1,Elec_transmission_distribution,decommissioning_cost,0.0
10299,2028,reg1,Elec_transmission_distribution,decommissioning_cost,0.0
10300,2029,reg1,Elec_transmission_distribution,decommissioning_cost,0.0
10301,2030,reg1,Elec_transmission_distribution,decommissioning_cost,0.0
10302,2031,reg1,Elec_transmission_distribution,decommissioning_cost,0.0
10303,2032,reg1,Elec_transmission_distribution,decommissioning_cost,0.0
10304,2033,reg1,Elec_transmission_distribution,decommissioning_cost,0.0
10305,2034,reg1,Elec_transmission_distribution,decommissioning_cost,0.0
10306,2035,reg1,Elec_transmission_distribution,decommissioning_cost,0.0
10307,2036,reg1,Elec_transmission_distribution,decommissioning_cost,0.0
10308,2037,reg1,Elec_transmission_distribution,decommissioning_cost,0.0
10309,2038,reg1,Elec_transmission_distribution,decommissioning_cost,0.0
10310,2039,reg1,Elec_transmission_distribution,decommissioning_cost,0.0
10311,2040,reg1,Elec_transmission_distribution,decommissioning_cost,0.0
10312,2041,reg1,Elec_transmission_distribution,decommissioning_cost,0.0
10313,2042,reg1,Elec_transmission_distribution,decommissioning_cost,0.0
10314,2043,reg1,Elec_transmission_distribution,decommissioning_cost,0.0
10315,2044,reg1,Elec_transmission_distribution,decommissioning_cost,0.0
10316,2045,reg1,Elec_transmission_distribution,decommissioning_cost,0.0
10317,2046,reg1,Elec_transmission_distribution,decommissioning_cost,0.0
10318,2047,reg1,Elec_transmission_distribution,decommissioning_cost,0.0
10319,2048,reg1,Elec_transmission_distribution,decommissioning_cost,0.0
10320,2049,reg1,Elec_transmission_distribution,decommissioning_cost,0.0
10321,2050,reg1,Elec_transmission_distribution,decommissioning_cost,0.0
10322,2051,reg1,Elec_transmission_distribution,decommissioning_cost,0.0
10323,2052,reg1,Elec_transmission_distribution,decommissioning_cost,0.0
10324,2053,reg1,Elec_transmission_distribution,decommissioning_cost,0.0
10325,2054,reg1,Elec_transmission_distribution,decommissioning_cost,0.0
10326,2055,reg1,Elec_transmission_distribution,decommissioning_cost,0.0
10327,2056,reg1,Elec_transmission_distribution,decommissioning_cost,0.0
10328,2057,reg1,Elec_transmission_distribution,decommissioning_cost,0.0
10329,2058,reg1,Elec_transmission_distribution,decommissioning_cost,0.0
10330,2059,reg1,Elec_transmission_distribution,decommissioning_cost,0.0
10331,2060,reg1,Elec_transmission_distribution,decommissioning_cost,0.0
10332,2025,reg1,NG_supply,investment_cost,0.0
10333,2026,reg1,NG_supply,investment_cost,0.0
10334,2027,reg1,NG_supply,investment_cost,0.0
10335,2028,reg1,NG_supply,investment_cost,0.0
10336,2029,reg1,NG_supply,investment_cost,0.0
10337,2030,reg1,NG_supply,investment_cost,0.0
10338,2031,reg1,NG_supply,investment_cost,0.0
10339,2032,reg1,NG_supply,investment_cost,0.0
10340,2033,reg1,NG_supply,investment_cost,0.0
10341,2034,reg1,NG_supply,investment_cost,0.0
10342,2035,reg1,NG_supply,investment_cost,0.0
10343,2036,reg1,NG_supply,investment_cost,0.0
10344,2037,reg1,NG_supply,investment_cost,0.0
10345,2038,reg1,NG_supply,investment_cost,0.0
10346,2039,reg1,NG_supply,investment_cost,0.0
10347,2040,reg1,NG_supply,investment_cost,0.0
10348,2041,reg1,NG_supply,investment_cost,0.0
10349,2042,reg1,NG_supply,investment_cost,0.0
10350,2043,reg1,NG_supply,investment_cost,0.0
10351,2044,reg1,NG_supply,investment_cost,0.0
10352,2045,reg1,NG_supply,investment_cost,0.0
10353,2046,reg1,NG_supply,investment_cost,0.0
10354,2047,reg1,NG_supply,investment_cost,0.0
10355,2048,reg1,NG_supply,investment_cost,0.0
10356,2049,reg1,NG_supply,investment_cost,0.0
10357,2050,reg1,NG_supply,investment_cost,0.0
10358,2051,reg1,NG_supply,investment_cost,0.0
10359,2052,reg1,NG_supply,investment_cost,0.0
10360,2053,reg1,NG_supply,investment_cost,0.0
10361,2054,reg1,NG_supply,investment_cost,0.0
10362,2055,reg1,NG_supply,investment_cost,0.0
10363,2056,reg1,NG_supply,investment_cost,0.0
10364,2057,reg1,NG_supply,investment_cost,0.0
10365,2058,reg1,NG_supply,investment_cost,0.0
10366,2059,reg1,NG_supply,investment_cost,0.0
10367,2060,reg1,NG_supply,investment_cost,0.0
10368,2025,reg1,SFF_supply,investment_cost,0.0
10369,2026,reg1,SFF_supply,investment_cost,0.0
10370,2027,reg1,SFF_supply,investment_cost,0.0
10371,2028,reg1,SFF_supply,investment_cost,0.0
10372,2029,reg1,SFF_supply,investment_cost,0.0
10373,2030,reg1,SFF_supply,investment_cost,0.0
10374,2031,reg1,SFF_supply,investment_cost,0.0
10375,2032,reg1,SFF_supply,investment_cost,0.0
10376,2033,reg1,SFF_supply,investment_cost,0.0
10377,2034,reg1,SFF_supply,investment_cost,0.0
10378,2035,reg1,SFF_supply,investment_cost,0.0
10379,2036,reg1,SFF_supply,investment_cost,0.0
10380,2037,reg1,SFF_supply,investment_cost,0.0
10381,2038,reg1,SFF_supply,investment_cost,0.0
10382,2039,reg1,SFF_supply,investment_cost,0.0
10383,2040,reg1,SFF_supply,investment_cost,0.0
10384,2041,reg1,SFF_supply,investment_cost,0.0
10385,2042,reg1,SFF_supply,investment_cost,0.0
10386,2043,reg1,SFF_supply,investment_cost,0.0
10387,2044,reg1,SFF_supply,investment_cost,0.0
10388,2045,reg1,SFF_supply,investment_cost,0.0
10389,2046,reg1,SFF_supply,investment_cost,0.0
10390,2047,reg1,SFF_supply,investment_cost,0.0
10391,2048,reg1,SFF_supply,investment_cost,0.0
10392,2049,reg1,SFF_supply,investment_cost,0.0
10393,2050,reg1,SFF_supply,investment_cost,0.0
10394,2051,reg1,SFF_supply,investment_cost,0.0
10395,2052,reg1,SFF_supply,investment_cost,0.0
10396,2053,reg1,SFF_supply,investment_cost,0.0
10397,2054,reg1,SFF_supply,investment_cost,0.0
10398,2055,reg1,SFF_supply,investment_cost,0.0
10399,2056,reg1,SFF_supply,investment_cost,0.0
10400,2057,reg1,SFF_supply,investment_cost,0.0
10401,2058,reg1,SFF_supply,investment_cost,0.0
10402,2059,reg1,SFF_supply,investment_cost,0.0
10403,2060,reg1,SFF_supply,investment_cost,0.0
10404,2025,reg1,OP_supply,investment_cost,0.0
10405,2026,reg1,OP_supply,investment_cost,0.0
10406,2027,reg1,OP_supply,investment_cost,0.0
10407,2028,reg1,OP_supply,investment_cost,0.0
10408,2029,reg1,OP_supply,investment_cost,0.0
10409,2030,reg1,OP_supply,investment_cost,0.0
10410,2031,reg1,OP_supply,investment_cost,0.0
10411,2032,reg1,OP_supply,investment_cost,0.0
10412,2033,reg1,OP_supply,investment_cost,0.0
10413,2034,reg1,OP_supply,investment_cost,0.0
10414,2035,reg1,OP_supply,investment_cost,0.0
10415,2036,reg1,OP_supply,investment_cost,0.0
10416,2037,reg1,OP_supply,investment_cost,0.0
10417,2038,reg1,OP_supply,investment_cost,0.0
10418,2039,reg1,OP_supply,investment_cost,0.0
10419,2040,reg1,OP_supply,investment_cost,0.0
10420,2041,reg1,OP_supply,investment_cost,0.0
10421,2042,reg1,OP_supply,investment_cost,0.0
10422,2043,reg1,OP_supply,investment_cost,0.0
10423,2044,reg1,OP_supply,investment_cost,0.0
10424,2045,reg1,OP_supply,investment_cost,0.0
10425,2046,reg1,OP_supply,investment_cost,0.0
10426,2047,reg1,OP_supply,investment_cost,0.0
10427,2048,reg1,OP_supply,investment_cost,0.0
10428,2049,reg1,OP_supply,investment_cost,0.0
10429,2050,reg1,OP_supply,investment_cost,0.0
10430,2051,reg1,OP_supply,investment_cost,0.0
10431,2052,reg1,OP_supply,investment_cost,0.0
10432,2053,reg1,OP_supply,investment_cost,0.0
10433,2054,reg1,OP_supply,investment_cost,0.0
10434,2055,reg1,OP_supply,investment_cost,0.0
10435,2056,reg1,OP_supply,investment_cost,0.0
10436,2057,reg1,OP_supply,investment_cost,0.0
10437,2058,reg1,OP_supply,investment_cost,0.0
10438,2059,reg1,OP_supply,investment_cost,0.0
10439,2060,reg1,OP_supply,investment_cost,0.0
10440,2025,reg1,BW_supply,investment_cost,0.0
10441,2026,reg1,BW_supply,investment_cost,0.0
10442,2027,reg1,BW_supply,investment_cost,0.0
10443,2028,reg1,BW_supply,investment_cost,0.0
10444,2029,reg1,BW_supply,investment_cost,0.0
10445,2030,reg1,BW_supply,investment_cost,0.0
10446,2031,reg1,BW_supply,investment_cost,0.0
10447,2032,reg1,BW_supply,investment_cost,0.0
10448,2033,reg1,BW_supply,investment_cost,0.0
10449,2034,reg1,BW_supply,investment_cost,0.0
10450,2035,reg1,BW_supply,investment_cost,0.0
10451,2036,reg1,BW_supply,investment_cost,0.0
10452,2037,reg1,BW_supply,investment_cost,0.0
10453,2038,reg1,BW_supply,investment_cost,0.0
10454,2039,reg1,BW_supply,investment_cost,0.0
10455,2040,reg1,BW_supply,investment_cost,0.0
10456,2041,reg1,BW_supply,investment_cost,0.0
10457,2042,reg1,BW_supply,investment_cost,0.0
10458,2043,reg1,BW_supply,investment_cost,0.0
10459,2044,reg1,BW_supply,investment_cost,0.0
10460,2045,reg1,BW_supply,investment_cost,0.0
10461,2046,reg1,BW_supply,investment_cost,0.0
10462,2047,reg1,BW_supply,investment_cost,0.0
10463,2048,reg1,BW_supply,investment_cost,0.0
10464,2049,reg1,BW_supply,investment_cost,0.0
10465,2050,reg1,BW_supply,investment_cost,0.0
10466,2051,reg1,BW_supply,investment_cost,0.0
10467,2052,reg1,BW_supply,investment_cost,0.0
10468,2053,reg1,BW_supply,investment_cost,0.0
10469,2054,reg1,BW_supply,investment_cost,0.0
10470,2055,reg1,BW_supply,investment_cost,0.0
10471,2056,reg1,BW_supply,investment_cost,0.0
10472,2057,reg1,BW_supply,investment_cost,0.0
10473,2058,reg1,BW_supply,investment_cost,0.0
10474,2059,reg1,BW_supply,investment_cost,0.0
10475,2060,reg1,BW_supply,investment_cost,0.0
10476,2025,reg1,BIO_supply,investment_cost,0.0
10477,2026,reg1,BIO_supply,investment_cost,0.0
10478,2027,reg1,BIO_supply,investment_cost,0.0
10479,2028,reg1,BIO_supply,investment_cost,0.0
10480,2029,reg1,BIO_supply,investment_cost,0.0
10481,2030,reg1,BIO_supply,investment_cost,0.0
10482,2031,reg1,BIO_supply,investment_cost,0.0
10483,2032,reg1,BIO_supply,investment_cost,0.0
10484,2033,reg1,BIO_supply,investment_cost,0.0
10485,2034,reg1,BIO_supply,investment_cost,0.0
10486,2035,reg1,BIO_supply,investment_cost,0.0
10487,2036,reg1,BIO_supply,investment_cost,0.0
10488,2037,reg1,BIO_supply,investment_cost,0.0
10489,2038,reg1,BIO_supply,investment_cost,0.0
10490,2039,reg1,BIO_supply,investment_cost,0.0
10491,2040,reg1,BIO_supply,investment_cost,0.0
10492,2041,reg1,BIO_supply,investment_cost,0.0
10493,2042,reg1,BIO_supply,investment_cost,0.0
10494,2043,reg1,BIO_supply,investment_cost,0.0
10495,2044,reg1,BIO_supply,investment_cost,0.0
10496,2045,reg1,BIO_supply,investment_cost,0.0
10497,2046,reg1,BIO_supply,investment_cost,0.0
10498,2047,reg1,BIO_supply,investment_cost,0.0
10499,2048,reg1,BIO_supply,investment_cost,0.0
10500,2049,reg1,BIO_supply,investment_cost,0.0
10501,2050,reg1,BIO_supply,investment_cost,0.0
10502,2051,reg1,BIO_supply,investment_cost,0.0
10503,2052,reg1,BIO_supply,investment_cost,0.0
10504,2053,reg1,BIO_supply,investment_cost,0.0
10505,2054,reg1,BIO_supply,investment_cost,0.0
10506,2055,reg1,BIO_supply,investment_cost,0.0
10507,2056,reg1,BIO_supply,investment_cost,0.0
10508,2057,reg1,BIO_supply,investment_cost,0.0
10509,2058,reg1,BIO_supply,investment_cost,0.0
10510,2059,reg1,BIO_supply,investment_cost,0.0
10511,2060,reg1,BIO_supply,investment_cost,0.0
10512,2025,reg1,Biogas_supply,investment_cost,0.0
10513,2026,reg1,Biogas_supply,investment_cost,0.0
10514,2027,reg1,Biogas_supply,investment_cost,0.0
10515,2028,reg1,Biogas_supply,investment_cost,0.0
10516,2029,reg1,Biogas_supply,investment_cost,0.0
10517,2030,reg1,Biogas_supply,investment_cost,0.0
10518,2031,reg1,Biogas_supply,investment_cost,0.0
10519,2032,reg1,Biogas_supply,investment_cost,0.0
10520,2033,reg1,Biogas_supply,investment_cost,0.0
10521,2034,reg1,Biogas_supply,investment_cost,0.0
10522,2035,reg1,Biogas_supply,investment_cost,0.0
10523,2036,reg1,Biogas_supply,investment_cost,0.0
10524,2037,reg1,Biogas_supply,investment_cost,0.0
10525,2038,reg1,Biogas_supply,investment_cost,0.0
10526,2039,reg1,Biogas_supply,investment_cost,0.0
10527,2040,reg1,Biogas_supply,investment_cost,0.0
10528,2041,reg1,Biogas_supply,investment_cost,0.0
10529,2042,reg1,Biogas_supply,investment_cost,0.0
10530,2043,reg1,Biogas_supply,investment_cost,0.0
10531,2044,reg1,Biogas_supply,investment_cost,0.0
10532,2045,reg1,Biogas_supply,investment_cost,0.0
10533,2046,reg1,Biogas_supply,investment_cost,0.0
10534,2047,reg1,Biogas_supply,investment_cost,0.0
10535,2048,reg1,Biogas_supply,investment_cost,0.0
10536,2049,reg1,Biogas_supply,investment_cost,0.0
10537,2050,reg1,Biogas_supply,investment_cost,0.0
10538,2051,reg1,Biogas_supply,investment_cost,0.0
10539,2052,reg1,Biogas_supply,investment_cost,0.0
10540,2053,reg1,Biogas_supply,investment_cost,0.0
10541,2054,reg1,Biogas_supply,investment_cost,0.0
10542,2055,reg1,Biogas_supply,investment_cost,0.0
10543,2056,reg1,Biogas_supply,investment_cost,0.0
10544,2057,reg1,Biogas_supply,investment_cost,0.0
10545,2058,reg1,Biogas_supply,investment_cost,0.0
10546,2059,reg1,Biogas_supply,investment_cost,0.0
10547,2060,reg1,Biogas_supply,investment_cost,0.0
10548,2025,reg1,Waste_supply,investment_cost,0.0
10549,2026,reg1,Waste_supply,investment_cost,0.0
10550,2027,reg1,Waste_supply,investment_cost,0.0
10551,2028,reg1,Waste_supply,investment_cost,0.0
10552,2029,reg1,Waste_supply,investment_cost,0.0
10553,2030,reg1,Waste_supply,investment_cost,0.0
10554,2031,reg1,Waste_supply,investment_cost,0.0
10555,2032,reg1,Waste_supply,investment_cost,0.0
10556,2033,reg1,Waste_supply,investment_cost,0.0
10557,2034,reg1,Waste_supply,investment_cost,0.0
10558,2035,reg1,Waste_supply,investment_cost,0.0
10559,2036,reg1,Waste_supply,investment_cost,0.0
10560,2037,reg1,Waste_supply,investment_cost,0.0
10561,2038,reg1,Waste_supply,investment_cost,0.0
10562,2039,reg1,Waste_supply,investment_cost,0.0
10563,2040,reg1,Waste_supply,investment_cost,0.0
10564,2041,reg1,Waste_supply,investment_cost,0.0
10565,2042,reg1,Waste_supply,investment_cost,0.0
10566,2043,reg1,Waste_supply,investment_cost,0.0
10567,2044,reg1,Waste_supply,investment_cost,0.0
10568,2045,reg1,Waste_supply,investment_cost,0.0
10569,2046,reg1,Waste_supply,investment_cost,0.0
10570,2047,reg1,Waste_supply,investment_cost,0.0
10571,2048,reg1,Waste_supply,investment_cost,0.0
10572,2049,reg1,Waste_supply,investment_cost,0.0
10573,2050,reg1,Waste_supply,investment_cost,0.0
10574,2051,reg1,Waste_supply,investment_cost,0.0
10575,2052,reg1,Waste_supply,investment_cost,0.0
10576,2053,reg1,Waste_supply,investment_cost,0.0
10577,2054,reg1,Waste_supply,investment_cost,0.0
10578,2055,reg1,Waste_supply,investment_cost,0.0
10579,2056,reg1,Waste_supply,investment_cost,0.0
10580,2057,reg1,Waste_supply,investment_cost,0.0
10581,2058,reg1,Waste_supply,investment_cost,0.0
10582,2059,reg1,Waste_supply,investment_cost,0.0
10583,2060,reg1,Waste_supply,investment_cost,0.0
10584,2025,reg1,Geo_PP,investment_cost,344415941.66666704
10585,2026,reg1,Geo_PP,investment_cost,338976346.15384614
10586,2027,reg1,Geo_PP,investment_cost,333534519.2307692
10587,2028,reg1,Geo_PP,investment_cost,328092692.3076923
10588,2029,reg1,Geo_PP,investment_cost,322650865.38461536
10589,2030,reg1,Geo_PP,investment_cost,317209038.46153843
10590,2031,reg1,Geo_PP,investment_cost,311767211.5384615
10591,2032,reg1,Geo_PP,investment_cost,306325384.61538464
10592,2033,reg1,Geo_PP,investment_cost,300883557.6923077
10593,2034,reg1,Geo_PP,investment_cost,295441730.7692308
10594,2035,reg1,Geo_PP,investment_cost,289999903.84615386
10595,2036,reg1,Geo_PP,investment_cost,284558076.9230769
10596,2037,reg1,Geo_PP,investment_cost,279116250.0
10597,2038,reg1,Geo_PP,investment_cost,273924426.923077
10598,2039,reg1,Geo_PP,investment_cost,0.0
10599,2040,reg1,Geo_PP,investment_cost,0.0
10600,2041,reg1,Geo_PP,investment_cost,0.0
10601,2042,reg1,Geo_PP,investment_cost,0.0
10602,2043,reg1,Geo_PP,investment_cost,0.0
10603,2044,reg1,Geo_PP,investment_cost,0.0
10604,2045,reg1,Geo_PP,investment_cost,0.0
10605,2046,reg1,Geo_PP,investment_cost,0.0
10606,2047,reg1,Geo_PP,investment_cost,0.0
10607,2048,reg1,Geo_PP,investment_cost,0.0
10608,2049,reg1,Geo_PP,investment_cost,0.0
10609,2050,reg1,Geo_PP,investment_cost,0.0
10610,2051,reg1,Geo_PP,investment_cost,405000000.0
10611,2052,reg1,Geo_PP,investment_cost,220116150.00000164
10612,2053,reg1,Geo_PP,investment_cost,0.0
10613,2054,reg1,Geo_PP,investment_cost,0.0
10614,2055,reg1,Geo_PP,investment_cost,0.0
10615,2056,reg1,Geo_PP,investment_cost,0.0
10616,2057,reg1,Geo_PP,investment_cost,0.0
10617,2058,reg1,Geo_PP,investment_cost,0.0
10618,2059,reg1,Geo_PP,investment_cost,0.0
10619,2060,reg1,Geo_PP,investment_cost,0.0
10620,2025,reg1,Solar_PV_PP,investment_cost,7840800000.0
10621,2026,reg1,Solar_PV_PP,investment_cost,7761600000.0
10622,2027,reg1,Solar_PV_PP,investment_cost,7682400000.0
10623,2028,reg1,Solar_PV_PP,investment_cost,7603200000.0
10624,2029,reg1,Solar_PV_PP,investment_cost,7524000000.0
10625,2030,reg1,Solar_PV_PP,investment_cost,7444800000.0
10626,2031,reg1,Solar_PV_PP,investment_cost,7365600000.0
10627,2032,reg1,Solar_PV_PP,investment_cost,7286400000.0
10628,2033,reg1,Solar_PV_PP,investment_cost,7207200000.0
10629,2034,reg1,Solar_PV_PP,investment_cost,7128000000.0
10630,2035,reg1,Solar_PV_PP,investment_cost,7048800000.0
10631,2036,reg1,Solar_PV_PP,investment_cost,6969600000.0
10632,2037,reg1,Solar_PV_PP,investment_cost,6890400000.0
10633,2038,reg1,Solar_PV_PP,investment_cost,6811200000.0
10634,2039,reg1,Solar_PV_PP,investment_cost,6732000000.0
10635,2040,reg1,Solar_PV_PP,investment_cost,6652800000.0
10636,2041,reg1,Solar_PV_PP,investment_cost,6573600000.0
10637,2042,reg1,Solar_PV_PP,investment_cost,6494400000.0
10638,2043,reg1,Solar_PV_PP,investment_cost,6415200000.0
10639,2044,reg1,Solar_PV_PP,investment_cost,6336000000.0
10640,2045,reg1,Solar_PV_PP,investment_cost,6256800000.0
10641,2046,reg1,Solar_PV_PP,investment_cost,6177600000.0
10642,2047,reg1,Solar_PV_PP,investment_cost,6098400000.0
10643,2048,reg1,Solar_PV_PP,investment_cost,6019200000.0
10644,2049,reg1,Solar_PV_PP,investment_cost,5940000000.0
10645,2050,reg1,Solar_PV_PP,investment_cost,0.0
10646,2051,reg1,Solar_PV_PP,investment_cost,0.0
10647,2052,reg1,Solar_PV_PP,investment_cost,0.0
10648,2053,reg1,Solar_PV_PP,investment_cost,0.0
10649,2054,reg1,Solar_PV_PP,investment_cost,0.0
10650,2055,reg1,Solar_PV_PP,investment_cost,0.0
10651,2056,reg1,Solar_PV_PP,investment_cost,0.0
10652,2057,reg1,Solar_PV_PP,investment_cost,0.0
10653,2058,reg1,Solar_PV_PP,investment_cost,0.0
10654,2059,reg1,Solar_PV_PP,investment_cost,2469015594.175295
10655,2060,reg1,Solar_PV_PP,investment_cost,0.0
10656,2025,reg1,Wind_On-Shore_PP,investment_cost,3690000000.0
10657,2026,reg1,Wind_On-Shore_PP,investment_cost,3630000000.0
10658,2027,reg1,Wind_On-Shore_PP,investment_cost,3570000000.0
10659,2028,reg1,Wind_On-Shore_PP,investment_cost,3510000000.0
10660,2029,reg1,Wind_On-Shore_PP,investment_cost,3450000000.0
10661,2030,reg1,Wind_On-Shore_PP,investment_cost,3390000000.0
10662,2031,reg1,Wind_On-Shore_PP,investment_cost,3330000000.0
10663,2032,reg1,Wind_On-Shore_PP,investment_cost,3270000000.0
10664,2033,reg1,Wind_On-Shore_PP,investment_cost,3210000000.0
10665,2034,reg1,Wind_On-Shore_PP,investment_cost,3150000000.0
10666,2035,reg1,Wind_On-Shore_PP,investment_cost,3090000000.0
10667,2036,reg1,Wind_On-Shore_PP,investment_cost,3030000000.0
10668,2037,reg1,Wind_On-Shore_PP,investment_cost,2970000000.0
10669,2038,reg1,Wind_On-Shore_PP,investment_cost,2910000000.0
10670,2039,reg1,Wind_On-Shore_PP,investment_cost,2850000000.0
10671,2040,reg1,Wind_On-Shore_PP,investment_cost,2790000000.0
10672,2041,reg1,Wind_On-Shore_PP,investment_cost,2730000000.0
10673,2042,reg1,Wind_On-Shore_PP,investment_cost,2670000000.0
10674,2043,reg1,Wind_On-Shore_PP,investment_cost,2610000000.0
10675,2044,reg1,Wind_On-Shore_PP,investment_cost,2550000000.0
10676,2045,reg1,Wind_On-Shore_PP,investment_cost,2490000000.0
10677,2046,reg1,Wind_On-Shore_PP,investment_cost,2430000000.0
10678,2047,reg1,Wind_On-Shore_PP,investment_cost,2370000000.0
10679,2048,reg1,Wind_On-Shore_PP,investment_cost,2310000000.0
10680,2049,reg1,Wind_On-Shore_PP,investment_cost,2250000000.0
10681,2050,reg1,Wind_On-Shore_PP,investment_cost,2250000000.0
10682,2051,reg1,Wind_On-Shore_PP,investment_cost,2250000000.0
10683,2052,reg1,Wind_On-Shore_PP,investment_cost,2250000000.0
10684,2053,reg1,Wind_On-Shore_PP,investment_cost,2250000000.0
10685,2054,reg1,Wind_On-Shore_PP,investment_cost,2250000000.0
10686,2055,reg1,Wind_On-Shore_PP,investment_cost,2250000000.0
10687,2056,reg1,Wind_On-Shore_PP,investment_cost,2250000000.0
10688,2057,reg1,Wind_On-Shore_PP,investment_cost,2250000000.0
10689,2058,reg1,Wind_On-Shore_PP,investment_cost,2250000000.0
10690,2059,reg1,Wind_On-Shore_PP,investment_cost,2250000000.0
10691,2060,reg1,Wind_On-Shore_PP,investment_cost,0.0
10692,2025,reg1,Wind_Off-Shore_PP,investment_cost,0.0
10693,2026,reg1,Wind_Off-Shore_PP,investment_cost,0.0
10694,2027,reg1,Wind_Off-Shore_PP,investment_cost,0.0
10695,2028,reg1,Wind_Off-Shore_PP,investment_cost,0.0
10696,2029,reg1,Wind_Off-Shore_PP,investment_cost,0.0
10697,2030,reg1,Wind_Off-Shore_PP,investment_cost,0.0
10698,2031,reg1,Wind_Off-Shore_PP,investment_cost,0.0
10699,2032,reg1,Wind_Off-Shore_PP,investment_cost,0.0
10700,2033,reg1,Wind_Off-Shore_PP,investment_cost,0.0
10701,2034,reg1,Wind_Off-Shore_PP,investment_cost,0.0
10702,2035,reg1,Wind_Off-Shore_PP,investment_cost,0.0
10703,2036,reg1,Wind_Off-Shore_PP,investment_cost,0.0
10704,2037,reg1,Wind_Off-Shore_PP,investment_cost,0.0
10705,2038,reg1,Wind_Off-Shore_PP,investment_cost,0.0
10706,2039,reg1,Wind_Off-Shore_PP,investment_cost,0.0
10707,2040,reg1,Wind_Off-Shore_PP,investment_cost,0.0
10708,2041,reg1,Wind_Off-Shore_PP,investment_cost,0.0
10709,2042,reg1,Wind_Off-Shore_PP,investment_cost,0.0
10710,2043,reg1,Wind_Off-Shore_PP,investment_cost,0.0
10711,2044,reg1,Wind_Off-Shore_PP,investment_cost,0.0
10712,2045,reg1,Wind_Off-Shore_PP,investment_cost,0.0
10713,2046,reg1,Wind_Off-Shore_PP,investment_cost,0.0
10714,2047,reg1,Wind_Off-Shore_PP,investment_cost,0.0
10715,2048,reg1,Wind_Off-Shore_PP,investment_cost,0.0
10716,2049,reg1,Wind_Off-Shore_PP,investment_cost,0.0
10717,2050,reg1,Wind_Off-Shore_PP,investment_cost,0.0
10718,2051,reg1,Wind_Off-Shore_PP,investment_cost,0.0
10719,2052,reg1,Wind_Off-Shore_PP,investment_cost,0.0
10720,2053,reg1,Wind_Off-Shore_PP,investment_cost,0.0
10721,2054,reg1,Wind_Off-Shore_PP,investment_cost,0.0
10722,2055,reg1,Wind_Off-Shore_PP,investment_cost,0.0
10723,2056,reg1,Wind_Off-Shore_PP,investment_cost,0.0
10724,2057,reg1,Wind_Off-Shore_PP,investment_cost,0.0
10725,2058,reg1,Wind_Off-Shore_PP,investment_cost,0.0
10726,2059,reg1,Wind_Off-Shore_PP,investment_cost,0.0
10727,2060,reg1,Wind_Off-Shore_PP,investment_cost,0.0
10728,2025,reg1,Hydro_PP,investment_cost,897390999.9999988
10729,2026,reg1,Hydro_PP,investment_cost,897390999.9999988
10730,2027,reg1,Hydro_PP,investment_cost,897390999.9999988
10731,2028,reg1,Hydro_PP,investment_cost,897390999.9999988
10732,2029,reg1,Hydro_PP,investment_cost,897390999.9999988
10733,2030,reg1,Hydro_PP,investment_cost,897390999.9999988
10734,2031,reg1,Hydro_PP,investment_cost,897390999.9999988
10735,2032,reg1,Hydro_PP,investment_cost,897390999.9999988
10736,2033,reg1,Hydro_PP,investment_cost,897390999.9999988
10737,2034,reg1,Hydro_PP,investment_cost,897390999.9999988
10738,2035,reg1,Hydro_PP,investment_cost,897390999.9999988
10739,2036,reg1,Hydro_PP,investment_cost,897390999.9999988
10740,2037,reg1,Hydro_PP,investment_cost,897390999.9999988
10741,2038,reg1,Hydro_PP,investment_cost,897390999.9999988
10742,2039,reg1,Hydro_PP,investment_cost,897390999.9999988
10743,2040,reg1,Hydro_PP,investment_cost,897390999.9999988
10744,2041,reg1,Hydro_PP,investment_cost,897390999.9999988
10745,2042,reg1,Hydro_PP,investment_cost,897390999.9999988
10746,2043,reg1,Hydro_PP,investment_cost,897390999.9999988
10747,2044,reg1,Hydro_PP,investment_cost,897390999.9999988
10748,2045,reg1,Hydro_PP,investment_cost,897391000.0000029
10749,2046,reg1,Hydro_PP,investment_cost,897390999.9999988
10750,2047,reg1,Hydro_PP,investment_cost,897390999.9999988
10751,2048,reg1,Hydro_PP,investment_cost,897391000.0000029
10752,2049,reg1,Hydro_PP,investment_cost,897391000.0000029
10753,2050,reg1,Hydro_PP,investment_cost,897390999.9999988
10754,2051,reg1,Hydro_PP,investment_cost,897390999.9999988
10755,2052,reg1,Hydro_PP,investment_cost,897391000.0000029
10756,2053,reg1,Hydro_PP,investment_cost,897391000.0000029
10757,2054,reg1,Hydro_PP,investment_cost,461471999.9999998
10758,2055,reg1,Hydro_PP,investment_cost,0.0
10759,2056,reg1,Hydro_PP,investment_cost,0.0
10760,2057,reg1,Hydro_PP,investment_cost,0.0
10761,2058,reg1,Hydro_PP,investment_cost,0.0
10762,2059,reg1,Hydro_PP,investment_cost,0.0
10763,2060,reg1,Hydro_PP,investment_cost,0.0
10764,2025,reg1,UO2_supply ,investment_cost,0.0
10765,2026,reg1,UO2_supply ,investment_cost,0.0
10766,2027,reg1,UO2_supply ,investment_cost,0.0
10767,2028,reg1,UO2_supply ,investment_cost,0.0
10768,2029,reg1,UO2_supply ,investment_cost,0.0
10769,2030,reg1,UO2_supply ,investment_cost,0.0
10770,2031,reg1,UO2_supply ,investment_cost,0.0
10771,2032,reg1,UO2_supply ,investment_cost,0.0
10772,2033,reg1,UO2_supply ,investment_cost,0.0
10773,2034,reg1,UO2_supply ,investment_cost,0.0
10774,2035,reg1,UO2_supply ,investment_cost,0.0
10775,2036,reg1,UO2_supply ,investment_cost,0.0
10776,2037,reg1,UO2_supply ,investment_cost,0.0
10777,2038,reg1,UO2_supply ,investment_cost,0.0
10778,2039,reg1,UO2_supply ,investment_cost,0.0
10779,2040,reg1,UO2_supply ,investment_cost,0.0
10780,2041,reg1,UO2_supply ,investment_cost,0.0
10781,2042,reg1,UO2_supply ,investment_cost,0.0
10782,2043,reg1,UO2_supply ,investment_cost,0.0
10783,2044,reg1,UO2_supply ,investment_cost,0.0
10784,2045,reg1,UO2_supply ,investment_cost,0.0
10785,2046,reg1,UO2_supply ,investment_cost,0.0
10786,2047,reg1,UO2_supply ,investment_cost,0.0
10787,2048,reg1,UO2_supply ,investment_cost,0.0
10788,2049,reg1,UO2_supply ,investment_cost,0.0
10789,2050,reg1,UO2_supply ,investment_cost,0.0
10790,2051,reg1,UO2_supply ,investment_cost,0.0
10791,2052,reg1,UO2_supply ,investment_cost,0.0
10792,2053,reg1,UO2_supply ,investment_cost,0.0
10793,2054,reg1,UO2_supply ,investment_cost,0.0
10794,2055,reg1,UO2_supply ,investment_cost,0.0
10795,2056,reg1,UO2_supply ,investment_cost,0.0
10796,2057,reg1,UO2_supply ,investment_cost,0.0
10797,2058,reg1,UO2_supply ,investment_cost,0.0
10798,2059,reg1,UO2_supply ,investment_cost,0.0
10799,2060,reg1,UO2_supply ,investment_cost,0.0
10800,2025,reg1,Electricity_net_imports,investment_cost,0.0
10801,2026,reg1,Electricity_net_imports,investment_cost,0.0
10802,2027,reg1,Electricity_net_imports,investment_cost,0.0
10803,2028,reg1,Electricity_net_imports,investment_cost,0.0
10804,2029,reg1,Electricity_net_imports,investment_cost,0.0
10805,2030,reg1,Electricity_net_imports,investment_cost,0.0
10806,2031,reg1,Electricity_net_imports,investment_cost,0.0
10807,2032,reg1,Electricity_net_imports,investment_cost,0.0
10808,2033,reg1,Electricity_net_imports,investment_cost,0.0
10809,2034,reg1,Electricity_net_imports,investment_cost,0.0
10810,2035,reg1,Electricity_net_imports,investment_cost,0.0
10811,2036,reg1,Electricity_net_imports,investment_cost,0.0
10812,2037,reg1,Electricity_net_imports,investment_cost,0.0
10813,2038,reg1,Electricity_net_imports,investment_cost,0.0
10814,2039,reg1,Electricity_net_imports,investment_cost,0.0
10815,2040,reg1,Electricity_net_imports,investment_cost,0.0
10816,2041,reg1,Electricity_net_imports,investment_cost,0.0
10817,2042,reg1,Electricity_net_imports,investment_cost,0.0
10818,2043,reg1,Electricity_net_imports,investment_cost,0.0
10819,2044,reg1,Electricity_net_imports,investment_cost,0.0
10820,2045,reg1,Electricity_net_imports,investment_cost,0.0
10821,2046,reg1,Electricity_net_imports,investment_cost,0.0
10822,2047,reg1,Electricity_net_imports,investment_cost,0.0
10823,2048,reg1,Electricity_net_imports,investment_cost,0.0
10824,2049,reg1,Electricity_net_imports,investment_cost,0.0
10825,2050,reg1,Electricity_net_imports,investment_cost,0.0
10826,2051,reg1,Electricity_net_imports,investment_cost,0.0
10827,2052,reg1,Electricity_net_imports,investment_cost,0.0
10828,2053,reg1,Electricity_net_imports,investment_cost,0.0
10829,2054,reg1,Electricity_net_imports,investment_cost,0.0
10830,2055,reg1,Electricity_net_imports,investment_cost,0.0
10831,2056,reg1,Electricity_net_imports,investment_cost,0.0
10832,2057,reg1,Electricity_net_imports,investment_cost,0.0
10833,2058,reg1,Electricity_net_imports,investment_cost,0.0
10834,2059,reg1,Electricity_net_imports,investment_cost,0.0
10835,2060,reg1,Electricity_net_imports,investment_cost,0.0
10836,2025,reg1,Geo_HP,investment_cost,19444590.210461706
10837,2026,reg1,Geo_HP,investment_cost,19444970.58157954
10838,2027,reg1,Geo_HP,investment_cost,19444970.58157954
10839,2028,reg1,Geo_HP,investment_cost,19444970.58157954
10840,2029,reg1,Geo_HP,investment_cost,19444970.58157954
10841,2030,reg1,Geo_HP,investment_cost,19444970.58157954
10842,2031,reg1,Geo_HP,investment_cost,19444970.58157954
10843,2032,reg1,Geo_HP,investment_cost,19444970.58157954
10844,2033,reg1,Geo_HP,investment_cost,19444970.58157954
10845,2034,reg1,Geo_HP,investment_cost,19444970.58157954
10846,2035,reg1,Geo_HP,investment_cost,19444970.58157954
10847,2036,reg1,Geo_HP,investment_cost,19444970.58157954
10848,2037,reg1,Geo_HP,investment_cost,19444970.58157954
10849,2038,reg1,Geo_HP,investment_cost,19444970.58157954
10850,2039,reg1,Geo_HP,investment_cost,19466434.713736158
10851,2040,reg1,Geo_HP,investment_cost,0.0
10852,2041,reg1,Geo_HP,investment_cost,0.0
10853,2042,reg1,Geo_HP,investment_cost,0.0
10854,2043,reg1,Geo_HP,investment_cost,0.0
10855,2044,reg1,Geo_HP,investment_cost,0.0
10856,2045,reg1,Geo_HP,investment_cost,0.0
10857,2046,reg1,Geo_HP,investment_cost,0.0
10858,2047,reg1,Geo_HP,investment_cost,0.0
10859,2048,reg1,Geo_HP,investment_cost,0.0
10860,2049,reg1,Geo_HP,investment_cost,0.0
10861,2050,reg1,Geo_HP,investment_cost,19444590.210462473
10862,2051,reg1,Geo_HP,investment_cost,19444970.58157954
10863,2052,reg1,Geo_HP,investment_cost,19444970.58157954
10864,2053,reg1,Geo_HP,investment_cost,19444970.58157954
10865,2054,reg1,Geo_HP,investment_cost,19444970.58157954
10866,2055,reg1,Geo_HP,investment_cost,19444970.58157954
10867,2056,reg1,Geo_HP,investment_cost,19444970.58157954
10868,2057,reg1,Geo_HP,investment_cost,19444970.58157954
10869,2058,reg1,Geo_HP,investment_cost,0.0
10870,2059,reg1,Geo_HP,investment_cost,0.0
10871,2060,reg1,Geo_HP,investment_cost,0.0
10872,2025,reg1,Pump_hydro_ST,investment_cost,276041666.6666672
10873,2026,reg1,Pump_hydro_ST,investment_cost,276041666.6666672
10874,2027,reg1,Pump_hydro_ST,investment_cost,276041666.6666672
10875,2028,reg1,Pump_hydro_ST,investment_cost,276041666.6666672
10876,2029,reg1,Pump_hydro_ST,investment_cost,276041666.6666672
10877,2030,reg1,Pump_hydro_ST,investment_cost,276041666.6666672
10878,2031,reg1,Pump_hydro_ST,investment_cost,276041666.6666672
10879,2032,reg1,Pump_hydro_ST,investment_cost,276041666.6666672
10880,2033,reg1,Pump_hydro_ST,investment_cost,1285447387.0848234
10881,2034,reg1,Pump_hydro_ST,investment_cost,1758758355.468367
10882,2035,reg1,Pump_hydro_ST,investment_cost,0.0
10883,2036,reg1,Pump_hydro_ST,investment_cost,648708541.9797058
10884,2037,reg1,Pump_hydro_ST,investment_cost,2479354483.375963
10885,2038,reg1,Pump_hydro_ST,investment_cost,0.0
10886,2039,reg1,Pump_hydro_ST,investment_cost,0.0
10887,2040,reg1,Pump_hydro_ST,investment_cost,0.0
10888,2041,reg1,Pump_hydro_ST,investment_cost,0.0
10889,2042,reg1,Pump_hydro_ST,investment_cost,0.0
10890,2043,reg1,Pump_hydro_ST,investment_cost,0.0
10891,2044,reg1,Pump_hydro_ST,investment_cost,0.0
10892,2045,reg1,Pump_hydro_ST,investment_cost,0.0
10893,2046,reg1,Pump_hydro_ST,investment_cost,0.0
10894,2047,reg1,Pump_hydro_ST,investment_cost,0.0
10895,2048,reg1,Pump_hydro_ST,investment_cost,0.0
10896,2049,reg1,Pump_hydro_ST,investment_cost,0.0
10897,2050,reg1,Pump_hydro_ST,investment_cost,0.0
10898,2051,reg1,Pump_hydro_ST,investment_cost,0.0
10899,2052,reg1,Pump_hydro_ST,investment_cost,0.0
10900,2053,reg1,Pump_hydro_ST,investment_cost,0.0
10901,2054,reg1,Pump_hydro_ST,investment_cost,0.0
10902,2055,reg1,Pump_hydro_ST,investment_cost,0.0
10903,2056,reg1,Pump_hydro_ST,investment_cost,0.0
10904,2057,reg1,Pump_hydro_ST,investment_cost,0.0
10905,2058,reg1,Pump_hydro_ST,investment_cost,0.0
10906,2059,reg1,Pump_hydro_ST,investment_cost,0.0
10907,2060,reg1,Pump_hydro_ST,investment_cost,0.0
10908,2025,reg1,Electrochemical_ST,investment_cost,0.0
10909,2026,reg1,Electrochemical_ST,investment_cost,0.0
10910,2027,reg1,Electrochemical_ST,investment_cost,0.0
10911,2028,reg1,Electrochemical_ST,investment_cost,0.0
10912,2029,reg1,Electrochemical_ST,investment_cost,0.0
10913,2030,reg1,Electrochemical_ST,investment_cost,0.0
10914,2031,reg1,Electrochemical_ST,investment_cost,0.0
10915,2032,reg1,Electrochemical_ST,investment_cost,0.0
10916,2033,reg1,Electrochemical_ST,investment_cost,0.0
10917,2034,reg1,Electrochemical_ST,investment_cost,0.0
10918,2035,reg1,Electrochemical_ST,investment_cost,569448000.0
10919,2036,reg1,Electrochemical_ST,investment_cost,559094400.0
10920,2037,reg1,Electrochemical_ST,investment_cost,548740800.0
10921,2038,reg1,Electrochemical_ST,investment_cost,538387200.0
10922,2039,reg1,Electrochemical_ST,investment_cost,528033600.0
10923,2040,reg1,Electrochemical_ST,investment_cost,0.0
10924,2041,reg1,Electrochemical_ST,investment_cost,0.0
10925,2042,reg1,Electrochemical_ST,investment_cost,2032178316.7245913
10926,2043,reg1,Electrochemical_ST,investment_cost,2364000000.0
10927,2044,reg1,Electrochemical_ST,investment_cost,2352000000.0
10928,2045,reg1,Electrochemical_ST,investment_cost,2340000000.0
10929,2046,reg1,Electrochemical_ST,investment_cost,0.0
10930,2047,reg1,Electrochemical_ST,investment_cost,0.0
10931,2048,reg1,Electrochemical_ST,investment_cost,2304000000.0
10932,2049,reg1,Electrochemical_ST,investment_cost,2292000000.0
10933,2050,reg1,Electrochemical_ST,investment_cost,2280000000.0
10934,2051,reg1,Electrochemical_ST,investment_cost,2280000000.0
10935,2052,reg1,Electrochemical_ST,investment_cost,2280000000.0
10936,2053,reg1,Electrochemical_ST,investment_cost,2280000000.0
10937,2054,reg1,Electrochemical_ST,investment_cost,2280000000.0
10938,2055,reg1,Electrochemical_ST,investment_cost,0.0
10939,2056,reg1,Electrochemical_ST,investment_cost,0.0
10940,2057,reg1,Electrochemical_ST,investment_cost,0.0
10941,2058,reg1,Electrochemical_ST,investment_cost,0.0
10942,2059,reg1,Electrochemical_ST,investment_cost,0.0
10943,2060,reg1,Electrochemical_ST,investment_cost,0.0
10944,2025,reg1,Hydrogen_ST,investment_cost,3601037.6999999997
10945,2026,reg1,Hydrogen_ST,investment_cost,3601037.6999999997
10946,2027,reg1,Hydrogen_ST,investment_cost,3601037.6999999997
10947,2028,reg1,Hydrogen_ST,investment_cost,3601037.6999999997
10948,2029,reg1,Hydrogen_ST,investment_cost,4801383.6
10949,2030,reg1,Hydrogen_ST,investment_cost,0.0
10950,2031,reg1,Hydrogen_ST,investment_cost,0.0
10951,2032,reg1,Hydrogen_ST,investment_cost,0.0
10952,2033,reg1,Hydrogen_ST,investment_cost,0.0
10953,2034,reg1,Hydrogen_ST,investment_cost,0.0
10954,2035,reg1,Hydrogen_ST,investment_cost,0.0
10955,2036,reg1,Hydrogen_ST,investment_cost,0.0
10956,2037,reg1,Hydrogen_ST,investment_cost,0.0
10957,2038,reg1,Hydrogen_ST,investment_cost,0.0
10958,2039,reg1,Hydrogen_ST,investment_cost,0.0
10959,2040,reg1,Hydrogen_ST,investment_cost,0.0
10960,2041,reg1,Hydrogen_ST,investment_cost,0.0
10961,2042,reg1,Hydrogen_ST,investment_cost,0.0
10962,2043,reg1,Hydrogen_ST,investment_cost,0.0
10963,2044,reg1,Hydrogen_ST,investment_cost,0.0
10964,2045,reg1,Hydrogen_ST,investment_cost,0.0
10965,2046,reg1,Hydrogen_ST,investment_cost,0.0
10966,2047,reg1,Hydrogen_ST,investment_cost,0.0
10967,2048,reg1,Hydrogen_ST,investment_cost,0.0
10968,2049,reg1,Hydrogen_ST,investment_cost,0.0
10969,2050,reg1,Hydrogen_ST,investment_cost,0.0
10970,2051,reg1,Hydrogen_ST,investment_cost,0.0
10971,2052,reg1,Hydrogen_ST,investment_cost,0.0
10972,2053,reg1,Hydrogen_ST,investment_cost,0.0
10973,2054,reg1,Hydrogen_ST,investment_cost,0.0
10974,2055,reg1,Hydrogen_ST,investment_cost,15604496.7
10975,2056,reg1,Hydrogen_ST,investment_cost,2400691.8
10976,2057,reg1,Hydrogen_ST,investment_cost,0.0
10977,2058,reg1,Hydrogen_ST,investment_cost,0.0
10978,2059,reg1,Hydrogen_ST,investment_cost,0.0
10979,2060,reg1,Hydrogen_ST,investment_cost,0.0
10980,2025,reg1,Thermal_ST,investment_cost,0.0
10981,2026,reg1,Thermal_ST,investment_cost,0.0
10982,2027,reg1,Thermal_ST,investment_cost,0.0
10983,2028,reg1,Thermal_ST,investment_cost,0.0
10984,2029,reg1,Thermal_ST,investment_cost,0.0
10985,2030,reg1,Thermal_ST,investment_cost,0.0
10986,2031,reg1,Thermal_ST,investment_cost,0.0
10987,2032,reg1,Thermal_ST,investment_cost,0.0
10988,2033,reg1,Thermal_ST,investment_cost,0.0
10989,2034,reg1,Thermal_ST,investment_cost,0.0
10990,2035,reg1,Thermal_ST,investment_cost,0.0
10991,2036,reg1,Thermal_ST,investment_cost,0.0
10992,2037,reg1,Thermal_ST,investment_cost,0.0
10993,2038,reg1,Thermal_ST,investment_cost,0.0
10994,2039,reg1,Thermal_ST,investment_cost,0.0
10995,2040,reg1,Thermal_ST,investment_cost,0.0
10996,2041,reg1,Thermal_ST,investment_cost,0.0
10997,2042,reg1,Thermal_ST,investment_cost,0.0
10998,2043,reg1,Thermal_ST,investment_cost,0.0
10999,2044,reg1,Thermal_ST,investment_cost,0.0
11000,2045,reg1,Thermal_ST,investment_cost,0.0
11001,2046,reg1,Thermal_ST,investment_cost,0.0
11002,2047,reg1,Thermal_ST,investment_cost,0.0
11003,2048,reg1,Thermal_ST,investment_cost,0.0
11004,2049,reg1,Thermal_ST,investment_cost,0.0
11005,2050,reg1,Thermal_ST,investment_cost,0.0
11006,2051,reg1,Thermal_ST,investment_cost,0.0
11007,2052,reg1,Thermal_ST,investment_cost,0.0
11008,2053,reg1,Thermal_ST,investment_cost,0.0
11009,2054,reg1,Thermal_ST,investment_cost,0.0
11010,2055,reg1,Thermal_ST,investment_cost,0.0
11011,2056,reg1,Thermal_ST,investment_cost,0.0
11012,2057,reg1,Thermal_ST,investment_cost,0.0
11013,2058,reg1,Thermal_ST,investment_cost,0.0
11014,2059,reg1,Thermal_ST,investment_cost,0.0
11015,2060,reg1,Thermal_ST,investment_cost,0.0
11016,2025,reg1,Thermal-H2_ST,investment_cost,0.0
11017,2026,reg1,Thermal-H2_ST,investment_cost,0.0
11018,2027,reg1,Thermal-H2_ST,investment_cost,0.0
11019,2028,reg1,Thermal-H2_ST,investment_cost,0.0
11020,2029,reg1,Thermal-H2_ST,investment_cost,0.0
11021,2030,reg1,Thermal-H2_ST,investment_cost,0.0
11022,2031,reg1,Thermal-H2_ST,investment_cost,0.0
11023,2032,reg1,Thermal-H2_ST,investment_cost,0.0
11024,2033,reg1,Thermal-H2_ST,investment_cost,0.0
11025,2034,reg1,Thermal-H2_ST,investment_cost,0.0
11026,2035,reg1,Thermal-H2_ST,investment_cost,0.0
11027,2036,reg1,Thermal-H2_ST,investment_cost,0.0
11028,2037,reg1,Thermal-H2_ST,investment_cost,0.0
11029,2038,reg1,Thermal-H2_ST,investment_cost,0.0
11030,2039,reg1,Thermal-H2_ST,investment_cost,0.0
11031,2040,reg1,Thermal-H2_ST,investment_cost,0.0
11032,2041,reg1,Thermal-H2_ST,investment_cost,0.0
11033,2042,reg1,Thermal-H2_ST,investment_cost,0.0
11034,2043,reg1,Thermal-H2_ST,investment_cost,0.0
11035,2044,reg1,Thermal-H2_ST,investment_cost,0.0
11036,2045,reg1,Thermal-H2_ST,investment_cost,0.0
11037,2046,reg1,Thermal-H2_ST,investment_cost,0.0
11038,2047,reg1,Thermal-H2_ST,investment_cost,0.0
11039,2048,reg1,Thermal-H2_ST,investment_cost,0.0
11040,2049,reg1,Thermal-H2_ST,investment_cost,0.0
11041,2050,reg1,Thermal-H2_ST,investment_cost,0.0
11042,2051,reg1,Thermal-H2_ST,investment_cost,0.0
11043,2052,reg1,Thermal-H2_ST,investment_cost,0.0
11044,2053,reg1,Thermal-H2_ST,investment_cost,0.0
11045,2054,reg1,Thermal-H2_ST,investment_cost,0.0
11046,2055,reg1,Thermal-H2_ST,investment_cost,0.0
11047,2056,reg1,Thermal-H2_ST,investment_cost,0.0
11048,2057,reg1,Thermal-H2_ST,investment_cost,0.0
11049,2058,reg1,Thermal-H2_ST,investment_cost,0.0
11050,2059,reg1,Thermal-H2_ST,investment_cost,0.0
11051,2060,reg1,Thermal-H2_ST,investment_cost,0.0
11052,2025,reg1,HTHP,investment_cost,0.0
11053,2026,reg1,HTHP,investment_cost,0.0
11054,2027,reg1,HTHP,investment_cost,12141598.147334721
11055,2028,reg1,HTHP,investment_cost,876000000.0
11056,2029,reg1,HTHP,investment_cost,865500000.0
11057,2030,reg1,HTHP,investment_cost,855000000.0
11058,2031,reg1,HTHP,investment_cost,850750000.0
11059,2032,reg1,HTHP,investment_cost,846500000.0
11060,2033,reg1,HTHP,investment_cost,532483705.3486829
11061,2034,reg1,HTHP,investment_cost,183709495.93954638
11062,2035,reg1,HTHP,investment_cost,0.0
11063,2036,reg1,HTHP,investment_cost,0.0
11064,2037,reg1,HTHP,investment_cost,0.0
11065,2038,reg1,HTHP,investment_cost,0.0
11066,2039,reg1,HTHP,investment_cost,0.0
11067,2040,reg1,HTHP,investment_cost,394536074.50488734
11068,2041,reg1,HTHP,investment_cost,0.0
11069,2042,reg1,HTHP,investment_cost,0.0
11070,2043,reg1,HTHP,investment_cost,422480948.13702846
11071,2044,reg1,HTHP,investment_cost,118402968.14458375
11072,2045,reg1,HTHP,investment_cost,47574758.99606106
11073,2046,reg1,HTHP,investment_cost,41038242.3101207
11074,2047,reg1,HTHP,investment_cost,45290190.538741335
11075,2048,reg1,HTHP,investment_cost,670944947.0488373
11076,2049,reg1,HTHP,investment_cost,774250000.0
11077,2050,reg1,HTHP,investment_cost,730130602.5371622
11078,2051,reg1,HTHP,investment_cost,770000000.0
11079,2052,reg1,HTHP,investment_cost,169512405.32059804
11080,2053,reg1,HTHP,investment_cost,0.0
11081,2054,reg1,HTHP,investment_cost,0.0
11082,2055,reg1,HTHP,investment_cost,0.0
11083,2056,reg1,HTHP,investment_cost,0.0
11084,2057,reg1,HTHP,investment_cost,0.0
11085,2058,reg1,HTHP,investment_cost,0.0
11086,2059,reg1,HTHP,investment_cost,0.0
11087,2060,reg1,HTHP,investment_cost,0.0
11088,2025,reg1,SMR,investment_cost,177208489.2536579
11089,2026,reg1,SMR,investment_cost,172634193.16668072
11090,2027,reg1,SMR,investment_cost,168059897.0797033
11091,2028,reg1,SMR,investment_cost,163485600.99272633
11092,2029,reg1,SMR,investment_cost,157382693.07940984
11093,2030,reg1,SMR,investment_cost,21753591.317978557
11094,2031,reg1,SMR,investment_cost,21261100.94953826
11095,2032,reg1,SMR,investment_cost,20768610.58111193
11096,2033,reg1,SMR,investment_cost,20276120.212685827
11097,2034,reg1,SMR,investment_cost,19783629.84388945
11098,2035,reg1,SMR,investment_cost,19291139.4762031
11099,2036,reg1,SMR,investment_cost,18798649.10639339
11100,2037,reg1,SMR,investment_cost,18306158.739993483
11101,2038,reg1,SMR,investment_cost,0.0
11102,2039,reg1,SMR,investment_cost,0.0
11103,2040,reg1,SMR,investment_cost,0.0
11104,2041,reg1,SMR,investment_cost,0.0
11105,2042,reg1,SMR,investment_cost,0.0
11106,2043,reg1,SMR,investment_cost,0.0
11107,2044,reg1,SMR,investment_cost,0.0
11108,2045,reg1,SMR,investment_cost,0.0
11109,2046,reg1,SMR,investment_cost,0.0
11110,2047,reg1,SMR,investment_cost,0.0
11111,2048,reg1,SMR,investment_cost,0.0
11112,2049,reg1,SMR,investment_cost,0.0
11113,2050,reg1,SMR,investment_cost,0.0
11114,2051,reg1,SMR,investment_cost,0.0
11115,2052,reg1,SMR,investment_cost,0.0
11116,2053,reg1,SMR,investment_cost,0.0
11117,2054,reg1,SMR,investment_cost,0.0
11118,2055,reg1,SMR,investment_cost,0.0
11119,2056,reg1,SMR,investment_cost,113137124.1502849
11120,2057,reg1,SMR,investment_cost,168059897.0790055
11121,2058,reg1,SMR,investment_cost,187003338.87105772
11122,2059,reg1,SMR,investment_cost,157382693.07940984
11123,2060,reg1,SMR,investment_cost,0.0
11124,2025,reg1,SMR_CCS,investment_cost,0.0
11125,2026,reg1,SMR_CCS,investment_cost,0.0
11126,2027,reg1,SMR_CCS,investment_cost,0.0
11127,2028,reg1,SMR_CCS,investment_cost,0.0
11128,2029,reg1,SMR_CCS,investment_cost,0.0
11129,2030,reg1,SMR_CCS,investment_cost,0.0
11130,2031,reg1,SMR_CCS,investment_cost,0.0
11131,2032,reg1,SMR_CCS,investment_cost,0.0
11132,2033,reg1,SMR_CCS,investment_cost,0.0
11133,2034,reg1,SMR_CCS,investment_cost,0.0
11134,2035,reg1,SMR_CCS,investment_cost,0.0
11135,2036,reg1,SMR_CCS,investment_cost,0.0
11136,2037,reg1,SMR_CCS,investment_cost,0.0
11137,2038,reg1,SMR_CCS,investment_cost,0.0
11138,2039,reg1,SMR_CCS,investment_cost,0.0
11139,2040,reg1,SMR_CCS,investment_cost,0.0
11140,2041,reg1,SMR_CCS,investment_cost,0.0
11141,2042,reg1,SMR_CCS,investment_cost,0.0
11142,2043,reg1,SMR_CCS,investment_cost,0.0
11143,2044,reg1,SMR_CCS,investment_cost,0.0
11144,2045,reg1,SMR_CCS,investment_cost,0.0
11145,2046,reg1,SMR_CCS,investment_cost,0.0
11146,2047,reg1,SMR_CCS,investment_cost,0.0
11147,2048,reg1,SMR_CCS,investment_cost,0.0
11148,2049,reg1,SMR_CCS,investment_cost,0.0
11149,2050,reg1,SMR_CCS,investment_cost,0.0
11150,2051,reg1,SMR_CCS,investment_cost,0.0
11151,2052,reg1,SMR_CCS,investment_cost,0.0
11152,2053,reg1,SMR_CCS,investment_cost,0.0
11153,2054,reg1,SMR_CCS,investment_cost,0.0
11154,2055,reg1,SMR_CCS,investment_cost,0.0
11155,2056,reg1,SMR_CCS,investment_cost,0.0
11156,2057,reg1,SMR_CCS,investment_cost,0.0
11157,2058,reg1,SMR_CCS,investment_cost,0.0
11158,2059,reg1,SMR_CCS,investment_cost,0.0
11159,2060,reg1,SMR_CCS,investment_cost,0.0
11160,2025,reg1,Electrolysis_PEM,investment_cost,0.0
11161,2026,reg1,Electrolysis_PEM,investment_cost,0.0
11162,2027,reg1,Electrolysis_PEM,investment_cost,0.0
11163,2028,reg1,Electrolysis_PEM,investment_cost,0.0
11164,2029,reg1,Electrolysis_PEM,investment_cost,0.0
11165,2030,reg1,Electrolysis_PEM,investment_cost,0.0
11166,2031,reg1,Electrolysis_PEM,investment_cost,0.0
11167,2032,reg1,Electrolysis_PEM,investment_cost,0.0
11168,2033,reg1,Electrolysis_PEM,investment_cost,0.0
11169,2034,reg1,Electrolysis_PEM,investment_cost,0.0
11170,2035,reg1,Electrolysis_PEM,investment_cost,0.0
11171,2036,reg1,Electrolysis_PEM,investment_cost,0.0
11172,2037,reg1,Electrolysis_PEM,investment_cost,0.0
11173,2038,reg1,Electrolysis_PEM,investment_cost,95090148.93129124
11174,2039,reg1,Electrolysis_PEM,investment_cost,0.0
11175,2040,reg1,Electrolysis_PEM,investment_cost,0.0
11176,2041,reg1,Electrolysis_PEM,investment_cost,0.0
11177,2042,reg1,Electrolysis_PEM,investment_cost,0.0
11178,2043,reg1,Electrolysis_PEM,investment_cost,0.0
11179,2044,reg1,Electrolysis_PEM,investment_cost,0.0
11180,2045,reg1,Electrolysis_PEM,investment_cost,0.0
11181,2046,reg1,Electrolysis_PEM,investment_cost,0.0
11182,2047,reg1,Electrolysis_PEM,investment_cost,0.0
11183,2048,reg1,Electrolysis_PEM,investment_cost,0.0
11184,2049,reg1,Electrolysis_PEM,investment_cost,0.0
11185,2050,reg1,Electrolysis_PEM,investment_cost,0.0
11186,2051,reg1,Electrolysis_PEM,investment_cost,0.0
11187,2052,reg1,Electrolysis_PEM,investment_cost,0.0
11188,2053,reg1,Electrolysis_PEM,investment_cost,0.0
11189,2054,reg1,Electrolysis_PEM,investment_cost,0.0
11190,2055,reg1,Electrolysis_PEM,investment_cost,0.0
11191,2056,reg1,Electrolysis_PEM,investment_cost,0.0
11192,2057,reg1,Electrolysis_PEM,investment_cost,0.0
11193,2058,reg1,Electrolysis_PEM,investment_cost,0.0
11194,2059,reg1,Electrolysis_PEM,investment_cost,0.0
11195,2060,reg1,Electrolysis_PEM,investment_cost,0.0
11196,2025,reg1,SFF_PP,investment_cost,0.0
11197,2026,reg1,SFF_PP,investment_cost,0.0
11198,2027,reg1,SFF_PP,investment_cost,0.0
11199,2028,reg1,SFF_PP,investment_cost,0.0
11200,2029,reg1,SFF_PP,investment_cost,0.0
11201,2030,reg1,SFF_PP,investment_cost,0.0
11202,2031,reg1,SFF_PP,investment_cost,0.0
11203,2032,reg1,SFF_PP,investment_cost,0.0
11204,2033,reg1,SFF_PP,investment_cost,0.0
11205,2034,reg1,SFF_PP,investment_cost,0.0
11206,2035,reg1,SFF_PP,investment_cost,0.0
11207,2036,reg1,SFF_PP,investment_cost,0.0
11208,2037,reg1,SFF_PP,investment_cost,0.0
11209,2038,reg1,SFF_PP,investment_cost,0.0
11210,2039,reg1,SFF_PP,investment_cost,0.0
11211,2040,reg1,SFF_PP,investment_cost,0.0
11212,2041,reg1,SFF_PP,investment_cost,0.0
11213,2042,reg1,SFF_PP,investment_cost,0.0
11214,2043,reg1,SFF_PP,investment_cost,0.0
11215,2044,reg1,SFF_PP,investment_cost,0.0
11216,2045,reg1,SFF_PP,investment_cost,0.0
11217,2046,reg1,SFF_PP,investment_cost,0.0
11218,2047,reg1,SFF_PP,investment_cost,0.0
11219,2048,reg1,SFF_PP,investment_cost,0.0
11220,2049,reg1,SFF_PP,investment_cost,0.0
11221,2050,reg1,SFF_PP,investment_cost,0.0
11222,2051,reg1,SFF_PP,investment_cost,0.0
11223,2052,reg1,SFF_PP,investment_cost,0.0
11224,2053,reg1,SFF_PP,investment_cost,0.0
11225,2054,reg1,SFF_PP,investment_cost,0.0
11226,2055,reg1,SFF_PP,investment_cost,0.0
11227,2056,reg1,SFF_PP,investment_cost,0.0
11228,2057,reg1,SFF_PP,investment_cost,0.0
11229,2058,reg1,SFF_PP,investment_cost,0.0
11230,2059,reg1,SFF_PP,investment_cost,0.0
11231,2060,reg1,SFF_PP,investment_cost,0.0
11232,2025,reg1,Nuc_SMR_PP,investment_cost,0.0
11233,2026,reg1,Nuc_SMR_PP,investment_cost,0.0
11234,2027,reg1,Nuc_SMR_PP,investment_cost,0.0
11235,2028,reg1,Nuc_SMR_PP,investment_cost,0.0
11236,2029,reg1,Nuc_SMR_PP,investment_cost,0.0
11237,2030,reg1,Nuc_SMR_PP,investment_cost,0.0
11238,2031,reg1,Nuc_SMR_PP,investment_cost,0.0
11239,2032,reg1,Nuc_SMR_PP,investment_cost,0.0
11240,2033,reg1,Nuc_SMR_PP,investment_cost,0.0
11241,2034,reg1,Nuc_SMR_PP,investment_cost,0.0
11242,2035,reg1,Nuc_SMR_PP,investment_cost,0.0
11243,2036,reg1,Nuc_SMR_PP,investment_cost,0.0
11244,2037,reg1,Nuc_SMR_PP,investment_cost,0.0
11245,2038,reg1,Nuc_SMR_PP,investment_cost,0.0
11246,2039,reg1,Nuc_SMR_PP,investment_cost,0.0
11247,2040,reg1,Nuc_SMR_PP,investment_cost,0.0
11248,2041,reg1,Nuc_SMR_PP,investment_cost,0.0
11249,2042,reg1,Nuc_SMR_PP,investment_cost,0.0
11250,2043,reg1,Nuc_SMR_PP,investment_cost,0.0
11251,2044,reg1,Nuc_SMR_PP,investment_cost,0.0
11252,2045,reg1,Nuc_SMR_PP,investment_cost,0.0
11253,2046,reg1,Nuc_SMR_PP,investment_cost,0.0
11254,2047,reg1,Nuc_SMR_PP,investment_cost,0.0
11255,2048,reg1,Nuc_SMR_PP,investment_cost,0.0
11256,2049,reg1,Nuc_SMR_PP,investment_cost,0.0
11257,2050,reg1,Nuc_SMR_PP,investment_cost,0.0
11258,2051,reg1,Nuc_SMR_PP,investment_cost,0.0
11259,2052,reg1,Nuc_SMR_PP,investment_cost,0.0
11260,2053,reg1,Nuc_SMR_PP,investment_cost,0.0
11261,2054,reg1,Nuc_SMR_PP,investment_cost,0.0
11262,2055,reg1,Nuc_SMR_PP,investment_cost,0.0
11263,2056,reg1,Nuc_SMR_PP,investment_cost,0.0
11264,2057,reg1,Nuc_SMR_PP,investment_cost,0.0
11265,2058,reg1,Nuc_SMR_PP,investment_cost,0.0
11266,2059,reg1,Nuc_SMR_PP,investment_cost,0.0
11267,2060,reg1,Nuc_SMR_PP,investment_cost,0.0
11268,2025,reg1,Nuc_G3+_PP,investment_cost,0.0
11269,2026,reg1,Nuc_G3+_PP,investment_cost,0.0
11270,2027,reg1,Nuc_G3+_PP,investment_cost,0.0
11271,2028,reg1,Nuc_G3+_PP,investment_cost,0.0
11272,2029,reg1,Nuc_G3+_PP,investment_cost,0.0
11273,2030,reg1,Nuc_G3+_PP,investment_cost,0.0
11274,2031,reg1,Nuc_G3+_PP,investment_cost,0.0
11275,2032,reg1,Nuc_G3+_PP,investment_cost,0.0
11276,2033,reg1,Nuc_G3+_PP,investment_cost,0.0
11277,2034,reg1,Nuc_G3+_PP,investment_cost,0.0
11278,2035,reg1,Nuc_G3+_PP,investment_cost,0.0
11279,2036,reg1,Nuc_G3+_PP,investment_cost,0.0
11280,2037,reg1,Nuc_G3+_PP,investment_cost,0.0
11281,2038,reg1,Nuc_G3+_PP,investment_cost,0.0
11282,2039,reg1,Nuc_G3+_PP,investment_cost,0.0
11283,2040,reg1,Nuc_G3+_PP,investment_cost,0.0
11284,2041,reg1,Nuc_G3+_PP,investment_cost,0.0
11285,2042,reg1,Nuc_G3+_PP,investment_cost,0.0
11286,2043,reg1,Nuc_G3+_PP,investment_cost,0.0
11287,2044,reg1,Nuc_G3+_PP,investment_cost,0.0
11288,2045,reg1,Nuc_G3+_PP,investment_cost,0.0
11289,2046,reg1,Nuc_G3+_PP,investment_cost,0.0
11290,2047,reg1,Nuc_G3+_PP,investment_cost,0.0
11291,2048,reg1,Nuc_G3+_PP,investment_cost,0.0
11292,2049,reg1,Nuc_G3+_PP,investment_cost,0.0
11293,2050,reg1,Nuc_G3+_PP,investment_cost,0.0
11294,2051,reg1,Nuc_G3+_PP,investment_cost,0.0
11295,2052,reg1,Nuc_G3+_PP,investment_cost,0.0
11296,2053,reg1,Nuc_G3+_PP,investment_cost,0.0
11297,2054,reg1,Nuc_G3+_PP,investment_cost,0.0
11298,2055,reg1,Nuc_G3+_PP,investment_cost,0.0
11299,2056,reg1,Nuc_G3+_PP,investment_cost,0.0
11300,2057,reg1,Nuc_G3+_PP,investment_cost,0.0
11301,2058,reg1,Nuc_G3+_PP,investment_cost,0.0
11302,2059,reg1,Nuc_G3+_PP,investment_cost,0.0
11303,2060,reg1,Nuc_G3+_PP,investment_cost,0.0
11304,2025,reg1,Nuc_SMR_CHP,investment_cost,0.0
11305,2026,reg1,Nuc_SMR_CHP,investment_cost,0.0
11306,2027,reg1,Nuc_SMR_CHP,investment_cost,0.0
11307,2028,reg1,Nuc_SMR_CHP,investment_cost,0.0
11308,2029,reg1,Nuc_SMR_CHP,investment_cost,0.0
11309,2030,reg1,Nuc_SMR_CHP,investment_cost,0.0
11310,2031,reg1,Nuc_SMR_CHP,investment_cost,0.0
11311,2032,reg1,Nuc_SMR_CHP,investment_cost,0.0
11312,2033,reg1,Nuc_SMR_CHP,investment_cost,0.0
11313,2034,reg1,Nuc_SMR_CHP,investment_cost,0.0
11314,2035,reg1,Nuc_SMR_CHP,investment_cost,0.0
11315,2036,reg1,Nuc_SMR_CHP,investment_cost,0.0
11316,2037,reg1,Nuc_SMR_CHP,investment_cost,0.0
11317,2038,reg1,Nuc_SMR_CHP,investment_cost,0.0
11318,2039,reg1,Nuc_SMR_CHP,investment_cost,0.0
11319,2040,reg1,Nuc_SMR_CHP,investment_cost,0.0
11320,2041,reg1,Nuc_SMR_CHP,investment_cost,0.0
11321,2042,reg1,Nuc_SMR_CHP,investment_cost,0.0
11322,2043,reg1,Nuc_SMR_CHP,investment_cost,0.0
11323,2044,reg1,Nuc_SMR_CHP,investment_cost,0.0
11324,2045,reg1,Nuc_SMR_CHP,investment_cost,0.0
11325,2046,reg1,Nuc_SMR_CHP,investment_cost,0.0
11326,2047,reg1,Nuc_SMR_CHP,investment_cost,0.0
11327,2048,reg1,Nuc_SMR_CHP,investment_cost,0.0
11328,2049,reg1,Nuc_SMR_CHP,investment_cost,0.0
11329,2050,reg1,Nuc_SMR_CHP,investment_cost,0.0
11330,2051,reg1,Nuc_SMR_CHP,investment_cost,0.0
11331,2052,reg1,Nuc_SMR_CHP,investment_cost,0.0
11332,2053,reg1,Nuc_SMR_CHP,investment_cost,0.0
11333,2054,reg1,Nuc_SMR_CHP,investment_cost,0.0
11334,2055,reg1,Nuc_SMR_CHP,investment_cost,0.0
11335,2056,reg1,Nuc_SMR_CHP,investment_cost,0.0
11336,2057,reg1,Nuc_SMR_CHP,investment_cost,0.0
11337,2058,reg1,Nuc_SMR_CHP,investment_cost,0.0
11338,2059,reg1,Nuc_SMR_CHP,investment_cost,0.0
11339,2060,reg1,Nuc_SMR_CHP,investment_cost,0.0
11340,2025,reg1,Nuc_SMR_Power-CHP,investment_cost,0.0
11341,2026,reg1,Nuc_SMR_Power-CHP,investment_cost,0.0
11342,2027,reg1,Nuc_SMR_Power-CHP,investment_cost,0.0
11343,2028,reg1,Nuc_SMR_Power-CHP,investment_cost,0.0
11344,2029,reg1,Nuc_SMR_Power-CHP,investment_cost,0.0
11345,2030,reg1,Nuc_SMR_Power-CHP,investment_cost,0.0
11346,2031,reg1,Nuc_SMR_Power-CHP,investment_cost,0.0
11347,2032,reg1,Nuc_SMR_Power-CHP,investment_cost,0.0
11348,2033,reg1,Nuc_SMR_Power-CHP,investment_cost,0.0
11349,2034,reg1,Nuc_SMR_Power-CHP,investment_cost,0.0
11350,2035,reg1,Nuc_SMR_Power-CHP,investment_cost,0.0
11351,2036,reg1,Nuc_SMR_Power-CHP,investment_cost,0.0
11352,2037,reg1,Nuc_SMR_Power-CHP,investment_cost,0.0
11353,2038,reg1,Nuc_SMR_Power-CHP,investment_cost,0.0
11354,2039,reg1,Nuc_SMR_Power-CHP,investment_cost,0.0
11355,2040,reg1,Nuc_SMR_Power-CHP,investment_cost,0.0
11356,2041,reg1,Nuc_SMR_Power-CHP,investment_cost,0.0
11357,2042,reg1,Nuc_SMR_Power-CHP,investment_cost,0.0
11358,2043,reg1,Nuc_SMR_Power-CHP,investment_cost,0.0
11359,2044,reg1,Nuc_SMR_Power-CHP,investment_cost,0.0
11360,2045,reg1,Nuc_SMR_Power-CHP,investment_cost,0.0
11361,2046,reg1,Nuc_SMR_Power-CHP,investment_cost,0.0
11362,2047,reg1,Nuc_SMR_Power-CHP,investment_cost,0.0
11363,2048,reg1,Nuc_SMR_Power-CHP,investment_cost,0.0
11364,2049,reg1,Nuc_SMR_Power-CHP,investment_cost,0.0
11365,2050,reg1,Nuc_SMR_Power-CHP,investment_cost,0.0
11366,2051,reg1,Nuc_SMR_Power-CHP,investment_cost,0.0
11367,2052,reg1,Nuc_SMR_Power-CHP,investment_cost,0.0
11368,2053,reg1,Nuc_SMR_Power-CHP,investment_cost,0.0
11369,2054,reg1,Nuc_SMR_Power-CHP,investment_cost,0.0
11370,2055,reg1,Nuc_SMR_Power-CHP,investment_cost,0.0
11371,2056,reg1,Nuc_SMR_Power-CHP,investment_cost,0.0
11372,2057,reg1,Nuc_SMR_Power-CHP,investment_cost,0.0
11373,2058,reg1,Nuc_SMR_Power-CHP,investment_cost,0.0
11374,2059,reg1,Nuc_SMR_Power-CHP,investment_cost,0.0
11375,2060,reg1,Nuc_SMR_Power-CHP,investment_cost,0.0
11376,2025,reg1,Nuc_SMR_Heat-CHP,investment_cost,0.0
11377,2026,reg1,Nuc_SMR_Heat-CHP,investment_cost,0.0
11378,2027,reg1,Nuc_SMR_Heat-CHP,investment_cost,0.0
11379,2028,reg1,Nuc_SMR_Heat-CHP,investment_cost,0.0
11380,2029,reg1,Nuc_SMR_Heat-CHP,investment_cost,0.0
11381,2030,reg1,Nuc_SMR_Heat-CHP,investment_cost,0.0
11382,2031,reg1,Nuc_SMR_Heat-CHP,investment_cost,0.0
11383,2032,reg1,Nuc_SMR_Heat-CHP,investment_cost,0.0
11384,2033,reg1,Nuc_SMR_Heat-CHP,investment_cost,0.0
11385,2034,reg1,Nuc_SMR_Heat-CHP,investment_cost,0.0
11386,2035,reg1,Nuc_SMR_Heat-CHP,investment_cost,0.0
11387,2036,reg1,Nuc_SMR_Heat-CHP,investment_cost,0.0
11388,2037,reg1,Nuc_SMR_Heat-CHP,investment_cost,0.0
11389,2038,reg1,Nuc_SMR_Heat-CHP,investment_cost,0.0
11390,2039,reg1,Nuc_SMR_Heat-CHP,investment_cost,0.0
11391,2040,reg1,Nuc_SMR_Heat-CHP,investment_cost,0.0
11392,2041,reg1,Nuc_SMR_Heat-CHP,investment_cost,0.0
11393,2042,reg1,Nuc_SMR_Heat-CHP,investment_cost,0.0
11394,2043,reg1,Nuc_SMR_Heat-CHP,investment_cost,0.0
11395,2044,reg1,Nuc_SMR_Heat-CHP,investment_cost,0.0
11396,2045,reg1,Nuc_SMR_Heat-CHP,investment_cost,0.0
11397,2046,reg1,Nuc_SMR_Heat-CHP,investment_cost,0.0
11398,2047,reg1,Nuc_SMR_Heat-CHP,investment_cost,0.0
11399,2048,reg1,Nuc_SMR_Heat-CHP,investment_cost,0.0
11400,2049,reg1,Nuc_SMR_Heat-CHP,investment_cost,0.0
11401,2050,reg1,Nuc_SMR_Heat-CHP,investment_cost,0.0
11402,2051,reg1,Nuc_SMR_Heat-CHP,investment_cost,0.0
11403,2052,reg1,Nuc_SMR_Heat-CHP,investment_cost,0.0
11404,2053,reg1,Nuc_SMR_Heat-CHP,investment_cost,0.0
11405,2054,reg1,Nuc_SMR_Heat-CHP,investment_cost,0.0
11406,2055,reg1,Nuc_SMR_Heat-CHP,investment_cost,0.0
11407,2056,reg1,Nuc_SMR_Heat-CHP,investment_cost,0.0
11408,2057,reg1,Nuc_SMR_Heat-CHP,investment_cost,0.0
11409,2058,reg1,Nuc_SMR_Heat-CHP,investment_cost,0.0
11410,2059,reg1,Nuc_SMR_Heat-CHP,investment_cost,0.0
11411,2060,reg1,Nuc_SMR_Heat-CHP,investment_cost,0.0
11412,2025,reg1,Nuc_SMR-H2_CHP,investment_cost,0.0
11413,2026,reg1,Nuc_SMR-H2_CHP,investment_cost,0.0
11414,2027,reg1,Nuc_SMR-H2_CHP,investment_cost,0.0
11415,2028,reg1,Nuc_SMR-H2_CHP,investment_cost,0.0
11416,2029,reg1,Nuc_SMR-H2_CHP,investment_cost,0.0
11417,2030,reg1,Nuc_SMR-H2_CHP,investment_cost,0.0
11418,2031,reg1,Nuc_SMR-H2_CHP,investment_cost,0.0
11419,2032,reg1,Nuc_SMR-H2_CHP,investment_cost,0.0
11420,2033,reg1,Nuc_SMR-H2_CHP,investment_cost,0.0
11421,2034,reg1,Nuc_SMR-H2_CHP,investment_cost,0.0
11422,2035,reg1,Nuc_SMR-H2_CHP,investment_cost,0.0
11423,2036,reg1,Nuc_SMR-H2_CHP,investment_cost,0.0
11424,2037,reg1,Nuc_SMR-H2_CHP,investment_cost,0.0
11425,2038,reg1,Nuc_SMR-H2_CHP,investment_cost,0.0
11426,2039,reg1,Nuc_SMR-H2_CHP,investment_cost,0.0
11427,2040,reg1,Nuc_SMR-H2_CHP,investment_cost,0.0
11428,2041,reg1,Nuc_SMR-H2_CHP,investment_cost,0.0
11429,2042,reg1,Nuc_SMR-H2_CHP,investment_cost,0.0
11430,2043,reg1,Nuc_SMR-H2_CHP,investment_cost,0.0
11431,2044,reg1,Nuc_SMR-H2_CHP,investment_cost,0.0
11432,2045,reg1,Nuc_SMR-H2_CHP,investment_cost,0.0
11433,2046,reg1,Nuc_SMR-H2_CHP,investment_cost,0.0
11434,2047,reg1,Nuc_SMR-H2_CHP,investment_cost,0.0
11435,2048,reg1,Nuc_SMR-H2_CHP,investment_cost,0.0
11436,2049,reg1,Nuc_SMR-H2_CHP,investment_cost,0.0
11437,2050,reg1,Nuc_SMR-H2_CHP,investment_cost,0.0
11438,2051,reg1,Nuc_SMR-H2_CHP,investment_cost,0.0
11439,2052,reg1,Nuc_SMR-H2_CHP,investment_cost,0.0
11440,2053,reg1,Nuc_SMR-H2_CHP,investment_cost,0.0
11441,2054,reg1,Nuc_SMR-H2_CHP,investment_cost,0.0
11442,2055,reg1,Nuc_SMR-H2_CHP,investment_cost,0.0
11443,2056,reg1,Nuc_SMR-H2_CHP,investment_cost,0.0
11444,2057,reg1,Nuc_SMR-H2_CHP,investment_cost,0.0
11445,2058,reg1,Nuc_SMR-H2_CHP,investment_cost,0.0
11446,2059,reg1,Nuc_SMR-H2_CHP,investment_cost,0.0
11447,2060,reg1,Nuc_SMR-H2_CHP,investment_cost,0.0
11448,2025,reg1,Nuc_SMR-H2_Power-CHP,investment_cost,0.0
11449,2026,reg1,Nuc_SMR-H2_Power-CHP,investment_cost,0.0
11450,2027,reg1,Nuc_SMR-H2_Power-CHP,investment_cost,0.0
11451,2028,reg1,Nuc_SMR-H2_Power-CHP,investment_cost,0.0
11452,2029,reg1,Nuc_SMR-H2_Power-CHP,investment_cost,0.0
11453,2030,reg1,Nuc_SMR-H2_Power-CHP,investment_cost,0.0
11454,2031,reg1,Nuc_SMR-H2_Power-CHP,investment_cost,0.0
11455,2032,reg1,Nuc_SMR-H2_Power-CHP,investment_cost,0.0
11456,2033,reg1,Nuc_SMR-H2_Power-CHP,investment_cost,0.0
11457,2034,reg1,Nuc_SMR-H2_Power-CHP,investment_cost,0.0
11458,2035,reg1,Nuc_SMR-H2_Power-CHP,investment_cost,0.0
11459,2036,reg1,Nuc_SMR-H2_Power-CHP,investment_cost,0.0
11460,2037,reg1,Nuc_SMR-H2_Power-CHP,investment_cost,0.0
11461,2038,reg1,Nuc_SMR-H2_Power-CHP,investment_cost,0.0
11462,2039,reg1,Nuc_SMR-H2_Power-CHP,investment_cost,0.0
11463,2040,reg1,Nuc_SMR-H2_Power-CHP,investment_cost,0.0
11464,2041,reg1,Nuc_SMR-H2_Power-CHP,investment_cost,0.0
11465,2042,reg1,Nuc_SMR-H2_Power-CHP,investment_cost,0.0
11466,2043,reg1,Nuc_SMR-H2_Power-CHP,investment_cost,0.0
11467,2044,reg1,Nuc_SMR-H2_Power-CHP,investment_cost,0.0
11468,2045,reg1,Nuc_SMR-H2_Power-CHP,investment_cost,0.0
11469,2046,reg1,Nuc_SMR-H2_Power-CHP,investment_cost,0.0
11470,2047,reg1,Nuc_SMR-H2_Power-CHP,investment_cost,0.0
11471,2048,reg1,Nuc_SMR-H2_Power-CHP,investment_cost,0.0
11472,2049,reg1,Nuc_SMR-H2_Power-CHP,investment_cost,0.0
11473,2050,reg1,Nuc_SMR-H2_Power-CHP,investment_cost,0.0
11474,2051,reg1,Nuc_SMR-H2_Power-CHP,investment_cost,0.0
11475,2052,reg1,Nuc_SMR-H2_Power-CHP,investment_cost,0.0
11476,2053,reg1,Nuc_SMR-H2_Power-CHP,investment_cost,0.0
11477,2054,reg1,Nuc_SMR-H2_Power-CHP,investment_cost,0.0
11478,2055,reg1,Nuc_SMR-H2_Power-CHP,investment_cost,0.0
11479,2056,reg1,Nuc_SMR-H2_Power-CHP,investment_cost,0.0
11480,2057,reg1,Nuc_SMR-H2_Power-CHP,investment_cost,0.0
11481,2058,reg1,Nuc_SMR-H2_Power-CHP,investment_cost,0.0
11482,2059,reg1,Nuc_SMR-H2_Power-CHP,investment_cost,0.0
11483,2060,reg1,Nuc_SMR-H2_Power-CHP,investment_cost,0.0
11484,2025,reg1,Nuc_SMR-H2_Heat-CHP,investment_cost,0.0
11485,2026,reg1,Nuc_SMR-H2_Heat-CHP,investment_cost,0.0
11486,2027,reg1,Nuc_SMR-H2_Heat-CHP,investment_cost,0.0
11487,2028,reg1,Nuc_SMR-H2_Heat-CHP,investment_cost,0.0
11488,2029,reg1,Nuc_SMR-H2_Heat-CHP,investment_cost,0.0
11489,2030,reg1,Nuc_SMR-H2_Heat-CHP,investment_cost,0.0
11490,2031,reg1,Nuc_SMR-H2_Heat-CHP,investment_cost,0.0
11491,2032,reg1,Nuc_SMR-H2_Heat-CHP,investment_cost,0.0
11492,2033,reg1,Nuc_SMR-H2_Heat-CHP,investment_cost,0.0
11493,2034,reg1,Nuc_SMR-H2_Heat-CHP,investment_cost,0.0
11494,2035,reg1,Nuc_SMR-H2_Heat-CHP,investment_cost,0.0
11495,2036,reg1,Nuc_SMR-H2_Heat-CHP,investment_cost,0.0
11496,2037,reg1,Nuc_SMR-H2_Heat-CHP,investment_cost,0.0
11497,2038,reg1,Nuc_SMR-H2_Heat-CHP,investment_cost,0.0
11498,2039,reg1,Nuc_SMR-H2_Heat-CHP,investment_cost,0.0
11499,2040,reg1,Nuc_SMR-H2_Heat-CHP,investment_cost,0.0
11500,2041,reg1,Nuc_SMR-H2_Heat-CHP,investment_cost,0.0
11501,2042,reg1,Nuc_SMR-H2_Heat-CHP,investment_cost,0.0
11502,2043,reg1,Nuc_SMR-H2_Heat-CHP,investment_cost,0.0
11503,2044,reg1,Nuc_SMR-H2_Heat-CHP,investment_cost,0.0
11504,2045,reg1,Nuc_SMR-H2_Heat-CHP,investment_cost,0.0
11505,2046,reg1,Nuc_SMR-H2_Heat-CHP,investment_cost,0.0
11506,2047,reg1,Nuc_SMR-H2_Heat-CHP,investment_cost,0.0
11507,2048,reg1,Nuc_SMR-H2_Heat-CHP,investment_cost,0.0
11508,2049,reg1,Nuc_SMR-H2_Heat-CHP,investment_cost,0.0
11509,2050,reg1,Nuc_SMR-H2_Heat-CHP,investment_cost,0.0
11510,2051,reg1,Nuc_SMR-H2_Heat-CHP,investment_cost,0.0
11511,2052,reg1,Nuc_SMR-H2_Heat-CHP,investment_cost,0.0
11512,2053,reg1,Nuc_SMR-H2_Heat-CHP,investment_cost,0.0
11513,2054,reg1,Nuc_SMR-H2_Heat-CHP,investment_cost,0.0
11514,2055,reg1,Nuc_SMR-H2_Heat-CHP,investment_cost,0.0
11515,2056,reg1,Nuc_SMR-H2_Heat-CHP,investment_cost,0.0
11516,2057,reg1,Nuc_SMR-H2_Heat-CHP,investment_cost,0.0
11517,2058,reg1,Nuc_SMR-H2_Heat-CHP,investment_cost,0.0
11518,2059,reg1,Nuc_SMR-H2_Heat-CHP,investment_cost,0.0
11519,2060,reg1,Nuc_SMR-H2_Heat-CHP,investment_cost,0.0
11520,2025,reg1,NGCC-CCS_CHP,investment_cost,0.0
11521,2026,reg1,NGCC-CCS_CHP,investment_cost,0.0
11522,2027,reg1,NGCC-CCS_CHP,investment_cost,0.0
11523,2028,reg1,NGCC-CCS_CHP,investment_cost,0.0
11524,2029,reg1,NGCC-CCS_CHP,investment_cost,0.0
11525,2030,reg1,NGCC-CCS_CHP,investment_cost,0.0
11526,2031,reg1,NGCC-CCS_CHP,investment_cost,0.0
11527,2032,reg1,NGCC-CCS_CHP,investment_cost,0.0
11528,2033,reg1,NGCC-CCS_CHP,investment_cost,0.0
11529,2034,reg1,NGCC-CCS_CHP,investment_cost,0.0
11530,2035,reg1,NGCC-CCS_CHP,investment_cost,0.0
11531,2036,reg1,NGCC-CCS_CHP,investment_cost,0.0
11532,2037,reg1,NGCC-CCS_CHP,investment_cost,0.0
11533,2038,reg1,NGCC-CCS_CHP,investment_cost,0.0
11534,2039,reg1,NGCC-CCS_CHP,investment_cost,0.0
11535,2040,reg1,NGCC-CCS_CHP,investment_cost,0.0
11536,2041,reg1,NGCC-CCS_CHP,investment_cost,0.0
11537,2042,reg1,NGCC-CCS_CHP,investment_cost,0.0
11538,2043,reg1,NGCC-CCS_CHP,investment_cost,0.0
11539,2044,reg1,NGCC-CCS_CHP,investment_cost,0.0
11540,2045,reg1,NGCC-CCS_CHP,investment_cost,0.0
11541,2046,reg1,NGCC-CCS_CHP,investment_cost,0.0
11542,2047,reg1,NGCC-CCS_CHP,investment_cost,0.0
11543,2048,reg1,NGCC-CCS_CHP,investment_cost,0.0
11544,2049,reg1,NGCC-CCS_CHP,investment_cost,0.0
11545,2050,reg1,NGCC-CCS_CHP,investment_cost,0.0
11546,2051,reg1,NGCC-CCS_CHP,investment_cost,0.0
11547,2052,reg1,NGCC-CCS_CHP,investment_cost,0.0
11548,2053,reg1,NGCC-CCS_CHP,investment_cost,0.0
11549,2054,reg1,NGCC-CCS_CHP,investment_cost,0.0
11550,2055,reg1,NGCC-CCS_CHP,investment_cost,0.0
11551,2056,reg1,NGCC-CCS_CHP,investment_cost,0.0
11552,2057,reg1,NGCC-CCS_CHP,investment_cost,0.0
11553,2058,reg1,NGCC-CCS_CHP,investment_cost,0.0
11554,2059,reg1,NGCC-CCS_CHP,investment_cost,0.0
11555,2060,reg1,NGCC-CCS_CHP,investment_cost,0.0
11556,2025,reg1,NGCC-CCS_Power-CHP,investment_cost,0.0
11557,2026,reg1,NGCC-CCS_Power-CHP,investment_cost,0.0
11558,2027,reg1,NGCC-CCS_Power-CHP,investment_cost,0.0
11559,2028,reg1,NGCC-CCS_Power-CHP,investment_cost,0.0
11560,2029,reg1,NGCC-CCS_Power-CHP,investment_cost,0.0
11561,2030,reg1,NGCC-CCS_Power-CHP,investment_cost,0.0
11562,2031,reg1,NGCC-CCS_Power-CHP,investment_cost,0.0
11563,2032,reg1,NGCC-CCS_Power-CHP,investment_cost,0.0
11564,2033,reg1,NGCC-CCS_Power-CHP,investment_cost,0.0
11565,2034,reg1,NGCC-CCS_Power-CHP,investment_cost,0.0
11566,2035,reg1,NGCC-CCS_Power-CHP,investment_cost,0.0
11567,2036,reg1,NGCC-CCS_Power-CHP,investment_cost,0.0
11568,2037,reg1,NGCC-CCS_Power-CHP,investment_cost,0.0
11569,2038,reg1,NGCC-CCS_Power-CHP,investment_cost,0.0
11570,2039,reg1,NGCC-CCS_Power-CHP,investment_cost,0.0
11571,2040,reg1,NGCC-CCS_Power-CHP,investment_cost,0.0
11572,2041,reg1,NGCC-CCS_Power-CHP,investment_cost,0.0
11573,2042,reg1,NGCC-CCS_Power-CHP,investment_cost,0.0
11574,2043,reg1,NGCC-CCS_Power-CHP,investment_cost,0.0
11575,2044,reg1,NGCC-CCS_Power-CHP,investment_cost,0.0
11576,2045,reg1,NGCC-CCS_Power-CHP,investment_cost,0.0
11577,2046,reg1,NGCC-CCS_Power-CHP,investment_cost,0.0
11578,2047,reg1,NGCC-CCS_Power-CHP,investment_cost,0.0
11579,2048,reg1,NGCC-CCS_Power-CHP,investment_cost,0.0
11580,2049,reg1,NGCC-CCS_Power-CHP,investment_cost,0.0
11581,2050,reg1,NGCC-CCS_Power-CHP,investment_cost,0.0
11582,2051,reg1,NGCC-CCS_Power-CHP,investment_cost,0.0
11583,2052,reg1,NGCC-CCS_Power-CHP,investment_cost,0.0
11584,2053,reg1,NGCC-CCS_Power-CHP,investment_cost,0.0
11585,2054,reg1,NGCC-CCS_Power-CHP,investment_cost,0.0
11586,2055,reg1,NGCC-CCS_Power-CHP,investment_cost,0.0
11587,2056,reg1,NGCC-CCS_Power-CHP,investment_cost,0.0
11588,2057,reg1,NGCC-CCS_Power-CHP,investment_cost,0.0
11589,2058,reg1,NGCC-CCS_Power-CHP,investment_cost,0.0
11590,2059,reg1,NGCC-CCS_Power-CHP,investment_cost,0.0
11591,2060,reg1,NGCC-CCS_Power-CHP,investment_cost,0.0
11592,2025,reg1,NGCC-CCS_Heat-CHP,investment_cost,0.0
11593,2026,reg1,NGCC-CCS_Heat-CHP,investment_cost,0.0
11594,2027,reg1,NGCC-CCS_Heat-CHP,investment_cost,0.0
11595,2028,reg1,NGCC-CCS_Heat-CHP,investment_cost,0.0
11596,2029,reg1,NGCC-CCS_Heat-CHP,investment_cost,0.0
11597,2030,reg1,NGCC-CCS_Heat-CHP,investment_cost,0.0
11598,2031,reg1,NGCC-CCS_Heat-CHP,investment_cost,0.0
11599,2032,reg1,NGCC-CCS_Heat-CHP,investment_cost,0.0
11600,2033,reg1,NGCC-CCS_Heat-CHP,investment_cost,0.0
11601,2034,reg1,NGCC-CCS_Heat-CHP,investment_cost,0.0
11602,2035,reg1,NGCC-CCS_Heat-CHP,investment_cost,0.0
11603,2036,reg1,NGCC-CCS_Heat-CHP,investment_cost,0.0
11604,2037,reg1,NGCC-CCS_Heat-CHP,investment_cost,0.0
11605,2038,reg1,NGCC-CCS_Heat-CHP,investment_cost,0.0
11606,2039,reg1,NGCC-CCS_Heat-CHP,investment_cost,0.0
11607,2040,reg1,NGCC-CCS_Heat-CHP,investment_cost,0.0
11608,2041,reg1,NGCC-CCS_Heat-CHP,investment_cost,0.0
11609,2042,reg1,NGCC-CCS_Heat-CHP,investment_cost,0.0
11610,2043,reg1,NGCC-CCS_Heat-CHP,investment_cost,0.0
11611,2044,reg1,NGCC-CCS_Heat-CHP,investment_cost,0.0
11612,2045,reg1,NGCC-CCS_Heat-CHP,investment_cost,0.0
11613,2046,reg1,NGCC-CCS_Heat-CHP,investment_cost,0.0
11614,2047,reg1,NGCC-CCS_Heat-CHP,investment_cost,0.0
11615,2048,reg1,NGCC-CCS_Heat-CHP,investment_cost,0.0
11616,2049,reg1,NGCC-CCS_Heat-CHP,investment_cost,0.0
11617,2050,reg1,NGCC-CCS_Heat-CHP,investment_cost,0.0
11618,2051,reg1,NGCC-CCS_Heat-CHP,investment_cost,0.0
11619,2052,reg1,NGCC-CCS_Heat-CHP,investment_cost,0.0
11620,2053,reg1,NGCC-CCS_Heat-CHP,investment_cost,0.0
11621,2054,reg1,NGCC-CCS_Heat-CHP,investment_cost,0.0
11622,2055,reg1,NGCC-CCS_Heat-CHP,investment_cost,0.0
11623,2056,reg1,NGCC-CCS_Heat-CHP,investment_cost,0.0
11624,2057,reg1,NGCC-CCS_Heat-CHP,investment_cost,0.0
11625,2058,reg1,NGCC-CCS_Heat-CHP,investment_cost,0.0
11626,2059,reg1,NGCC-CCS_Heat-CHP,investment_cost,0.0
11627,2060,reg1,NGCC-CCS_Heat-CHP,investment_cost,0.0
11628,2025,reg1,NG_PP,investment_cost,0.0
11629,2026,reg1,NG_PP,investment_cost,0.0
11630,2027,reg1,NG_PP,investment_cost,0.0
11631,2028,reg1,NG_PP,investment_cost,0.0
11632,2029,reg1,NG_PP,investment_cost,0.0
11633,2030,reg1,NG_PP,investment_cost,0.0
11634,2031,reg1,NG_PP,investment_cost,0.0
11635,2032,reg1,NG_PP,investment_cost,0.0
11636,2033,reg1,NG_PP,investment_cost,0.0
11637,2034,reg1,NG_PP,investment_cost,0.0
11638,2035,reg1,NG_PP,investment_cost,0.0
11639,2036,reg1,NG_PP,investment_cost,0.0
11640,2037,reg1,NG_PP,investment_cost,0.0
11641,2038,reg1,NG_PP,investment_cost,0.0
11642,2039,reg1,NG_PP,investment_cost,0.0
11643,2040,reg1,NG_PP,investment_cost,0.0
11644,2041,reg1,NG_PP,investment_cost,0.0
11645,2042,reg1,NG_PP,investment_cost,0.0
11646,2043,reg1,NG_PP,investment_cost,0.0
11647,2044,reg1,NG_PP,investment_cost,0.0
11648,2045,reg1,NG_PP,investment_cost,0.0
11649,2046,reg1,NG_PP,investment_cost,0.0
11650,2047,reg1,NG_PP,investment_cost,0.0
11651,2048,reg1,NG_PP,investment_cost,0.0
11652,2049,reg1,NG_PP,investment_cost,0.0
11653,2050,reg1,NG_PP,investment_cost,0.0
11654,2051,reg1,NG_PP,investment_cost,0.0
11655,2052,reg1,NG_PP,investment_cost,0.0
11656,2053,reg1,NG_PP,investment_cost,612109545.2722241
11657,2054,reg1,NG_PP,investment_cost,398382326.75912344
11658,2055,reg1,NG_PP,investment_cost,157051839.02735016
11659,2056,reg1,NG_PP,investment_cost,1107898523.1836169
11660,2057,reg1,NG_PP,investment_cost,1194946913.2431195
11661,2058,reg1,NG_PP,investment_cost,926533165.6468985
11662,2059,reg1,NG_PP,investment_cost,0.0
11663,2060,reg1,NG_PP,investment_cost,0.0
11664,2025,reg1,NG_PP_CCS,investment_cost,0.0
11665,2026,reg1,NG_PP_CCS,investment_cost,0.0
11666,2027,reg1,NG_PP_CCS,investment_cost,0.0
11667,2028,reg1,NG_PP_CCS,investment_cost,0.0
11668,2029,reg1,NG_PP_CCS,investment_cost,0.0
11669,2030,reg1,NG_PP_CCS,investment_cost,0.0
11670,2031,reg1,NG_PP_CCS,investment_cost,0.0
11671,2032,reg1,NG_PP_CCS,investment_cost,0.0
11672,2033,reg1,NG_PP_CCS,investment_cost,0.0
11673,2034,reg1,NG_PP_CCS,investment_cost,0.0
11674,2035,reg1,NG_PP_CCS,investment_cost,0.0
11675,2036,reg1,NG_PP_CCS,investment_cost,0.0
11676,2037,reg1,NG_PP_CCS,investment_cost,0.0
11677,2038,reg1,NG_PP_CCS,investment_cost,0.0
11678,2039,reg1,NG_PP_CCS,investment_cost,0.0
11679,2040,reg1,NG_PP_CCS,investment_cost,0.0
11680,2041,reg1,NG_PP_CCS,investment_cost,0.0
11681,2042,reg1,NG_PP_CCS,investment_cost,0.0
11682,2043,reg1,NG_PP_CCS,investment_cost,0.0
11683,2044,reg1,NG_PP_CCS,investment_cost,0.0
11684,2045,reg1,NG_PP_CCS,investment_cost,0.0
11685,2046,reg1,NG_PP_CCS,investment_cost,0.0
11686,2047,reg1,NG_PP_CCS,investment_cost,0.0
11687,2048,reg1,NG_PP_CCS,investment_cost,0.0
11688,2049,reg1,NG_PP_CCS,investment_cost,0.0
11689,2050,reg1,NG_PP_CCS,investment_cost,0.0
11690,2051,reg1,NG_PP_CCS,investment_cost,0.0
11691,2052,reg1,NG_PP_CCS,investment_cost,0.0
11692,2053,reg1,NG_PP_CCS,investment_cost,0.0
11693,2054,reg1,NG_PP_CCS,investment_cost,0.0
11694,2055,reg1,NG_PP_CCS,investment_cost,0.0
11695,2056,reg1,NG_PP_CCS,investment_cost,0.0
11696,2057,reg1,NG_PP_CCS,investment_cost,0.0
11697,2058,reg1,NG_PP_CCS,investment_cost,0.0
11698,2059,reg1,NG_PP_CCS,investment_cost,0.0
11699,2060,reg1,NG_PP_CCS,investment_cost,0.0
11700,2025,reg1,Electrolysis_HTSE,investment_cost,0.0
11701,2026,reg1,Electrolysis_HTSE,investment_cost,0.0
11702,2027,reg1,Electrolysis_HTSE,investment_cost,0.0
11703,2028,reg1,Electrolysis_HTSE,investment_cost,0.0
11704,2029,reg1,Electrolysis_HTSE,investment_cost,0.0
11705,2030,reg1,Electrolysis_HTSE,investment_cost,0.0
11706,2031,reg1,Electrolysis_HTSE,investment_cost,0.0
11707,2032,reg1,Electrolysis_HTSE,investment_cost,0.0
11708,2033,reg1,Electrolysis_HTSE,investment_cost,0.0
11709,2034,reg1,Electrolysis_HTSE,investment_cost,0.0
11710,2035,reg1,Electrolysis_HTSE,investment_cost,0.0
11711,2036,reg1,Electrolysis_HTSE,investment_cost,0.0
11712,2037,reg1,Electrolysis_HTSE,investment_cost,0.0
11713,2038,reg1,Electrolysis_HTSE,investment_cost,0.0
11714,2039,reg1,Electrolysis_HTSE,investment_cost,0.0
11715,2040,reg1,Electrolysis_HTSE,investment_cost,0.0
11716,2041,reg1,Electrolysis_HTSE,investment_cost,0.0
11717,2042,reg1,Electrolysis_HTSE,investment_cost,0.0
11718,2043,reg1,Electrolysis_HTSE,investment_cost,0.0
11719,2044,reg1,Electrolysis_HTSE,investment_cost,0.0
11720,2045,reg1,Electrolysis_HTSE,investment_cost,0.0
11721,2046,reg1,Electrolysis_HTSE,investment_cost,0.0
11722,2047,reg1,Electrolysis_HTSE,investment_cost,0.0
11723,2048,reg1,Electrolysis_HTSE,investment_cost,0.0
11724,2049,reg1,Electrolysis_HTSE,investment_cost,0.0
11725,2050,reg1,Electrolysis_HTSE,investment_cost,0.0
11726,2051,reg1,Electrolysis_HTSE,investment_cost,0.0
11727,2052,reg1,Electrolysis_HTSE,investment_cost,0.0
11728,2053,reg1,Electrolysis_HTSE,investment_cost,0.0
11729,2054,reg1,Electrolysis_HTSE,investment_cost,0.0
11730,2055,reg1,Electrolysis_HTSE,investment_cost,0.0
11731,2056,reg1,Electrolysis_HTSE,investment_cost,0.0
11732,2057,reg1,Electrolysis_HTSE,investment_cost,0.0
11733,2058,reg1,Electrolysis_HTSE,investment_cost,0.0
11734,2059,reg1,Electrolysis_HTSE,investment_cost,0.0
11735,2060,reg1,Electrolysis_HTSE,investment_cost,0.0
11736,2025,reg1,NG_CHP_P,investment_cost,0.0
11737,2026,reg1,NG_CHP_P,investment_cost,0.0
11738,2027,reg1,NG_CHP_P,investment_cost,0.0
11739,2028,reg1,NG_CHP_P,investment_cost,0.0
11740,2029,reg1,NG_CHP_P,investment_cost,0.0
11741,2030,reg1,NG_CHP_P,investment_cost,0.0
11742,2031,reg1,NG_CHP_P,investment_cost,0.0
11743,2032,reg1,NG_CHP_P,investment_cost,0.0
11744,2033,reg1,NG_CHP_P,investment_cost,0.0
11745,2034,reg1,NG_CHP_P,investment_cost,0.0
11746,2035,reg1,NG_CHP_P,investment_cost,0.0
11747,2036,reg1,NG_CHP_P,investment_cost,0.0
11748,2037,reg1,NG_CHP_P,investment_cost,0.0
11749,2038,reg1,NG_CHP_P,investment_cost,0.0
11750,2039,reg1,NG_CHP_P,investment_cost,0.0
11751,2040,reg1,NG_CHP_P,investment_cost,541757452.0234408
11752,2041,reg1,NG_CHP_P,investment_cost,837029642.3518424
11753,2042,reg1,NG_CHP_P,investment_cost,111809014.92950714
11754,2043,reg1,NG_CHP_P,investment_cost,441514983.7335719
11755,2044,reg1,NG_CHP_P,investment_cost,622583195.1105689
11756,2045,reg1,NG_CHP_P,investment_cost,608698391.9878734
11757,2046,reg1,NG_CHP_P,investment_cost,500040731.3088798
11758,2047,reg1,NG_CHP_P,investment_cost,641533307.7480427
11759,2048,reg1,NG_CHP_P,investment_cost,642113774.0562958
11760,2049,reg1,NG_CHP_P,investment_cost,546928281.2235093
11761,2050,reg1,NG_CHP_P,investment_cost,1087278547.182008
11762,2051,reg1,NG_CHP_P,investment_cost,1412638084.8775375
11763,2052,reg1,NG_CHP_P,investment_cost,1802268327.001311
11764,2053,reg1,NG_CHP_P,investment_cost,1388224804.1855166
11765,2054,reg1,NG_CHP_P,investment_cost,0.0
11766,2055,reg1,NG_CHP_P,investment_cost,411635105.46200633
11767,2056,reg1,NG_CHP_P,investment_cost,0.0
11768,2057,reg1,NG_CHP_P,investment_cost,0.0
11769,2058,reg1,NG_CHP_P,investment_cost,0.0
11770,2059,reg1,NG_CHP_P,investment_cost,0.0
11771,2060,reg1,NG_CHP_P,investment_cost,0.0
11772,2025,reg1,BIO_CHP_P,investment_cost,77029514.43986039
11773,2026,reg1,BIO_CHP_P,investment_cost,76653760.71088545
11774,2027,reg1,BIO_CHP_P,investment_cost,76278006.98191051
11775,2028,reg1,BIO_CHP_P,investment_cost,75902253.25293559
11776,2029,reg1,BIO_CHP_P,investment_cost,75526499.52396066
11777,2030,reg1,BIO_CHP_P,investment_cost,75150745.79498574
11778,2031,reg1,BIO_CHP_P,investment_cost,74925293.55760078
11779,2032,reg1,BIO_CHP_P,investment_cost,74699841.32021582
11780,2033,reg1,BIO_CHP_P,investment_cost,74474389.08283086
11781,2034,reg1,BIO_CHP_P,investment_cost,74248936.8454459
11782,2035,reg1,BIO_CHP_P,investment_cost,74023484.60806096
11783,2036,reg1,BIO_CHP_P,investment_cost,73798032.370676
11784,2037,reg1,BIO_CHP_P,investment_cost,73572580.13329104
11785,2038,reg1,BIO_CHP_P,investment_cost,73347127.89590608
11786,2039,reg1,BIO_CHP_P,investment_cost,73121675.65852112
11787,2040,reg1,BIO_CHP_P,investment_cost,72896223.42113616
11788,2041,reg1,BIO_CHP_P,investment_cost,72670771.18375121
11789,2042,reg1,BIO_CHP_P,investment_cost,72445318.94636625
11790,2043,reg1,BIO_CHP_P,investment_cost,72219866.70898129
11791,2044,reg1,BIO_CHP_P,investment_cost,71994414.47159633
11792,2045,reg1,BIO_CHP_P,investment_cost,71768962.23421137
11793,2046,reg1,BIO_CHP_P,investment_cost,71543509.99682643
11794,2047,reg1,BIO_CHP_P,investment_cost,71318057.75944147
11795,2048,reg1,BIO_CHP_P,investment_cost,71092605.5220565
11796,2049,reg1,BIO_CHP_P,investment_cost,70867153.28467155
11797,2050,reg1,BIO_CHP_P,investment_cost,70641701.04728658
11798,2051,reg1,BIO_CHP_P,investment_cost,70641701.04728658
11799,2052,reg1,BIO_CHP_P,investment_cost,70641701.04728658
11800,2053,reg1,BIO_CHP_P,investment_cost,70641701.04728658
11801,2054,reg1,BIO_CHP_P,investment_cost,70641701.04728658
11802,2055,reg1,BIO_CHP_P,investment_cost,70641701.04728658
11803,2056,reg1,BIO_CHP_P,investment_cost,70641701.04728658
11804,2057,reg1,BIO_CHP_P,investment_cost,70641701.04728658
11805,2058,reg1,BIO_CHP_P,investment_cost,0.0
11806,2059,reg1,BIO_CHP_P,investment_cost,0.0
11807,2060,reg1,BIO_CHP_P,investment_cost,0.0
11808,2025,reg1,Biogas_CHP_P,investment_cost,0.0
11809,2026,reg1,Biogas_CHP_P,investment_cost,0.0
11810,2027,reg1,Biogas_CHP_P,investment_cost,25383870.967741936
11811,2028,reg1,Biogas_CHP_P,investment_cost,25245161.290322583
11812,2029,reg1,Biogas_CHP_P,investment_cost,25106451.612903226
11813,2030,reg1,Biogas_CHP_P,investment_cost,24967741.935483873
11814,2031,reg1,Biogas_CHP_P,investment_cost,24898387.096774194
11815,2032,reg1,Biogas_CHP_P,investment_cost,24829032.25806452
11816,2033,reg1,Biogas_CHP_P,investment_cost,24759677.41935484
11817,2034,reg1,Biogas_CHP_P,investment_cost,24690322.580645163
11818,2035,reg1,Biogas_CHP_P,investment_cost,24620967.741935484
11819,2036,reg1,Biogas_CHP_P,investment_cost,24551612.90322581
11820,2037,reg1,Biogas_CHP_P,investment_cost,24482258.06451613
11821,2038,reg1,Biogas_CHP_P,investment_cost,24412903.225806452
11822,2039,reg1,Biogas_CHP_P,investment_cost,24343548.387096778
11823,2040,reg1,Biogas_CHP_P,investment_cost,24274193.5483871
11824,2041,reg1,Biogas_CHP_P,investment_cost,24204838.70967742
11825,2042,reg1,Biogas_CHP_P,investment_cost,24135483.870967742
11826,2043,reg1,Biogas_CHP_P,investment_cost,24066129.032258064
11827,2044,reg1,Biogas_CHP_P,investment_cost,23996774.193548385
11828,2045,reg1,Biogas_CHP_P,investment_cost,23927419.35483871
11829,2046,reg1,Biogas_CHP_P,investment_cost,23858064.51612903
11830,2047,reg1,Biogas_CHP_P,investment_cost,23788709.677419353
11831,2048,reg1,Biogas_CHP_P,investment_cost,23719354.838709675
11832,2049,reg1,Biogas_CHP_P,investment_cost,23650000.0
11833,2050,reg1,Biogas_CHP_P,investment_cost,23580645.16129032
11834,2051,reg1,Biogas_CHP_P,investment_cost,23580645.16129032
11835,2052,reg1,Biogas_CHP_P,investment_cost,23580645.16129032
11836,2053,reg1,Biogas_CHP_P,investment_cost,23580645.16129032
11837,2054,reg1,Biogas_CHP_P,investment_cost,23580645.16129032
11838,2055,reg1,Biogas_CHP_P,investment_cost,23580645.16129032
11839,2056,reg1,Biogas_CHP_P,investment_cost,23580645.16129032
11840,2057,reg1,Biogas_CHP_P,investment_cost,23580645.16129032
11841,2058,reg1,Biogas_CHP_P,investment_cost,23580645.16129032
11842,2059,reg1,Biogas_CHP_P,investment_cost,23580645.16129032
11843,2060,reg1,Biogas_CHP_P,investment_cost,0.0
11844,2025,reg1,WtE_CHP_P,investment_cost,0.0
11845,2026,reg1,WtE_CHP_P,investment_cost,0.0
11846,2027,reg1,WtE_CHP_P,investment_cost,413142663.0434783
11847,2028,reg1,WtE_CHP_P,investment_cost,411991847.826087
11848,2029,reg1,WtE_CHP_P,investment_cost,410841032.6086956
11849,2030,reg1,WtE_CHP_P,investment_cost,409690217.3913044
11850,2031,reg1,WtE_CHP_P,investment_cost,407733831.5217391
11851,2032,reg1,WtE_CHP_P,investment_cost,405777445.65217394
11852,2033,reg1,WtE_CHP_P,investment_cost,403821059.7826087
11853,2034,reg1,WtE_CHP_P,investment_cost,401864673.9130435
11854,2035,reg1,WtE_CHP_P,investment_cost,399908288.0434783
11855,2036,reg1,WtE_CHP_P,investment_cost,397951902.17391306
11856,2037,reg1,WtE_CHP_P,investment_cost,395995516.3043479
11857,2038,reg1,WtE_CHP_P,investment_cost,0.0
11858,2039,reg1,WtE_CHP_P,investment_cost,0.0
11859,2040,reg1,WtE_CHP_P,investment_cost,0.0
11860,2041,reg1,WtE_CHP_P,investment_cost,0.0
11861,2042,reg1,WtE_CHP_P,investment_cost,0.0
11862,2043,reg1,WtE_CHP_P,investment_cost,0.0
11863,2044,reg1,WtE_CHP_P,investment_cost,0.0
11864,2045,reg1,WtE_CHP_P,investment_cost,0.0
11865,2046,reg1,WtE_CHP_P,investment_cost,0.0
11866,2047,reg1,WtE_CHP_P,investment_cost,0.0
11867,2048,reg1,WtE_CHP_P,investment_cost,0.0
11868,2049,reg1,WtE_CHP_P,investment_cost,0.0
11869,2050,reg1,WtE_CHP_P,investment_cost,0.0
11870,2051,reg1,WtE_CHP_P,investment_cost,0.0
11871,2052,reg1,WtE_CHP_P,investment_cost,370562500.0
11872,2053,reg1,WtE_CHP_P,investment_cost,370562500.0
11873,2054,reg1,WtE_CHP_P,investment_cost,370562500.0
11874,2055,reg1,WtE_CHP_P,investment_cost,370562500.0
11875,2056,reg1,WtE_CHP_P,investment_cost,370562500.0
11876,2057,reg1,WtE_CHP_P,investment_cost,0.0
11877,2058,reg1,WtE_CHP_P,investment_cost,0.0
11878,2059,reg1,WtE_CHP_P,investment_cost,0.0
11879,2060,reg1,WtE_CHP_P,investment_cost,0.0
11880,2025,reg1,WtE-CCS_CHP_P,investment_cost,0.0
11881,2026,reg1,WtE-CCS_CHP_P,investment_cost,0.0
11882,2027,reg1,WtE-CCS_CHP_P,investment_cost,545142663.0434783
11883,2028,reg1,WtE-CCS_CHP_P,investment_cost,0.0
11884,2029,reg1,WtE-CCS_CHP_P,investment_cost,0.0
11885,2030,reg1,WtE-CCS_CHP_P,investment_cost,0.0
11886,2031,reg1,WtE-CCS_CHP_P,investment_cost,0.0
11887,2032,reg1,WtE-CCS_CHP_P,investment_cost,0.0
11888,2033,reg1,WtE-CCS_CHP_P,investment_cost,0.0
11889,2034,reg1,WtE-CCS_CHP_P,investment_cost,0.0
11890,2035,reg1,WtE-CCS_CHP_P,investment_cost,0.0
11891,2036,reg1,WtE-CCS_CHP_P,investment_cost,0.0
11892,2037,reg1,WtE-CCS_CHP_P,investment_cost,0.0
11893,2038,reg1,WtE-CCS_CHP_P,investment_cost,0.0
11894,2039,reg1,WtE-CCS_CHP_P,investment_cost,0.0
11895,2040,reg1,WtE-CCS_CHP_P,investment_cost,0.0
11896,2041,reg1,WtE-CCS_CHP_P,investment_cost,0.0
11897,2042,reg1,WtE-CCS_CHP_P,investment_cost,0.0
11898,2043,reg1,WtE-CCS_CHP_P,investment_cost,0.0
11899,2044,reg1,WtE-CCS_CHP_P,investment_cost,0.0
11900,2045,reg1,WtE-CCS_CHP_P,investment_cost,0.0
11901,2046,reg1,WtE-CCS_CHP_P,investment_cost,0.0
11902,2047,reg1,WtE-CCS_CHP_P,investment_cost,0.0
11903,2048,reg1,WtE-CCS_CHP_P,investment_cost,0.0
11904,2049,reg1,WtE-CCS_CHP_P,investment_cost,0.0
11905,2050,reg1,WtE-CCS_CHP_P,investment_cost,0.0
11906,2051,reg1,WtE-CCS_CHP_P,investment_cost,0.0
11907,2052,reg1,WtE-CCS_CHP_P,investment_cost,502562500.0
11908,2053,reg1,WtE-CCS_CHP_P,investment_cost,0.0
11909,2054,reg1,WtE-CCS_CHP_P,investment_cost,0.0
11910,2055,reg1,WtE-CCS_CHP_P,investment_cost,0.0
11911,2056,reg1,WtE-CCS_CHP_P,investment_cost,0.0
11912,2057,reg1,WtE-CCS_CHP_P,investment_cost,0.0
11913,2058,reg1,WtE-CCS_CHP_P,investment_cost,0.0
11914,2059,reg1,WtE-CCS_CHP_P,investment_cost,0.0
11915,2060,reg1,WtE-CCS_CHP_P,investment_cost,0.0
11916,2025,reg1,SOFC_CHP_P,investment_cost,0.0
11917,2026,reg1,SOFC_CHP_P,investment_cost,0.0
11918,2027,reg1,SOFC_CHP_P,investment_cost,0.0
11919,2028,reg1,SOFC_CHP_P,investment_cost,0.0
11920,2029,reg1,SOFC_CHP_P,investment_cost,0.0
11921,2030,reg1,SOFC_CHP_P,investment_cost,0.0
11922,2031,reg1,SOFC_CHP_P,investment_cost,0.0
11923,2032,reg1,SOFC_CHP_P,investment_cost,0.0
11924,2033,reg1,SOFC_CHP_P,investment_cost,0.0
11925,2034,reg1,SOFC_CHP_P,investment_cost,0.0
11926,2035,reg1,SOFC_CHP_P,investment_cost,0.0
11927,2036,reg1,SOFC_CHP_P,investment_cost,0.0
11928,2037,reg1,SOFC_CHP_P,investment_cost,0.0
11929,2038,reg1,SOFC_CHP_P,investment_cost,0.0
11930,2039,reg1,SOFC_CHP_P,investment_cost,0.0
11931,2040,reg1,SOFC_CHP_P,investment_cost,0.0
11932,2041,reg1,SOFC_CHP_P,investment_cost,0.0
11933,2042,reg1,SOFC_CHP_P,investment_cost,0.0
11934,2043,reg1,SOFC_CHP_P,investment_cost,0.0
11935,2044,reg1,SOFC_CHP_P,investment_cost,0.0
11936,2045,reg1,SOFC_CHP_P,investment_cost,0.0
11937,2046,reg1,SOFC_CHP_P,investment_cost,0.0
11938,2047,reg1,SOFC_CHP_P,investment_cost,0.0
11939,2048,reg1,SOFC_CHP_P,investment_cost,0.0
11940,2049,reg1,SOFC_CHP_P,investment_cost,0.0
11941,2050,reg1,SOFC_CHP_P,investment_cost,0.0
11942,2051,reg1,SOFC_CHP_P,investment_cost,0.0
11943,2052,reg1,SOFC_CHP_P,investment_cost,0.0
11944,2053,reg1,SOFC_CHP_P,investment_cost,0.0
11945,2054,reg1,SOFC_CHP_P,investment_cost,0.0
11946,2055,reg1,SOFC_CHP_P,investment_cost,0.0
11947,2056,reg1,SOFC_CHP_P,investment_cost,0.0
11948,2057,reg1,SOFC_CHP_P,investment_cost,0.0
11949,2058,reg1,SOFC_CHP_P,investment_cost,0.0
11950,2059,reg1,SOFC_CHP_P,investment_cost,0.0
11951,2060,reg1,SOFC_CHP_P,investment_cost,0.0
11952,2025,reg1,Oil_CHP,investment_cost,0.0
11953,2026,reg1,Oil_CHP,investment_cost,0.0
11954,2027,reg1,Oil_CHP,investment_cost,0.0
11955,2028,reg1,Oil_CHP,investment_cost,0.0
11956,2029,reg1,Oil_CHP,investment_cost,0.0
11957,2030,reg1,Oil_CHP,investment_cost,0.0
11958,2031,reg1,Oil_CHP,investment_cost,0.0
11959,2032,reg1,Oil_CHP,investment_cost,0.0
11960,2033,reg1,Oil_CHP,investment_cost,0.0
11961,2034,reg1,Oil_CHP,investment_cost,0.0
11962,2035,reg1,Oil_CHP,investment_cost,0.0
11963,2036,reg1,Oil_CHP,investment_cost,0.0
11964,2037,reg1,Oil_CHP,investment_cost,0.0
11965,2038,reg1,Oil_CHP,investment_cost,0.0
11966,2039,reg1,Oil_CHP,investment_cost,0.0
11967,2040,reg1,Oil_CHP,investment_cost,0.0
11968,2041,reg1,Oil_CHP,investment_cost,0.0
11969,2042,reg1,Oil_CHP,investment_cost,0.0
11970,2043,reg1,Oil_CHP,investment_cost,0.0
11971,2044,reg1,Oil_CHP,investment_cost,0.0
11972,2045,reg1,Oil_CHP,investment_cost,0.0
11973,2046,reg1,Oil_CHP,investment_cost,0.0
11974,2047,reg1,Oil_CHP,investment_cost,0.0
11975,2048,reg1,Oil_CHP,investment_cost,0.0
11976,2049,reg1,Oil_CHP,investment_cost,0.0
11977,2050,reg1,Oil_CHP,investment_cost,0.0
11978,2051,reg1,Oil_CHP,investment_cost,0.0
11979,2052,reg1,Oil_CHP,investment_cost,0.0
11980,2053,reg1,Oil_CHP,investment_cost,0.0
11981,2054,reg1,Oil_CHP,investment_cost,0.0
11982,2055,reg1,Oil_CHP,investment_cost,0.0
11983,2056,reg1,Oil_CHP,investment_cost,0.0
11984,2057,reg1,Oil_CHP,investment_cost,0.0
11985,2058,reg1,Oil_CHP,investment_cost,0.0
11986,2059,reg1,Oil_CHP,investment_cost,0.0
11987,2060,reg1,Oil_CHP,investment_cost,0.0
11988,2025,reg1,BW_CHP_P,investment_cost,0.0
11989,2026,reg1,BW_CHP_P,investment_cost,0.0
11990,2027,reg1,BW_CHP_P,investment_cost,0.0
11991,2028,reg1,BW_CHP_P,investment_cost,0.0
11992,2029,reg1,BW_CHP_P,investment_cost,0.0
11993,2030,reg1,BW_CHP_P,investment_cost,0.0
11994,2031,reg1,BW_CHP_P,investment_cost,0.0
11995,2032,reg1,BW_CHP_P,investment_cost,0.0
11996,2033,reg1,BW_CHP_P,investment_cost,0.0
11997,2034,reg1,BW_CHP_P,investment_cost,0.0
11998,2035,reg1,BW_CHP_P,investment_cost,0.0
11999,2036,reg1,BW_CHP_P,investment_cost,0.0
12000,2037,reg1,BW_CHP_P,investment_cost,0.0
12001,2038,reg1,BW_CHP_P,investment_cost,0.0
12002,2039,reg1,BW_CHP_P,investment_cost,0.0
12003,2040,reg1,BW_CHP_P,investment_cost,0.0
12004,2041,reg1,BW_CHP_P,investment_cost,0.0
12005,2042,reg1,BW_CHP_P,investment_cost,0.0
12006,2043,reg1,BW_CHP_P,investment_cost,0.0
12007,2044,reg1,BW_CHP_P,investment_cost,0.0
12008,2045,reg1,BW_CHP_P,investment_cost,0.0
12009,2046,reg1,BW_CHP_P,investment_cost,0.0
12010,2047,reg1,BW_CHP_P,investment_cost,0.0
12011,2048,reg1,BW_CHP_P,investment_cost,0.0
12012,2049,reg1,BW_CHP_P,investment_cost,0.0
12013,2050,reg1,BW_CHP_P,investment_cost,0.0
12014,2051,reg1,BW_CHP_P,investment_cost,0.0
12015,2052,reg1,BW_CHP_P,investment_cost,0.0
12016,2053,reg1,BW_CHP_P,investment_cost,0.0
12017,2054,reg1,BW_CHP_P,investment_cost,0.0
12018,2055,reg1,BW_CHP_P,investment_cost,0.0
12019,2056,reg1,BW_CHP_P,investment_cost,0.0
12020,2057,reg1,BW_CHP_P,investment_cost,0.0
12021,2058,reg1,BW_CHP_P,investment_cost,0.0
12022,2059,reg1,BW_CHP_P,investment_cost,0.0
12023,2060,reg1,BW_CHP_P,investment_cost,0.0
12024,2025,reg1,Heat_transmission_distribution,investment_cost,0.0
12025,2026,reg1,Heat_transmission_distribution,investment_cost,0.0
12026,2027,reg1,Heat_transmission_distribution,investment_cost,0.0
12027,2028,reg1,Heat_transmission_distribution,investment_cost,0.0
12028,2029,reg1,Heat_transmission_distribution,investment_cost,0.0
12029,2030,reg1,Heat_transmission_distribution,investment_cost,0.0
12030,2031,reg1,Heat_transmission_distribution,investment_cost,0.0
12031,2032,reg1,Heat_transmission_distribution,investment_cost,0.0
12032,2033,reg1,Heat_transmission_distribution,investment_cost,0.0
12033,2034,reg1,Heat_transmission_distribution,investment_cost,0.0
12034,2035,reg1,Heat_transmission_distribution,investment_cost,0.0
12035,2036,reg1,Heat_transmission_distribution,investment_cost,0.0
12036,2037,reg1,Heat_transmission_distribution,investment_cost,0.0
12037,2038,reg1,Heat_transmission_distribution,investment_cost,0.0
12038,2039,reg1,Heat_transmission_distribution,investment_cost,0.0
12039,2040,reg1,Heat_transmission_distribution,investment_cost,0.0
12040,2041,reg1,Heat_transmission_distribution,investment_cost,0.0
12041,2042,reg1,Heat_transmission_distribution,investment_cost,0.0
12042,2043,reg1,Heat_transmission_distribution,investment_cost,0.0
12043,2044,reg1,Heat_transmission_distribution,investment_cost,0.0
12044,2045,reg1,Heat_transmission_distribution,investment_cost,0.0
12045,2046,reg1,Heat_transmission_distribution,investment_cost,0.0
12046,2047,reg1,Heat_transmission_distribution,investment_cost,0.0
12047,2048,reg1,Heat_transmission_distribution,investment_cost,0.0
12048,2049,reg1,Heat_transmission_distribution,investment_cost,0.0
12049,2050,reg1,Heat_transmission_distribution,investment_cost,0.0
12050,2051,reg1,Heat_transmission_distribution,investment_cost,0.0
12051,2052,reg1,Heat_transmission_distribution,investment_cost,0.0
12052,2053,reg1,Heat_transmission_distribution,investment_cost,0.0
12053,2054,reg1,Heat_transmission_distribution,investment_cost,0.0
12054,2055,reg1,Heat_transmission_distribution,investment_cost,0.0
12055,2056,reg1,Heat_transmission_distribution,investment_cost,0.0
12056,2057,reg1,Heat_transmission_distribution,investment_cost,0.0
12057,2058,reg1,Heat_transmission_distribution,investment_cost,0.0
12058,2059,reg1,Heat_transmission_distribution,investment_cost,0.0
12059,2060,reg1,Heat_transmission_distribution,investment_cost,0.0
12060,2025,reg1,Elec_transmission_distribution,investment_cost,0.0
12061,2026,reg1,Elec_transmission_distribution,investment_cost,0.0
12062,2027,reg1,Elec_transmission_distribution,investment_cost,0.0
12063,2028,reg1,Elec_transmission_distribution,investment_cost,0.0
12064,2029,reg1,Elec_transmission_distribution,investment_cost,0.0
12065,2030,reg1,Elec_transmission_distribution,investment_cost,0.0
12066,2031,reg1,Elec_transmission_distribution,investment_cost,0.0
12067,2032,reg1,Elec_transmission_distribution,investment_cost,0.0
12068,2033,reg1,Elec_transmission_distribution,investment_cost,0.0
12069,2034,reg1,Elec_transmission_distribution,investment_cost,0.0
12070,2035,reg1,Elec_transmission_distribution,investment_cost,0.0
12071,2036,reg1,Elec_transmission_distribution,investment_cost,0.0
12072,2037,reg1,Elec_transmission_distribution,investment_cost,0.0
12073,2038,reg1,Elec_transmission_distribution,investment_cost,0.0
12074,2039,reg1,Elec_transmission_distribution,investment_cost,0.0
12075,2040,reg1,Elec_transmission_distribution,investment_cost,0.0
12076,2041,reg1,Elec_transmission_distribution,investment_cost,0.0
12077,2042,reg1,Elec_transmission_distribution,investment_cost,0.0
12078,2043,reg1,Elec_transmission_distribution,investment_cost,0.0
12079,2044,reg1,Elec_transmission_distribution,investment_cost,0.0
12080,2045,reg1,Elec_transmission_distribution,investment_cost,0.0
12081,2046,reg1,Elec_transmission_distribution,investment_cost,0.0
12082,2047,reg1,Elec_transmission_distribution,investment_cost,0.0
12083,2048,reg1,Elec_transmission_distribution,investment_cost,0.0
12084,2049,reg1,Elec_transmission_distribution,investment_cost,0.0
12085,2050,reg1,Elec_transmission_distribution,investment_cost,0.0
12086,2051,reg1,Elec_transmission_distribution,investment_cost,0.0
12087,2052,reg1,Elec_transmission_distribution,investment_cost,0.0
12088,2053,reg1,Elec_transmission_distribution,investment_cost,0.0
12089,2054,reg1,Elec_transmission_distribution,investment_cost,0.0
12090,2055,reg1,Elec_transmission_distribution,investment_cost,0.0
12091,2056,reg1,Elec_transmission_distribution,investment_cost,0.0
12092,2057,reg1,Elec_transmission_distribution,investment_cost,0.0
12093,2058,reg1,Elec_transmission_distribution,investment_cost,0.0
12094,2059,reg1,Elec_transmission_distribution,investment_cost,0.0
12095,2060,reg1,Elec_transmission_distribution,investment_cost,0.0
12096,2025,reg1,NG_supply,investment_cost_tax,0.0
12097,2026,reg1,NG_supply,investment_cost_tax,0.0
12098,2027,reg1,NG_supply,investment_cost_tax,0.0
12099,2028,reg1,NG_supply,investment_cost_tax,0.0
12100,2029,reg1,NG_supply,investment_cost_tax,0.0
12101,2030,reg1,NG_supply,investment_cost_tax,0.0
12102,2031,reg1,NG_supply,investment_cost_tax,0.0
12103,2032,reg1,NG_supply,investment_cost_tax,0.0
12104,2033,reg1,NG_supply,investment_cost_tax,0.0
12105,2034,reg1,NG_supply,investment_cost_tax,0.0
12106,2035,reg1,NG_supply,investment_cost_tax,0.0
12107,2036,reg1,NG_supply,investment_cost_tax,0.0
12108,2037,reg1,NG_supply,investment_cost_tax,0.0
12109,2038,reg1,NG_supply,investment_cost_tax,0.0
12110,2039,reg1,NG_supply,investment_cost_tax,0.0
12111,2040,reg1,NG_supply,investment_cost_tax,0.0
12112,2041,reg1,NG_supply,investment_cost_tax,0.0
12113,2042,reg1,NG_supply,investment_cost_tax,0.0
12114,2043,reg1,NG_supply,investment_cost_tax,0.0
12115,2044,reg1,NG_supply,investment_cost_tax,0.0
12116,2045,reg1,NG_supply,investment_cost_tax,0.0
12117,2046,reg1,NG_supply,investment_cost_tax,0.0
12118,2047,reg1,NG_supply,investment_cost_tax,0.0
12119,2048,reg1,NG_supply,investment_cost_tax,0.0
12120,2049,reg1,NG_supply,investment_cost_tax,0.0
12121,2050,reg1,NG_supply,investment_cost_tax,0.0
12122,2051,reg1,NG_supply,investment_cost_tax,0.0
12123,2052,reg1,NG_supply,investment_cost_tax,0.0
12124,2053,reg1,NG_supply,investment_cost_tax,0.0
12125,2054,reg1,NG_supply,investment_cost_tax,0.0
12126,2055,reg1,NG_supply,investment_cost_tax,0.0
12127,2056,reg1,NG_supply,investment_cost_tax,0.0
12128,2057,reg1,NG_supply,investment_cost_tax,0.0
12129,2058,reg1,NG_supply,investment_cost_tax,0.0
12130,2059,reg1,NG_supply,investment_cost_tax,0.0
12131,2060,reg1,NG_supply,investment_cost_tax,0.0
12132,2025,reg1,SFF_supply,investment_cost_tax,0.0
12133,2026,reg1,SFF_supply,investment_cost_tax,0.0
12134,2027,reg1,SFF_supply,investment_cost_tax,0.0
12135,2028,reg1,SFF_supply,investment_cost_tax,0.0
12136,2029,reg1,SFF_supply,investment_cost_tax,0.0
12137,2030,reg1,SFF_supply,investment_cost_tax,0.0
12138,2031,reg1,SFF_supply,investment_cost_tax,0.0
12139,2032,reg1,SFF_supply,investment_cost_tax,0.0
12140,2033,reg1,SFF_supply,investment_cost_tax,0.0
12141,2034,reg1,SFF_supply,investment_cost_tax,0.0
12142,2035,reg1,SFF_supply,investment_cost_tax,0.0
12143,2036,reg1,SFF_supply,investment_cost_tax,0.0
12144,2037,reg1,SFF_supply,investment_cost_tax,0.0
12145,2038,reg1,SFF_supply,investment_cost_tax,0.0
12146,2039,reg1,SFF_supply,investment_cost_tax,0.0
12147,2040,reg1,SFF_supply,investment_cost_tax,0.0
12148,2041,reg1,SFF_supply,investment_cost_tax,0.0
12149,2042,reg1,SFF_supply,investment_cost_tax,0.0
12150,2043,reg1,SFF_supply,investment_cost_tax,0.0
12151,2044,reg1,SFF_supply,investment_cost_tax,0.0
12152,2045,reg1,SFF_supply,investment_cost_tax,0.0
12153,2046,reg1,SFF_supply,investment_cost_tax,0.0
12154,2047,reg1,SFF_supply,investment_cost_tax,0.0
12155,2048,reg1,SFF_supply,investment_cost_tax,0.0
12156,2049,reg1,SFF_supply,investment_cost_tax,0.0
12157,2050,reg1,SFF_supply,investment_cost_tax,0.0
12158,2051,reg1,SFF_supply,investment_cost_tax,0.0
12159,2052,reg1,SFF_supply,investment_cost_tax,0.0
12160,2053,reg1,SFF_supply,investment_cost_tax,0.0
12161,2054,reg1,SFF_supply,investment_cost_tax,0.0
12162,2055,reg1,SFF_supply,investment_cost_tax,0.0
12163,2056,reg1,SFF_supply,investment_cost_tax,0.0
12164,2057,reg1,SFF_supply,investment_cost_tax,0.0
12165,2058,reg1,SFF_supply,investment_cost_tax,0.0
12166,2059,reg1,SFF_supply,investment_cost_tax,0.0
12167,2060,reg1,SFF_supply,investment_cost_tax,0.0
12168,2025,reg1,OP_supply,investment_cost_tax,0.0
12169,2026,reg1,OP_supply,investment_cost_tax,0.0
12170,2027,reg1,OP_supply,investment_cost_tax,0.0
12171,2028,reg1,OP_supply,investment_cost_tax,0.0
12172,2029,reg1,OP_supply,investment_cost_tax,0.0
12173,2030,reg1,OP_supply,investment_cost_tax,0.0
12174,2031,reg1,OP_supply,investment_cost_tax,0.0
12175,2032,reg1,OP_supply,investment_cost_tax,0.0
12176,2033,reg1,OP_supply,investment_cost_tax,0.0
12177,2034,reg1,OP_supply,investment_cost_tax,0.0
12178,2035,reg1,OP_supply,investment_cost_tax,0.0
12179,2036,reg1,OP_supply,investment_cost_tax,0.0
12180,2037,reg1,OP_supply,investment_cost_tax,0.0
12181,2038,reg1,OP_supply,investment_cost_tax,0.0
12182,2039,reg1,OP_supply,investment_cost_tax,0.0
12183,2040,reg1,OP_supply,investment_cost_tax,0.0
12184,2041,reg1,OP_supply,investment_cost_tax,0.0
12185,2042,reg1,OP_supply,investment_cost_tax,0.0
12186,2043,reg1,OP_supply,investment_cost_tax,0.0
12187,2044,reg1,OP_supply,investment_cost_tax,0.0
12188,2045,reg1,OP_supply,investment_cost_tax,0.0
12189,2046,reg1,OP_supply,investment_cost_tax,0.0
12190,2047,reg1,OP_supply,investment_cost_tax,0.0
12191,2048,reg1,OP_supply,investment_cost_tax,0.0
12192,2049,reg1,OP_supply,investment_cost_tax,0.0
12193,2050,reg1,OP_supply,investment_cost_tax,0.0
12194,2051,reg1,OP_supply,investment_cost_tax,0.0
12195,2052,reg1,OP_supply,investment_cost_tax,0.0
12196,2053,reg1,OP_supply,investment_cost_tax,0.0
12197,2054,reg1,OP_supply,investment_cost_tax,0.0
12198,2055,reg1,OP_supply,investment_cost_tax,0.0
12199,2056,reg1,OP_supply,investment_cost_tax,0.0
12200,2057,reg1,OP_supply,investment_cost_tax,0.0
12201,2058,reg1,OP_supply,investment_cost_tax,0.0
12202,2059,reg1,OP_supply,investment_cost_tax,0.0
12203,2060,reg1,OP_supply,investment_cost_tax,0.0
12204,2025,reg1,BW_supply,investment_cost_tax,0.0
12205,2026,reg1,BW_supply,investment_cost_tax,0.0
12206,2027,reg1,BW_supply,investment_cost_tax,0.0
12207,2028,reg1,BW_supply,investment_cost_tax,0.0
12208,2029,reg1,BW_supply,investment_cost_tax,0.0
12209,2030,reg1,BW_supply,investment_cost_tax,0.0
12210,2031,reg1,BW_supply,investment_cost_tax,0.0
12211,2032,reg1,BW_supply,investment_cost_tax,0.0
12212,2033,reg1,BW_supply,investment_cost_tax,0.0
12213,2034,reg1,BW_supply,investment_cost_tax,0.0
12214,2035,reg1,BW_supply,investment_cost_tax,0.0
12215,2036,reg1,BW_supply,investment_cost_tax,0.0
12216,2037,reg1,BW_supply,investment_cost_tax,0.0
12217,2038,reg1,BW_supply,investment_cost_tax,0.0
12218,2039,reg1,BW_supply,investment_cost_tax,0.0
12219,2040,reg1,BW_supply,investment_cost_tax,0.0
12220,2041,reg1,BW_supply,investment_cost_tax,0.0
12221,2042,reg1,BW_supply,investment_cost_tax,0.0
12222,2043,reg1,BW_supply,investment_cost_tax,0.0
12223,2044,reg1,BW_supply,investment_cost_tax,0.0
12224,2045,reg1,BW_supply,investment_cost_tax,0.0
12225,2046,reg1,BW_supply,investment_cost_tax,0.0
12226,2047,reg1,BW_supply,investment_cost_tax,0.0
12227,2048,reg1,BW_supply,investment_cost_tax,0.0
12228,2049,reg1,BW_supply,investment_cost_tax,0.0
12229,2050,reg1,BW_supply,investment_cost_tax,0.0
12230,2051,reg1,BW_supply,investment_cost_tax,0.0
12231,2052,reg1,BW_supply,investment_cost_tax,0.0
12232,2053,reg1,BW_supply,investment_cost_tax,0.0
12233,2054,reg1,BW_supply,investment_cost_tax,0.0
12234,2055,reg1,BW_supply,investment_cost_tax,0.0
12235,2056,reg1,BW_supply,investment_cost_tax,0.0
12236,2057,reg1,BW_supply,investment_cost_tax,0.0
12237,2058,reg1,BW_supply,investment_cost_tax,0.0
12238,2059,reg1,BW_supply,investment_cost_tax,0.0
12239,2060,reg1,BW_supply,investment_cost_tax,0.0
12240,2025,reg1,BIO_supply,investment_cost_tax,0.0
12241,2026,reg1,BIO_supply,investment_cost_tax,0.0
12242,2027,reg1,BIO_supply,investment_cost_tax,0.0
12243,2028,reg1,BIO_supply,investment_cost_tax,0.0
12244,2029,reg1,BIO_supply,investment_cost_tax,0.0
12245,2030,reg1,BIO_supply,investment_cost_tax,0.0
12246,2031,reg1,BIO_supply,investment_cost_tax,0.0
12247,2032,reg1,BIO_supply,investment_cost_tax,0.0
12248,2033,reg1,BIO_supply,investment_cost_tax,0.0
12249,2034,reg1,BIO_supply,investment_cost_tax,0.0
12250,2035,reg1,BIO_supply,investment_cost_tax,0.0
12251,2036,reg1,BIO_supply,investment_cost_tax,0.0
12252,2037,reg1,BIO_supply,investment_cost_tax,0.0
12253,2038,reg1,BIO_supply,investment_cost_tax,0.0
12254,2039,reg1,BIO_supply,investment_cost_tax,0.0
12255,2040,reg1,BIO_supply,investment_cost_tax,0.0
12256,2041,reg1,BIO_supply,investment_cost_tax,0.0
12257,2042,reg1,BIO_supply,investment_cost_tax,0.0
12258,2043,reg1,BIO_supply,investment_cost_tax,0.0
12259,2044,reg1,BIO_supply,investment_cost_tax,0.0
12260,2045,reg1,BIO_supply,investment_cost_tax,0.0
12261,2046,reg1,BIO_supply,investment_cost_tax,0.0
12262,2047,reg1,BIO_supply,investment_cost_tax,0.0
12263,2048,reg1,BIO_supply,investment_cost_tax,0.0
12264,2049,reg1,BIO_supply,investment_cost_tax,0.0
12265,2050,reg1,BIO_supply,investment_cost_tax,0.0
12266,2051,reg1,BIO_supply,investment_cost_tax,0.0
12267,2052,reg1,BIO_supply,investment_cost_tax,0.0
12268,2053,reg1,BIO_supply,investment_cost_tax,0.0
12269,2054,reg1,BIO_supply,investment_cost_tax,0.0
12270,2055,reg1,BIO_supply,investment_cost_tax,0.0
12271,2056,reg1,BIO_supply,investment_cost_tax,0.0
12272,2057,reg1,BIO_supply,investment_cost_tax,0.0
12273,2058,reg1,BIO_supply,investment_cost_tax,0.0
12274,2059,reg1,BIO_supply,investment_cost_tax,0.0
12275,2060,reg1,BIO_supply,investment_cost_tax,0.0
12276,2025,reg1,Biogas_supply,investment_cost_tax,0.0
12277,2026,reg1,Biogas_supply,investment_cost_tax,0.0
12278,2027,reg1,Biogas_supply,investment_cost_tax,0.0
12279,2028,reg1,Biogas_supply,investment_cost_tax,0.0
12280,2029,reg1,Biogas_supply,investment_cost_tax,0.0
12281,2030,reg1,Biogas_supply,investment_cost_tax,0.0
12282,2031,reg1,Biogas_supply,investment_cost_tax,0.0
12283,2032,reg1,Biogas_supply,investment_cost_tax,0.0
12284,2033,reg1,Biogas_supply,investment_cost_tax,0.0
12285,2034,reg1,Biogas_supply,investment_cost_tax,0.0
12286,2035,reg1,Biogas_supply,investment_cost_tax,0.0
12287,2036,reg1,Biogas_supply,investment_cost_tax,0.0
12288,2037,reg1,Biogas_supply,investment_cost_tax,0.0
12289,2038,reg1,Biogas_supply,investment_cost_tax,0.0
12290,2039,reg1,Biogas_supply,investment_cost_tax,0.0
12291,2040,reg1,Biogas_supply,investment_cost_tax,0.0
12292,2041,reg1,Biogas_supply,investment_cost_tax,0.0
12293,2042,reg1,Biogas_supply,investment_cost_tax,0.0
12294,2043,reg1,Biogas_supply,investment_cost_tax,0.0
12295,2044,reg1,Biogas_supply,investment_cost_tax,0.0
12296,2045,reg1,Biogas_supply,investment_cost_tax,0.0
12297,2046,reg1,Biogas_supply,investment_cost_tax,0.0
12298,2047,reg1,Biogas_supply,investment_cost_tax,0.0
12299,2048,reg1,Biogas_supply,investment_cost_tax,0.0
12300,2049,reg1,Biogas_supply,investment_cost_tax,0.0
12301,2050,reg1,Biogas_supply,investment_cost_tax,0.0
12302,2051,reg1,Biogas_supply,investment_cost_tax,0.0
12303,2052,reg1,Biogas_supply,investment_cost_tax,0.0
12304,2053,reg1,Biogas_supply,investment_cost_tax,0.0
12305,2054,reg1,Biogas_supply,investment_cost_tax,0.0
12306,2055,reg1,Biogas_supply,investment_cost_tax,0.0
12307,2056,reg1,Biogas_supply,investment_cost_tax,0.0
12308,2057,reg1,Biogas_supply,investment_cost_tax,0.0
12309,2058,reg1,Biogas_supply,investment_cost_tax,0.0
12310,2059,reg1,Biogas_supply,investment_cost_tax,0.0
12311,2060,reg1,Biogas_supply,investment_cost_tax,0.0
12312,2025,reg1,Waste_supply,investment_cost_tax,0.0
12313,2026,reg1,Waste_supply,investment_cost_tax,0.0
12314,2027,reg1,Waste_supply,investment_cost_tax,0.0
12315,2028,reg1,Waste_supply,investment_cost_tax,0.0
12316,2029,reg1,Waste_supply,investment_cost_tax,0.0
12317,2030,reg1,Waste_supply,investment_cost_tax,0.0
12318,2031,reg1,Waste_supply,investment_cost_tax,0.0
12319,2032,reg1,Waste_supply,investment_cost_tax,0.0
12320,2033,reg1,Waste_supply,investment_cost_tax,0.0
12321,2034,reg1,Waste_supply,investment_cost_tax,0.0
12322,2035,reg1,Waste_supply,investment_cost_tax,0.0
12323,2036,reg1,Waste_supply,investment_cost_tax,0.0
12324,2037,reg1,Waste_supply,investment_cost_tax,0.0
12325,2038,reg1,Waste_supply,investment_cost_tax,0.0
12326,2039,reg1,Waste_supply,investment_cost_tax,0.0
12327,2040,reg1,Waste_supply,investment_cost_tax,0.0
12328,2041,reg1,Waste_supply,investment_cost_tax,0.0
12329,2042,reg1,Waste_supply,investment_cost_tax,0.0
12330,2043,reg1,Waste_supply,investment_cost_tax,0.0
12331,2044,reg1,Waste_supply,investment_cost_tax,0.0
12332,2045,reg1,Waste_supply,investment_cost_tax,0.0
12333,2046,reg1,Waste_supply,investment_cost_tax,0.0
12334,2047,reg1,Waste_supply,investment_cost_tax,0.0
12335,2048,reg1,Waste_supply,investment_cost_tax,0.0
12336,2049,reg1,Waste_supply,investment_cost_tax,0.0
12337,2050,reg1,Waste_supply,investment_cost_tax,0.0
12338,2051,reg1,Waste_supply,investment_cost_tax,0.0
12339,2052,reg1,Waste_supply,investment_cost_tax,0.0
12340,2053,reg1,Waste_supply,investment_cost_tax,0.0
12341,2054,reg1,Waste_supply,investment_cost_tax,0.0
12342,2055,reg1,Waste_supply,investment_cost_tax,0.0
12343,2056,reg1,Waste_supply,investment_cost_tax,0.0
12344,2057,reg1,Waste_supply,investment_cost_tax,0.0
12345,2058,reg1,Waste_supply,investment_cost_tax,0.0
12346,2059,reg1,Waste_supply,investment_cost_tax,0.0
12347,2060,reg1,Waste_supply,investment_cost_tax,0.0
12348,2025,reg1,Geo_PP,investment_cost_tax,0.0
12349,2026,reg1,Geo_PP,investment_cost_tax,0.0
12350,2027,reg1,Geo_PP,investment_cost_tax,0.0
12351,2028,reg1,Geo_PP,investment_cost_tax,0.0
12352,2029,reg1,Geo_PP,investment_cost_tax,0.0
12353,2030,reg1,Geo_PP,investment_cost_tax,0.0
12354,2031,reg1,Geo_PP,investment_cost_tax,0.0
12355,2032,reg1,Geo_PP,investment_cost_tax,0.0
12356,2033,reg1,Geo_PP,investment_cost_tax,0.0
12357,2034,reg1,Geo_PP,investment_cost_tax,0.0
12358,2035,reg1,Geo_PP,investment_cost_tax,0.0
12359,2036,reg1,Geo_PP,investment_cost_tax,0.0
12360,2037,reg1,Geo_PP,investment_cost_tax,0.0
12361,2038,reg1,Geo_PP,investment_cost_tax,0.0
12362,2039,reg1,Geo_PP,investment_cost_tax,0.0
12363,2040,reg1,Geo_PP,investment_cost_tax,0.0
12364,2041,reg1,Geo_PP,investment_cost_tax,0.0
12365,2042,reg1,Geo_PP,investment_cost_tax,0.0
12366,2043,reg1,Geo_PP,investment_cost_tax,0.0
12367,2044,reg1,Geo_PP,investment_cost_tax,0.0
12368,2045,reg1,Geo_PP,investment_cost_tax,0.0
12369,2046,reg1,Geo_PP,investment_cost_tax,0.0
12370,2047,reg1,Geo_PP,investment_cost_tax,0.0
12371,2048,reg1,Geo_PP,investment_cost_tax,0.0
12372,2049,reg1,Geo_PP,investment_cost_tax,0.0
12373,2050,reg1,Geo_PP,investment_cost_tax,0.0
12374,2051,reg1,Geo_PP,investment_cost_tax,0.0
12375,2052,reg1,Geo_PP,investment_cost_tax,0.0
12376,2053,reg1,Geo_PP,investment_cost_tax,0.0
12377,2054,reg1,Geo_PP,investment_cost_tax,0.0
12378,2055,reg1,Geo_PP,investment_cost_tax,0.0
12379,2056,reg1,Geo_PP,investment_cost_tax,0.0
12380,2057,reg1,Geo_PP,investment_cost_tax,0.0
12381,2058,reg1,Geo_PP,investment_cost_tax,0.0
12382,2059,reg1,Geo_PP,investment_cost_tax,0.0
12383,2060,reg1,Geo_PP,investment_cost_tax,0.0
12384,2025,reg1,Solar_PV_PP,investment_cost_tax,0.0
12385,2026,reg1,Solar_PV_PP,investment_cost_tax,0.0
12386,2027,reg1,Solar_PV_PP,investment_cost_tax,0.0
12387,2028,reg1,Solar_PV_PP,investment_cost_tax,0.0
12388,2029,reg1,Solar_PV_PP,investment_cost_tax,0.0
12389,2030,reg1,Solar_PV_PP,investment_cost_tax,0.0
12390,2031,reg1,Solar_PV_PP,investment_cost_tax,0.0
12391,2032,reg1,Solar_PV_PP,investment_cost_tax,0.0
12392,2033,reg1,Solar_PV_PP,investment_cost_tax,0.0
12393,2034,reg1,Solar_PV_PP,investment_cost_tax,0.0
12394,2035,reg1,Solar_PV_PP,investment_cost_tax,0.0
12395,2036,reg1,Solar_PV_PP,investment_cost_tax,0.0
12396,2037,reg1,Solar_PV_PP,investment_cost_tax,0.0
12397,2038,reg1,Solar_PV_PP,investment_cost_tax,0.0
12398,2039,reg1,Solar_PV_PP,investment_cost_tax,0.0
12399,2040,reg1,Solar_PV_PP,investment_cost_tax,0.0
12400,2041,reg1,Solar_PV_PP,investment_cost_tax,0.0
12401,2042,reg1,Solar_PV_PP,investment_cost_tax,0.0
12402,2043,reg1,Solar_PV_PP,investment_cost_tax,0.0
12403,2044,reg1,Solar_PV_PP,investment_cost_tax,0.0
12404,2045,reg1,Solar_PV_PP,investment_cost_tax,0.0
12405,2046,reg1,Solar_PV_PP,investment_cost_tax,0.0
12406,2047,reg1,Solar_PV_PP,investment_cost_tax,0.0
12407,2048,reg1,Solar_PV_PP,investment_cost_tax,0.0
12408,2049,reg1,Solar_PV_PP,investment_cost_tax,0.0
12409,2050,reg1,Solar_PV_PP,investment_cost_tax,0.0
12410,2051,reg1,Solar_PV_PP,investment_cost_tax,0.0
12411,2052,reg1,Solar_PV_PP,investment_cost_tax,0.0
12412,2053,reg1,Solar_PV_PP,investment_cost_tax,0.0
12413,2054,reg1,Solar_PV_PP,investment_cost_tax,0.0
12414,2055,reg1,Solar_PV_PP,investment_cost_tax,0.0
12415,2056,reg1,Solar_PV_PP,investment_cost_tax,0.0
12416,2057,reg1,Solar_PV_PP,investment_cost_tax,0.0
12417,2058,reg1,Solar_PV_PP,investment_cost_tax,0.0
12418,2059,reg1,Solar_PV_PP,investment_cost_tax,0.0
12419,2060,reg1,Solar_PV_PP,investment_cost_tax,0.0
12420,2025,reg1,Wind_On-Shore_PP,investment_cost_tax,0.0
12421,2026,reg1,Wind_On-Shore_PP,investment_cost_tax,0.0
12422,2027,reg1,Wind_On-Shore_PP,investment_cost_tax,0.0
12423,2028,reg1,Wind_On-Shore_PP,investment_cost_tax,0.0
12424,2029,reg1,Wind_On-Shore_PP,investment_cost_tax,0.0
12425,2030,reg1,Wind_On-Shore_PP,investment_cost_tax,0.0
12426,2031,reg1,Wind_On-Shore_PP,investment_cost_tax,0.0
12427,2032,reg1,Wind_On-Shore_PP,investment_cost_tax,0.0
12428,2033,reg1,Wind_On-Shore_PP,investment_cost_tax,0.0
12429,2034,reg1,Wind_On-Shore_PP,investment_cost_tax,0.0
12430,2035,reg1,Wind_On-Shore_PP,investment_cost_tax,0.0
12431,2036,reg1,Wind_On-Shore_PP,investment_cost_tax,0.0
12432,2037,reg1,Wind_On-Shore_PP,investment_cost_tax,0.0
12433,2038,reg1,Wind_On-Shore_PP,investment_cost_tax,0.0
12434,2039,reg1,Wind_On-Shore_PP,investment_cost_tax,0.0
12435,2040,reg1,Wind_On-Shore_PP,investment_cost_tax,0.0
12436,2041,reg1,Wind_On-Shore_PP,investment_cost_tax,0.0
12437,2042,reg1,Wind_On-Shore_PP,investment_cost_tax,0.0
12438,2043,reg1,Wind_On-Shore_PP,investment_cost_tax,0.0
12439,2044,reg1,Wind_On-Shore_PP,investment_cost_tax,0.0
12440,2045,reg1,Wind_On-Shore_PP,investment_cost_tax,0.0
12441,2046,reg1,Wind_On-Shore_PP,investment_cost_tax,0.0
12442,2047,reg1,Wind_On-Shore_PP,investment_cost_tax,0.0
12443,2048,reg1,Wind_On-Shore_PP,investment_cost_tax,0.0
12444,2049,reg1,Wind_On-Shore_PP,investment_cost_tax,0.0
12445,2050,reg1,Wind_On-Shore_PP,investment_cost_tax,0.0
12446,2051,reg1,Wind_On-Shore_PP,investment_cost_tax,0.0
12447,2052,reg1,Wind_On-Shore_PP,investment_cost_tax,0.0
12448,2053,reg1,Wind_On-Shore_PP,investment_cost_tax,0.0
12449,2054,reg1,Wind_On-Shore_PP,investment_cost_tax,0.0
12450,2055,reg1,Wind_On-Shore_PP,investment_cost_tax,0.0
12451,2056,reg1,Wind_On-Shore_PP,investment_cost_tax,0.0
12452,2057,reg1,Wind_On-Shore_PP,investment_cost_tax,0.0
12453,2058,reg1,Wind_On-Shore_PP,investment_cost_tax,0.0
12454,2059,reg1,Wind_On-Shore_PP,investment_cost_tax,0.0
12455,2060,reg1,Wind_On-Shore_PP,investment_cost_tax,0.0
12456,2025,reg1,Wind_Off-Shore_PP,investment_cost_tax,0.0
12457,2026,reg1,Wind_Off-Shore_PP,investment_cost_tax,0.0
12458,2027,reg1,Wind_Off-Shore_PP,investment_cost_tax,0.0
12459,2028,reg1,Wind_Off-Shore_PP,investment_cost_tax,0.0
12460,2029,reg1,Wind_Off-Shore_PP,investment_cost_tax,0.0
12461,2030,reg1,Wind_Off-Shore_PP,investment_cost_tax,0.0
12462,2031,reg1,Wind_Off-Shore_PP,investment_cost_tax,0.0
12463,2032,reg1,Wind_Off-Shore_PP,investment_cost_tax,0.0
12464,2033,reg1,Wind_Off-Shore_PP,investment_cost_tax,0.0
12465,2034,reg1,Wind_Off-Shore_PP,investment_cost_tax,0.0
12466,2035,reg1,Wind_Off-Shore_PP,investment_cost_tax,0.0
12467,2036,reg1,Wind_Off-Shore_PP,investment_cost_tax,0.0
12468,2037,reg1,Wind_Off-Shore_PP,investment_cost_tax,0.0
12469,2038,reg1,Wind_Off-Shore_PP,investment_cost_tax,0.0
12470,2039,reg1,Wind_Off-Shore_PP,investment_cost_tax,0.0
12471,2040,reg1,Wind_Off-Shore_PP,investment_cost_tax,0.0
12472,2041,reg1,Wind_Off-Shore_PP,investment_cost_tax,0.0
12473,2042,reg1,Wind_Off-Shore_PP,investment_cost_tax,0.0
12474,2043,reg1,Wind_Off-Shore_PP,investment_cost_tax,0.0
12475,2044,reg1,Wind_Off-Shore_PP,investment_cost_tax,0.0
12476,2045,reg1,Wind_Off-Shore_PP,investment_cost_tax,0.0
12477,2046,reg1,Wind_Off-Shore_PP,investment_cost_tax,0.0
12478,2047,reg1,Wind_Off-Shore_PP,investment_cost_tax,0.0
12479,2048,reg1,Wind_Off-Shore_PP,investment_cost_tax,0.0
12480,2049,reg1,Wind_Off-Shore_PP,investment_cost_tax,0.0
12481,2050,reg1,Wind_Off-Shore_PP,investment_cost_tax,0.0
12482,2051,reg1,Wind_Off-Shore_PP,investment_cost_tax,0.0
12483,2052,reg1,Wind_Off-Shore_PP,investment_cost_tax,0.0
12484,2053,reg1,Wind_Off-Shore_PP,investment_cost_tax,0.0
12485,2054,reg1,Wind_Off-Shore_PP,investment_cost_tax,0.0
12486,2055,reg1,Wind_Off-Shore_PP,investment_cost_tax,0.0
12487,2056,reg1,Wind_Off-Shore_PP,investment_cost_tax,0.0
12488,2057,reg1,Wind_Off-Shore_PP,investment_cost_tax,0.0
12489,2058,reg1,Wind_Off-Shore_PP,investment_cost_tax,0.0
12490,2059,reg1,Wind_Off-Shore_PP,investment_cost_tax,0.0
12491,2060,reg1,Wind_Off-Shore_PP,investment_cost_tax,0.0
12492,2025,reg1,Hydro_PP,investment_cost_tax,0.0
12493,2026,reg1,Hydro_PP,investment_cost_tax,0.0
12494,2027,reg1,Hydro_PP,investment_cost_tax,0.0
12495,2028,reg1,Hydro_PP,investment_cost_tax,0.0
12496,2029,reg1,Hydro_PP,investment_cost_tax,0.0
12497,2030,reg1,Hydro_PP,investment_cost_tax,0.0
12498,2031,reg1,Hydro_PP,investment_cost_tax,0.0
12499,2032,reg1,Hydro_PP,investment_cost_tax,0.0
12500,2033,reg1,Hydro_PP,investment_cost_tax,0.0
12501,2034,reg1,Hydro_PP,investment_cost_tax,0.0
12502,2035,reg1,Hydro_PP,investment_cost_tax,0.0
12503,2036,reg1,Hydro_PP,investment_cost_tax,0.0
12504,2037,reg1,Hydro_PP,investment_cost_tax,0.0
12505,2038,reg1,Hydro_PP,investment_cost_tax,0.0
12506,2039,reg1,Hydro_PP,investment_cost_tax,0.0
12507,2040,reg1,Hydro_PP,investment_cost_tax,0.0
12508,2041,reg1,Hydro_PP,investment_cost_tax,0.0
12509,2042,reg1,Hydro_PP,investment_cost_tax,0.0
12510,2043,reg1,Hydro_PP,investment_cost_tax,0.0
12511,2044,reg1,Hydro_PP,investment_cost_tax,0.0
12512,2045,reg1,Hydro_PP,investment_cost_tax,0.0
12513,2046,reg1,Hydro_PP,investment_cost_tax,0.0
12514,2047,reg1,Hydro_PP,investment_cost_tax,0.0
12515,2048,reg1,Hydro_PP,investment_cost_tax,0.0
12516,2049,reg1,Hydro_PP,investment_cost_tax,0.0
12517,2050,reg1,Hydro_PP,investment_cost_tax,0.0
12518,2051,reg1,Hydro_PP,investment_cost_tax,0.0
12519,2052,reg1,Hydro_PP,investment_cost_tax,0.0
12520,2053,reg1,Hydro_PP,investment_cost_tax,0.0
12521,2054,reg1,Hydro_PP,investment_cost_tax,0.0
12522,2055,reg1,Hydro_PP,investment_cost_tax,0.0
12523,2056,reg1,Hydro_PP,investment_cost_tax,0.0
12524,2057,reg1,Hydro_PP,investment_cost_tax,0.0
12525,2058,reg1,Hydro_PP,investment_cost_tax,0.0
12526,2059,reg1,Hydro_PP,investment_cost_tax,0.0
12527,2060,reg1,Hydro_PP,investment_cost_tax,0.0
12528,2025,reg1,UO2_supply ,investment_cost_tax,0.0
12529,2026,reg1,UO2_supply ,investment_cost_tax,0.0
12530,2027,reg1,UO2_supply ,investment_cost_tax,0.0
12531,2028,reg1,UO2_supply ,investment_cost_tax,0.0
12532,2029,reg1,UO2_supply ,investment_cost_tax,0.0
12533,2030,reg1,UO2_supply ,investment_cost_tax,0.0
12534,2031,reg1,UO2_supply ,investment_cost_tax,0.0
12535,2032,reg1,UO2_supply ,investment_cost_tax,0.0
12536,2033,reg1,UO2_supply ,investment_cost_tax,0.0
12537,2034,reg1,UO2_supply ,investment_cost_tax,0.0
12538,2035,reg1,UO2_supply ,investment_cost_tax,0.0
12539,2036,reg1,UO2_supply ,investment_cost_tax,0.0
12540,2037,reg1,UO2_supply ,investment_cost_tax,0.0
12541,2038,reg1,UO2_supply ,investment_cost_tax,0.0
12542,2039,reg1,UO2_supply ,investment_cost_tax,0.0
12543,2040,reg1,UO2_supply ,investment_cost_tax,0.0
12544,2041,reg1,UO2_supply ,investment_cost_tax,0.0
12545,2042,reg1,UO2_supply ,investment_cost_tax,0.0
12546,2043,reg1,UO2_supply ,investment_cost_tax,0.0
12547,2044,reg1,UO2_supply ,investment_cost_tax,0.0
12548,2045,reg1,UO2_supply ,investment_cost_tax,0.0
12549,2046,reg1,UO2_supply ,investment_cost_tax,0.0
12550,2047,reg1,UO2_supply ,investment_cost_tax,0.0
12551,2048,reg1,UO2_supply ,investment_cost_tax,0.0
12552,2049,reg1,UO2_supply ,investment_cost_tax,0.0
12553,2050,reg1,UO2_supply ,investment_cost_tax,0.0
12554,2051,reg1,UO2_supply ,investment_cost_tax,0.0
12555,2052,reg1,UO2_supply ,investment_cost_tax,0.0
12556,2053,reg1,UO2_supply ,investment_cost_tax,0.0
12557,2054,reg1,UO2_supply ,investment_cost_tax,0.0
12558,2055,reg1,UO2_supply ,investment_cost_tax,0.0
12559,2056,reg1,UO2_supply ,investment_cost_tax,0.0
12560,2057,reg1,UO2_supply ,investment_cost_tax,0.0
12561,2058,reg1,UO2_supply ,investment_cost_tax,0.0
12562,2059,reg1,UO2_supply ,investment_cost_tax,0.0
12563,2060,reg1,UO2_supply ,investment_cost_tax,0.0
12564,2025,reg1,Electricity_net_imports,investment_cost_tax,0.0
12565,2026,reg1,Electricity_net_imports,investment_cost_tax,0.0
12566,2027,reg1,Electricity_net_imports,investment_cost_tax,0.0
12567,2028,reg1,Electricity_net_imports,investment_cost_tax,0.0
12568,2029,reg1,Electricity_net_imports,investment_cost_tax,0.0
12569,2030,reg1,Electricity_net_imports,investment_cost_tax,0.0
12570,2031,reg1,Electricity_net_imports,investment_cost_tax,0.0
12571,2032,reg1,Electricity_net_imports,investment_cost_tax,0.0
12572,2033,reg1,Electricity_net_imports,investment_cost_tax,0.0
12573,2034,reg1,Electricity_net_imports,investment_cost_tax,0.0
12574,2035,reg1,Electricity_net_imports,investment_cost_tax,0.0
12575,2036,reg1,Electricity_net_imports,investment_cost_tax,0.0
12576,2037,reg1,Electricity_net_imports,investment_cost_tax,0.0
12577,2038,reg1,Electricity_net_imports,investment_cost_tax,0.0
12578,2039,reg1,Electricity_net_imports,investment_cost_tax,0.0
12579,2040,reg1,Electricity_net_imports,investment_cost_tax,0.0
12580,2041,reg1,Electricity_net_imports,investment_cost_tax,0.0
12581,2042,reg1,Electricity_net_imports,investment_cost_tax,0.0
12582,2043,reg1,Electricity_net_imports,investment_cost_tax,0.0
12583,2044,reg1,Electricity_net_imports,investment_cost_tax,0.0
12584,2045,reg1,Electricity_net_imports,investment_cost_tax,0.0
12585,2046,reg1,Electricity_net_imports,investment_cost_tax,0.0
12586,2047,reg1,Electricity_net_imports,investment_cost_tax,0.0
12587,2048,reg1,Electricity_net_imports,investment_cost_tax,0.0
12588,2049,reg1,Electricity_net_imports,investment_cost_tax,0.0
12589,2050,reg1,Electricity_net_imports,investment_cost_tax,0.0
12590,2051,reg1,Electricity_net_imports,investment_cost_tax,0.0
12591,2052,reg1,Electricity_net_imports,investment_cost_tax,0.0
12592,2053,reg1,Electricity_net_imports,investment_cost_tax,0.0
12593,2054,reg1,Electricity_net_imports,investment_cost_tax,0.0
12594,2055,reg1,Electricity_net_imports,investment_cost_tax,0.0
12595,2056,reg1,Electricity_net_imports,investment_cost_tax,0.0
12596,2057,reg1,Electricity_net_imports,investment_cost_tax,0.0
12597,2058,reg1,Electricity_net_imports,investment_cost_tax,0.0
12598,2059,reg1,Electricity_net_imports,investment_cost_tax,0.0
12599,2060,reg1,Electricity_net_imports,investment_cost_tax,0.0
12600,2025,reg1,Geo_HP,investment_cost_tax,0.0
12601,2026,reg1,Geo_HP,investment_cost_tax,0.0
12602,2027,reg1,Geo_HP,investment_cost_tax,0.0
12603,2028,reg1,Geo_HP,investment_cost_tax,0.0
12604,2029,reg1,Geo_HP,investment_cost_tax,0.0
12605,2030,reg1,Geo_HP,investment_cost_tax,0.0
12606,2031,reg1,Geo_HP,investment_cost_tax,0.0
12607,2032,reg1,Geo_HP,investment_cost_tax,0.0
12608,2033,reg1,Geo_HP,investment_cost_tax,0.0
12609,2034,reg1,Geo_HP,investment_cost_tax,0.0
12610,2035,reg1,Geo_HP,investment_cost_tax,0.0
12611,2036,reg1,Geo_HP,investment_cost_tax,0.0
12612,2037,reg1,Geo_HP,investment_cost_tax,0.0
12613,2038,reg1,Geo_HP,investment_cost_tax,0.0
12614,2039,reg1,Geo_HP,investment_cost_tax,0.0
12615,2040,reg1,Geo_HP,investment_cost_tax,0.0
12616,2041,reg1,Geo_HP,investment_cost_tax,0.0
12617,2042,reg1,Geo_HP,investment_cost_tax,0.0
12618,2043,reg1,Geo_HP,investment_cost_tax,0.0
12619,2044,reg1,Geo_HP,investment_cost_tax,0.0
12620,2045,reg1,Geo_HP,investment_cost_tax,0.0
12621,2046,reg1,Geo_HP,investment_cost_tax,0.0
12622,2047,reg1,Geo_HP,investment_cost_tax,0.0
12623,2048,reg1,Geo_HP,investment_cost_tax,0.0
12624,2049,reg1,Geo_HP,investment_cost_tax,0.0
12625,2050,reg1,Geo_HP,investment_cost_tax,0.0
12626,2051,reg1,Geo_HP,investment_cost_tax,0.0
12627,2052,reg1,Geo_HP,investment_cost_tax,0.0
12628,2053,reg1,Geo_HP,investment_cost_tax,0.0
12629,2054,reg1,Geo_HP,investment_cost_tax,0.0
12630,2055,reg1,Geo_HP,investment_cost_tax,0.0
12631,2056,reg1,Geo_HP,investment_cost_tax,0.0
12632,2057,reg1,Geo_HP,investment_cost_tax,0.0
12633,2058,reg1,Geo_HP,investment_cost_tax,0.0
12634,2059,reg1,Geo_HP,investment_cost_tax,0.0
12635,2060,reg1,Geo_HP,investment_cost_tax,0.0
12636,2025,reg1,Pump_hydro_ST,investment_cost_tax,0.0
12637,2026,reg1,Pump_hydro_ST,investment_cost_tax,0.0
12638,2027,reg1,Pump_hydro_ST,investment_cost_tax,0.0
12639,2028,reg1,Pump_hydro_ST,investment_cost_tax,0.0
12640,2029,reg1,Pump_hydro_ST,investment_cost_tax,0.0
12641,2030,reg1,Pump_hydro_ST,investment_cost_tax,0.0
12642,2031,reg1,Pump_hydro_ST,investment_cost_tax,0.0
12643,2032,reg1,Pump_hydro_ST,investment_cost_tax,0.0
12644,2033,reg1,Pump_hydro_ST,investment_cost_tax,0.0
12645,2034,reg1,Pump_hydro_ST,investment_cost_tax,0.0
12646,2035,reg1,Pump_hydro_ST,investment_cost_tax,0.0
12647,2036,reg1,Pump_hydro_ST,investment_cost_tax,0.0
12648,2037,reg1,Pump_hydro_ST,investment_cost_tax,0.0
12649,2038,reg1,Pump_hydro_ST,investment_cost_tax,0.0
12650,2039,reg1,Pump_hydro_ST,investment_cost_tax,0.0
12651,2040,reg1,Pump_hydro_ST,investment_cost_tax,0.0
12652,2041,reg1,Pump_hydro_ST,investment_cost_tax,0.0
12653,2042,reg1,Pump_hydro_ST,investment_cost_tax,0.0
12654,2043,reg1,Pump_hydro_ST,investment_cost_tax,0.0
12655,2044,reg1,Pump_hydro_ST,investment_cost_tax,0.0
12656,2045,reg1,Pump_hydro_ST,investment_cost_tax,0.0
12657,2046,reg1,Pump_hydro_ST,investment_cost_tax,0.0
12658,2047,reg1,Pump_hydro_ST,investment_cost_tax,0.0
12659,2048,reg1,Pump_hydro_ST,investment_cost_tax,0.0
12660,2049,reg1,Pump_hydro_ST,investment_cost_tax,0.0
12661,2050,reg1,Pump_hydro_ST,investment_cost_tax,0.0
12662,2051,reg1,Pump_hydro_ST,investment_cost_tax,0.0
12663,2052,reg1,Pump_hydro_ST,investment_cost_tax,0.0
12664,2053,reg1,Pump_hydro_ST,investment_cost_tax,0.0
12665,2054,reg1,Pump_hydro_ST,investment_cost_tax,0.0
12666,2055,reg1,Pump_hydro_ST,investment_cost_tax,0.0
12667,2056,reg1,Pump_hydro_ST,investment_cost_tax,0.0
12668,2057,reg1,Pump_hydro_ST,investment_cost_tax,0.0
12669,2058,reg1,Pump_hydro_ST,investment_cost_tax,0.0
12670,2059,reg1,Pump_hydro_ST,investment_cost_tax,0.0
12671,2060,reg1,Pump_hydro_ST,investment_cost_tax,0.0
12672,2025,reg1,Electrochemical_ST,investment_cost_tax,0.0
12673,2026,reg1,Electrochemical_ST,investment_cost_tax,0.0
12674,2027,reg1,Electrochemical_ST,investment_cost_tax,0.0
12675,2028,reg1,Electrochemical_ST,investment_cost_tax,0.0
12676,2029,reg1,Electrochemical_ST,investment_cost_tax,0.0
12677,2030,reg1,Electrochemical_ST,investment_cost_tax,0.0
12678,2031,reg1,Electrochemical_ST,investment_cost_tax,0.0
12679,2032,reg1,Electrochemical_ST,investment_cost_tax,0.0
12680,2033,reg1,Electrochemical_ST,investment_cost_tax,0.0
12681,2034,reg1,Electrochemical_ST,investment_cost_tax,0.0
12682,2035,reg1,Electrochemical_ST,investment_cost_tax,0.0
12683,2036,reg1,Electrochemical_ST,investment_cost_tax,0.0
12684,2037,reg1,Electrochemical_ST,investment_cost_tax,0.0
12685,2038,reg1,Electrochemical_ST,investment_cost_tax,0.0
12686,2039,reg1,Electrochemical_ST,investment_cost_tax,0.0
12687,2040,reg1,Electrochemical_ST,investment_cost_tax,0.0
12688,2041,reg1,Electrochemical_ST,investment_cost_tax,0.0
12689,2042,reg1,Electrochemical_ST,investment_cost_tax,0.0
12690,2043,reg1,Electrochemical_ST,investment_cost_tax,0.0
12691,2044,reg1,Electrochemical_ST,investment_cost_tax,0.0
12692,2045,reg1,Electrochemical_ST,investment_cost_tax,0.0
12693,2046,reg1,Electrochemical_ST,investment_cost_tax,0.0
12694,2047,reg1,Electrochemical_ST,investment_cost_tax,0.0
12695,2048,reg1,Electrochemical_ST,investment_cost_tax,0.0
12696,2049,reg1,Electrochemical_ST,investment_cost_tax,0.0
12697,2050,reg1,Electrochemical_ST,investment_cost_tax,0.0
12698,2051,reg1,Electrochemical_ST,investment_cost_tax,0.0
12699,2052,reg1,Electrochemical_ST,investment_cost_tax,0.0
12700,2053,reg1,Electrochemical_ST,investment_cost_tax,0.0
12701,2054,reg1,Electrochemical_ST,investment_cost_tax,0.0
12702,2055,reg1,Electrochemical_ST,investment_cost_tax,0.0
12703,2056,reg1,Electrochemical_ST,investment_cost_tax,0.0
12704,2057,reg1,Electrochemical_ST,investment_cost_tax,0.0
12705,2058,reg1,Electrochemical_ST,investment_cost_tax,0.0
12706,2059,reg1,Electrochemical_ST,investment_cost_tax,0.0
12707,2060,reg1,Electrochemical_ST,investment_cost_tax,0.0
12708,2025,reg1,Hydrogen_ST,investment_cost_tax,0.0
12709,2026,reg1,Hydrogen_ST,investment_cost_tax,0.0
12710,2027,reg1,Hydrogen_ST,investment_cost_tax,0.0
12711,2028,reg1,Hydrogen_ST,investment_cost_tax,0.0
12712,2029,reg1,Hydrogen_ST,investment_cost_tax,0.0
12713,2030,reg1,Hydrogen_ST,investment_cost_tax,0.0
12714,2031,reg1,Hydrogen_ST,investment_cost_tax,0.0
12715,2032,reg1,Hydrogen_ST,investment_cost_tax,0.0
12716,2033,reg1,Hydrogen_ST,investment_cost_tax,0.0
12717,2034,reg1,Hydrogen_ST,investment_cost_tax,0.0
12718,2035,reg1,Hydrogen_ST,investment_cost_tax,0.0
12719,2036,reg1,Hydrogen_ST,investment_cost_tax,0.0
12720,2037,reg1,Hydrogen_ST,investment_cost_tax,0.0
12721,2038,reg1,Hydrogen_ST,investment_cost_tax,0.0
12722,2039,reg1,Hydrogen_ST,investment_cost_tax,0.0
12723,2040,reg1,Hydrogen_ST,investment_cost_tax,0.0
12724,2041,reg1,Hydrogen_ST,investment_cost_tax,0.0
12725,2042,reg1,Hydrogen_ST,investment_cost_tax,0.0
12726,2043,reg1,Hydrogen_ST,investment_cost_tax,0.0
12727,2044,reg1,Hydrogen_ST,investment_cost_tax,0.0
12728,2045,reg1,Hydrogen_ST,investment_cost_tax,0.0
12729,2046,reg1,Hydrogen_ST,investment_cost_tax,0.0
12730,2047,reg1,Hydrogen_ST,investment_cost_tax,0.0
12731,2048,reg1,Hydrogen_ST,investment_cost_tax,0.0
12732,2049,reg1,Hydrogen_ST,investment_cost_tax,0.0
12733,2050,reg1,Hydrogen_ST,investment_cost_tax,0.0
12734,2051,reg1,Hydrogen_ST,investment_cost_tax,0.0
12735,2052,reg1,Hydrogen_ST,investment_cost_tax,0.0
12736,2053,reg1,Hydrogen_ST,investment_cost_tax,0.0
12737,2054,reg1,Hydrogen_ST,investment_cost_tax,0.0
12738,2055,reg1,Hydrogen_ST,investment_cost_tax,0.0
12739,2056,reg1,Hydrogen_ST,investment_cost_tax,0.0
12740,2057,reg1,Hydrogen_ST,investment_cost_tax,0.0
12741,2058,reg1,Hydrogen_ST,investment_cost_tax,0.0
12742,2059,reg1,Hydrogen_ST,investment_cost_tax,0.0
12743,2060,reg1,Hydrogen_ST,investment_cost_tax,0.0
12744,2025,reg1,Thermal_ST,investment_cost_tax,0.0
12745,2026,reg1,Thermal_ST,investment_cost_tax,0.0
12746,2027,reg1,Thermal_ST,investment_cost_tax,0.0
12747,2028,reg1,Thermal_ST,investment_cost_tax,0.0
12748,2029,reg1,Thermal_ST,investment_cost_tax,0.0
12749,2030,reg1,Thermal_ST,investment_cost_tax,0.0
12750,2031,reg1,Thermal_ST,investment_cost_tax,0.0
12751,2032,reg1,Thermal_ST,investment_cost_tax,0.0
12752,2033,reg1,Thermal_ST,investment_cost_tax,0.0
12753,2034,reg1,Thermal_ST,investment_cost_tax,0.0
12754,2035,reg1,Thermal_ST,investment_cost_tax,0.0
12755,2036,reg1,Thermal_ST,investment_cost_tax,0.0
12756,2037,reg1,Thermal_ST,investment_cost_tax,0.0
12757,2038,reg1,Thermal_ST,investment_cost_tax,0.0
12758,2039,reg1,Thermal_ST,investment_cost_tax,0.0
12759,2040,reg1,Thermal_ST,investment_cost_tax,0.0
12760,2041,reg1,Thermal_ST,investment_cost_tax,0.0
12761,2042,reg1,Thermal_ST,investment_cost_tax,0.0
12762,2043,reg1,Thermal_ST,investment_cost_tax,0.0
12763,2044,reg1,Thermal_ST,investment_cost_tax,0.0
12764,2045,reg1,Thermal_ST,investment_cost_tax,0.0
12765,2046,reg1,Thermal_ST,investment_cost_tax,0.0
12766,2047,reg1,Thermal_ST,investment_cost_tax,0.0
12767,2048,reg1,Thermal_ST,investment_cost_tax,0.0
12768,2049,reg1,Thermal_ST,investment_cost_tax,0.0
12769,2050,reg1,Thermal_ST,investment_cost_tax,0.0
12770,2051,reg1,Thermal_ST,investment_cost_tax,0.0
12771,2052,reg1,Thermal_ST,investment_cost_tax,0.0
12772,2053,reg1,Thermal_ST,investment_cost_tax,0.0
12773,2054,reg1,Thermal_ST,investment_cost_tax,0.0
12774,2055,reg1,Thermal_ST,investment_cost_tax,0.0
12775,2056,reg1,Thermal_ST,investment_cost_tax,0.0
12776,2057,reg1,Thermal_ST,investment_cost_tax,0.0
12777,2058,reg1,Thermal_ST,investment_cost_tax,0.0
12778,2059,reg1,Thermal_ST,investment_cost_tax,0.0
12779,2060,reg1,Thermal_ST,investment_cost_tax,0.0
12780,2025,reg1,Thermal-H2_ST,investment_cost_tax,0.0
12781,2026,reg1,Thermal-H2_ST,investment_cost_tax,0.0
12782,2027,reg1,Thermal-H2_ST,investment_cost_tax,0.0
12783,2028,reg1,Thermal-H2_ST,investment_cost_tax,0.0
12784,2029,reg1,Thermal-H2_ST,investment_cost_tax,0.0
12785,2030,reg1,Thermal-H2_ST,investment_cost_tax,0.0
12786,2031,reg1,Thermal-H2_ST,investment_cost_tax,0.0
12787,2032,reg1,Thermal-H2_ST,investment_cost_tax,0.0
12788,2033,reg1,Thermal-H2_ST,investment_cost_tax,0.0
12789,2034,reg1,Thermal-H2_ST,investment_cost_tax,0.0
12790,2035,reg1,Thermal-H2_ST,investment_cost_tax,0.0
12791,2036,reg1,Thermal-H2_ST,investment_cost_tax,0.0
12792,2037,reg1,Thermal-H2_ST,investment_cost_tax,0.0
12793,2038,reg1,Thermal-H2_ST,investment_cost_tax,0.0
12794,2039,reg1,Thermal-H2_ST,investment_cost_tax,0.0
12795,2040,reg1,Thermal-H2_ST,investment_cost_tax,0.0
12796,2041,reg1,Thermal-H2_ST,investment_cost_tax,0.0
12797,2042,reg1,Thermal-H2_ST,investment_cost_tax,0.0
12798,2043,reg1,Thermal-H2_ST,investment_cost_tax,0.0
12799,2044,reg1,Thermal-H2_ST,investment_cost_tax,0.0
12800,2045,reg1,Thermal-H2_ST,investment_cost_tax,0.0
12801,2046,reg1,Thermal-H2_ST,investment_cost_tax,0.0
12802,2047,reg1,Thermal-H2_ST,investment_cost_tax,0.0
12803,2048,reg1,Thermal-H2_ST,investment_cost_tax,0.0
12804,2049,reg1,Thermal-H2_ST,investment_cost_tax,0.0
12805,2050,reg1,Thermal-H2_ST,investment_cost_tax,0.0
12806,2051,reg1,Thermal-H2_ST,investment_cost_tax,0.0
12807,2052,reg1,Thermal-H2_ST,investment_cost_tax,0.0
12808,2053,reg1,Thermal-H2_ST,investment_cost_tax,0.0
12809,2054,reg1,Thermal-H2_ST,investment_cost_tax,0.0
12810,2055,reg1,Thermal-H2_ST,investment_cost_tax,0.0
12811,2056,reg1,Thermal-H2_ST,investment_cost_tax,0.0
12812,2057,reg1,Thermal-H2_ST,investment_cost_tax,0.0
12813,2058,reg1,Thermal-H2_ST,investment_cost_tax,0.0
12814,2059,reg1,Thermal-H2_ST,investment_cost_tax,0.0
12815,2060,reg1,Thermal-H2_ST,investment_cost_tax,0.0
12816,2025,reg1,HTHP,investment_cost_tax,0.0
12817,2026,reg1,HTHP,investment_cost_tax,0.0
12818,2027,reg1,HTHP,investment_cost_tax,0.0
12819,2028,reg1,HTHP,investment_cost_tax,0.0
12820,2029,reg1,HTHP,investment_cost_tax,0.0
12821,2030,reg1,HTHP,investment_cost_tax,0.0
12822,2031,reg1,HTHP,investment_cost_tax,0.0
12823,2032,reg1,HTHP,investment_cost_tax,0.0
12824,2033,reg1,HTHP,investment_cost_tax,0.0
12825,2034,reg1,HTHP,investment_cost_tax,0.0
12826,2035,reg1,HTHP,investment_cost_tax,0.0
12827,2036,reg1,HTHP,investment_cost_tax,0.0
12828,2037,reg1,HTHP,investment_cost_tax,0.0
12829,2038,reg1,HTHP,investment_cost_tax,0.0
12830,2039,reg1,HTHP,investment_cost_tax,0.0
12831,2040,reg1,HTHP,investment_cost_tax,0.0
12832,2041,reg1,HTHP,investment_cost_tax,0.0
12833,2042,reg1,HTHP,investment_cost_tax,0.0
12834,2043,reg1,HTHP,investment_cost_tax,0.0
12835,2044,reg1,HTHP,investment_cost_tax,0.0
12836,2045,reg1,HTHP,investment_cost_tax,0.0
12837,2046,reg1,HTHP,investment_cost_tax,0.0
12838,2047,reg1,HTHP,investment_cost_tax,0.0
12839,2048,reg1,HTHP,investment_cost_tax,0.0
12840,2049,reg1,HTHP,investment_cost_tax,0.0
12841,2050,reg1,HTHP,investment_cost_tax,0.0
12842,2051,reg1,HTHP,investment_cost_tax,0.0
12843,2052,reg1,HTHP,investment_cost_tax,0.0
12844,2053,reg1,HTHP,investment_cost_tax,0.0
12845,2054,reg1,HTHP,investment_cost_tax,0.0
12846,2055,reg1,HTHP,investment_cost_tax,0.0
12847,2056,reg1,HTHP,investment_cost_tax,0.0
12848,2057,reg1,HTHP,investment_cost_tax,0.0
12849,2058,reg1,HTHP,investment_cost_tax,0.0
12850,2059,reg1,HTHP,investment_cost_tax,0.0
12851,2060,reg1,HTHP,investment_cost_tax,0.0
12852,2025,reg1,SMR,investment_cost_tax,0.0
12853,2026,reg1,SMR,investment_cost_tax,0.0
12854,2027,reg1,SMR,investment_cost_tax,0.0
12855,2028,reg1,SMR,investment_cost_tax,0.0
12856,2029,reg1,SMR,investment_cost_tax,0.0
12857,2030,reg1,SMR,investment_cost_tax,0.0
12858,2031,reg1,SMR,investment_cost_tax,0.0
12859,2032,reg1,SMR,investment_cost_tax,0.0
12860,2033,reg1,SMR,investment_cost_tax,0.0
12861,2034,reg1,SMR,investment_cost_tax,0.0
12862,2035,reg1,SMR,investment_cost_tax,0.0
12863,2036,reg1,SMR,investment_cost_tax,0.0
12864,2037,reg1,SMR,investment_cost_tax,0.0
12865,2038,reg1,SMR,investment_cost_tax,0.0
12866,2039,reg1,SMR,investment_cost_tax,0.0
12867,2040,reg1,SMR,investment_cost_tax,0.0
12868,2041,reg1,SMR,investment_cost_tax,0.0
12869,2042,reg1,SMR,investment_cost_tax,0.0
12870,2043,reg1,SMR,investment_cost_tax,0.0
12871,2044,reg1,SMR,investment_cost_tax,0.0
12872,2045,reg1,SMR,investment_cost_tax,0.0
12873,2046,reg1,SMR,investment_cost_tax,0.0
12874,2047,reg1,SMR,investment_cost_tax,0.0
12875,2048,reg1,SMR,investment_cost_tax,0.0
12876,2049,reg1,SMR,investment_cost_tax,0.0
12877,2050,reg1,SMR,investment_cost_tax,0.0
12878,2051,reg1,SMR,investment_cost_tax,0.0
12879,2052,reg1,SMR,investment_cost_tax,0.0
12880,2053,reg1,SMR,investment_cost_tax,0.0
12881,2054,reg1,SMR,investment_cost_tax,0.0
12882,2055,reg1,SMR,investment_cost_tax,0.0
12883,2056,reg1,SMR,investment_cost_tax,0.0
12884,2057,reg1,SMR,investment_cost_tax,0.0
12885,2058,reg1,SMR,investment_cost_tax,0.0
12886,2059,reg1,SMR,investment_cost_tax,0.0
12887,2060,reg1,SMR,investment_cost_tax,0.0
12888,2025,reg1,SMR_CCS,investment_cost_tax,0.0
12889,2026,reg1,SMR_CCS,investment_cost_tax,0.0
12890,2027,reg1,SMR_CCS,investment_cost_tax,0.0
12891,2028,reg1,SMR_CCS,investment_cost_tax,0.0
12892,2029,reg1,SMR_CCS,investment_cost_tax,0.0
12893,2030,reg1,SMR_CCS,investment_cost_tax,0.0
12894,2031,reg1,SMR_CCS,investment_cost_tax,0.0
12895,2032,reg1,SMR_CCS,investment_cost_tax,0.0
12896,2033,reg1,SMR_CCS,investment_cost_tax,0.0
12897,2034,reg1,SMR_CCS,investment_cost_tax,0.0
12898,2035,reg1,SMR_CCS,investment_cost_tax,0.0
12899,2036,reg1,SMR_CCS,investment_cost_tax,0.0
12900,2037,reg1,SMR_CCS,investment_cost_tax,0.0
12901,2038,reg1,SMR_CCS,investment_cost_tax,0.0
12902,2039,reg1,SMR_CCS,investment_cost_tax,0.0
12903,2040,reg1,SMR_CCS,investment_cost_tax,0.0
12904,2041,reg1,SMR_CCS,investment_cost_tax,0.0
12905,2042,reg1,SMR_CCS,investment_cost_tax,0.0
12906,2043,reg1,SMR_CCS,investment_cost_tax,0.0
12907,2044,reg1,SMR_CCS,investment_cost_tax,0.0
12908,2045,reg1,SMR_CCS,investment_cost_tax,0.0
12909,2046,reg1,SMR_CCS,investment_cost_tax,0.0
12910,2047,reg1,SMR_CCS,investment_cost_tax,0.0
12911,2048,reg1,SMR_CCS,investment_cost_tax,0.0
12912,2049,reg1,SMR_CCS,investment_cost_tax,0.0
12913,2050,reg1,SMR_CCS,investment_cost_tax,0.0
12914,2051,reg1,SMR_CCS,investment_cost_tax,0.0
12915,2052,reg1,SMR_CCS,investment_cost_tax,0.0
12916,2053,reg1,SMR_CCS,investment_cost_tax,0.0
12917,2054,reg1,SMR_CCS,investment_cost_tax,0.0
12918,2055,reg1,SMR_CCS,investment_cost_tax,0.0
12919,2056,reg1,SMR_CCS,investment_cost_tax,0.0
12920,2057,reg1,SMR_CCS,investment_cost_tax,0.0
12921,2058,reg1,SMR_CCS,investment_cost_tax,0.0
12922,2059,reg1,SMR_CCS,investment_cost_tax,0.0
12923,2060,reg1,SMR_CCS,investment_cost_tax,0.0
12924,2025,reg1,Electrolysis_PEM,investment_cost_tax,0.0
12925,2026,reg1,Electrolysis_PEM,investment_cost_tax,0.0
12926,2027,reg1,Electrolysis_PEM,investment_cost_tax,0.0
12927,2028,reg1,Electrolysis_PEM,investment_cost_tax,0.0
12928,2029,reg1,Electrolysis_PEM,investment_cost_tax,0.0
12929,2030,reg1,Electrolysis_PEM,investment_cost_tax,0.0
12930,2031,reg1,Electrolysis_PEM,investment_cost_tax,0.0
12931,2032,reg1,Electrolysis_PEM,investment_cost_tax,0.0
12932,2033,reg1,Electrolysis_PEM,investment_cost_tax,0.0
12933,2034,reg1,Electrolysis_PEM,investment_cost_tax,0.0
12934,2035,reg1,Electrolysis_PEM,investment_cost_tax,0.0
12935,2036,reg1,Electrolysis_PEM,investment_cost_tax,0.0
12936,2037,reg1,Electrolysis_PEM,investment_cost_tax,0.0
12937,2038,reg1,Electrolysis_PEM,investment_cost_tax,0.0
12938,2039,reg1,Electrolysis_PEM,investment_cost_tax,0.0
12939,2040,reg1,Electrolysis_PEM,investment_cost_tax,0.0
12940,2041,reg1,Electrolysis_PEM,investment_cost_tax,0.0
12941,2042,reg1,Electrolysis_PEM,investment_cost_tax,0.0
12942,2043,reg1,Electrolysis_PEM,investment_cost_tax,0.0
12943,2044,reg1,Electrolysis_PEM,investment_cost_tax,0.0
12944,2045,reg1,Electrolysis_PEM,investment_cost_tax,0.0
12945,2046,reg1,Electrolysis_PEM,investment_cost_tax,0.0
12946,2047,reg1,Electrolysis_PEM,investment_cost_tax,0.0
12947,2048,reg1,Electrolysis_PEM,investment_cost_tax,0.0
12948,2049,reg1,Electrolysis_PEM,investment_cost_tax,0.0
12949,2050,reg1,Electrolysis_PEM,investment_cost_tax,0.0
12950,2051,reg1,Electrolysis_PEM,investment_cost_tax,0.0
12951,2052,reg1,Electrolysis_PEM,investment_cost_tax,0.0
12952,2053,reg1,Electrolysis_PEM,investment_cost_tax,0.0
12953,2054,reg1,Electrolysis_PEM,investment_cost_tax,0.0
12954,2055,reg1,Electrolysis_PEM,investment_cost_tax,0.0
12955,2056,reg1,Electrolysis_PEM,investment_cost_tax,0.0
12956,2057,reg1,Electrolysis_PEM,investment_cost_tax,0.0
12957,2058,reg1,Electrolysis_PEM,investment_cost_tax,0.0
12958,2059,reg1,Electrolysis_PEM,investment_cost_tax,0.0
12959,2060,reg1,Electrolysis_PEM,investment_cost_tax,0.0
12960,2025,reg1,SFF_PP,investment_cost_tax,0.0
12961,2026,reg1,SFF_PP,investment_cost_tax,0.0
12962,2027,reg1,SFF_PP,investment_cost_tax,0.0
12963,2028,reg1,SFF_PP,investment_cost_tax,0.0
12964,2029,reg1,SFF_PP,investment_cost_tax,0.0
12965,2030,reg1,SFF_PP,investment_cost_tax,0.0
12966,2031,reg1,SFF_PP,investment_cost_tax,0.0
12967,2032,reg1,SFF_PP,investment_cost_tax,0.0
12968,2033,reg1,SFF_PP,investment_cost_tax,0.0
12969,2034,reg1,SFF_PP,investment_cost_tax,0.0
12970,2035,reg1,SFF_PP,investment_cost_tax,0.0
12971,2036,reg1,SFF_PP,investment_cost_tax,0.0
12972,2037,reg1,SFF_PP,investment_cost_tax,0.0
12973,2038,reg1,SFF_PP,investment_cost_tax,0.0
12974,2039,reg1,SFF_PP,investment_cost_tax,0.0
12975,2040,reg1,SFF_PP,investment_cost_tax,0.0
12976,2041,reg1,SFF_PP,investment_cost_tax,0.0
12977,2042,reg1,SFF_PP,investment_cost_tax,0.0
12978,2043,reg1,SFF_PP,investment_cost_tax,0.0
12979,2044,reg1,SFF_PP,investment_cost_tax,0.0
12980,2045,reg1,SFF_PP,investment_cost_tax,0.0
12981,2046,reg1,SFF_PP,investment_cost_tax,0.0
12982,2047,reg1,SFF_PP,investment_cost_tax,0.0
12983,2048,reg1,SFF_PP,investment_cost_tax,0.0
12984,2049,reg1,SFF_PP,investment_cost_tax,0.0
12985,2050,reg1,SFF_PP,investment_cost_tax,0.0
12986,2051,reg1,SFF_PP,investment_cost_tax,0.0
12987,2052,reg1,SFF_PP,investment_cost_tax,0.0
12988,2053,reg1,SFF_PP,investment_cost_tax,0.0
12989,2054,reg1,SFF_PP,investment_cost_tax,0.0
12990,2055,reg1,SFF_PP,investment_cost_tax,0.0
12991,2056,reg1,SFF_PP,investment_cost_tax,0.0
12992,2057,reg1,SFF_PP,investment_cost_tax,0.0
12993,2058,reg1,SFF_PP,investment_cost_tax,0.0
12994,2059,reg1,SFF_PP,investment_cost_tax,0.0
12995,2060,reg1,SFF_PP,investment_cost_tax,0.0
12996,2025,reg1,Nuc_SMR_PP,investment_cost_tax,0.0
12997,2026,reg1,Nuc_SMR_PP,investment_cost_tax,0.0
12998,2027,reg1,Nuc_SMR_PP,investment_cost_tax,0.0
12999,2028,reg1,Nuc_SMR_PP,investment_cost_tax,0.0
13000,2029,reg1,Nuc_SMR_PP,investment_cost_tax,0.0
13001,2030,reg1,Nuc_SMR_PP,investment_cost_tax,0.0
13002,2031,reg1,Nuc_SMR_PP,investment_cost_tax,0.0
13003,2032,reg1,Nuc_SMR_PP,investment_cost_tax,0.0
13004,2033,reg1,Nuc_SMR_PP,investment_cost_tax,0.0
13005,2034,reg1,Nuc_SMR_PP,investment_cost_tax,0.0
13006,2035,reg1,Nuc_SMR_PP,investment_cost_tax,0.0
13007,2036,reg1,Nuc_SMR_PP,investment_cost_tax,0.0
13008,2037,reg1,Nuc_SMR_PP,investment_cost_tax,0.0
13009,2038,reg1,Nuc_SMR_PP,investment_cost_tax,0.0
13010,2039,reg1,Nuc_SMR_PP,investment_cost_tax,0.0
13011,2040,reg1,Nuc_SMR_PP,investment_cost_tax,0.0
13012,2041,reg1,Nuc_SMR_PP,investment_cost_tax,0.0
13013,2042,reg1,Nuc_SMR_PP,investment_cost_tax,0.0
13014,2043,reg1,Nuc_SMR_PP,investment_cost_tax,0.0
13015,2044,reg1,Nuc_SMR_PP,investment_cost_tax,0.0
13016,2045,reg1,Nuc_SMR_PP,investment_cost_tax,0.0
13017,2046,reg1,Nuc_SMR_PP,investment_cost_tax,0.0
13018,2047,reg1,Nuc_SMR_PP,investment_cost_tax,0.0
13019,2048,reg1,Nuc_SMR_PP,investment_cost_tax,0.0
13020,2049,reg1,Nuc_SMR_PP,investment_cost_tax,0.0
13021,2050,reg1,Nuc_SMR_PP,investment_cost_tax,0.0
13022,2051,reg1,Nuc_SMR_PP,investment_cost_tax,0.0
13023,2052,reg1,Nuc_SMR_PP,investment_cost_tax,0.0
13024,2053,reg1,Nuc_SMR_PP,investment_cost_tax,0.0
13025,2054,reg1,Nuc_SMR_PP,investment_cost_tax,0.0
13026,2055,reg1,Nuc_SMR_PP,investment_cost_tax,0.0
13027,2056,reg1,Nuc_SMR_PP,investment_cost_tax,0.0
13028,2057,reg1,Nuc_SMR_PP,investment_cost_tax,0.0
13029,2058,reg1,Nuc_SMR_PP,investment_cost_tax,0.0
13030,2059,reg1,Nuc_SMR_PP,investment_cost_tax,0.0
13031,2060,reg1,Nuc_SMR_PP,investment_cost_tax,0.0
13032,2025,reg1,Nuc_G3+_PP,investment_cost_tax,0.0
13033,2026,reg1,Nuc_G3+_PP,investment_cost_tax,0.0
13034,2027,reg1,Nuc_G3+_PP,investment_cost_tax,0.0
13035,2028,reg1,Nuc_G3+_PP,investment_cost_tax,0.0
13036,2029,reg1,Nuc_G3+_PP,investment_cost_tax,0.0
13037,2030,reg1,Nuc_G3+_PP,investment_cost_tax,0.0
13038,2031,reg1,Nuc_G3+_PP,investment_cost_tax,0.0
13039,2032,reg1,Nuc_G3+_PP,investment_cost_tax,0.0
13040,2033,reg1,Nuc_G3+_PP,investment_cost_tax,0.0
13041,2034,reg1,Nuc_G3+_PP,investment_cost_tax,0.0
13042,2035,reg1,Nuc_G3+_PP,investment_cost_tax,0.0
13043,2036,reg1,Nuc_G3+_PP,investment_cost_tax,0.0
13044,2037,reg1,Nuc_G3+_PP,investment_cost_tax,0.0
13045,2038,reg1,Nuc_G3+_PP,investment_cost_tax,0.0
13046,2039,reg1,Nuc_G3+_PP,investment_cost_tax,0.0
13047,2040,reg1,Nuc_G3+_PP,investment_cost_tax,0.0
13048,2041,reg1,Nuc_G3+_PP,investment_cost_tax,0.0
13049,2042,reg1,Nuc_G3+_PP,investment_cost_tax,0.0
13050,2043,reg1,Nuc_G3+_PP,investment_cost_tax,0.0
13051,2044,reg1,Nuc_G3+_PP,investment_cost_tax,0.0
13052,2045,reg1,Nuc_G3+_PP,investment_cost_tax,0.0
13053,2046,reg1,Nuc_G3+_PP,investment_cost_tax,0.0
13054,2047,reg1,Nuc_G3+_PP,investment_cost_tax,0.0
13055,2048,reg1,Nuc_G3+_PP,investment_cost_tax,0.0
13056,2049,reg1,Nuc_G3+_PP,investment_cost_tax,0.0
13057,2050,reg1,Nuc_G3+_PP,investment_cost_tax,0.0
13058,2051,reg1,Nuc_G3+_PP,investment_cost_tax,0.0
13059,2052,reg1,Nuc_G3+_PP,investment_cost_tax,0.0
13060,2053,reg1,Nuc_G3+_PP,investment_cost_tax,0.0
13061,2054,reg1,Nuc_G3+_PP,investment_cost_tax,0.0
13062,2055,reg1,Nuc_G3+_PP,investment_cost_tax,0.0
13063,2056,reg1,Nuc_G3+_PP,investment_cost_tax,0.0
13064,2057,reg1,Nuc_G3+_PP,investment_cost_tax,0.0
13065,2058,reg1,Nuc_G3+_PP,investment_cost_tax,0.0
13066,2059,reg1,Nuc_G3+_PP,investment_cost_tax,0.0
13067,2060,reg1,Nuc_G3+_PP,investment_cost_tax,0.0
13068,2025,reg1,Nuc_SMR_CHP,investment_cost_tax,0.0
13069,2026,reg1,Nuc_SMR_CHP,investment_cost_tax,0.0
13070,2027,reg1,Nuc_SMR_CHP,investment_cost_tax,0.0
13071,2028,reg1,Nuc_SMR_CHP,investment_cost_tax,0.0
13072,2029,reg1,Nuc_SMR_CHP,investment_cost_tax,0.0
13073,2030,reg1,Nuc_SMR_CHP,investment_cost_tax,0.0
13074,2031,reg1,Nuc_SMR_CHP,investment_cost_tax,0.0
13075,2032,reg1,Nuc_SMR_CHP,investment_cost_tax,0.0
13076,2033,reg1,Nuc_SMR_CHP,investment_cost_tax,0.0
13077,2034,reg1,Nuc_SMR_CHP,investment_cost_tax,0.0
13078,2035,reg1,Nuc_SMR_CHP,investment_cost_tax,0.0
13079,2036,reg1,Nuc_SMR_CHP,investment_cost_tax,0.0
13080,2037,reg1,Nuc_SMR_CHP,investment_cost_tax,0.0
13081,2038,reg1,Nuc_SMR_CHP,investment_cost_tax,0.0
13082,2039,reg1,Nuc_SMR_CHP,investment_cost_tax,0.0
13083,2040,reg1,Nuc_SMR_CHP,investment_cost_tax,0.0
13084,2041,reg1,Nuc_SMR_CHP,investment_cost_tax,0.0
13085,2042,reg1,Nuc_SMR_CHP,investment_cost_tax,0.0
13086,2043,reg1,Nuc_SMR_CHP,investment_cost_tax,0.0
13087,2044,reg1,Nuc_SMR_CHP,investment_cost_tax,0.0
13088,2045,reg1,Nuc_SMR_CHP,investment_cost_tax,0.0
13089,2046,reg1,Nuc_SMR_CHP,investment_cost_tax,0.0
13090,2047,reg1,Nuc_SMR_CHP,investment_cost_tax,0.0
13091,2048,reg1,Nuc_SMR_CHP,investment_cost_tax,0.0
13092,2049,reg1,Nuc_SMR_CHP,investment_cost_tax,0.0
13093,2050,reg1,Nuc_SMR_CHP,investment_cost_tax,0.0
13094,2051,reg1,Nuc_SMR_CHP,investment_cost_tax,0.0
13095,2052,reg1,Nuc_SMR_CHP,investment_cost_tax,0.0
13096,2053,reg1,Nuc_SMR_CHP,investment_cost_tax,0.0
13097,2054,reg1,Nuc_SMR_CHP,investment_cost_tax,0.0
13098,2055,reg1,Nuc_SMR_CHP,investment_cost_tax,0.0
13099,2056,reg1,Nuc_SMR_CHP,investment_cost_tax,0.0
13100,2057,reg1,Nuc_SMR_CHP,investment_cost_tax,0.0
13101,2058,reg1,Nuc_SMR_CHP,investment_cost_tax,0.0
13102,2059,reg1,Nuc_SMR_CHP,investment_cost_tax,0.0
13103,2060,reg1,Nuc_SMR_CHP,investment_cost_tax,0.0
13104,2025,reg1,Nuc_SMR_Power-CHP,investment_cost_tax,0.0
13105,2026,reg1,Nuc_SMR_Power-CHP,investment_cost_tax,0.0
13106,2027,reg1,Nuc_SMR_Power-CHP,investment_cost_tax,0.0
13107,2028,reg1,Nuc_SMR_Power-CHP,investment_cost_tax,0.0
13108,2029,reg1,Nuc_SMR_Power-CHP,investment_cost_tax,0.0
13109,2030,reg1,Nuc_SMR_Power-CHP,investment_cost_tax,0.0
13110,2031,reg1,Nuc_SMR_Power-CHP,investment_cost_tax,0.0
13111,2032,reg1,Nuc_SMR_Power-CHP,investment_cost_tax,0.0
13112,2033,reg1,Nuc_SMR_Power-CHP,investment_cost_tax,0.0
13113,2034,reg1,Nuc_SMR_Power-CHP,investment_cost_tax,0.0
13114,2035,reg1,Nuc_SMR_Power-CHP,investment_cost_tax,0.0
13115,2036,reg1,Nuc_SMR_Power-CHP,investment_cost_tax,0.0
13116,2037,reg1,Nuc_SMR_Power-CHP,investment_cost_tax,0.0
13117,2038,reg1,Nuc_SMR_Power-CHP,investment_cost_tax,0.0
13118,2039,reg1,Nuc_SMR_Power-CHP,investment_cost_tax,0.0
13119,2040,reg1,Nuc_SMR_Power-CHP,investment_cost_tax,0.0
13120,2041,reg1,Nuc_SMR_Power-CHP,investment_cost_tax,0.0
13121,2042,reg1,Nuc_SMR_Power-CHP,investment_cost_tax,0.0
13122,2043,reg1,Nuc_SMR_Power-CHP,investment_cost_tax,0.0
13123,2044,reg1,Nuc_SMR_Power-CHP,investment_cost_tax,0.0
13124,2045,reg1,Nuc_SMR_Power-CHP,investment_cost_tax,0.0
13125,2046,reg1,Nuc_SMR_Power-CHP,investment_cost_tax,0.0
13126,2047,reg1,Nuc_SMR_Power-CHP,investment_cost_tax,0.0
13127,2048,reg1,Nuc_SMR_Power-CHP,investment_cost_tax,0.0
13128,2049,reg1,Nuc_SMR_Power-CHP,investment_cost_tax,0.0
13129,2050,reg1,Nuc_SMR_Power-CHP,investment_cost_tax,0.0
13130,2051,reg1,Nuc_SMR_Power-CHP,investment_cost_tax,0.0
13131,2052,reg1,Nuc_SMR_Power-CHP,investment_cost_tax,0.0
13132,2053,reg1,Nuc_SMR_Power-CHP,investment_cost_tax,0.0
13133,2054,reg1,Nuc_SMR_Power-CHP,investment_cost_tax,0.0
13134,2055,reg1,Nuc_SMR_Power-CHP,investment_cost_tax,0.0
13135,2056,reg1,Nuc_SMR_Power-CHP,investment_cost_tax,0.0
13136,2057,reg1,Nuc_SMR_Power-CHP,investment_cost_tax,0.0
13137,2058,reg1,Nuc_SMR_Power-CHP,investment_cost_tax,0.0
13138,2059,reg1,Nuc_SMR_Power-CHP,investment_cost_tax,0.0
13139,2060,reg1,Nuc_SMR_Power-CHP,investment_cost_tax,0.0
13140,2025,reg1,Nuc_SMR_Heat-CHP,investment_cost_tax,0.0
13141,2026,reg1,Nuc_SMR_Heat-CHP,investment_cost_tax,0.0
13142,2027,reg1,Nuc_SMR_Heat-CHP,investment_cost_tax,0.0
13143,2028,reg1,Nuc_SMR_Heat-CHP,investment_cost_tax,0.0
13144,2029,reg1,Nuc_SMR_Heat-CHP,investment_cost_tax,0.0
13145,2030,reg1,Nuc_SMR_Heat-CHP,investment_cost_tax,0.0
13146,2031,reg1,Nuc_SMR_Heat-CHP,investment_cost_tax,0.0
13147,2032,reg1,Nuc_SMR_Heat-CHP,investment_cost_tax,0.0
13148,2033,reg1,Nuc_SMR_Heat-CHP,investment_cost_tax,0.0
13149,2034,reg1,Nuc_SMR_Heat-CHP,investment_cost_tax,0.0
13150,2035,reg1,Nuc_SMR_Heat-CHP,investment_cost_tax,0.0
13151,2036,reg1,Nuc_SMR_Heat-CHP,investment_cost_tax,0.0
13152,2037,reg1,Nuc_SMR_Heat-CHP,investment_cost_tax,0.0
13153,2038,reg1,Nuc_SMR_Heat-CHP,investment_cost_tax,0.0
13154,2039,reg1,Nuc_SMR_Heat-CHP,investment_cost_tax,0.0
13155,2040,reg1,Nuc_SMR_Heat-CHP,investment_cost_tax,0.0
13156,2041,reg1,Nuc_SMR_Heat-CHP,investment_cost_tax,0.0
13157,2042,reg1,Nuc_SMR_Heat-CHP,investment_cost_tax,0.0
13158,2043,reg1,Nuc_SMR_Heat-CHP,investment_cost_tax,0.0
13159,2044,reg1,Nuc_SMR_Heat-CHP,investment_cost_tax,0.0
13160,2045,reg1,Nuc_SMR_Heat-CHP,investment_cost_tax,0.0
13161,2046,reg1,Nuc_SMR_Heat-CHP,investment_cost_tax,0.0
13162,2047,reg1,Nuc_SMR_Heat-CHP,investment_cost_tax,0.0
13163,2048,reg1,Nuc_SMR_Heat-CHP,investment_cost_tax,0.0
13164,2049,reg1,Nuc_SMR_Heat-CHP,investment_cost_tax,0.0
13165,2050,reg1,Nuc_SMR_Heat-CHP,investment_cost_tax,0.0
13166,2051,reg1,Nuc_SMR_Heat-CHP,investment_cost_tax,0.0
13167,2052,reg1,Nuc_SMR_Heat-CHP,investment_cost_tax,0.0
13168,2053,reg1,Nuc_SMR_Heat-CHP,investment_cost_tax,0.0
13169,2054,reg1,Nuc_SMR_Heat-CHP,investment_cost_tax,0.0
13170,2055,reg1,Nuc_SMR_Heat-CHP,investment_cost_tax,0.0
13171,2056,reg1,Nuc_SMR_Heat-CHP,investment_cost_tax,0.0
13172,2057,reg1,Nuc_SMR_Heat-CHP,investment_cost_tax,0.0
13173,2058,reg1,Nuc_SMR_Heat-CHP,investment_cost_tax,0.0
13174,2059,reg1,Nuc_SMR_Heat-CHP,investment_cost_tax,0.0
13175,2060,reg1,Nuc_SMR_Heat-CHP,investment_cost_tax,0.0
13176,2025,reg1,Nuc_SMR-H2_CHP,investment_cost_tax,0.0
13177,2026,reg1,Nuc_SMR-H2_CHP,investment_cost_tax,0.0
13178,2027,reg1,Nuc_SMR-H2_CHP,investment_cost_tax,0.0
13179,2028,reg1,Nuc_SMR-H2_CHP,investment_cost_tax,0.0
13180,2029,reg1,Nuc_SMR-H2_CHP,investment_cost_tax,0.0
13181,2030,reg1,Nuc_SMR-H2_CHP,investment_cost_tax,0.0
13182,2031,reg1,Nuc_SMR-H2_CHP,investment_cost_tax,0.0
13183,2032,reg1,Nuc_SMR-H2_CHP,investment_cost_tax,0.0
13184,2033,reg1,Nuc_SMR-H2_CHP,investment_cost_tax,0.0
13185,2034,reg1,Nuc_SMR-H2_CHP,investment_cost_tax,0.0
13186,2035,reg1,Nuc_SMR-H2_CHP,investment_cost_tax,0.0
13187,2036,reg1,Nuc_SMR-H2_CHP,investment_cost_tax,0.0
13188,2037,reg1,Nuc_SMR-H2_CHP,investment_cost_tax,0.0
13189,2038,reg1,Nuc_SMR-H2_CHP,investment_cost_tax,0.0
13190,2039,reg1,Nuc_SMR-H2_CHP,investment_cost_tax,0.0
13191,2040,reg1,Nuc_SMR-H2_CHP,investment_cost_tax,0.0
13192,2041,reg1,Nuc_SMR-H2_CHP,investment_cost_tax,0.0
13193,2042,reg1,Nuc_SMR-H2_CHP,investment_cost_tax,0.0
13194,2043,reg1,Nuc_SMR-H2_CHP,investment_cost_tax,0.0
13195,2044,reg1,Nuc_SMR-H2_CHP,investment_cost_tax,0.0
13196,2045,reg1,Nuc_SMR-H2_CHP,investment_cost_tax,0.0
13197,2046,reg1,Nuc_SMR-H2_CHP,investment_cost_tax,0.0
13198,2047,reg1,Nuc_SMR-H2_CHP,investment_cost_tax,0.0
13199,2048,reg1,Nuc_SMR-H2_CHP,investment_cost_tax,0.0
13200,2049,reg1,Nuc_SMR-H2_CHP,investment_cost_tax,0.0
13201,2050,reg1,Nuc_SMR-H2_CHP,investment_cost_tax,0.0
13202,2051,reg1,Nuc_SMR-H2_CHP,investment_cost_tax,0.0
13203,2052,reg1,Nuc_SMR-H2_CHP,investment_cost_tax,0.0
13204,2053,reg1,Nuc_SMR-H2_CHP,investment_cost_tax,0.0
13205,2054,reg1,Nuc_SMR-H2_CHP,investment_cost_tax,0.0
13206,2055,reg1,Nuc_SMR-H2_CHP,investment_cost_tax,0.0
13207,2056,reg1,Nuc_SMR-H2_CHP,investment_cost_tax,0.0
13208,2057,reg1,Nuc_SMR-H2_CHP,investment_cost_tax,0.0
13209,2058,reg1,Nuc_SMR-H2_CHP,investment_cost_tax,0.0
13210,2059,reg1,Nuc_SMR-H2_CHP,investment_cost_tax,0.0
13211,2060,reg1,Nuc_SMR-H2_CHP,investment_cost_tax,0.0
13212,2025,reg1,Nuc_SMR-H2_Power-CHP,investment_cost_tax,0.0
13213,2026,reg1,Nuc_SMR-H2_Power-CHP,investment_cost_tax,0.0
13214,2027,reg1,Nuc_SMR-H2_Power-CHP,investment_cost_tax,0.0
13215,2028,reg1,Nuc_SMR-H2_Power-CHP,investment_cost_tax,0.0
13216,2029,reg1,Nuc_SMR-H2_Power-CHP,investment_cost_tax,0.0
13217,2030,reg1,Nuc_SMR-H2_Power-CHP,investment_cost_tax,0.0
13218,2031,reg1,Nuc_SMR-H2_Power-CHP,investment_cost_tax,0.0
13219,2032,reg1,Nuc_SMR-H2_Power-CHP,investment_cost_tax,0.0
13220,2033,reg1,Nuc_SMR-H2_Power-CHP,investment_cost_tax,0.0
13221,2034,reg1,Nuc_SMR-H2_Power-CHP,investment_cost_tax,0.0
13222,2035,reg1,Nuc_SMR-H2_Power-CHP,investment_cost_tax,0.0
13223,2036,reg1,Nuc_SMR-H2_Power-CHP,investment_cost_tax,0.0
13224,2037,reg1,Nuc_SMR-H2_Power-CHP,investment_cost_tax,0.0
13225,2038,reg1,Nuc_SMR-H2_Power-CHP,investment_cost_tax,0.0
13226,2039,reg1,Nuc_SMR-H2_Power-CHP,investment_cost_tax,0.0
13227,2040,reg1,Nuc_SMR-H2_Power-CHP,investment_cost_tax,0.0
13228,2041,reg1,Nuc_SMR-H2_Power-CHP,investment_cost_tax,0.0
13229,2042,reg1,Nuc_SMR-H2_Power-CHP,investment_cost_tax,0.0
13230,2043,reg1,Nuc_SMR-H2_Power-CHP,investment_cost_tax,0.0
13231,2044,reg1,Nuc_SMR-H2_Power-CHP,investment_cost_tax,0.0
13232,2045,reg1,Nuc_SMR-H2_Power-CHP,investment_cost_tax,0.0
13233,2046,reg1,Nuc_SMR-H2_Power-CHP,investment_cost_tax,0.0
13234,2047,reg1,Nuc_SMR-H2_Power-CHP,investment_cost_tax,0.0
13235,2048,reg1,Nuc_SMR-H2_Power-CHP,investment_cost_tax,0.0
13236,2049,reg1,Nuc_SMR-H2_Power-CHP,investment_cost_tax,0.0
13237,2050,reg1,Nuc_SMR-H2_Power-CHP,investment_cost_tax,0.0
13238,2051,reg1,Nuc_SMR-H2_Power-CHP,investment_cost_tax,0.0
13239,2052,reg1,Nuc_SMR-H2_Power-CHP,investment_cost_tax,0.0
13240,2053,reg1,Nuc_SMR-H2_Power-CHP,investment_cost_tax,0.0
13241,2054,reg1,Nuc_SMR-H2_Power-CHP,investment_cost_tax,0.0
13242,2055,reg1,Nuc_SMR-H2_Power-CHP,investment_cost_tax,0.0
13243,2056,reg1,Nuc_SMR-H2_Power-CHP,investment_cost_tax,0.0
13244,2057,reg1,Nuc_SMR-H2_Power-CHP,investment_cost_tax,0.0
13245,2058,reg1,Nuc_SMR-H2_Power-CHP,investment_cost_tax,0.0
13246,2059,reg1,Nuc_SMR-H2_Power-CHP,investment_cost_tax,0.0
13247,2060,reg1,Nuc_SMR-H2_Power-CHP,investment_cost_tax,0.0
13248,2025,reg1,Nuc_SMR-H2_Heat-CHP,investment_cost_tax,0.0
13249,2026,reg1,Nuc_SMR-H2_Heat-CHP,investment_cost_tax,0.0
13250,2027,reg1,Nuc_SMR-H2_Heat-CHP,investment_cost_tax,0.0
13251,2028,reg1,Nuc_SMR-H2_Heat-CHP,investment_cost_tax,0.0
13252,2029,reg1,Nuc_SMR-H2_Heat-CHP,investment_cost_tax,0.0
13253,2030,reg1,Nuc_SMR-H2_Heat-CHP,investment_cost_tax,0.0
13254,2031,reg1,Nuc_SMR-H2_Heat-CHP,investment_cost_tax,0.0
13255,2032,reg1,Nuc_SMR-H2_Heat-CHP,investment_cost_tax,0.0
13256,2033,reg1,Nuc_SMR-H2_Heat-CHP,investment_cost_tax,0.0
13257,2034,reg1,Nuc_SMR-H2_Heat-CHP,investment_cost_tax,0.0
13258,2035,reg1,Nuc_SMR-H2_Heat-CHP,investment_cost_tax,0.0
13259,2036,reg1,Nuc_SMR-H2_Heat-CHP,investment_cost_tax,0.0
13260,2037,reg1,Nuc_SMR-H2_Heat-CHP,investment_cost_tax,0.0
13261,2038,reg1,Nuc_SMR-H2_Heat-CHP,investment_cost_tax,0.0
13262,2039,reg1,Nuc_SMR-H2_Heat-CHP,investment_cost_tax,0.0
13263,2040,reg1,Nuc_SMR-H2_Heat-CHP,investment_cost_tax,0.0
13264,2041,reg1,Nuc_SMR-H2_Heat-CHP,investment_cost_tax,0.0
13265,2042,reg1,Nuc_SMR-H2_Heat-CHP,investment_cost_tax,0.0
13266,2043,reg1,Nuc_SMR-H2_Heat-CHP,investment_cost_tax,0.0
13267,2044,reg1,Nuc_SMR-H2_Heat-CHP,investment_cost_tax,0.0
13268,2045,reg1,Nuc_SMR-H2_Heat-CHP,investment_cost_tax,0.0
13269,2046,reg1,Nuc_SMR-H2_Heat-CHP,investment_cost_tax,0.0
13270,2047,reg1,Nuc_SMR-H2_Heat-CHP,investment_cost_tax,0.0
13271,2048,reg1,Nuc_SMR-H2_Heat-CHP,investment_cost_tax,0.0
13272,2049,reg1,Nuc_SMR-H2_Heat-CHP,investment_cost_tax,0.0
13273,2050,reg1,Nuc_SMR-H2_Heat-CHP,investment_cost_tax,0.0
13274,2051,reg1,Nuc_SMR-H2_Heat-CHP,investment_cost_tax,0.0
13275,2052,reg1,Nuc_SMR-H2_Heat-CHP,investment_cost_tax,0.0
13276,2053,reg1,Nuc_SMR-H2_Heat-CHP,investment_cost_tax,0.0
13277,2054,reg1,Nuc_SMR-H2_Heat-CHP,investment_cost_tax,0.0
13278,2055,reg1,Nuc_SMR-H2_Heat-CHP,investment_cost_tax,0.0
13279,2056,reg1,Nuc_SMR-H2_Heat-CHP,investment_cost_tax,0.0
13280,2057,reg1,Nuc_SMR-H2_Heat-CHP,investment_cost_tax,0.0
13281,2058,reg1,Nuc_SMR-H2_Heat-CHP,investment_cost_tax,0.0
13282,2059,reg1,Nuc_SMR-H2_Heat-CHP,investment_cost_tax,0.0
13283,2060,reg1,Nuc_SMR-H2_Heat-CHP,investment_cost_tax,0.0
13284,2025,reg1,NGCC-CCS_CHP,investment_cost_tax,0.0
13285,2026,reg1,NGCC-CCS_CHP,investment_cost_tax,0.0
13286,2027,reg1,NGCC-CCS_CHP,investment_cost_tax,0.0
13287,2028,reg1,NGCC-CCS_CHP,investment_cost_tax,0.0
13288,2029,reg1,NGCC-CCS_CHP,investment_cost_tax,0.0
13289,2030,reg1,NGCC-CCS_CHP,investment_cost_tax,0.0
13290,2031,reg1,NGCC-CCS_CHP,investment_cost_tax,0.0
13291,2032,reg1,NGCC-CCS_CHP,investment_cost_tax,0.0
13292,2033,reg1,NGCC-CCS_CHP,investment_cost_tax,0.0
13293,2034,reg1,NGCC-CCS_CHP,investment_cost_tax,0.0
13294,2035,reg1,NGCC-CCS_CHP,investment_cost_tax,0.0
13295,2036,reg1,NGCC-CCS_CHP,investment_cost_tax,0.0
13296,2037,reg1,NGCC-CCS_CHP,investment_cost_tax,0.0
13297,2038,reg1,NGCC-CCS_CHP,investment_cost_tax,0.0
13298,2039,reg1,NGCC-CCS_CHP,investment_cost_tax,0.0
13299,2040,reg1,NGCC-CCS_CHP,investment_cost_tax,0.0
13300,2041,reg1,NGCC-CCS_CHP,investment_cost_tax,0.0
13301,2042,reg1,NGCC-CCS_CHP,investment_cost_tax,0.0
13302,2043,reg1,NGCC-CCS_CHP,investment_cost_tax,0.0
13303,2044,reg1,NGCC-CCS_CHP,investment_cost_tax,0.0
13304,2045,reg1,NGCC-CCS_CHP,investment_cost_tax,0.0
13305,2046,reg1,NGCC-CCS_CHP,investment_cost_tax,0.0
13306,2047,reg1,NGCC-CCS_CHP,investment_cost_tax,0.0
13307,2048,reg1,NGCC-CCS_CHP,investment_cost_tax,0.0
13308,2049,reg1,NGCC-CCS_CHP,investment_cost_tax,0.0
13309,2050,reg1,NGCC-CCS_CHP,investment_cost_tax,0.0
13310,2051,reg1,NGCC-CCS_CHP,investment_cost_tax,0.0
13311,2052,reg1,NGCC-CCS_CHP,investment_cost_tax,0.0
13312,2053,reg1,NGCC-CCS_CHP,investment_cost_tax,0.0
13313,2054,reg1,NGCC-CCS_CHP,investment_cost_tax,0.0
13314,2055,reg1,NGCC-CCS_CHP,investment_cost_tax,0.0
13315,2056,reg1,NGCC-CCS_CHP,investment_cost_tax,0.0
13316,2057,reg1,NGCC-CCS_CHP,investment_cost_tax,0.0
13317,2058,reg1,NGCC-CCS_CHP,investment_cost_tax,0.0
13318,2059,reg1,NGCC-CCS_CHP,investment_cost_tax,0.0
13319,2060,reg1,NGCC-CCS_CHP,investment_cost_tax,0.0
13320,2025,reg1,NGCC-CCS_Power-CHP,investment_cost_tax,0.0
13321,2026,reg1,NGCC-CCS_Power-CHP,investment_cost_tax,0.0
13322,2027,reg1,NGCC-CCS_Power-CHP,investment_cost_tax,0.0
13323,2028,reg1,NGCC-CCS_Power-CHP,investment_cost_tax,0.0
13324,2029,reg1,NGCC-CCS_Power-CHP,investment_cost_tax,0.0
13325,2030,reg1,NGCC-CCS_Power-CHP,investment_cost_tax,0.0
13326,2031,reg1,NGCC-CCS_Power-CHP,investment_cost_tax,0.0
13327,2032,reg1,NGCC-CCS_Power-CHP,investment_cost_tax,0.0
13328,2033,reg1,NGCC-CCS_Power-CHP,investment_cost_tax,0.0
13329,2034,reg1,NGCC-CCS_Power-CHP,investment_cost_tax,0.0
13330,2035,reg1,NGCC-CCS_Power-CHP,investment_cost_tax,0.0
13331,2036,reg1,NGCC-CCS_Power-CHP,investment_cost_tax,0.0
13332,2037,reg1,NGCC-CCS_Power-CHP,investment_cost_tax,0.0
13333,2038,reg1,NGCC-CCS_Power-CHP,investment_cost_tax,0.0
13334,2039,reg1,NGCC-CCS_Power-CHP,investment_cost_tax,0.0
13335,2040,reg1,NGCC-CCS_Power-CHP,investment_cost_tax,0.0
13336,2041,reg1,NGCC-CCS_Power-CHP,investment_cost_tax,0.0
13337,2042,reg1,NGCC-CCS_Power-CHP,investment_cost_tax,0.0
13338,2043,reg1,NGCC-CCS_Power-CHP,investment_cost_tax,0.0
13339,2044,reg1,NGCC-CCS_Power-CHP,investment_cost_tax,0.0
13340,2045,reg1,NGCC-CCS_Power-CHP,investment_cost_tax,0.0
13341,2046,reg1,NGCC-CCS_Power-CHP,investment_cost_tax,0.0
13342,2047,reg1,NGCC-CCS_Power-CHP,investment_cost_tax,0.0
13343,2048,reg1,NGCC-CCS_Power-CHP,investment_cost_tax,0.0
13344,2049,reg1,NGCC-CCS_Power-CHP,investment_cost_tax,0.0
13345,2050,reg1,NGCC-CCS_Power-CHP,investment_cost_tax,0.0
13346,2051,reg1,NGCC-CCS_Power-CHP,investment_cost_tax,0.0
13347,2052,reg1,NGCC-CCS_Power-CHP,investment_cost_tax,0.0
13348,2053,reg1,NGCC-CCS_Power-CHP,investment_cost_tax,0.0
13349,2054,reg1,NGCC-CCS_Power-CHP,investment_cost_tax,0.0
13350,2055,reg1,NGCC-CCS_Power-CHP,investment_cost_tax,0.0
13351,2056,reg1,NGCC-CCS_Power-CHP,investment_cost_tax,0.0
13352,2057,reg1,NGCC-CCS_Power-CHP,investment_cost_tax,0.0
13353,2058,reg1,NGCC-CCS_Power-CHP,investment_cost_tax,0.0
13354,2059,reg1,NGCC-CCS_Power-CHP,investment_cost_tax,0.0
13355,2060,reg1,NGCC-CCS_Power-CHP,investment_cost_tax,0.0
13356,2025,reg1,NGCC-CCS_Heat-CHP,investment_cost_tax,0.0
13357,2026,reg1,NGCC-CCS_Heat-CHP,investment_cost_tax,0.0
13358,2027,reg1,NGCC-CCS_Heat-CHP,investment_cost_tax,0.0
13359,2028,reg1,NGCC-CCS_Heat-CHP,investment_cost_tax,0.0
13360,2029,reg1,NGCC-CCS_Heat-CHP,investment_cost_tax,0.0
13361,2030,reg1,NGCC-CCS_Heat-CHP,investment_cost_tax,0.0
13362,2031,reg1,NGCC-CCS_Heat-CHP,investment_cost_tax,0.0
13363,2032,reg1,NGCC-CCS_Heat-CHP,investment_cost_tax,0.0
13364,2033,reg1,NGCC-CCS_Heat-CHP,investment_cost_tax,0.0
13365,2034,reg1,NGCC-CCS_Heat-CHP,investment_cost_tax,0.0
13366,2035,reg1,NGCC-CCS_Heat-CHP,investment_cost_tax,0.0
13367,2036,reg1,NGCC-CCS_Heat-CHP,investment_cost_tax,0.0
13368,2037,reg1,NGCC-CCS_Heat-CHP,investment_cost_tax,0.0
13369,2038,reg1,NGCC-CCS_Heat-CHP,investment_cost_tax,0.0
13370,2039,reg1,NGCC-CCS_Heat-CHP,investment_cost_tax,0.0
13371,2040,reg1,NGCC-CCS_Heat-CHP,investment_cost_tax,0.0
13372,2041,reg1,NGCC-CCS_Heat-CHP,investment_cost_tax,0.0
13373,2042,reg1,NGCC-CCS_Heat-CHP,investment_cost_tax,0.0
13374,2043,reg1,NGCC-CCS_Heat-CHP,investment_cost_tax,0.0
13375,2044,reg1,NGCC-CCS_Heat-CHP,investment_cost_tax,0.0
13376,2045,reg1,NGCC-CCS_Heat-CHP,investment_cost_tax,0.0
13377,2046,reg1,NGCC-CCS_Heat-CHP,investment_cost_tax,0.0
13378,2047,reg1,NGCC-CCS_Heat-CHP,investment_cost_tax,0.0
13379,2048,reg1,NGCC-CCS_Heat-CHP,investment_cost_tax,0.0
13380,2049,reg1,NGCC-CCS_Heat-CHP,investment_cost_tax,0.0
13381,2050,reg1,NGCC-CCS_Heat-CHP,investment_cost_tax,0.0
13382,2051,reg1,NGCC-CCS_Heat-CHP,investment_cost_tax,0.0
13383,2052,reg1,NGCC-CCS_Heat-CHP,investment_cost_tax,0.0
13384,2053,reg1,NGCC-CCS_Heat-CHP,investment_cost_tax,0.0
13385,2054,reg1,NGCC-CCS_Heat-CHP,investment_cost_tax,0.0
13386,2055,reg1,NGCC-CCS_Heat-CHP,investment_cost_tax,0.0
13387,2056,reg1,NGCC-CCS_Heat-CHP,investment_cost_tax,0.0
13388,2057,reg1,NGCC-CCS_Heat-CHP,investment_cost_tax,0.0
13389,2058,reg1,NGCC-CCS_Heat-CHP,investment_cost_tax,0.0
13390,2059,reg1,NGCC-CCS_Heat-CHP,investment_cost_tax,0.0
13391,2060,reg1,NGCC-CCS_Heat-CHP,investment_cost_tax,0.0
13392,2025,reg1,NG_PP,investment_cost_tax,0.0
13393,2026,reg1,NG_PP,investment_cost_tax,0.0
13394,2027,reg1,NG_PP,investment_cost_tax,0.0
13395,2028,reg1,NG_PP,investment_cost_tax,0.0
13396,2029,reg1,NG_PP,investment_cost_tax,0.0
13397,2030,reg1,NG_PP,investment_cost_tax,0.0
13398,2031,reg1,NG_PP,investment_cost_tax,0.0
13399,2032,reg1,NG_PP,investment_cost_tax,0.0
13400,2033,reg1,NG_PP,investment_cost_tax,0.0
13401,2034,reg1,NG_PP,investment_cost_tax,0.0
13402,2035,reg1,NG_PP,investment_cost_tax,0.0
13403,2036,reg1,NG_PP,investment_cost_tax,0.0
13404,2037,reg1,NG_PP,investment_cost_tax,0.0
13405,2038,reg1,NG_PP,investment_cost_tax,0.0
13406,2039,reg1,NG_PP,investment_cost_tax,0.0
13407,2040,reg1,NG_PP,investment_cost_tax,0.0
13408,2041,reg1,NG_PP,investment_cost_tax,0.0
13409,2042,reg1,NG_PP,investment_cost_tax,0.0
13410,2043,reg1,NG_PP,investment_cost_tax,0.0
13411,2044,reg1,NG_PP,investment_cost_tax,0.0
13412,2045,reg1,NG_PP,investment_cost_tax,0.0
13413,2046,reg1,NG_PP,investment_cost_tax,0.0
13414,2047,reg1,NG_PP,investment_cost_tax,0.0
13415,2048,reg1,NG_PP,investment_cost_tax,0.0
13416,2049,reg1,NG_PP,investment_cost_tax,0.0
13417,2050,reg1,NG_PP,investment_cost_tax,0.0
13418,2051,reg1,NG_PP,investment_cost_tax,0.0
13419,2052,reg1,NG_PP,investment_cost_tax,0.0
13420,2053,reg1,NG_PP,investment_cost_tax,0.0
13421,2054,reg1,NG_PP,investment_cost_tax,0.0
13422,2055,reg1,NG_PP,investment_cost_tax,0.0
13423,2056,reg1,NG_PP,investment_cost_tax,0.0
13424,2057,reg1,NG_PP,investment_cost_tax,0.0
13425,2058,reg1,NG_PP,investment_cost_tax,0.0
13426,2059,reg1,NG_PP,investment_cost_tax,0.0
13427,2060,reg1,NG_PP,investment_cost_tax,0.0
13428,2025,reg1,NG_PP_CCS,investment_cost_tax,0.0
13429,2026,reg1,NG_PP_CCS,investment_cost_tax,0.0
13430,2027,reg1,NG_PP_CCS,investment_cost_tax,0.0
13431,2028,reg1,NG_PP_CCS,investment_cost_tax,0.0
13432,2029,reg1,NG_PP_CCS,investment_cost_tax,0.0
13433,2030,reg1,NG_PP_CCS,investment_cost_tax,0.0
13434,2031,reg1,NG_PP_CCS,investment_cost_tax,0.0
13435,2032,reg1,NG_PP_CCS,investment_cost_tax,0.0
13436,2033,reg1,NG_PP_CCS,investment_cost_tax,0.0
13437,2034,reg1,NG_PP_CCS,investment_cost_tax,0.0
13438,2035,reg1,NG_PP_CCS,investment_cost_tax,0.0
13439,2036,reg1,NG_PP_CCS,investment_cost_tax,0.0
13440,2037,reg1,NG_PP_CCS,investment_cost_tax,0.0
13441,2038,reg1,NG_PP_CCS,investment_cost_tax,0.0
13442,2039,reg1,NG_PP_CCS,investment_cost_tax,0.0
13443,2040,reg1,NG_PP_CCS,investment_cost_tax,0.0
13444,2041,reg1,NG_PP_CCS,investment_cost_tax,0.0
13445,2042,reg1,NG_PP_CCS,investment_cost_tax,0.0
13446,2043,reg1,NG_PP_CCS,investment_cost_tax,0.0
13447,2044,reg1,NG_PP_CCS,investment_cost_tax,0.0
13448,2045,reg1,NG_PP_CCS,investment_cost_tax,0.0
13449,2046,reg1,NG_PP_CCS,investment_cost_tax,0.0
13450,2047,reg1,NG_PP_CCS,investment_cost_tax,0.0
13451,2048,reg1,NG_PP_CCS,investment_cost_tax,0.0
13452,2049,reg1,NG_PP_CCS,investment_cost_tax,0.0
13453,2050,reg1,NG_PP_CCS,investment_cost_tax,0.0
13454,2051,reg1,NG_PP_CCS,investment_cost_tax,0.0
13455,2052,reg1,NG_PP_CCS,investment_cost_tax,0.0
13456,2053,reg1,NG_PP_CCS,investment_cost_tax,0.0
13457,2054,reg1,NG_PP_CCS,investment_cost_tax,0.0
13458,2055,reg1,NG_PP_CCS,investment_cost_tax,0.0
13459,2056,reg1,NG_PP_CCS,investment_cost_tax,0.0
13460,2057,reg1,NG_PP_CCS,investment_cost_tax,0.0
13461,2058,reg1,NG_PP_CCS,investment_cost_tax,0.0
13462,2059,reg1,NG_PP_CCS,investment_cost_tax,0.0
13463,2060,reg1,NG_PP_CCS,investment_cost_tax,0.0
13464,2025,reg1,Electrolysis_HTSE,investment_cost_tax,0.0
13465,2026,reg1,Electrolysis_HTSE,investment_cost_tax,0.0
13466,2027,reg1,Electrolysis_HTSE,investment_cost_tax,0.0
13467,2028,reg1,Electrolysis_HTSE,investment_cost_tax,0.0
13468,2029,reg1,Electrolysis_HTSE,investment_cost_tax,0.0
13469,2030,reg1,Electrolysis_HTSE,investment_cost_tax,0.0
13470,2031,reg1,Electrolysis_HTSE,investment_cost_tax,0.0
13471,2032,reg1,Electrolysis_HTSE,investment_cost_tax,0.0
13472,2033,reg1,Electrolysis_HTSE,investment_cost_tax,0.0
13473,2034,reg1,Electrolysis_HTSE,investment_cost_tax,0.0
13474,2035,reg1,Electrolysis_HTSE,investment_cost_tax,0.0
13475,2036,reg1,Electrolysis_HTSE,investment_cost_tax,0.0
13476,2037,reg1,Electrolysis_HTSE,investment_cost_tax,0.0
13477,2038,reg1,Electrolysis_HTSE,investment_cost_tax,0.0
13478,2039,reg1,Electrolysis_HTSE,investment_cost_tax,0.0
13479,2040,reg1,Electrolysis_HTSE,investment_cost_tax,0.0
13480,2041,reg1,Electrolysis_HTSE,investment_cost_tax,0.0
13481,2042,reg1,Electrolysis_HTSE,investment_cost_tax,0.0
13482,2043,reg1,Electrolysis_HTSE,investment_cost_tax,0.0
13483,2044,reg1,Electrolysis_HTSE,investment_cost_tax,0.0
13484,2045,reg1,Electrolysis_HTSE,investment_cost_tax,0.0
13485,2046,reg1,Electrolysis_HTSE,investment_cost_tax,0.0
13486,2047,reg1,Electrolysis_HTSE,investment_cost_tax,0.0
13487,2048,reg1,Electrolysis_HTSE,investment_cost_tax,0.0
13488,2049,reg1,Electrolysis_HTSE,investment_cost_tax,0.0
13489,2050,reg1,Electrolysis_HTSE,investment_cost_tax,0.0
13490,2051,reg1,Electrolysis_HTSE,investment_cost_tax,0.0
13491,2052,reg1,Electrolysis_HTSE,investment_cost_tax,0.0
13492,2053,reg1,Electrolysis_HTSE,investment_cost_tax,0.0
13493,2054,reg1,Electrolysis_HTSE,investment_cost_tax,0.0
13494,2055,reg1,Electrolysis_HTSE,investment_cost_tax,0.0
13495,2056,reg1,Electrolysis_HTSE,investment_cost_tax,0.0
13496,2057,reg1,Electrolysis_HTSE,investment_cost_tax,0.0
13497,2058,reg1,Electrolysis_HTSE,investment_cost_tax,0.0
13498,2059,reg1,Electrolysis_HTSE,investment_cost_tax,0.0
13499,2060,reg1,Electrolysis_HTSE,investment_cost_tax,0.0
13500,2025,reg1,NG_CHP_P,investment_cost_tax,0.0
13501,2026,reg1,NG_CHP_P,investment_cost_tax,0.0
13502,2027,reg1,NG_CHP_P,investment_cost_tax,0.0
13503,2028,reg1,NG_CHP_P,investment_cost_tax,0.0
13504,2029,reg1,NG_CHP_P,investment_cost_tax,0.0
13505,2030,reg1,NG_CHP_P,investment_cost_tax,0.0
13506,2031,reg1,NG_CHP_P,investment_cost_tax,0.0
13507,2032,reg1,NG_CHP_P,investment_cost_tax,0.0
13508,2033,reg1,NG_CHP_P,investment_cost_tax,0.0
13509,2034,reg1,NG_CHP_P,investment_cost_tax,0.0
13510,2035,reg1,NG_CHP_P,investment_cost_tax,0.0
13511,2036,reg1,NG_CHP_P,investment_cost_tax,0.0
13512,2037,reg1,NG_CHP_P,investment_cost_tax,0.0
13513,2038,reg1,NG_CHP_P,investment_cost_tax,0.0
13514,2039,reg1,NG_CHP_P,investment_cost_tax,0.0
13515,2040,reg1,NG_CHP_P,investment_cost_tax,0.0
13516,2041,reg1,NG_CHP_P,investment_cost_tax,0.0
13517,2042,reg1,NG_CHP_P,investment_cost_tax,0.0
13518,2043,reg1,NG_CHP_P,investment_cost_tax,0.0
13519,2044,reg1,NG_CHP_P,investment_cost_tax,0.0
13520,2045,reg1,NG_CHP_P,investment_cost_tax,0.0
13521,2046,reg1,NG_CHP_P,investment_cost_tax,0.0
13522,2047,reg1,NG_CHP_P,investment_cost_tax,0.0
13523,2048,reg1,NG_CHP_P,investment_cost_tax,0.0
13524,2049,reg1,NG_CHP_P,investment_cost_tax,0.0
13525,2050,reg1,NG_CHP_P,investment_cost_tax,0.0
13526,2051,reg1,NG_CHP_P,investment_cost_tax,0.0
13527,2052,reg1,NG_CHP_P,investment_cost_tax,0.0
13528,2053,reg1,NG_CHP_P,investment_cost_tax,0.0
13529,2054,reg1,NG_CHP_P,investment_cost_tax,0.0
13530,2055,reg1,NG_CHP_P,investment_cost_tax,0.0
13531,2056,reg1,NG_CHP_P,investment_cost_tax,0.0
13532,2057,reg1,NG_CHP_P,investment_cost_tax,0.0
13533,2058,reg1,NG_CHP_P,investment_cost_tax,0.0
13534,2059,reg1,NG_CHP_P,investment_cost_tax,0.0
13535,2060,reg1,NG_CHP_P,investment_cost_tax,0.0
13536,2025,reg1,BIO_CHP_P,investment_cost_tax,0.0
13537,2026,reg1,BIO_CHP_P,investment_cost_tax,0.0
13538,2027,reg1,BIO_CHP_P,investment_cost_tax,0.0
13539,2028,reg1,BIO_CHP_P,investment_cost_tax,0.0
13540,2029,reg1,BIO_CHP_P,investment_cost_tax,0.0
13541,2030,reg1,BIO_CHP_P,investment_cost_tax,0.0
13542,2031,reg1,BIO_CHP_P,investment_cost_tax,0.0
13543,2032,reg1,BIO_CHP_P,investment_cost_tax,0.0
13544,2033,reg1,BIO_CHP_P,investment_cost_tax,0.0
13545,2034,reg1,BIO_CHP_P,investment_cost_tax,0.0
13546,2035,reg1,BIO_CHP_P,investment_cost_tax,0.0
13547,2036,reg1,BIO_CHP_P,investment_cost_tax,0.0
13548,2037,reg1,BIO_CHP_P,investment_cost_tax,0.0
13549,2038,reg1,BIO_CHP_P,investment_cost_tax,0.0
13550,2039,reg1,BIO_CHP_P,investment_cost_tax,0.0
13551,2040,reg1,BIO_CHP_P,investment_cost_tax,0.0
13552,2041,reg1,BIO_CHP_P,investment_cost_tax,0.0
13553,2042,reg1,BIO_CHP_P,investment_cost_tax,0.0
13554,2043,reg1,BIO_CHP_P,investment_cost_tax,0.0
13555,2044,reg1,BIO_CHP_P,investment_cost_tax,0.0
13556,2045,reg1,BIO_CHP_P,investment_cost_tax,0.0
13557,2046,reg1,BIO_CHP_P,investment_cost_tax,0.0
13558,2047,reg1,BIO_CHP_P,investment_cost_tax,0.0
13559,2048,reg1,BIO_CHP_P,investment_cost_tax,0.0
13560,2049,reg1,BIO_CHP_P,investment_cost_tax,0.0
13561,2050,reg1,BIO_CHP_P,investment_cost_tax,0.0
13562,2051,reg1,BIO_CHP_P,investment_cost_tax,0.0
13563,2052,reg1,BIO_CHP_P,investment_cost_tax,0.0
13564,2053,reg1,BIO_CHP_P,investment_cost_tax,0.0
13565,2054,reg1,BIO_CHP_P,investment_cost_tax,0.0
13566,2055,reg1,BIO_CHP_P,investment_cost_tax,0.0
13567,2056,reg1,BIO_CHP_P,investment_cost_tax,0.0
13568,2057,reg1,BIO_CHP_P,investment_cost_tax,0.0
13569,2058,reg1,BIO_CHP_P,investment_cost_tax,0.0
13570,2059,reg1,BIO_CHP_P,investment_cost_tax,0.0
13571,2060,reg1,BIO_CHP_P,investment_cost_tax,0.0
13572,2025,reg1,Biogas_CHP_P,investment_cost_tax,0.0
13573,2026,reg1,Biogas_CHP_P,investment_cost_tax,0.0
13574,2027,reg1,Biogas_CHP_P,investment_cost_tax,0.0
13575,2028,reg1,Biogas_CHP_P,investment_cost_tax,0.0
13576,2029,reg1,Biogas_CHP_P,investment_cost_tax,0.0
13577,2030,reg1,Biogas_CHP_P,investment_cost_tax,0.0
13578,2031,reg1,Biogas_CHP_P,investment_cost_tax,0.0
13579,2032,reg1,Biogas_CHP_P,investment_cost_tax,0.0
13580,2033,reg1,Biogas_CHP_P,investment_cost_tax,0.0
13581,2034,reg1,Biogas_CHP_P,investment_cost_tax,0.0
13582,2035,reg1,Biogas_CHP_P,investment_cost_tax,0.0
13583,2036,reg1,Biogas_CHP_P,investment_cost_tax,0.0
13584,2037,reg1,Biogas_CHP_P,investment_cost_tax,0.0
13585,2038,reg1,Biogas_CHP_P,investment_cost_tax,0.0
13586,2039,reg1,Biogas_CHP_P,investment_cost_tax,0.0
13587,2040,reg1,Biogas_CHP_P,investment_cost_tax,0.0
13588,2041,reg1,Biogas_CHP_P,investment_cost_tax,0.0
13589,2042,reg1,Biogas_CHP_P,investment_cost_tax,0.0
13590,2043,reg1,Biogas_CHP_P,investment_cost_tax,0.0
13591,2044,reg1,Biogas_CHP_P,investment_cost_tax,0.0
13592,2045,reg1,Biogas_CHP_P,investment_cost_tax,0.0
13593,2046,reg1,Biogas_CHP_P,investment_cost_tax,0.0
13594,2047,reg1,Biogas_CHP_P,investment_cost_tax,0.0
13595,2048,reg1,Biogas_CHP_P,investment_cost_tax,0.0
13596,2049,reg1,Biogas_CHP_P,investment_cost_tax,0.0
13597,2050,reg1,Biogas_CHP_P,investment_cost_tax,0.0
13598,2051,reg1,Biogas_CHP_P,investment_cost_tax,0.0
13599,2052,reg1,Biogas_CHP_P,investment_cost_tax,0.0
13600,2053,reg1,Biogas_CHP_P,investment_cost_tax,0.0
13601,2054,reg1,Biogas_CHP_P,investment_cost_tax,0.0
13602,2055,reg1,Biogas_CHP_P,investment_cost_tax,0.0
13603,2056,reg1,Biogas_CHP_P,investment_cost_tax,0.0
13604,2057,reg1,Biogas_CHP_P,investment_cost_tax,0.0
13605,2058,reg1,Biogas_CHP_P,investment_cost_tax,0.0
13606,2059,reg1,Biogas_CHP_P,investment_cost_tax,0.0
13607,2060,reg1,Biogas_CHP_P,investment_cost_tax,0.0
13608,2025,reg1,WtE_CHP_P,investment_cost_tax,0.0
13609,2026,reg1,WtE_CHP_P,investment_cost_tax,0.0
13610,2027,reg1,WtE_CHP_P,investment_cost_tax,0.0
13611,2028,reg1,WtE_CHP_P,investment_cost_tax,0.0
13612,2029,reg1,WtE_CHP_P,investment_cost_tax,0.0
13613,2030,reg1,WtE_CHP_P,investment_cost_tax,0.0
13614,2031,reg1,WtE_CHP_P,investment_cost_tax,0.0
13615,2032,reg1,WtE_CHP_P,investment_cost_tax,0.0
13616,2033,reg1,WtE_CHP_P,investment_cost_tax,0.0
13617,2034,reg1,WtE_CHP_P,investment_cost_tax,0.0
13618,2035,reg1,WtE_CHP_P,investment_cost_tax,0.0
13619,2036,reg1,WtE_CHP_P,investment_cost_tax,0.0
13620,2037,reg1,WtE_CHP_P,investment_cost_tax,0.0
13621,2038,reg1,WtE_CHP_P,investment_cost_tax,0.0
13622,2039,reg1,WtE_CHP_P,investment_cost_tax,0.0
13623,2040,reg1,WtE_CHP_P,investment_cost_tax,0.0
13624,2041,reg1,WtE_CHP_P,investment_cost_tax,0.0
13625,2042,reg1,WtE_CHP_P,investment_cost_tax,0.0
13626,2043,reg1,WtE_CHP_P,investment_cost_tax,0.0
13627,2044,reg1,WtE_CHP_P,investment_cost_tax,0.0
13628,2045,reg1,WtE_CHP_P,investment_cost_tax,0.0
13629,2046,reg1,WtE_CHP_P,investment_cost_tax,0.0
13630,2047,reg1,WtE_CHP_P,investment_cost_tax,0.0
13631,2048,reg1,WtE_CHP_P,investment_cost_tax,0.0
13632,2049,reg1,WtE_CHP_P,investment_cost_tax,0.0
13633,2050,reg1,WtE_CHP_P,investment_cost_tax,0.0
13634,2051,reg1,WtE_CHP_P,investment_cost_tax,0.0
13635,2052,reg1,WtE_CHP_P,investment_cost_tax,0.0
13636,2053,reg1,WtE_CHP_P,investment_cost_tax,0.0
13637,2054,reg1,WtE_CHP_P,investment_cost_tax,0.0
13638,2055,reg1,WtE_CHP_P,investment_cost_tax,0.0
13639,2056,reg1,WtE_CHP_P,investment_cost_tax,0.0
13640,2057,reg1,WtE_CHP_P,investment_cost_tax,0.0
13641,2058,reg1,WtE_CHP_P,investment_cost_tax,0.0
13642,2059,reg1,WtE_CHP_P,investment_cost_tax,0.0
13643,2060,reg1,WtE_CHP_P,investment_cost_tax,0.0
13644,2025,reg1,WtE-CCS_CHP_P,investment_cost_tax,0.0
13645,2026,reg1,WtE-CCS_CHP_P,investment_cost_tax,0.0
13646,2027,reg1,WtE-CCS_CHP_P,investment_cost_tax,0.0
13647,2028,reg1,WtE-CCS_CHP_P,investment_cost_tax,0.0
13648,2029,reg1,WtE-CCS_CHP_P,investment_cost_tax,0.0
13649,2030,reg1,WtE-CCS_CHP_P,investment_cost_tax,0.0
13650,2031,reg1,WtE-CCS_CHP_P,investment_cost_tax,0.0
13651,2032,reg1,WtE-CCS_CHP_P,investment_cost_tax,0.0
13652,2033,reg1,WtE-CCS_CHP_P,investment_cost_tax,0.0
13653,2034,reg1,WtE-CCS_CHP_P,investment_cost_tax,0.0
13654,2035,reg1,WtE-CCS_CHP_P,investment_cost_tax,0.0
13655,2036,reg1,WtE-CCS_CHP_P,investment_cost_tax,0.0
13656,2037,reg1,WtE-CCS_CHP_P,investment_cost_tax,0.0
13657,2038,reg1,WtE-CCS_CHP_P,investment_cost_tax,0.0
13658,2039,reg1,WtE-CCS_CHP_P,investment_cost_tax,0.0
13659,2040,reg1,WtE-CCS_CHP_P,investment_cost_tax,0.0
13660,2041,reg1,WtE-CCS_CHP_P,investment_cost_tax,0.0
13661,2042,reg1,WtE-CCS_CHP_P,investment_cost_tax,0.0
13662,2043,reg1,WtE-CCS_CHP_P,investment_cost_tax,0.0
13663,2044,reg1,WtE-CCS_CHP_P,investment_cost_tax,0.0
13664,2045,reg1,WtE-CCS_CHP_P,investment_cost_tax,0.0
13665,2046,reg1,WtE-CCS_CHP_P,investment_cost_tax,0.0
13666,2047,reg1,WtE-CCS_CHP_P,investment_cost_tax,0.0
13667,2048,reg1,WtE-CCS_CHP_P,investment_cost_tax,0.0
13668,2049,reg1,WtE-CCS_CHP_P,investment_cost_tax,0.0
13669,2050,reg1,WtE-CCS_CHP_P,investment_cost_tax,0.0
13670,2051,reg1,WtE-CCS_CHP_P,investment_cost_tax,0.0
13671,2052,reg1,WtE-CCS_CHP_P,investment_cost_tax,0.0
13672,2053,reg1,WtE-CCS_CHP_P,investment_cost_tax,0.0
13673,2054,reg1,WtE-CCS_CHP_P,investment_cost_tax,0.0
13674,2055,reg1,WtE-CCS_CHP_P,investment_cost_tax,0.0
13675,2056,reg1,WtE-CCS_CHP_P,investment_cost_tax,0.0
13676,2057,reg1,WtE-CCS_CHP_P,investment_cost_tax,0.0
13677,2058,reg1,WtE-CCS_CHP_P,investment_cost_tax,0.0
13678,2059,reg1,WtE-CCS_CHP_P,investment_cost_tax,0.0
13679,2060,reg1,WtE-CCS_CHP_P,investment_cost_tax,0.0
13680,2025,reg1,SOFC_CHP_P,investment_cost_tax,0.0
13681,2026,reg1,SOFC_CHP_P,investment_cost_tax,0.0
13682,2027,reg1,SOFC_CHP_P,investment_cost_tax,0.0
13683,2028,reg1,SOFC_CHP_P,investment_cost_tax,0.0
13684,2029,reg1,SOFC_CHP_P,investment_cost_tax,0.0
13685,2030,reg1,SOFC_CHP_P,investment_cost_tax,0.0
13686,2031,reg1,SOFC_CHP_P,investment_cost_tax,0.0
13687,2032,reg1,SOFC_CHP_P,investment_cost_tax,0.0
13688,2033,reg1,SOFC_CHP_P,investment_cost_tax,0.0
13689,2034,reg1,SOFC_CHP_P,investment_cost_tax,0.0
13690,2035,reg1,SOFC_CHP_P,investment_cost_tax,0.0
13691,2036,reg1,SOFC_CHP_P,investment_cost_tax,0.0
13692,2037,reg1,SOFC_CHP_P,investment_cost_tax,0.0
13693,2038,reg1,SOFC_CHP_P,investment_cost_tax,0.0
13694,2039,reg1,SOFC_CHP_P,investment_cost_tax,0.0
13695,2040,reg1,SOFC_CHP_P,investment_cost_tax,0.0
13696,2041,reg1,SOFC_CHP_P,investment_cost_tax,0.0
13697,2042,reg1,SOFC_CHP_P,investment_cost_tax,0.0
13698,2043,reg1,SOFC_CHP_P,investment_cost_tax,0.0
13699,2044,reg1,SOFC_CHP_P,investment_cost_tax,0.0
13700,2045,reg1,SOFC_CHP_P,investment_cost_tax,0.0
13701,2046,reg1,SOFC_CHP_P,investment_cost_tax,0.0
13702,2047,reg1,SOFC_CHP_P,investment_cost_tax,0.0
13703,2048,reg1,SOFC_CHP_P,investment_cost_tax,0.0
13704,2049,reg1,SOFC_CHP_P,investment_cost_tax,0.0
13705,2050,reg1,SOFC_CHP_P,investment_cost_tax,0.0
13706,2051,reg1,SOFC_CHP_P,investment_cost_tax,0.0
13707,2052,reg1,SOFC_CHP_P,investment_cost_tax,0.0
13708,2053,reg1,SOFC_CHP_P,investment_cost_tax,0.0
13709,2054,reg1,SOFC_CHP_P,investment_cost_tax,0.0
13710,2055,reg1,SOFC_CHP_P,investment_cost_tax,0.0
13711,2056,reg1,SOFC_CHP_P,investment_cost_tax,0.0
13712,2057,reg1,SOFC_CHP_P,investment_cost_tax,0.0
13713,2058,reg1,SOFC_CHP_P,investment_cost_tax,0.0
13714,2059,reg1,SOFC_CHP_P,investment_cost_tax,0.0
13715,2060,reg1,SOFC_CHP_P,investment_cost_tax,0.0
13716,2025,reg1,Oil_CHP,investment_cost_tax,0.0
13717,2026,reg1,Oil_CHP,investment_cost_tax,0.0
13718,2027,reg1,Oil_CHP,investment_cost_tax,0.0
13719,2028,reg1,Oil_CHP,investment_cost_tax,0.0
13720,2029,reg1,Oil_CHP,investment_cost_tax,0.0
13721,2030,reg1,Oil_CHP,investment_cost_tax,0.0
13722,2031,reg1,Oil_CHP,investment_cost_tax,0.0
13723,2032,reg1,Oil_CHP,investment_cost_tax,0.0
13724,2033,reg1,Oil_CHP,investment_cost_tax,0.0
13725,2034,reg1,Oil_CHP,investment_cost_tax,0.0
13726,2035,reg1,Oil_CHP,investment_cost_tax,0.0
13727,2036,reg1,Oil_CHP,investment_cost_tax,0.0
13728,2037,reg1,Oil_CHP,investment_cost_tax,0.0
13729,2038,reg1,Oil_CHP,investment_cost_tax,0.0
13730,2039,reg1,Oil_CHP,investment_cost_tax,0.0
13731,2040,reg1,Oil_CHP,investment_cost_tax,0.0
13732,2041,reg1,Oil_CHP,investment_cost_tax,0.0
13733,2042,reg1,Oil_CHP,investment_cost_tax,0.0
13734,2043,reg1,Oil_CHP,investment_cost_tax,0.0
13735,2044,reg1,Oil_CHP,investment_cost_tax,0.0
13736,2045,reg1,Oil_CHP,investment_cost_tax,0.0
13737,2046,reg1,Oil_CHP,investment_cost_tax,0.0
13738,2047,reg1,Oil_CHP,investment_cost_tax,0.0
13739,2048,reg1,Oil_CHP,investment_cost_tax,0.0
13740,2049,reg1,Oil_CHP,investment_cost_tax,0.0
13741,2050,reg1,Oil_CHP,investment_cost_tax,0.0
13742,2051,reg1,Oil_CHP,investment_cost_tax,0.0
13743,2052,reg1,Oil_CHP,investment_cost_tax,0.0
13744,2053,reg1,Oil_CHP,investment_cost_tax,0.0
13745,2054,reg1,Oil_CHP,investment_cost_tax,0.0
13746,2055,reg1,Oil_CHP,investment_cost_tax,0.0
13747,2056,reg1,Oil_CHP,investment_cost_tax,0.0
13748,2057,reg1,Oil_CHP,investment_cost_tax,0.0
13749,2058,reg1,Oil_CHP,investment_cost_tax,0.0
13750,2059,reg1,Oil_CHP,investment_cost_tax,0.0
13751,2060,reg1,Oil_CHP,investment_cost_tax,0.0
13752,2025,reg1,BW_CHP_P,investment_cost_tax,0.0
13753,2026,reg1,BW_CHP_P,investment_cost_tax,0.0
13754,2027,reg1,BW_CHP_P,investment_cost_tax,0.0
13755,2028,reg1,BW_CHP_P,investment_cost_tax,0.0
13756,2029,reg1,BW_CHP_P,investment_cost_tax,0.0
13757,2030,reg1,BW_CHP_P,investment_cost_tax,0.0
13758,2031,reg1,BW_CHP_P,investment_cost_tax,0.0
13759,2032,reg1,BW_CHP_P,investment_cost_tax,0.0
13760,2033,reg1,BW_CHP_P,investment_cost_tax,0.0
13761,2034,reg1,BW_CHP_P,investment_cost_tax,0.0
13762,2035,reg1,BW_CHP_P,investment_cost_tax,0.0
13763,2036,reg1,BW_CHP_P,investment_cost_tax,0.0
13764,2037,reg1,BW_CHP_P,investment_cost_tax,0.0
13765,2038,reg1,BW_CHP_P,investment_cost_tax,0.0
13766,2039,reg1,BW_CHP_P,investment_cost_tax,0.0
13767,2040,reg1,BW_CHP_P,investment_cost_tax,0.0
13768,2041,reg1,BW_CHP_P,investment_cost_tax,0.0
13769,2042,reg1,BW_CHP_P,investment_cost_tax,0.0
13770,2043,reg1,BW_CHP_P,investment_cost_tax,0.0
13771,2044,reg1,BW_CHP_P,investment_cost_tax,0.0
13772,2045,reg1,BW_CHP_P,investment_cost_tax,0.0
13773,2046,reg1,BW_CHP_P,investment_cost_tax,0.0
13774,2047,reg1,BW_CHP_P,investment_cost_tax,0.0
13775,2048,reg1,BW_CHP_P,investment_cost_tax,0.0
13776,2049,reg1,BW_CHP_P,investment_cost_tax,0.0
13777,2050,reg1,BW_CHP_P,investment_cost_tax,0.0
13778,2051,reg1,BW_CHP_P,investment_cost_tax,0.0
13779,2052,reg1,BW_CHP_P,investment_cost_tax,0.0
13780,2053,reg1,BW_CHP_P,investment_cost_tax,0.0
13781,2054,reg1,BW_CHP_P,investment_cost_tax,0.0
13782,2055,reg1,BW_CHP_P,investment_cost_tax,0.0
13783,2056,reg1,BW_CHP_P,investment_cost_tax,0.0
13784,2057,reg1,BW_CHP_P,investment_cost_tax,0.0
13785,2058,reg1,BW_CHP_P,investment_cost_tax,0.0
13786,2059,reg1,BW_CHP_P,investment_cost_tax,0.0
13787,2060,reg1,BW_CHP_P,investment_cost_tax,0.0
13788,2025,reg1,Heat_transmission_distribution,investment_cost_tax,0.0
13789,2026,reg1,Heat_transmission_distribution,investment_cost_tax,0.0
13790,2027,reg1,Heat_transmission_distribution,investment_cost_tax,0.0
13791,2028,reg1,Heat_transmission_distribution,investment_cost_tax,0.0
13792,2029,reg1,Heat_transmission_distribution,investment_cost_tax,0.0
13793,2030,reg1,Heat_transmission_distribution,investment_cost_tax,0.0
13794,2031,reg1,Heat_transmission_distribution,investment_cost_tax,0.0
13795,2032,reg1,Heat_transmission_distribution,investment_cost_tax,0.0
13796,2033,reg1,Heat_transmission_distribution,investment_cost_tax,0.0
13797,2034,reg1,Heat_transmission_distribution,investment_cost_tax,0.0
13798,2035,reg1,Heat_transmission_distribution,investment_cost_tax,0.0
13799,2036,reg1,Heat_transmission_distribution,investment_cost_tax,0.0
13800,2037,reg1,Heat_transmission_distribution,investment_cost_tax,0.0
13801,2038,reg1,Heat_transmission_distribution,investment_cost_tax,0.0
13802,2039,reg1,Heat_transmission_distribution,investment_cost_tax,0.0
13803,2040,reg1,Heat_transmission_distribution,investment_cost_tax,0.0
13804,2041,reg1,Heat_transmission_distribution,investment_cost_tax,0.0
13805,2042,reg1,Heat_transmission_distribution,investment_cost_tax,0.0
13806,2043,reg1,Heat_transmission_distribution,investment_cost_tax,0.0
13807,2044,reg1,Heat_transmission_distribution,investment_cost_tax,0.0
13808,2045,reg1,Heat_transmission_distribution,investment_cost_tax,0.0
13809,2046,reg1,Heat_transmission_distribution,investment_cost_tax,0.0
13810,2047,reg1,Heat_transmission_distribution,investment_cost_tax,0.0
13811,2048,reg1,Heat_transmission_distribution,investment_cost_tax,0.0
13812,2049,reg1,Heat_transmission_distribution,investment_cost_tax,0.0
13813,2050,reg1,Heat_transmission_distribution,investment_cost_tax,0.0
13814,2051,reg1,Heat_transmission_distribution,investment_cost_tax,0.0
13815,2052,reg1,Heat_transmission_distribution,investment_cost_tax,0.0
13816,2053,reg1,Heat_transmission_distribution,investment_cost_tax,0.0
13817,2054,reg1,Heat_transmission_distribution,investment_cost_tax,0.0
13818,2055,reg1,Heat_transmission_distribution,investment_cost_tax,0.0
13819,2056,reg1,Heat_transmission_distribution,investment_cost_tax,0.0
13820,2057,reg1,Heat_transmission_distribution,investment_cost_tax,0.0
13821,2058,reg1,Heat_transmission_distribution,investment_cost_tax,0.0
13822,2059,reg1,Heat_transmission_distribution,investment_cost_tax,0.0
13823,2060,reg1,Heat_transmission_distribution,investment_cost_tax,0.0
13824,2025,reg1,Elec_transmission_distribution,investment_cost_tax,0.0
13825,2026,reg1,Elec_transmission_distribution,investment_cost_tax,0.0
13826,2027,reg1,Elec_transmission_distribution,investment_cost_tax,0.0
13827,2028,reg1,Elec_transmission_distribution,investment_cost_tax,0.0
13828,2029,reg1,Elec_transmission_distribution,investment_cost_tax,0.0
13829,2030,reg1,Elec_transmission_distribution,investment_cost_tax,0.0
13830,2031,reg1,Elec_transmission_distribution,investment_cost_tax,0.0
13831,2032,reg1,Elec_transmission_distribution,investment_cost_tax,0.0
13832,2033,reg1,Elec_transmission_distribution,investment_cost_tax,0.0
13833,2034,reg1,Elec_transmission_distribution,investment_cost_tax,0.0
13834,2035,reg1,Elec_transmission_distribution,investment_cost_tax,0.0
13835,2036,reg1,Elec_transmission_distribution,investment_cost_tax,0.0
13836,2037,reg1,Elec_transmission_distribution,investment_cost_tax,0.0
13837,2038,reg1,Elec_transmission_distribution,investment_cost_tax,0.0
13838,2039,reg1,Elec_transmission_distribution,investment_cost_tax,0.0
13839,2040,reg1,Elec_transmission_distribution,investment_cost_tax,0.0
13840,2041,reg1,Elec_transmission_distribution,investment_cost_tax,0.0
13841,2042,reg1,Elec_transmission_distribution,investment_cost_tax,0.0
13842,2043,reg1,Elec_transmission_distribution,investment_cost_tax,0.0
13843,2044,reg1,Elec_transmission_distribution,investment_cost_tax,0.0
13844,2045,reg1,Elec_transmission_distribution,investment_cost_tax,0.0
13845,2046,reg1,Elec_transmission_distribution,investment_cost_tax,0.0
13846,2047,reg1,Elec_transmission_distribution,investment_cost_tax,0.0
13847,2048,reg1,Elec_transmission_distribution,investment_cost_tax,0.0
13848,2049,reg1,Elec_transmission_distribution,investment_cost_tax,0.0
13849,2050,reg1,Elec_transmission_distribution,investment_cost_tax,0.0
13850,2051,reg1,Elec_transmission_distribution,investment_cost_tax,0.0
13851,2052,reg1,Elec_transmission_distribution,investment_cost_tax,0.0
13852,2053,reg1,Elec_transmission_distribution,investment_cost_tax,0.0
13853,2054,reg1,Elec_transmission_distribution,investment_cost_tax,0.0
13854,2055,reg1,Elec_transmission_distribution,investment_cost_tax,0.0
13855,2056,reg1,Elec_transmission_distribution,investment_cost_tax,0.0
13856,2057,reg1,Elec_transmission_distribution,investment_cost_tax,0.0
13857,2058,reg1,Elec_transmission_distribution,investment_cost_tax,0.0
13858,2059,reg1,Elec_transmission_distribution,investment_cost_tax,0.0
13859,2060,reg1,Elec_transmission_distribution,investment_cost_tax,0.0
13860,2025,reg1,NG_supply,investment_cost_sub,0.0
13861,2026,reg1,NG_supply,investment_cost_sub,0.0
13862,2027,reg1,NG_supply,investment_cost_sub,0.0
13863,2028,reg1,NG_supply,investment_cost_sub,0.0
13864,2029,reg1,NG_supply,investment_cost_sub,0.0
13865,2030,reg1,NG_supply,investment_cost_sub,0.0
13866,2031,reg1,NG_supply,investment_cost_sub,0.0
13867,2032,reg1,NG_supply,investment_cost_sub,0.0
13868,2033,reg1,NG_supply,investment_cost_sub,0.0
13869,2034,reg1,NG_supply,investment_cost_sub,0.0
13870,2035,reg1,NG_supply,investment_cost_sub,0.0
13871,2036,reg1,NG_supply,investment_cost_sub,0.0
13872,2037,reg1,NG_supply,investment_cost_sub,0.0
13873,2038,reg1,NG_supply,investment_cost_sub,0.0
13874,2039,reg1,NG_supply,investment_cost_sub,0.0
13875,2040,reg1,NG_supply,investment_cost_sub,0.0
13876,2041,reg1,NG_supply,investment_cost_sub,0.0
13877,2042,reg1,NG_supply,investment_cost_sub,0.0
13878,2043,reg1,NG_supply,investment_cost_sub,0.0
13879,2044,reg1,NG_supply,investment_cost_sub,0.0
13880,2045,reg1,NG_supply,investment_cost_sub,0.0
13881,2046,reg1,NG_supply,investment_cost_sub,0.0
13882,2047,reg1,NG_supply,investment_cost_sub,0.0
13883,2048,reg1,NG_supply,investment_cost_sub,0.0
13884,2049,reg1,NG_supply,investment_cost_sub,0.0
13885,2050,reg1,NG_supply,investment_cost_sub,0.0
13886,2051,reg1,NG_supply,investment_cost_sub,0.0
13887,2052,reg1,NG_supply,investment_cost_sub,0.0
13888,2053,reg1,NG_supply,investment_cost_sub,0.0
13889,2054,reg1,NG_supply,investment_cost_sub,0.0
13890,2055,reg1,NG_supply,investment_cost_sub,0.0
13891,2056,reg1,NG_supply,investment_cost_sub,0.0
13892,2057,reg1,NG_supply,investment_cost_sub,0.0
13893,2058,reg1,NG_supply,investment_cost_sub,0.0
13894,2059,reg1,NG_supply,investment_cost_sub,0.0
13895,2060,reg1,NG_supply,investment_cost_sub,0.0
13896,2025,reg1,SFF_supply,investment_cost_sub,0.0
13897,2026,reg1,SFF_supply,investment_cost_sub,0.0
13898,2027,reg1,SFF_supply,investment_cost_sub,0.0
13899,2028,reg1,SFF_supply,investment_cost_sub,0.0
13900,2029,reg1,SFF_supply,investment_cost_sub,0.0
13901,2030,reg1,SFF_supply,investment_cost_sub,0.0
13902,2031,reg1,SFF_supply,investment_cost_sub,0.0
13903,2032,reg1,SFF_supply,investment_cost_sub,0.0
13904,2033,reg1,SFF_supply,investment_cost_sub,0.0
13905,2034,reg1,SFF_supply,investment_cost_sub,0.0
13906,2035,reg1,SFF_supply,investment_cost_sub,0.0
13907,2036,reg1,SFF_supply,investment_cost_sub,0.0
13908,2037,reg1,SFF_supply,investment_cost_sub,0.0
13909,2038,reg1,SFF_supply,investment_cost_sub,0.0
13910,2039,reg1,SFF_supply,investment_cost_sub,0.0
13911,2040,reg1,SFF_supply,investment_cost_sub,0.0
13912,2041,reg1,SFF_supply,investment_cost_sub,0.0
13913,2042,reg1,SFF_supply,investment_cost_sub,0.0
13914,2043,reg1,SFF_supply,investment_cost_sub,0.0
13915,2044,reg1,SFF_supply,investment_cost_sub,0.0
13916,2045,reg1,SFF_supply,investment_cost_sub,0.0
13917,2046,reg1,SFF_supply,investment_cost_sub,0.0
13918,2047,reg1,SFF_supply,investment_cost_sub,0.0
13919,2048,reg1,SFF_supply,investment_cost_sub,0.0
13920,2049,reg1,SFF_supply,investment_cost_sub,0.0
13921,2050,reg1,SFF_supply,investment_cost_sub,0.0
13922,2051,reg1,SFF_supply,investment_cost_sub,0.0
13923,2052,reg1,SFF_supply,investment_cost_sub,0.0
13924,2053,reg1,SFF_supply,investment_cost_sub,0.0
13925,2054,reg1,SFF_supply,investment_cost_sub,0.0
13926,2055,reg1,SFF_supply,investment_cost_sub,0.0
13927,2056,reg1,SFF_supply,investment_cost_sub,0.0
13928,2057,reg1,SFF_supply,investment_cost_sub,0.0
13929,2058,reg1,SFF_supply,investment_cost_sub,0.0
13930,2059,reg1,SFF_supply,investment_cost_sub,0.0
13931,2060,reg1,SFF_supply,investment_cost_sub,0.0
13932,2025,reg1,OP_supply,investment_cost_sub,0.0
13933,2026,reg1,OP_supply,investment_cost_sub,0.0
13934,2027,reg1,OP_supply,investment_cost_sub,0.0
13935,2028,reg1,OP_supply,investment_cost_sub,0.0
13936,2029,reg1,OP_supply,investment_cost_sub,0.0
13937,2030,reg1,OP_supply,investment_cost_sub,0.0
13938,2031,reg1,OP_supply,investment_cost_sub,0.0
13939,2032,reg1,OP_supply,investment_cost_sub,0.0
13940,2033,reg1,OP_supply,investment_cost_sub,0.0
13941,2034,reg1,OP_supply,investment_cost_sub,0.0
13942,2035,reg1,OP_supply,investment_cost_sub,0.0
13943,2036,reg1,OP_supply,investment_cost_sub,0.0
13944,2037,reg1,OP_supply,investment_cost_sub,0.0
13945,2038,reg1,OP_supply,investment_cost_sub,0.0
13946,2039,reg1,OP_supply,investment_cost_sub,0.0
13947,2040,reg1,OP_supply,investment_cost_sub,0.0
13948,2041,reg1,OP_supply,investment_cost_sub,0.0
13949,2042,reg1,OP_supply,investment_cost_sub,0.0
13950,2043,reg1,OP_supply,investment_cost_sub,0.0
13951,2044,reg1,OP_supply,investment_cost_sub,0.0
13952,2045,reg1,OP_supply,investment_cost_sub,0.0
13953,2046,reg1,OP_supply,investment_cost_sub,0.0
13954,2047,reg1,OP_supply,investment_cost_sub,0.0
13955,2048,reg1,OP_supply,investment_cost_sub,0.0
13956,2049,reg1,OP_supply,investment_cost_sub,0.0
13957,2050,reg1,OP_supply,investment_cost_sub,0.0
13958,2051,reg1,OP_supply,investment_cost_sub,0.0
13959,2052,reg1,OP_supply,investment_cost_sub,0.0
13960,2053,reg1,OP_supply,investment_cost_sub,0.0
13961,2054,reg1,OP_supply,investment_cost_sub,0.0
13962,2055,reg1,OP_supply,investment_cost_sub,0.0
13963,2056,reg1,OP_supply,investment_cost_sub,0.0
13964,2057,reg1,OP_supply,investment_cost_sub,0.0
13965,2058,reg1,OP_supply,investment_cost_sub,0.0
13966,2059,reg1,OP_supply,investment_cost_sub,0.0
13967,2060,reg1,OP_supply,investment_cost_sub,0.0
13968,2025,reg1,BW_supply,investment_cost_sub,0.0
13969,2026,reg1,BW_supply,investment_cost_sub,0.0
13970,2027,reg1,BW_supply,investment_cost_sub,0.0
13971,2028,reg1,BW_supply,investment_cost_sub,0.0
13972,2029,reg1,BW_supply,investment_cost_sub,0.0
13973,2030,reg1,BW_supply,investment_cost_sub,0.0
13974,2031,reg1,BW_supply,investment_cost_sub,0.0
13975,2032,reg1,BW_supply,investment_cost_sub,0.0
13976,2033,reg1,BW_supply,investment_cost_sub,0.0
13977,2034,reg1,BW_supply,investment_cost_sub,0.0
13978,2035,reg1,BW_supply,investment_cost_sub,0.0
13979,2036,reg1,BW_supply,investment_cost_sub,0.0
13980,2037,reg1,BW_supply,investment_cost_sub,0.0
13981,2038,reg1,BW_supply,investment_cost_sub,0.0
13982,2039,reg1,BW_supply,investment_cost_sub,0.0
13983,2040,reg1,BW_supply,investment_cost_sub,0.0
13984,2041,reg1,BW_supply,investment_cost_sub,0.0
13985,2042,reg1,BW_supply,investment_cost_sub,0.0
13986,2043,reg1,BW_supply,investment_cost_sub,0.0
13987,2044,reg1,BW_supply,investment_cost_sub,0.0
13988,2045,reg1,BW_supply,investment_cost_sub,0.0
13989,2046,reg1,BW_supply,investment_cost_sub,0.0
13990,2047,reg1,BW_supply,investment_cost_sub,0.0
13991,2048,reg1,BW_supply,investment_cost_sub,0.0
13992,2049,reg1,BW_supply,investment_cost_sub,0.0
13993,2050,reg1,BW_supply,investment_cost_sub,0.0
13994,2051,reg1,BW_supply,investment_cost_sub,0.0
13995,2052,reg1,BW_supply,investment_cost_sub,0.0
13996,2053,reg1,BW_supply,investment_cost_sub,0.0
13997,2054,reg1,BW_supply,investment_cost_sub,0.0
13998,2055,reg1,BW_supply,investment_cost_sub,0.0
13999,2056,reg1,BW_supply,investment_cost_sub,0.0
14000,2057,reg1,BW_supply,investment_cost_sub,0.0
14001,2058,reg1,BW_supply,investment_cost_sub,0.0
14002,2059,reg1,BW_supply,investment_cost_sub,0.0
14003,2060,reg1,BW_supply,investment_cost_sub,0.0
14004,2025,reg1,BIO_supply,investment_cost_sub,0.0
14005,2026,reg1,BIO_supply,investment_cost_sub,0.0
14006,2027,reg1,BIO_supply,investment_cost_sub,0.0
14007,2028,reg1,BIO_supply,investment_cost_sub,0.0
14008,2029,reg1,BIO_supply,investment_cost_sub,0.0
14009,2030,reg1,BIO_supply,investment_cost_sub,0.0
14010,2031,reg1,BIO_supply,investment_cost_sub,0.0
14011,2032,reg1,BIO_supply,investment_cost_sub,0.0
14012,2033,reg1,BIO_supply,investment_cost_sub,0.0
14013,2034,reg1,BIO_supply,investment_cost_sub,0.0
14014,2035,reg1,BIO_supply,investment_cost_sub,0.0
14015,2036,reg1,BIO_supply,investment_cost_sub,0.0
14016,2037,reg1,BIO_supply,investment_cost_sub,0.0
14017,2038,reg1,BIO_supply,investment_cost_sub,0.0
14018,2039,reg1,BIO_supply,investment_cost_sub,0.0
14019,2040,reg1,BIO_supply,investment_cost_sub,0.0
14020,2041,reg1,BIO_supply,investment_cost_sub,0.0
14021,2042,reg1,BIO_supply,investment_cost_sub,0.0
14022,2043,reg1,BIO_supply,investment_cost_sub,0.0
14023,2044,reg1,BIO_supply,investment_cost_sub,0.0
14024,2045,reg1,BIO_supply,investment_cost_sub,0.0
14025,2046,reg1,BIO_supply,investment_cost_sub,0.0
14026,2047,reg1,BIO_supply,investment_cost_sub,0.0
14027,2048,reg1,BIO_supply,investment_cost_sub,0.0
14028,2049,reg1,BIO_supply,investment_cost_sub,0.0
14029,2050,reg1,BIO_supply,investment_cost_sub,0.0
14030,2051,reg1,BIO_supply,investment_cost_sub,0.0
14031,2052,reg1,BIO_supply,investment_cost_sub,0.0
14032,2053,reg1,BIO_supply,investment_cost_sub,0.0
14033,2054,reg1,BIO_supply,investment_cost_sub,0.0
14034,2055,reg1,BIO_supply,investment_cost_sub,0.0
14035,2056,reg1,BIO_supply,investment_cost_sub,0.0
14036,2057,reg1,BIO_supply,investment_cost_sub,0.0
14037,2058,reg1,BIO_supply,investment_cost_sub,0.0
14038,2059,reg1,BIO_supply,investment_cost_sub,0.0
14039,2060,reg1,BIO_supply,investment_cost_sub,0.0
14040,2025,reg1,Biogas_supply,investment_cost_sub,0.0
14041,2026,reg1,Biogas_supply,investment_cost_sub,0.0
14042,2027,reg1,Biogas_supply,investment_cost_sub,0.0
14043,2028,reg1,Biogas_supply,investment_cost_sub,0.0
14044,2029,reg1,Biogas_supply,investment_cost_sub,0.0
14045,2030,reg1,Biogas_supply,investment_cost_sub,0.0
14046,2031,reg1,Biogas_supply,investment_cost_sub,0.0
14047,2032,reg1,Biogas_supply,investment_cost_sub,0.0
14048,2033,reg1,Biogas_supply,investment_cost_sub,0.0
14049,2034,reg1,Biogas_supply,investment_cost_sub,0.0
14050,2035,reg1,Biogas_supply,investment_cost_sub,0.0
14051,2036,reg1,Biogas_supply,investment_cost_sub,0.0
14052,2037,reg1,Biogas_supply,investment_cost_sub,0.0
14053,2038,reg1,Biogas_supply,investment_cost_sub,0.0
14054,2039,reg1,Biogas_supply,investment_cost_sub,0.0
14055,2040,reg1,Biogas_supply,investment_cost_sub,0.0
14056,2041,reg1,Biogas_supply,investment_cost_sub,0.0
14057,2042,reg1,Biogas_supply,investment_cost_sub,0.0
14058,2043,reg1,Biogas_supply,investment_cost_sub,0.0
14059,2044,reg1,Biogas_supply,investment_cost_sub,0.0
14060,2045,reg1,Biogas_supply,investment_cost_sub,0.0
14061,2046,reg1,Biogas_supply,investment_cost_sub,0.0
14062,2047,reg1,Biogas_supply,investment_cost_sub,0.0
14063,2048,reg1,Biogas_supply,investment_cost_sub,0.0
14064,2049,reg1,Biogas_supply,investment_cost_sub,0.0
14065,2050,reg1,Biogas_supply,investment_cost_sub,0.0
14066,2051,reg1,Biogas_supply,investment_cost_sub,0.0
14067,2052,reg1,Biogas_supply,investment_cost_sub,0.0
14068,2053,reg1,Biogas_supply,investment_cost_sub,0.0
14069,2054,reg1,Biogas_supply,investment_cost_sub,0.0
14070,2055,reg1,Biogas_supply,investment_cost_sub,0.0
14071,2056,reg1,Biogas_supply,investment_cost_sub,0.0
14072,2057,reg1,Biogas_supply,investment_cost_sub,0.0
14073,2058,reg1,Biogas_supply,investment_cost_sub,0.0
14074,2059,reg1,Biogas_supply,investment_cost_sub,0.0
14075,2060,reg1,Biogas_supply,investment_cost_sub,0.0
14076,2025,reg1,Waste_supply,investment_cost_sub,0.0
14077,2026,reg1,Waste_supply,investment_cost_sub,0.0
14078,2027,reg1,Waste_supply,investment_cost_sub,0.0
14079,2028,reg1,Waste_supply,investment_cost_sub,0.0
14080,2029,reg1,Waste_supply,investment_cost_sub,0.0
14081,2030,reg1,Waste_supply,investment_cost_sub,0.0
14082,2031,reg1,Waste_supply,investment_cost_sub,0.0
14083,2032,reg1,Waste_supply,investment_cost_sub,0.0
14084,2033,reg1,Waste_supply,investment_cost_sub,0.0
14085,2034,reg1,Waste_supply,investment_cost_sub,0.0
14086,2035,reg1,Waste_supply,investment_cost_sub,0.0
14087,2036,reg1,Waste_supply,investment_cost_sub,0.0
14088,2037,reg1,Waste_supply,investment_cost_sub,0.0
14089,2038,reg1,Waste_supply,investment_cost_sub,0.0
14090,2039,reg1,Waste_supply,investment_cost_sub,0.0
14091,2040,reg1,Waste_supply,investment_cost_sub,0.0
14092,2041,reg1,Waste_supply,investment_cost_sub,0.0
14093,2042,reg1,Waste_supply,investment_cost_sub,0.0
14094,2043,reg1,Waste_supply,investment_cost_sub,0.0
14095,2044,reg1,Waste_supply,investment_cost_sub,0.0
14096,2045,reg1,Waste_supply,investment_cost_sub,0.0
14097,2046,reg1,Waste_supply,investment_cost_sub,0.0
14098,2047,reg1,Waste_supply,investment_cost_sub,0.0
14099,2048,reg1,Waste_supply,investment_cost_sub,0.0
14100,2049,reg1,Waste_supply,investment_cost_sub,0.0
14101,2050,reg1,Waste_supply,investment_cost_sub,0.0
14102,2051,reg1,Waste_supply,investment_cost_sub,0.0
14103,2052,reg1,Waste_supply,investment_cost_sub,0.0
14104,2053,reg1,Waste_supply,investment_cost_sub,0.0
14105,2054,reg1,Waste_supply,investment_cost_sub,0.0
14106,2055,reg1,Waste_supply,investment_cost_sub,0.0
14107,2056,reg1,Waste_supply,investment_cost_sub,0.0
14108,2057,reg1,Waste_supply,investment_cost_sub,0.0
14109,2058,reg1,Waste_supply,investment_cost_sub,0.0
14110,2059,reg1,Waste_supply,investment_cost_sub,0.0
14111,2060,reg1,Waste_supply,investment_cost_sub,0.0
14112,2025,reg1,Geo_PP,investment_cost_sub,0.0
14113,2026,reg1,Geo_PP,investment_cost_sub,0.0
14114,2027,reg1,Geo_PP,investment_cost_sub,0.0
14115,2028,reg1,Geo_PP,investment_cost_sub,0.0
14116,2029,reg1,Geo_PP,investment_cost_sub,0.0
14117,2030,reg1,Geo_PP,investment_cost_sub,0.0
14118,2031,reg1,Geo_PP,investment_cost_sub,0.0
14119,2032,reg1,Geo_PP,investment_cost_sub,0.0
14120,2033,reg1,Geo_PP,investment_cost_sub,0.0
14121,2034,reg1,Geo_PP,investment_cost_sub,0.0
14122,2035,reg1,Geo_PP,investment_cost_sub,0.0
14123,2036,reg1,Geo_PP,investment_cost_sub,0.0
14124,2037,reg1,Geo_PP,investment_cost_sub,0.0
14125,2038,reg1,Geo_PP,investment_cost_sub,0.0
14126,2039,reg1,Geo_PP,investment_cost_sub,0.0
14127,2040,reg1,Geo_PP,investment_cost_sub,0.0
14128,2041,reg1,Geo_PP,investment_cost_sub,0.0
14129,2042,reg1,Geo_PP,investment_cost_sub,0.0
14130,2043,reg1,Geo_PP,investment_cost_sub,0.0
14131,2044,reg1,Geo_PP,investment_cost_sub,0.0
14132,2045,reg1,Geo_PP,investment_cost_sub,0.0
14133,2046,reg1,Geo_PP,investment_cost_sub,0.0
14134,2047,reg1,Geo_PP,investment_cost_sub,0.0
14135,2048,reg1,Geo_PP,investment_cost_sub,0.0
14136,2049,reg1,Geo_PP,investment_cost_sub,0.0
14137,2050,reg1,Geo_PP,investment_cost_sub,0.0
14138,2051,reg1,Geo_PP,investment_cost_sub,0.0
14139,2052,reg1,Geo_PP,investment_cost_sub,0.0
14140,2053,reg1,Geo_PP,investment_cost_sub,0.0
14141,2054,reg1,Geo_PP,investment_cost_sub,0.0
14142,2055,reg1,Geo_PP,investment_cost_sub,0.0
14143,2056,reg1,Geo_PP,investment_cost_sub,0.0
14144,2057,reg1,Geo_PP,investment_cost_sub,0.0
14145,2058,reg1,Geo_PP,investment_cost_sub,0.0
14146,2059,reg1,Geo_PP,investment_cost_sub,0.0
14147,2060,reg1,Geo_PP,investment_cost_sub,0.0
14148,2025,reg1,Solar_PV_PP,investment_cost_sub,0.0
14149,2026,reg1,Solar_PV_PP,investment_cost_sub,0.0
14150,2027,reg1,Solar_PV_PP,investment_cost_sub,0.0
14151,2028,reg1,Solar_PV_PP,investment_cost_sub,0.0
14152,2029,reg1,Solar_PV_PP,investment_cost_sub,0.0
14153,2030,reg1,Solar_PV_PP,investment_cost_sub,0.0
14154,2031,reg1,Solar_PV_PP,investment_cost_sub,0.0
14155,2032,reg1,Solar_PV_PP,investment_cost_sub,0.0
14156,2033,reg1,Solar_PV_PP,investment_cost_sub,0.0
14157,2034,reg1,Solar_PV_PP,investment_cost_sub,0.0
14158,2035,reg1,Solar_PV_PP,investment_cost_sub,0.0
14159,2036,reg1,Solar_PV_PP,investment_cost_sub,0.0
14160,2037,reg1,Solar_PV_PP,investment_cost_sub,0.0
14161,2038,reg1,Solar_PV_PP,investment_cost_sub,0.0
14162,2039,reg1,Solar_PV_PP,investment_cost_sub,0.0
14163,2040,reg1,Solar_PV_PP,investment_cost_sub,0.0
14164,2041,reg1,Solar_PV_PP,investment_cost_sub,0.0
14165,2042,reg1,Solar_PV_PP,investment_cost_sub,0.0
14166,2043,reg1,Solar_PV_PP,investment_cost_sub,0.0
14167,2044,reg1,Solar_PV_PP,investment_cost_sub,0.0
14168,2045,reg1,Solar_PV_PP,investment_cost_sub,0.0
14169,2046,reg1,Solar_PV_PP,investment_cost_sub,0.0
14170,2047,reg1,Solar_PV_PP,investment_cost_sub,0.0
14171,2048,reg1,Solar_PV_PP,investment_cost_sub,0.0
14172,2049,reg1,Solar_PV_PP,investment_cost_sub,0.0
14173,2050,reg1,Solar_PV_PP,investment_cost_sub,0.0
14174,2051,reg1,Solar_PV_PP,investment_cost_sub,0.0
14175,2052,reg1,Solar_PV_PP,investment_cost_sub,0.0
14176,2053,reg1,Solar_PV_PP,investment_cost_sub,0.0
14177,2054,reg1,Solar_PV_PP,investment_cost_sub,0.0
14178,2055,reg1,Solar_PV_PP,investment_cost_sub,0.0
14179,2056,reg1,Solar_PV_PP,investment_cost_sub,0.0
14180,2057,reg1,Solar_PV_PP,investment_cost_sub,0.0
14181,2058,reg1,Solar_PV_PP,investment_cost_sub,0.0
14182,2059,reg1,Solar_PV_PP,investment_cost_sub,0.0
14183,2060,reg1,Solar_PV_PP,investment_cost_sub,0.0
14184,2025,reg1,Wind_On-Shore_PP,investment_cost_sub,0.0
14185,2026,reg1,Wind_On-Shore_PP,investment_cost_sub,0.0
14186,2027,reg1,Wind_On-Shore_PP,investment_cost_sub,0.0
14187,2028,reg1,Wind_On-Shore_PP,investment_cost_sub,0.0
14188,2029,reg1,Wind_On-Shore_PP,investment_cost_sub,0.0
14189,2030,reg1,Wind_On-Shore_PP,investment_cost_sub,0.0
14190,2031,reg1,Wind_On-Shore_PP,investment_cost_sub,0.0
14191,2032,reg1,Wind_On-Shore_PP,investment_cost_sub,0.0
14192,2033,reg1,Wind_On-Shore_PP,investment_cost_sub,0.0
14193,2034,reg1,Wind_On-Shore_PP,investment_cost_sub,0.0
14194,2035,reg1,Wind_On-Shore_PP,investment_cost_sub,0.0
14195,2036,reg1,Wind_On-Shore_PP,investment_cost_sub,0.0
14196,2037,reg1,Wind_On-Shore_PP,investment_cost_sub,0.0
14197,2038,reg1,Wind_On-Shore_PP,investment_cost_sub,0.0
14198,2039,reg1,Wind_On-Shore_PP,investment_cost_sub,0.0
14199,2040,reg1,Wind_On-Shore_PP,investment_cost_sub,0.0
14200,2041,reg1,Wind_On-Shore_PP,investment_cost_sub,0.0
14201,2042,reg1,Wind_On-Shore_PP,investment_cost_sub,0.0
14202,2043,reg1,Wind_On-Shore_PP,investment_cost_sub,0.0
14203,2044,reg1,Wind_On-Shore_PP,investment_cost_sub,0.0
14204,2045,reg1,Wind_On-Shore_PP,investment_cost_sub,0.0
14205,2046,reg1,Wind_On-Shore_PP,investment_cost_sub,0.0
14206,2047,reg1,Wind_On-Shore_PP,investment_cost_sub,0.0
14207,2048,reg1,Wind_On-Shore_PP,investment_cost_sub,0.0
14208,2049,reg1,Wind_On-Shore_PP,investment_cost_sub,0.0
14209,2050,reg1,Wind_On-Shore_PP,investment_cost_sub,0.0
14210,2051,reg1,Wind_On-Shore_PP,investment_cost_sub,0.0
14211,2052,reg1,Wind_On-Shore_PP,investment_cost_sub,0.0
14212,2053,reg1,Wind_On-Shore_PP,investment_cost_sub,0.0
14213,2054,reg1,Wind_On-Shore_PP,investment_cost_sub,0.0
14214,2055,reg1,Wind_On-Shore_PP,investment_cost_sub,0.0
14215,2056,reg1,Wind_On-Shore_PP,investment_cost_sub,0.0
14216,2057,reg1,Wind_On-Shore_PP,investment_cost_sub,0.0
14217,2058,reg1,Wind_On-Shore_PP,investment_cost_sub,0.0
14218,2059,reg1,Wind_On-Shore_PP,investment_cost_sub,0.0
14219,2060,reg1,Wind_On-Shore_PP,investment_cost_sub,0.0
14220,2025,reg1,Wind_Off-Shore_PP,investment_cost_sub,0.0
14221,2026,reg1,Wind_Off-Shore_PP,investment_cost_sub,0.0
14222,2027,reg1,Wind_Off-Shore_PP,investment_cost_sub,0.0
14223,2028,reg1,Wind_Off-Shore_PP,investment_cost_sub,0.0
14224,2029,reg1,Wind_Off-Shore_PP,investment_cost_sub,0.0
14225,2030,reg1,Wind_Off-Shore_PP,investment_cost_sub,0.0
14226,2031,reg1,Wind_Off-Shore_PP,investment_cost_sub,0.0
14227,2032,reg1,Wind_Off-Shore_PP,investment_cost_sub,0.0
14228,2033,reg1,Wind_Off-Shore_PP,investment_cost_sub,0.0
14229,2034,reg1,Wind_Off-Shore_PP,investment_cost_sub,0.0
14230,2035,reg1,Wind_Off-Shore_PP,investment_cost_sub,0.0
14231,2036,reg1,Wind_Off-Shore_PP,investment_cost_sub,0.0
14232,2037,reg1,Wind_Off-Shore_PP,investment_cost_sub,0.0
14233,2038,reg1,Wind_Off-Shore_PP,investment_cost_sub,0.0
14234,2039,reg1,Wind_Off-Shore_PP,investment_cost_sub,0.0
14235,2040,reg1,Wind_Off-Shore_PP,investment_cost_sub,0.0
14236,2041,reg1,Wind_Off-Shore_PP,investment_cost_sub,0.0
14237,2042,reg1,Wind_Off-Shore_PP,investment_cost_sub,0.0
14238,2043,reg1,Wind_Off-Shore_PP,investment_cost_sub,0.0
14239,2044,reg1,Wind_Off-Shore_PP,investment_cost_sub,0.0
14240,2045,reg1,Wind_Off-Shore_PP,investment_cost_sub,0.0
14241,2046,reg1,Wind_Off-Shore_PP,investment_cost_sub,0.0
14242,2047,reg1,Wind_Off-Shore_PP,investment_cost_sub,0.0
14243,2048,reg1,Wind_Off-Shore_PP,investment_cost_sub,0.0
14244,2049,reg1,Wind_Off-Shore_PP,investment_cost_sub,0.0
14245,2050,reg1,Wind_Off-Shore_PP,investment_cost_sub,0.0
14246,2051,reg1,Wind_Off-Shore_PP,investment_cost_sub,0.0
14247,2052,reg1,Wind_Off-Shore_PP,investment_cost_sub,0.0
14248,2053,reg1,Wind_Off-Shore_PP,investment_cost_sub,0.0
14249,2054,reg1,Wind_Off-Shore_PP,investment_cost_sub,0.0
14250,2055,reg1,Wind_Off-Shore_PP,investment_cost_sub,0.0
14251,2056,reg1,Wind_Off-Shore_PP,investment_cost_sub,0.0
14252,2057,reg1,Wind_Off-Shore_PP,investment_cost_sub,0.0
14253,2058,reg1,Wind_Off-Shore_PP,investment_cost_sub,0.0
14254,2059,reg1,Wind_Off-Shore_PP,investment_cost_sub,0.0
14255,2060,reg1,Wind_Off-Shore_PP,investment_cost_sub,0.0
14256,2025,reg1,Hydro_PP,investment_cost_sub,0.0
14257,2026,reg1,Hydro_PP,investment_cost_sub,0.0
14258,2027,reg1,Hydro_PP,investment_cost_sub,0.0
14259,2028,reg1,Hydro_PP,investment_cost_sub,0.0
14260,2029,reg1,Hydro_PP,investment_cost_sub,0.0
14261,2030,reg1,Hydro_PP,investment_cost_sub,0.0
14262,2031,reg1,Hydro_PP,investment_cost_sub,0.0
14263,2032,reg1,Hydro_PP,investment_cost_sub,0.0
14264,2033,reg1,Hydro_PP,investment_cost_sub,0.0
14265,2034,reg1,Hydro_PP,investment_cost_sub,0.0
14266,2035,reg1,Hydro_PP,investment_cost_sub,0.0
14267,2036,reg1,Hydro_PP,investment_cost_sub,0.0
14268,2037,reg1,Hydro_PP,investment_cost_sub,0.0
14269,2038,reg1,Hydro_PP,investment_cost_sub,0.0
14270,2039,reg1,Hydro_PP,investment_cost_sub,0.0
14271,2040,reg1,Hydro_PP,investment_cost_sub,0.0
14272,2041,reg1,Hydro_PP,investment_cost_sub,0.0
14273,2042,reg1,Hydro_PP,investment_cost_sub,0.0
14274,2043,reg1,Hydro_PP,investment_cost_sub,0.0
14275,2044,reg1,Hydro_PP,investment_cost_sub,0.0
14276,2045,reg1,Hydro_PP,investment_cost_sub,0.0
14277,2046,reg1,Hydro_PP,investment_cost_sub,0.0
14278,2047,reg1,Hydro_PP,investment_cost_sub,0.0
14279,2048,reg1,Hydro_PP,investment_cost_sub,0.0
14280,2049,reg1,Hydro_PP,investment_cost_sub,0.0
14281,2050,reg1,Hydro_PP,investment_cost_sub,0.0
14282,2051,reg1,Hydro_PP,investment_cost_sub,0.0
14283,2052,reg1,Hydro_PP,investment_cost_sub,0.0
14284,2053,reg1,Hydro_PP,investment_cost_sub,0.0
14285,2054,reg1,Hydro_PP,investment_cost_sub,0.0
14286,2055,reg1,Hydro_PP,investment_cost_sub,0.0
14287,2056,reg1,Hydro_PP,investment_cost_sub,0.0
14288,2057,reg1,Hydro_PP,investment_cost_sub,0.0
14289,2058,reg1,Hydro_PP,investment_cost_sub,0.0
14290,2059,reg1,Hydro_PP,investment_cost_sub,0.0
14291,2060,reg1,Hydro_PP,investment_cost_sub,0.0
14292,2025,reg1,UO2_supply ,investment_cost_sub,0.0
14293,2026,reg1,UO2_supply ,investment_cost_sub,0.0
14294,2027,reg1,UO2_supply ,investment_cost_sub,0.0
14295,2028,reg1,UO2_supply ,investment_cost_sub,0.0
14296,2029,reg1,UO2_supply ,investment_cost_sub,0.0
14297,2030,reg1,UO2_supply ,investment_cost_sub,0.0
14298,2031,reg1,UO2_supply ,investment_cost_sub,0.0
14299,2032,reg1,UO2_supply ,investment_cost_sub,0.0
14300,2033,reg1,UO2_supply ,investment_cost_sub,0.0
14301,2034,reg1,UO2_supply ,investment_cost_sub,0.0
14302,2035,reg1,UO2_supply ,investment_cost_sub,0.0
14303,2036,reg1,UO2_supply ,investment_cost_sub,0.0
14304,2037,reg1,UO2_supply ,investment_cost_sub,0.0
14305,2038,reg1,UO2_supply ,investment_cost_sub,0.0
14306,2039,reg1,UO2_supply ,investment_cost_sub,0.0
14307,2040,reg1,UO2_supply ,investment_cost_sub,0.0
14308,2041,reg1,UO2_supply ,investment_cost_sub,0.0
14309,2042,reg1,UO2_supply ,investment_cost_sub,0.0
14310,2043,reg1,UO2_supply ,investment_cost_sub,0.0
14311,2044,reg1,UO2_supply ,investment_cost_sub,0.0
14312,2045,reg1,UO2_supply ,investment_cost_sub,0.0
14313,2046,reg1,UO2_supply ,investment_cost_sub,0.0
14314,2047,reg1,UO2_supply ,investment_cost_sub,0.0
14315,2048,reg1,UO2_supply ,investment_cost_sub,0.0
14316,2049,reg1,UO2_supply ,investment_cost_sub,0.0
14317,2050,reg1,UO2_supply ,investment_cost_sub,0.0
14318,2051,reg1,UO2_supply ,investment_cost_sub,0.0
14319,2052,reg1,UO2_supply ,investment_cost_sub,0.0
14320,2053,reg1,UO2_supply ,investment_cost_sub,0.0
14321,2054,reg1,UO2_supply ,investment_cost_sub,0.0
14322,2055,reg1,UO2_supply ,investment_cost_sub,0.0
14323,2056,reg1,UO2_supply ,investment_cost_sub,0.0
14324,2057,reg1,UO2_supply ,investment_cost_sub,0.0
14325,2058,reg1,UO2_supply ,investment_cost_sub,0.0
14326,2059,reg1,UO2_supply ,investment_cost_sub,0.0
14327,2060,reg1,UO2_supply ,investment_cost_sub,0.0
14328,2025,reg1,Electricity_net_imports,investment_cost_sub,0.0
14329,2026,reg1,Electricity_net_imports,investment_cost_sub,0.0
14330,2027,reg1,Electricity_net_imports,investment_cost_sub,0.0
14331,2028,reg1,Electricity_net_imports,investment_cost_sub,0.0
14332,2029,reg1,Electricity_net_imports,investment_cost_sub,0.0
14333,2030,reg1,Electricity_net_imports,investment_cost_sub,0.0
14334,2031,reg1,Electricity_net_imports,investment_cost_sub,0.0
14335,2032,reg1,Electricity_net_imports,investment_cost_sub,0.0
14336,2033,reg1,Electricity_net_imports,investment_cost_sub,0.0
14337,2034,reg1,Electricity_net_imports,investment_cost_sub,0.0
14338,2035,reg1,Electricity_net_imports,investment_cost_sub,0.0
14339,2036,reg1,Electricity_net_imports,investment_cost_sub,0.0
14340,2037,reg1,Electricity_net_imports,investment_cost_sub,0.0
14341,2038,reg1,Electricity_net_imports,investment_cost_sub,0.0
14342,2039,reg1,Electricity_net_imports,investment_cost_sub,0.0
14343,2040,reg1,Electricity_net_imports,investment_cost_sub,0.0
14344,2041,reg1,Electricity_net_imports,investment_cost_sub,0.0
14345,2042,reg1,Electricity_net_imports,investment_cost_sub,0.0
14346,2043,reg1,Electricity_net_imports,investment_cost_sub,0.0
14347,2044,reg1,Electricity_net_imports,investment_cost_sub,0.0
14348,2045,reg1,Electricity_net_imports,investment_cost_sub,0.0
14349,2046,reg1,Electricity_net_imports,investment_cost_sub,0.0
14350,2047,reg1,Electricity_net_imports,investment_cost_sub,0.0
14351,2048,reg1,Electricity_net_imports,investment_cost_sub,0.0
14352,2049,reg1,Electricity_net_imports,investment_cost_sub,0.0
14353,2050,reg1,Electricity_net_imports,investment_cost_sub,0.0
14354,2051,reg1,Electricity_net_imports,investment_cost_sub,0.0
14355,2052,reg1,Electricity_net_imports,investment_cost_sub,0.0
14356,2053,reg1,Electricity_net_imports,investment_cost_sub,0.0
14357,2054,reg1,Electricity_net_imports,investment_cost_sub,0.0
14358,2055,reg1,Electricity_net_imports,investment_cost_sub,0.0
14359,2056,reg1,Electricity_net_imports,investment_cost_sub,0.0
14360,2057,reg1,Electricity_net_imports,investment_cost_sub,0.0
14361,2058,reg1,Electricity_net_imports,investment_cost_sub,0.0
14362,2059,reg1,Electricity_net_imports,investment_cost_sub,0.0
14363,2060,reg1,Electricity_net_imports,investment_cost_sub,0.0
14364,2025,reg1,Geo_HP,investment_cost_sub,0.0
14365,2026,reg1,Geo_HP,investment_cost_sub,0.0
14366,2027,reg1,Geo_HP,investment_cost_sub,0.0
14367,2028,reg1,Geo_HP,investment_cost_sub,0.0
14368,2029,reg1,Geo_HP,investment_cost_sub,0.0
14369,2030,reg1,Geo_HP,investment_cost_sub,0.0
14370,2031,reg1,Geo_HP,investment_cost_sub,0.0
14371,2032,reg1,Geo_HP,investment_cost_sub,0.0
14372,2033,reg1,Geo_HP,investment_cost_sub,0.0
14373,2034,reg1,Geo_HP,investment_cost_sub,0.0
14374,2035,reg1,Geo_HP,investment_cost_sub,0.0
14375,2036,reg1,Geo_HP,investment_cost_sub,0.0
14376,2037,reg1,Geo_HP,investment_cost_sub,0.0
14377,2038,reg1,Geo_HP,investment_cost_sub,0.0
14378,2039,reg1,Geo_HP,investment_cost_sub,0.0
14379,2040,reg1,Geo_HP,investment_cost_sub,0.0
14380,2041,reg1,Geo_HP,investment_cost_sub,0.0
14381,2042,reg1,Geo_HP,investment_cost_sub,0.0
14382,2043,reg1,Geo_HP,investment_cost_sub,0.0
14383,2044,reg1,Geo_HP,investment_cost_sub,0.0
14384,2045,reg1,Geo_HP,investment_cost_sub,0.0
14385,2046,reg1,Geo_HP,investment_cost_sub,0.0
14386,2047,reg1,Geo_HP,investment_cost_sub,0.0
14387,2048,reg1,Geo_HP,investment_cost_sub,0.0
14388,2049,reg1,Geo_HP,investment_cost_sub,0.0
14389,2050,reg1,Geo_HP,investment_cost_sub,0.0
14390,2051,reg1,Geo_HP,investment_cost_sub,0.0
14391,2052,reg1,Geo_HP,investment_cost_sub,0.0
14392,2053,reg1,Geo_HP,investment_cost_sub,0.0
14393,2054,reg1,Geo_HP,investment_cost_sub,0.0
14394,2055,reg1,Geo_HP,investment_cost_sub,0.0
14395,2056,reg1,Geo_HP,investment_cost_sub,0.0
14396,2057,reg1,Geo_HP,investment_cost_sub,0.0
14397,2058,reg1,Geo_HP,investment_cost_sub,0.0
14398,2059,reg1,Geo_HP,investment_cost_sub,0.0
14399,2060,reg1,Geo_HP,investment_cost_sub,0.0
14400,2025,reg1,Pump_hydro_ST,investment_cost_sub,0.0
14401,2026,reg1,Pump_hydro_ST,investment_cost_sub,0.0
14402,2027,reg1,Pump_hydro_ST,investment_cost_sub,0.0
14403,2028,reg1,Pump_hydro_ST,investment_cost_sub,0.0
14404,2029,reg1,Pump_hydro_ST,investment_cost_sub,0.0
14405,2030,reg1,Pump_hydro_ST,investment_cost_sub,0.0
14406,2031,reg1,Pump_hydro_ST,investment_cost_sub,0.0
14407,2032,reg1,Pump_hydro_ST,investment_cost_sub,0.0
14408,2033,reg1,Pump_hydro_ST,investment_cost_sub,0.0
14409,2034,reg1,Pump_hydro_ST,investment_cost_sub,0.0
14410,2035,reg1,Pump_hydro_ST,investment_cost_sub,0.0
14411,2036,reg1,Pump_hydro_ST,investment_cost_sub,0.0
14412,2037,reg1,Pump_hydro_ST,investment_cost_sub,0.0
14413,2038,reg1,Pump_hydro_ST,investment_cost_sub,0.0
14414,2039,reg1,Pump_hydro_ST,investment_cost_sub,0.0
14415,2040,reg1,Pump_hydro_ST,investment_cost_sub,0.0
14416,2041,reg1,Pump_hydro_ST,investment_cost_sub,0.0
14417,2042,reg1,Pump_hydro_ST,investment_cost_sub,0.0
14418,2043,reg1,Pump_hydro_ST,investment_cost_sub,0.0
14419,2044,reg1,Pump_hydro_ST,investment_cost_sub,0.0
14420,2045,reg1,Pump_hydro_ST,investment_cost_sub,0.0
14421,2046,reg1,Pump_hydro_ST,investment_cost_sub,0.0
14422,2047,reg1,Pump_hydro_ST,investment_cost_sub,0.0
14423,2048,reg1,Pump_hydro_ST,investment_cost_sub,0.0
14424,2049,reg1,Pump_hydro_ST,investment_cost_sub,0.0
14425,2050,reg1,Pump_hydro_ST,investment_cost_sub,0.0
14426,2051,reg1,Pump_hydro_ST,investment_cost_sub,0.0
14427,2052,reg1,Pump_hydro_ST,investment_cost_sub,0.0
14428,2053,reg1,Pump_hydro_ST,investment_cost_sub,0.0
14429,2054,reg1,Pump_hydro_ST,investment_cost_sub,0.0
14430,2055,reg1,Pump_hydro_ST,investment_cost_sub,0.0
14431,2056,reg1,Pump_hydro_ST,investment_cost_sub,0.0
14432,2057,reg1,Pump_hydro_ST,investment_cost_sub,0.0
14433,2058,reg1,Pump_hydro_ST,investment_cost_sub,0.0
14434,2059,reg1,Pump_hydro_ST,investment_cost_sub,0.0
14435,2060,reg1,Pump_hydro_ST,investment_cost_sub,0.0
14436,2025,reg1,Electrochemical_ST,investment_cost_sub,0.0
14437,2026,reg1,Electrochemical_ST,investment_cost_sub,0.0
14438,2027,reg1,Electrochemical_ST,investment_cost_sub,0.0
14439,2028,reg1,Electrochemical_ST,investment_cost_sub,0.0
14440,2029,reg1,Electrochemical_ST,investment_cost_sub,0.0
14441,2030,reg1,Electrochemical_ST,investment_cost_sub,0.0
14442,2031,reg1,Electrochemical_ST,investment_cost_sub,0.0
14443,2032,reg1,Electrochemical_ST,investment_cost_sub,0.0
14444,2033,reg1,Electrochemical_ST,investment_cost_sub,0.0
14445,2034,reg1,Electrochemical_ST,investment_cost_sub,0.0
14446,2035,reg1,Electrochemical_ST,investment_cost_sub,0.0
14447,2036,reg1,Electrochemical_ST,investment_cost_sub,0.0
14448,2037,reg1,Electrochemical_ST,investment_cost_sub,0.0
14449,2038,reg1,Electrochemical_ST,investment_cost_sub,0.0
14450,2039,reg1,Electrochemical_ST,investment_cost_sub,0.0
14451,2040,reg1,Electrochemical_ST,investment_cost_sub,0.0
14452,2041,reg1,Electrochemical_ST,investment_cost_sub,0.0
14453,2042,reg1,Electrochemical_ST,investment_cost_sub,0.0
14454,2043,reg1,Electrochemical_ST,investment_cost_sub,0.0
14455,2044,reg1,Electrochemical_ST,investment_cost_sub,0.0
14456,2045,reg1,Electrochemical_ST,investment_cost_sub,0.0
14457,2046,reg1,Electrochemical_ST,investment_cost_sub,0.0
14458,2047,reg1,Electrochemical_ST,investment_cost_sub,0.0
14459,2048,reg1,Electrochemical_ST,investment_cost_sub,0.0
14460,2049,reg1,Electrochemical_ST,investment_cost_sub,0.0
14461,2050,reg1,Electrochemical_ST,investment_cost_sub,0.0
14462,2051,reg1,Electrochemical_ST,investment_cost_sub,0.0
14463,2052,reg1,Electrochemical_ST,investment_cost_sub,0.0
14464,2053,reg1,Electrochemical_ST,investment_cost_sub,0.0
14465,2054,reg1,Electrochemical_ST,investment_cost_sub,0.0
14466,2055,reg1,Electrochemical_ST,investment_cost_sub,0.0
14467,2056,reg1,Electrochemical_ST,investment_cost_sub,0.0
14468,2057,reg1,Electrochemical_ST,investment_cost_sub,0.0
14469,2058,reg1,Electrochemical_ST,investment_cost_sub,0.0
14470,2059,reg1,Electrochemical_ST,investment_cost_sub,0.0
14471,2060,reg1,Electrochemical_ST,investment_cost_sub,0.0
14472,2025,reg1,Hydrogen_ST,investment_cost_sub,0.0
14473,2026,reg1,Hydrogen_ST,investment_cost_sub,0.0
14474,2027,reg1,Hydrogen_ST,investment_cost_sub,0.0
14475,2028,reg1,Hydrogen_ST,investment_cost_sub,0.0
14476,2029,reg1,Hydrogen_ST,investment_cost_sub,0.0
14477,2030,reg1,Hydrogen_ST,investment_cost_sub,0.0
14478,2031,reg1,Hydrogen_ST,investment_cost_sub,0.0
14479,2032,reg1,Hydrogen_ST,investment_cost_sub,0.0
14480,2033,reg1,Hydrogen_ST,investment_cost_sub,0.0
14481,2034,reg1,Hydrogen_ST,investment_cost_sub,0.0
14482,2035,reg1,Hydrogen_ST,investment_cost_sub,0.0
14483,2036,reg1,Hydrogen_ST,investment_cost_sub,0.0
14484,2037,reg1,Hydrogen_ST,investment_cost_sub,0.0
14485,2038,reg1,Hydrogen_ST,investment_cost_sub,0.0
14486,2039,reg1,Hydrogen_ST,investment_cost_sub,0.0
14487,2040,reg1,Hydrogen_ST,investment_cost_sub,0.0
14488,2041,reg1,Hydrogen_ST,investment_cost_sub,0.0
14489,2042,reg1,Hydrogen_ST,investment_cost_sub,0.0
14490,2043,reg1,Hydrogen_ST,investment_cost_sub,0.0
14491,2044,reg1,Hydrogen_ST,investment_cost_sub,0.0
14492,2045,reg1,Hydrogen_ST,investment_cost_sub,0.0
14493,2046,reg1,Hydrogen_ST,investment_cost_sub,0.0
14494,2047,reg1,Hydrogen_ST,investment_cost_sub,0.0
14495,2048,reg1,Hydrogen_ST,investment_cost_sub,0.0
14496,2049,reg1,Hydrogen_ST,investment_cost_sub,0.0
14497,2050,reg1,Hydrogen_ST,investment_cost_sub,0.0
14498,2051,reg1,Hydrogen_ST,investment_cost_sub,0.0
14499,2052,reg1,Hydrogen_ST,investment_cost_sub,0.0
14500,2053,reg1,Hydrogen_ST,investment_cost_sub,0.0
14501,2054,reg1,Hydrogen_ST,investment_cost_sub,0.0
14502,2055,reg1,Hydrogen_ST,investment_cost_sub,0.0
14503,2056,reg1,Hydrogen_ST,investment_cost_sub,0.0
14504,2057,reg1,Hydrogen_ST,investment_cost_sub,0.0
14505,2058,reg1,Hydrogen_ST,investment_cost_sub,0.0
14506,2059,reg1,Hydrogen_ST,investment_cost_sub,0.0
14507,2060,reg1,Hydrogen_ST,investment_cost_sub,0.0
14508,2025,reg1,Thermal_ST,investment_cost_sub,0.0
14509,2026,reg1,Thermal_ST,investment_cost_sub,0.0
14510,2027,reg1,Thermal_ST,investment_cost_sub,0.0
14511,2028,reg1,Thermal_ST,investment_cost_sub,0.0
14512,2029,reg1,Thermal_ST,investment_cost_sub,0.0
14513,2030,reg1,Thermal_ST,investment_cost_sub,0.0
14514,2031,reg1,Thermal_ST,investment_cost_sub,0.0
14515,2032,reg1,Thermal_ST,investment_cost_sub,0.0
14516,2033,reg1,Thermal_ST,investment_cost_sub,0.0
14517,2034,reg1,Thermal_ST,investment_cost_sub,0.0
14518,2035,reg1,Thermal_ST,investment_cost_sub,0.0
14519,2036,reg1,Thermal_ST,investment_cost_sub,0.0
14520,2037,reg1,Thermal_ST,investment_cost_sub,0.0
14521,2038,reg1,Thermal_ST,investment_cost_sub,0.0
14522,2039,reg1,Thermal_ST,investment_cost_sub,0.0
14523,2040,reg1,Thermal_ST,investment_cost_sub,0.0
14524,2041,reg1,Thermal_ST,investment_cost_sub,0.0
14525,2042,reg1,Thermal_ST,investment_cost_sub,0.0
14526,2043,reg1,Thermal_ST,investment_cost_sub,0.0
14527,2044,reg1,Thermal_ST,investment_cost_sub,0.0
14528,2045,reg1,Thermal_ST,investment_cost_sub,0.0
14529,2046,reg1,Thermal_ST,investment_cost_sub,0.0
14530,2047,reg1,Thermal_ST,investment_cost_sub,0.0
14531,2048,reg1,Thermal_ST,investment_cost_sub,0.0
14532,2049,reg1,Thermal_ST,investment_cost_sub,0.0
14533,2050,reg1,Thermal_ST,investment_cost_sub,0.0
14534,2051,reg1,Thermal_ST,investment_cost_sub,0.0
14535,2052,reg1,Thermal_ST,investment_cost_sub,0.0
14536,2053,reg1,Thermal_ST,investment_cost_sub,0.0
14537,2054,reg1,Thermal_ST,investment_cost_sub,0.0
14538,2055,reg1,Thermal_ST,investment_cost_sub,0.0
14539,2056,reg1,Thermal_ST,investment_cost_sub,0.0
14540,2057,reg1,Thermal_ST,investment_cost_sub,0.0
14541,2058,reg1,Thermal_ST,investment_cost_sub,0.0
14542,2059,reg1,Thermal_ST,investment_cost_sub,0.0
14543,2060,reg1,Thermal_ST,investment_cost_sub,0.0
14544,2025,reg1,Thermal-H2_ST,investment_cost_sub,0.0
14545,2026,reg1,Thermal-H2_ST,investment_cost_sub,0.0
14546,2027,reg1,Thermal-H2_ST,investment_cost_sub,0.0
14547,2028,reg1,Thermal-H2_ST,investment_cost_sub,0.0
14548,2029,reg1,Thermal-H2_ST,investment_cost_sub,0.0
14549,2030,reg1,Thermal-H2_ST,investment_cost_sub,0.0
14550,2031,reg1,Thermal-H2_ST,investment_cost_sub,0.0
14551,2032,reg1,Thermal-H2_ST,investment_cost_sub,0.0
14552,2033,reg1,Thermal-H2_ST,investment_cost_sub,0.0
14553,2034,reg1,Thermal-H2_ST,investment_cost_sub,0.0
14554,2035,reg1,Thermal-H2_ST,investment_cost_sub,0.0
14555,2036,reg1,Thermal-H2_ST,investment_cost_sub,0.0
14556,2037,reg1,Thermal-H2_ST,investment_cost_sub,0.0
14557,2038,reg1,Thermal-H2_ST,investment_cost_sub,0.0
14558,2039,reg1,Thermal-H2_ST,investment_cost_sub,0.0
14559,2040,reg1,Thermal-H2_ST,investment_cost_sub,0.0
14560,2041,reg1,Thermal-H2_ST,investment_cost_sub,0.0
14561,2042,reg1,Thermal-H2_ST,investment_cost_sub,0.0
14562,2043,reg1,Thermal-H2_ST,investment_cost_sub,0.0
14563,2044,reg1,Thermal-H2_ST,investment_cost_sub,0.0
14564,2045,reg1,Thermal-H2_ST,investment_cost_sub,0.0
14565,2046,reg1,Thermal-H2_ST,investment_cost_sub,0.0
14566,2047,reg1,Thermal-H2_ST,investment_cost_sub,0.0
14567,2048,reg1,Thermal-H2_ST,investment_cost_sub,0.0
14568,2049,reg1,Thermal-H2_ST,investment_cost_sub,0.0
14569,2050,reg1,Thermal-H2_ST,investment_cost_sub,0.0
14570,2051,reg1,Thermal-H2_ST,investment_cost_sub,0.0
14571,2052,reg1,Thermal-H2_ST,investment_cost_sub,0.0
14572,2053,reg1,Thermal-H2_ST,investment_cost_sub,0.0
14573,2054,reg1,Thermal-H2_ST,investment_cost_sub,0.0
14574,2055,reg1,Thermal-H2_ST,investment_cost_sub,0.0
14575,2056,reg1,Thermal-H2_ST,investment_cost_sub,0.0
14576,2057,reg1,Thermal-H2_ST,investment_cost_sub,0.0
14577,2058,reg1,Thermal-H2_ST,investment_cost_sub,0.0
14578,2059,reg1,Thermal-H2_ST,investment_cost_sub,0.0
14579,2060,reg1,Thermal-H2_ST,investment_cost_sub,0.0
14580,2025,reg1,HTHP,investment_cost_sub,0.0
14581,2026,reg1,HTHP,investment_cost_sub,0.0
14582,2027,reg1,HTHP,investment_cost_sub,0.0
14583,2028,reg1,HTHP,investment_cost_sub,0.0
14584,2029,reg1,HTHP,investment_cost_sub,0.0
14585,2030,reg1,HTHP,investment_cost_sub,0.0
14586,2031,reg1,HTHP,investment_cost_sub,0.0
14587,2032,reg1,HTHP,investment_cost_sub,0.0
14588,2033,reg1,HTHP,investment_cost_sub,0.0
14589,2034,reg1,HTHP,investment_cost_sub,0.0
14590,2035,reg1,HTHP,investment_cost_sub,0.0
14591,2036,reg1,HTHP,investment_cost_sub,0.0
14592,2037,reg1,HTHP,investment_cost_sub,0.0
14593,2038,reg1,HTHP,investment_cost_sub,0.0
14594,2039,reg1,HTHP,investment_cost_sub,0.0
14595,2040,reg1,HTHP,investment_cost_sub,0.0
14596,2041,reg1,HTHP,investment_cost_sub,0.0
14597,2042,reg1,HTHP,investment_cost_sub,0.0
14598,2043,reg1,HTHP,investment_cost_sub,0.0
14599,2044,reg1,HTHP,investment_cost_sub,0.0
14600,2045,reg1,HTHP,investment_cost_sub,0.0
14601,2046,reg1,HTHP,investment_cost_sub,0.0
14602,2047,reg1,HTHP,investment_cost_sub,0.0
14603,2048,reg1,HTHP,investment_cost_sub,0.0
14604,2049,reg1,HTHP,investment_cost_sub,0.0
14605,2050,reg1,HTHP,investment_cost_sub,0.0
14606,2051,reg1,HTHP,investment_cost_sub,0.0
14607,2052,reg1,HTHP,investment_cost_sub,0.0
14608,2053,reg1,HTHP,investment_cost_sub,0.0
14609,2054,reg1,HTHP,investment_cost_sub,0.0
14610,2055,reg1,HTHP,investment_cost_sub,0.0
14611,2056,reg1,HTHP,investment_cost_sub,0.0
14612,2057,reg1,HTHP,investment_cost_sub,0.0
14613,2058,reg1,HTHP,investment_cost_sub,0.0
14614,2059,reg1,HTHP,investment_cost_sub,0.0
14615,2060,reg1,HTHP,investment_cost_sub,0.0
14616,2025,reg1,SMR,investment_cost_sub,0.0
14617,2026,reg1,SMR,investment_cost_sub,0.0
14618,2027,reg1,SMR,investment_cost_sub,0.0
14619,2028,reg1,SMR,investment_cost_sub,0.0
14620,2029,reg1,SMR,investment_cost_sub,0.0
14621,2030,reg1,SMR,investment_cost_sub,0.0
14622,2031,reg1,SMR,investment_cost_sub,0.0
14623,2032,reg1,SMR,investment_cost_sub,0.0
14624,2033,reg1,SMR,investment_cost_sub,0.0
14625,2034,reg1,SMR,investment_cost_sub,0.0
14626,2035,reg1,SMR,investment_cost_sub,0.0
14627,2036,reg1,SMR,investment_cost_sub,0.0
14628,2037,reg1,SMR,investment_cost_sub,0.0
14629,2038,reg1,SMR,investment_cost_sub,0.0
14630,2039,reg1,SMR,investment_cost_sub,0.0
14631,2040,reg1,SMR,investment_cost_sub,0.0
14632,2041,reg1,SMR,investment_cost_sub,0.0
14633,2042,reg1,SMR,investment_cost_sub,0.0
14634,2043,reg1,SMR,investment_cost_sub,0.0
14635,2044,reg1,SMR,investment_cost_sub,0.0
14636,2045,reg1,SMR,investment_cost_sub,0.0
14637,2046,reg1,SMR,investment_cost_sub,0.0
14638,2047,reg1,SMR,investment_cost_sub,0.0
14639,2048,reg1,SMR,investment_cost_sub,0.0
14640,2049,reg1,SMR,investment_cost_sub,0.0
14641,2050,reg1,SMR,investment_cost_sub,0.0
14642,2051,reg1,SMR,investment_cost_sub,0.0
14643,2052,reg1,SMR,investment_cost_sub,0.0
14644,2053,reg1,SMR,investment_cost_sub,0.0
14645,2054,reg1,SMR,investment_cost_sub,0.0
14646,2055,reg1,SMR,investment_cost_sub,0.0
14647,2056,reg1,SMR,investment_cost_sub,0.0
14648,2057,reg1,SMR,investment_cost_sub,0.0
14649,2058,reg1,SMR,investment_cost_sub,0.0
14650,2059,reg1,SMR,investment_cost_sub,0.0
14651,2060,reg1,SMR,investment_cost_sub,0.0
14652,2025,reg1,SMR_CCS,investment_cost_sub,0.0
14653,2026,reg1,SMR_CCS,investment_cost_sub,0.0
14654,2027,reg1,SMR_CCS,investment_cost_sub,0.0
14655,2028,reg1,SMR_CCS,investment_cost_sub,0.0
14656,2029,reg1,SMR_CCS,investment_cost_sub,0.0
14657,2030,reg1,SMR_CCS,investment_cost_sub,0.0
14658,2031,reg1,SMR_CCS,investment_cost_sub,0.0
14659,2032,reg1,SMR_CCS,investment_cost_sub,0.0
14660,2033,reg1,SMR_CCS,investment_cost_sub,0.0
14661,2034,reg1,SMR_CCS,investment_cost_sub,0.0
14662,2035,reg1,SMR_CCS,investment_cost_sub,0.0
14663,2036,reg1,SMR_CCS,investment_cost_sub,0.0
14664,2037,reg1,SMR_CCS,investment_cost_sub,0.0
14665,2038,reg1,SMR_CCS,investment_cost_sub,0.0
14666,2039,reg1,SMR_CCS,investment_cost_sub,0.0
14667,2040,reg1,SMR_CCS,investment_cost_sub,0.0
14668,2041,reg1,SMR_CCS,investment_cost_sub,0.0
14669,2042,reg1,SMR_CCS,investment_cost_sub,0.0
14670,2043,reg1,SMR_CCS,investment_cost_sub,0.0
14671,2044,reg1,SMR_CCS,investment_cost_sub,0.0
14672,2045,reg1,SMR_CCS,investment_cost_sub,0.0
14673,2046,reg1,SMR_CCS,investment_cost_sub,0.0
14674,2047,reg1,SMR_CCS,investment_cost_sub,0.0
14675,2048,reg1,SMR_CCS,investment_cost_sub,0.0
14676,2049,reg1,SMR_CCS,investment_cost_sub,0.0
14677,2050,reg1,SMR_CCS,investment_cost_sub,0.0
14678,2051,reg1,SMR_CCS,investment_cost_sub,0.0
14679,2052,reg1,SMR_CCS,investment_cost_sub,0.0
14680,2053,reg1,SMR_CCS,investment_cost_sub,0.0
14681,2054,reg1,SMR_CCS,investment_cost_sub,0.0
14682,2055,reg1,SMR_CCS,investment_cost_sub,0.0
14683,2056,reg1,SMR_CCS,investment_cost_sub,0.0
14684,2057,reg1,SMR_CCS,investment_cost_sub,0.0
14685,2058,reg1,SMR_CCS,investment_cost_sub,0.0
14686,2059,reg1,SMR_CCS,investment_cost_sub,0.0
14687,2060,reg1,SMR_CCS,investment_cost_sub,0.0
14688,2025,reg1,Electrolysis_PEM,investment_cost_sub,0.0
14689,2026,reg1,Electrolysis_PEM,investment_cost_sub,0.0
14690,2027,reg1,Electrolysis_PEM,investment_cost_sub,0.0
14691,2028,reg1,Electrolysis_PEM,investment_cost_sub,0.0
14692,2029,reg1,Electrolysis_PEM,investment_cost_sub,0.0
14693,2030,reg1,Electrolysis_PEM,investment_cost_sub,0.0
14694,2031,reg1,Electrolysis_PEM,investment_cost_sub,0.0
14695,2032,reg1,Electrolysis_PEM,investment_cost_sub,0.0
14696,2033,reg1,Electrolysis_PEM,investment_cost_sub,0.0
14697,2034,reg1,Electrolysis_PEM,investment_cost_sub,0.0
14698,2035,reg1,Electrolysis_PEM,investment_cost_sub,0.0
14699,2036,reg1,Electrolysis_PEM,investment_cost_sub,0.0
14700,2037,reg1,Electrolysis_PEM,investment_cost_sub,0.0
14701,2038,reg1,Electrolysis_PEM,investment_cost_sub,0.0
14702,2039,reg1,Electrolysis_PEM,investment_cost_sub,0.0
14703,2040,reg1,Electrolysis_PEM,investment_cost_sub,0.0
14704,2041,reg1,Electrolysis_PEM,investment_cost_sub,0.0
14705,2042,reg1,Electrolysis_PEM,investment_cost_sub,0.0
14706,2043,reg1,Electrolysis_PEM,investment_cost_sub,0.0
14707,2044,reg1,Electrolysis_PEM,investment_cost_sub,0.0
14708,2045,reg1,Electrolysis_PEM,investment_cost_sub,0.0
14709,2046,reg1,Electrolysis_PEM,investment_cost_sub,0.0
14710,2047,reg1,Electrolysis_PEM,investment_cost_sub,0.0
14711,2048,reg1,Electrolysis_PEM,investment_cost_sub,0.0
14712,2049,reg1,Electrolysis_PEM,investment_cost_sub,0.0
14713,2050,reg1,Electrolysis_PEM,investment_cost_sub,0.0
14714,2051,reg1,Electrolysis_PEM,investment_cost_sub,0.0
14715,2052,reg1,Electrolysis_PEM,investment_cost_sub,0.0
14716,2053,reg1,Electrolysis_PEM,investment_cost_sub,0.0
14717,2054,reg1,Electrolysis_PEM,investment_cost_sub,0.0
14718,2055,reg1,Electrolysis_PEM,investment_cost_sub,0.0
14719,2056,reg1,Electrolysis_PEM,investment_cost_sub,0.0
14720,2057,reg1,Electrolysis_PEM,investment_cost_sub,0.0
14721,2058,reg1,Electrolysis_PEM,investment_cost_sub,0.0
14722,2059,reg1,Electrolysis_PEM,investment_cost_sub,0.0
14723,2060,reg1,Electrolysis_PEM,investment_cost_sub,0.0
14724,2025,reg1,SFF_PP,investment_cost_sub,0.0
14725,2026,reg1,SFF_PP,investment_cost_sub,0.0
14726,2027,reg1,SFF_PP,investment_cost_sub,0.0
14727,2028,reg1,SFF_PP,investment_cost_sub,0.0
14728,2029,reg1,SFF_PP,investment_cost_sub,0.0
14729,2030,reg1,SFF_PP,investment_cost_sub,0.0
14730,2031,reg1,SFF_PP,investment_cost_sub,0.0
14731,2032,reg1,SFF_PP,investment_cost_sub,0.0
14732,2033,reg1,SFF_PP,investment_cost_sub,0.0
14733,2034,reg1,SFF_PP,investment_cost_sub,0.0
14734,2035,reg1,SFF_PP,investment_cost_sub,0.0
14735,2036,reg1,SFF_PP,investment_cost_sub,0.0
14736,2037,reg1,SFF_PP,investment_cost_sub,0.0
14737,2038,reg1,SFF_PP,investment_cost_sub,0.0
14738,2039,reg1,SFF_PP,investment_cost_sub,0.0
14739,2040,reg1,SFF_PP,investment_cost_sub,0.0
14740,2041,reg1,SFF_PP,investment_cost_sub,0.0
14741,2042,reg1,SFF_PP,investment_cost_sub,0.0
14742,2043,reg1,SFF_PP,investment_cost_sub,0.0
14743,2044,reg1,SFF_PP,investment_cost_sub,0.0
14744,2045,reg1,SFF_PP,investment_cost_sub,0.0
14745,2046,reg1,SFF_PP,investment_cost_sub,0.0
14746,2047,reg1,SFF_PP,investment_cost_sub,0.0
14747,2048,reg1,SFF_PP,investment_cost_sub,0.0
14748,2049,reg1,SFF_PP,investment_cost_sub,0.0
14749,2050,reg1,SFF_PP,investment_cost_sub,0.0
14750,2051,reg1,SFF_PP,investment_cost_sub,0.0
14751,2052,reg1,SFF_PP,investment_cost_sub,0.0
14752,2053,reg1,SFF_PP,investment_cost_sub,0.0
14753,2054,reg1,SFF_PP,investment_cost_sub,0.0
14754,2055,reg1,SFF_PP,investment_cost_sub,0.0
14755,2056,reg1,SFF_PP,investment_cost_sub,0.0
14756,2057,reg1,SFF_PP,investment_cost_sub,0.0
14757,2058,reg1,SFF_PP,investment_cost_sub,0.0
14758,2059,reg1,SFF_PP,investment_cost_sub,0.0
14759,2060,reg1,SFF_PP,investment_cost_sub,0.0
14760,2025,reg1,Nuc_SMR_PP,investment_cost_sub,0.0
14761,2026,reg1,Nuc_SMR_PP,investment_cost_sub,0.0
14762,2027,reg1,Nuc_SMR_PP,investment_cost_sub,0.0
14763,2028,reg1,Nuc_SMR_PP,investment_cost_sub,0.0
14764,2029,reg1,Nuc_SMR_PP,investment_cost_sub,0.0
14765,2030,reg1,Nuc_SMR_PP,investment_cost_sub,0.0
14766,2031,reg1,Nuc_SMR_PP,investment_cost_sub,0.0
14767,2032,reg1,Nuc_SMR_PP,investment_cost_sub,0.0
14768,2033,reg1,Nuc_SMR_PP,investment_cost_sub,0.0
14769,2034,reg1,Nuc_SMR_PP,investment_cost_sub,0.0
14770,2035,reg1,Nuc_SMR_PP,investment_cost_sub,0.0
14771,2036,reg1,Nuc_SMR_PP,investment_cost_sub,0.0
14772,2037,reg1,Nuc_SMR_PP,investment_cost_sub,0.0
14773,2038,reg1,Nuc_SMR_PP,investment_cost_sub,0.0
14774,2039,reg1,Nuc_SMR_PP,investment_cost_sub,0.0
14775,2040,reg1,Nuc_SMR_PP,investment_cost_sub,0.0
14776,2041,reg1,Nuc_SMR_PP,investment_cost_sub,0.0
14777,2042,reg1,Nuc_SMR_PP,investment_cost_sub,0.0
14778,2043,reg1,Nuc_SMR_PP,investment_cost_sub,0.0
14779,2044,reg1,Nuc_SMR_PP,investment_cost_sub,0.0
14780,2045,reg1,Nuc_SMR_PP,investment_cost_sub,0.0
14781,2046,reg1,Nuc_SMR_PP,investment_cost_sub,0.0
14782,2047,reg1,Nuc_SMR_PP,investment_cost_sub,0.0
14783,2048,reg1,Nuc_SMR_PP,investment_cost_sub,0.0
14784,2049,reg1,Nuc_SMR_PP,investment_cost_sub,0.0
14785,2050,reg1,Nuc_SMR_PP,investment_cost_sub,0.0
14786,2051,reg1,Nuc_SMR_PP,investment_cost_sub,0.0
14787,2052,reg1,Nuc_SMR_PP,investment_cost_sub,0.0
14788,2053,reg1,Nuc_SMR_PP,investment_cost_sub,0.0
14789,2054,reg1,Nuc_SMR_PP,investment_cost_sub,0.0
14790,2055,reg1,Nuc_SMR_PP,investment_cost_sub,0.0
14791,2056,reg1,Nuc_SMR_PP,investment_cost_sub,0.0
14792,2057,reg1,Nuc_SMR_PP,investment_cost_sub,0.0
14793,2058,reg1,Nuc_SMR_PP,investment_cost_sub,0.0
14794,2059,reg1,Nuc_SMR_PP,investment_cost_sub,0.0
14795,2060,reg1,Nuc_SMR_PP,investment_cost_sub,0.0
14796,2025,reg1,Nuc_G3+_PP,investment_cost_sub,0.0
14797,2026,reg1,Nuc_G3+_PP,investment_cost_sub,0.0
14798,2027,reg1,Nuc_G3+_PP,investment_cost_sub,0.0
14799,2028,reg1,Nuc_G3+_PP,investment_cost_sub,0.0
14800,2029,reg1,Nuc_G3+_PP,investment_cost_sub,0.0
14801,2030,reg1,Nuc_G3+_PP,investment_cost_sub,0.0
14802,2031,reg1,Nuc_G3+_PP,investment_cost_sub,0.0
14803,2032,reg1,Nuc_G3+_PP,investment_cost_sub,0.0
14804,2033,reg1,Nuc_G3+_PP,investment_cost_sub,0.0
14805,2034,reg1,Nuc_G3+_PP,investment_cost_sub,0.0
14806,2035,reg1,Nuc_G3+_PP,investment_cost_sub,0.0
14807,2036,reg1,Nuc_G3+_PP,investment_cost_sub,0.0
14808,2037,reg1,Nuc_G3+_PP,investment_cost_sub,0.0
14809,2038,reg1,Nuc_G3+_PP,investment_cost_sub,0.0
14810,2039,reg1,Nuc_G3+_PP,investment_cost_sub,0.0
14811,2040,reg1,Nuc_G3+_PP,investment_cost_sub,0.0
14812,2041,reg1,Nuc_G3+_PP,investment_cost_sub,0.0
14813,2042,reg1,Nuc_G3+_PP,investment_cost_sub,0.0
14814,2043,reg1,Nuc_G3+_PP,investment_cost_sub,0.0
14815,2044,reg1,Nuc_G3+_PP,investment_cost_sub,0.0
14816,2045,reg1,Nuc_G3+_PP,investment_cost_sub,0.0
14817,2046,reg1,Nuc_G3+_PP,investment_cost_sub,0.0
14818,2047,reg1,Nuc_G3+_PP,investment_cost_sub,0.0
14819,2048,reg1,Nuc_G3+_PP,investment_cost_sub,0.0
14820,2049,reg1,Nuc_G3+_PP,investment_cost_sub,0.0
14821,2050,reg1,Nuc_G3+_PP,investment_cost_sub,0.0
14822,2051,reg1,Nuc_G3+_PP,investment_cost_sub,0.0
14823,2052,reg1,Nuc_G3+_PP,investment_cost_sub,0.0
14824,2053,reg1,Nuc_G3+_PP,investment_cost_sub,0.0
14825,2054,reg1,Nuc_G3+_PP,investment_cost_sub,0.0
14826,2055,reg1,Nuc_G3+_PP,investment_cost_sub,0.0
14827,2056,reg1,Nuc_G3+_PP,investment_cost_sub,0.0
14828,2057,reg1,Nuc_G3+_PP,investment_cost_sub,0.0
14829,2058,reg1,Nuc_G3+_PP,investment_cost_sub,0.0
14830,2059,reg1,Nuc_G3+_PP,investment_cost_sub,0.0
14831,2060,reg1,Nuc_G3+_PP,investment_cost_sub,0.0
14832,2025,reg1,Nuc_SMR_CHP,investment_cost_sub,0.0
14833,2026,reg1,Nuc_SMR_CHP,investment_cost_sub,0.0
14834,2027,reg1,Nuc_SMR_CHP,investment_cost_sub,0.0
14835,2028,reg1,Nuc_SMR_CHP,investment_cost_sub,0.0
14836,2029,reg1,Nuc_SMR_CHP,investment_cost_sub,0.0
14837,2030,reg1,Nuc_SMR_CHP,investment_cost_sub,0.0
14838,2031,reg1,Nuc_SMR_CHP,investment_cost_sub,0.0
14839,2032,reg1,Nuc_SMR_CHP,investment_cost_sub,0.0
14840,2033,reg1,Nuc_SMR_CHP,investment_cost_sub,0.0
14841,2034,reg1,Nuc_SMR_CHP,investment_cost_sub,0.0
14842,2035,reg1,Nuc_SMR_CHP,investment_cost_sub,0.0
14843,2036,reg1,Nuc_SMR_CHP,investment_cost_sub,0.0
14844,2037,reg1,Nuc_SMR_CHP,investment_cost_sub,0.0
14845,2038,reg1,Nuc_SMR_CHP,investment_cost_sub,0.0
14846,2039,reg1,Nuc_SMR_CHP,investment_cost_sub,0.0
14847,2040,reg1,Nuc_SMR_CHP,investment_cost_sub,0.0
14848,2041,reg1,Nuc_SMR_CHP,investment_cost_sub,0.0
14849,2042,reg1,Nuc_SMR_CHP,investment_cost_sub,0.0
14850,2043,reg1,Nuc_SMR_CHP,investment_cost_sub,0.0
14851,2044,reg1,Nuc_SMR_CHP,investment_cost_sub,0.0
14852,2045,reg1,Nuc_SMR_CHP,investment_cost_sub,0.0
14853,2046,reg1,Nuc_SMR_CHP,investment_cost_sub,0.0
14854,2047,reg1,Nuc_SMR_CHP,investment_cost_sub,0.0
14855,2048,reg1,Nuc_SMR_CHP,investment_cost_sub,0.0
14856,2049,reg1,Nuc_SMR_CHP,investment_cost_sub,0.0
14857,2050,reg1,Nuc_SMR_CHP,investment_cost_sub,0.0
14858,2051,reg1,Nuc_SMR_CHP,investment_cost_sub,0.0
14859,2052,reg1,Nuc_SMR_CHP,investment_cost_sub,0.0
14860,2053,reg1,Nuc_SMR_CHP,investment_cost_sub,0.0
14861,2054,reg1,Nuc_SMR_CHP,investment_cost_sub,0.0
14862,2055,reg1,Nuc_SMR_CHP,investment_cost_sub,0.0
14863,2056,reg1,Nuc_SMR_CHP,investment_cost_sub,0.0
14864,2057,reg1,Nuc_SMR_CHP,investment_cost_sub,0.0
14865,2058,reg1,Nuc_SMR_CHP,investment_cost_sub,0.0
14866,2059,reg1,Nuc_SMR_CHP,investment_cost_sub,0.0
14867,2060,reg1,Nuc_SMR_CHP,investment_cost_sub,0.0
14868,2025,reg1,Nuc_SMR_Power-CHP,investment_cost_sub,0.0
14869,2026,reg1,Nuc_SMR_Power-CHP,investment_cost_sub,0.0
14870,2027,reg1,Nuc_SMR_Power-CHP,investment_cost_sub,0.0
14871,2028,reg1,Nuc_SMR_Power-CHP,investment_cost_sub,0.0
14872,2029,reg1,Nuc_SMR_Power-CHP,investment_cost_sub,0.0
14873,2030,reg1,Nuc_SMR_Power-CHP,investment_cost_sub,0.0
14874,2031,reg1,Nuc_SMR_Power-CHP,investment_cost_sub,0.0
14875,2032,reg1,Nuc_SMR_Power-CHP,investment_cost_sub,0.0
14876,2033,reg1,Nuc_SMR_Power-CHP,investment_cost_sub,0.0
14877,2034,reg1,Nuc_SMR_Power-CHP,investment_cost_sub,0.0
14878,2035,reg1,Nuc_SMR_Power-CHP,investment_cost_sub,0.0
14879,2036,reg1,Nuc_SMR_Power-CHP,investment_cost_sub,0.0
14880,2037,reg1,Nuc_SMR_Power-CHP,investment_cost_sub,0.0
14881,2038,reg1,Nuc_SMR_Power-CHP,investment_cost_sub,0.0
14882,2039,reg1,Nuc_SMR_Power-CHP,investment_cost_sub,0.0
14883,2040,reg1,Nuc_SMR_Power-CHP,investment_cost_sub,0.0
14884,2041,reg1,Nuc_SMR_Power-CHP,investment_cost_sub,0.0
14885,2042,reg1,Nuc_SMR_Power-CHP,investment_cost_sub,0.0
14886,2043,reg1,Nuc_SMR_Power-CHP,investment_cost_sub,0.0
14887,2044,reg1,Nuc_SMR_Power-CHP,investment_cost_sub,0.0
14888,2045,reg1,Nuc_SMR_Power-CHP,investment_cost_sub,0.0
14889,2046,reg1,Nuc_SMR_Power-CHP,investment_cost_sub,0.0
14890,2047,reg1,Nuc_SMR_Power-CHP,investment_cost_sub,0.0
14891,2048,reg1,Nuc_SMR_Power-CHP,investment_cost_sub,0.0
14892,2049,reg1,Nuc_SMR_Power-CHP,investment_cost_sub,0.0
14893,2050,reg1,Nuc_SMR_Power-CHP,investment_cost_sub,0.0
14894,2051,reg1,Nuc_SMR_Power-CHP,investment_cost_sub,0.0
14895,2052,reg1,Nuc_SMR_Power-CHP,investment_cost_sub,0.0
14896,2053,reg1,Nuc_SMR_Power-CHP,investment_cost_sub,0.0
14897,2054,reg1,Nuc_SMR_Power-CHP,investment_cost_sub,0.0
14898,2055,reg1,Nuc_SMR_Power-CHP,investment_cost_sub,0.0
14899,2056,reg1,Nuc_SMR_Power-CHP,investment_cost_sub,0.0
14900,2057,reg1,Nuc_SMR_Power-CHP,investment_cost_sub,0.0
14901,2058,reg1,Nuc_SMR_Power-CHP,investment_cost_sub,0.0
14902,2059,reg1,Nuc_SMR_Power-CHP,investment_cost_sub,0.0
14903,2060,reg1,Nuc_SMR_Power-CHP,investment_cost_sub,0.0
14904,2025,reg1,Nuc_SMR_Heat-CHP,investment_cost_sub,0.0
14905,2026,reg1,Nuc_SMR_Heat-CHP,investment_cost_sub,0.0
14906,2027,reg1,Nuc_SMR_Heat-CHP,investment_cost_sub,0.0
14907,2028,reg1,Nuc_SMR_Heat-CHP,investment_cost_sub,0.0
14908,2029,reg1,Nuc_SMR_Heat-CHP,investment_cost_sub,0.0
14909,2030,reg1,Nuc_SMR_Heat-CHP,investment_cost_sub,0.0
14910,2031,reg1,Nuc_SMR_Heat-CHP,investment_cost_sub,0.0
14911,2032,reg1,Nuc_SMR_Heat-CHP,investment_cost_sub,0.0
14912,2033,reg1,Nuc_SMR_Heat-CHP,investment_cost_sub,0.0
14913,2034,reg1,Nuc_SMR_Heat-CHP,investment_cost_sub,0.0
14914,2035,reg1,Nuc_SMR_Heat-CHP,investment_cost_sub,0.0
14915,2036,reg1,Nuc_SMR_Heat-CHP,investment_cost_sub,0.0
14916,2037,reg1,Nuc_SMR_Heat-CHP,investment_cost_sub,0.0
14917,2038,reg1,Nuc_SMR_Heat-CHP,investment_cost_sub,0.0
14918,2039,reg1,Nuc_SMR_Heat-CHP,investment_cost_sub,0.0
14919,2040,reg1,Nuc_SMR_Heat-CHP,investment_cost_sub,0.0
14920,2041,reg1,Nuc_SMR_Heat-CHP,investment_cost_sub,0.0
14921,2042,reg1,Nuc_SMR_Heat-CHP,investment_cost_sub,0.0
14922,2043,reg1,Nuc_SMR_Heat-CHP,investment_cost_sub,0.0
14923,2044,reg1,Nuc_SMR_Heat-CHP,investment_cost_sub,0.0
14924,2045,reg1,Nuc_SMR_Heat-CHP,investment_cost_sub,0.0
14925,2046,reg1,Nuc_SMR_Heat-CHP,investment_cost_sub,0.0
14926,2047,reg1,Nuc_SMR_Heat-CHP,investment_cost_sub,0.0
14927,2048,reg1,Nuc_SMR_Heat-CHP,investment_cost_sub,0.0
14928,2049,reg1,Nuc_SMR_Heat-CHP,investment_cost_sub,0.0
14929,2050,reg1,Nuc_SMR_Heat-CHP,investment_cost_sub,0.0
14930,2051,reg1,Nuc_SMR_Heat-CHP,investment_cost_sub,0.0
14931,2052,reg1,Nuc_SMR_Heat-CHP,investment_cost_sub,0.0
14932,2053,reg1,Nuc_SMR_Heat-CHP,investment_cost_sub,0.0
14933,2054,reg1,Nuc_SMR_Heat-CHP,investment_cost_sub,0.0
14934,2055,reg1,Nuc_SMR_Heat-CHP,investment_cost_sub,0.0
14935,2056,reg1,Nuc_SMR_Heat-CHP,investment_cost_sub,0.0
14936,2057,reg1,Nuc_SMR_Heat-CHP,investment_cost_sub,0.0
14937,2058,reg1,Nuc_SMR_Heat-CHP,investment_cost_sub,0.0
14938,2059,reg1,Nuc_SMR_Heat-CHP,investment_cost_sub,0.0
14939,2060,reg1,Nuc_SMR_Heat-CHP,investment_cost_sub,0.0
14940,2025,reg1,Nuc_SMR-H2_CHP,investment_cost_sub,0.0
14941,2026,reg1,Nuc_SMR-H2_CHP,investment_cost_sub,0.0
14942,2027,reg1,Nuc_SMR-H2_CHP,investment_cost_sub,0.0
14943,2028,reg1,Nuc_SMR-H2_CHP,investment_cost_sub,0.0
14944,2029,reg1,Nuc_SMR-H2_CHP,investment_cost_sub,0.0
14945,2030,reg1,Nuc_SMR-H2_CHP,investment_cost_sub,0.0
14946,2031,reg1,Nuc_SMR-H2_CHP,investment_cost_sub,0.0
14947,2032,reg1,Nuc_SMR-H2_CHP,investment_cost_sub,0.0
14948,2033,reg1,Nuc_SMR-H2_CHP,investment_cost_sub,0.0
14949,2034,reg1,Nuc_SMR-H2_CHP,investment_cost_sub,0.0
14950,2035,reg1,Nuc_SMR-H2_CHP,investment_cost_sub,0.0
14951,2036,reg1,Nuc_SMR-H2_CHP,investment_cost_sub,0.0
14952,2037,reg1,Nuc_SMR-H2_CHP,investment_cost_sub,0.0
14953,2038,reg1,Nuc_SMR-H2_CHP,investment_cost_sub,0.0
14954,2039,reg1,Nuc_SMR-H2_CHP,investment_cost_sub,0.0
14955,2040,reg1,Nuc_SMR-H2_CHP,investment_cost_sub,0.0
14956,2041,reg1,Nuc_SMR-H2_CHP,investment_cost_sub,0.0
14957,2042,reg1,Nuc_SMR-H2_CHP,investment_cost_sub,0.0
14958,2043,reg1,Nuc_SMR-H2_CHP,investment_cost_sub,0.0
14959,2044,reg1,Nuc_SMR-H2_CHP,investment_cost_sub,0.0
14960,2045,reg1,Nuc_SMR-H2_CHP,investment_cost_sub,0.0
14961,2046,reg1,Nuc_SMR-H2_CHP,investment_cost_sub,0.0
14962,2047,reg1,Nuc_SMR-H2_CHP,investment_cost_sub,0.0
14963,2048,reg1,Nuc_SMR-H2_CHP,investment_cost_sub,0.0
14964,2049,reg1,Nuc_SMR-H2_CHP,investment_cost_sub,0.0
14965,2050,reg1,Nuc_SMR-H2_CHP,investment_cost_sub,0.0
14966,2051,reg1,Nuc_SMR-H2_CHP,investment_cost_sub,0.0
14967,2052,reg1,Nuc_SMR-H2_CHP,investment_cost_sub,0.0
14968,2053,reg1,Nuc_SMR-H2_CHP,investment_cost_sub,0.0
14969,2054,reg1,Nuc_SMR-H2_CHP,investment_cost_sub,0.0
14970,2055,reg1,Nuc_SMR-H2_CHP,investment_cost_sub,0.0
14971,2056,reg1,Nuc_SMR-H2_CHP,investment_cost_sub,0.0
14972,2057,reg1,Nuc_SMR-H2_CHP,investment_cost_sub,0.0
14973,2058,reg1,Nuc_SMR-H2_CHP,investment_cost_sub,0.0
14974,2059,reg1,Nuc_SMR-H2_CHP,investment_cost_sub,0.0
14975,2060,reg1,Nuc_SMR-H2_CHP,investment_cost_sub,0.0
14976,2025,reg1,Nuc_SMR-H2_Power-CHP,investment_cost_sub,0.0
14977,2026,reg1,Nuc_SMR-H2_Power-CHP,investment_cost_sub,0.0
14978,2027,reg1,Nuc_SMR-H2_Power-CHP,investment_cost_sub,0.0
14979,2028,reg1,Nuc_SMR-H2_Power-CHP,investment_cost_sub,0.0
14980,2029,reg1,Nuc_SMR-H2_Power-CHP,investment_cost_sub,0.0
14981,2030,reg1,Nuc_SMR-H2_Power-CHP,investment_cost_sub,0.0
14982,2031,reg1,Nuc_SMR-H2_Power-CHP,investment_cost_sub,0.0
14983,2032,reg1,Nuc_SMR-H2_Power-CHP,investment_cost_sub,0.0
14984,2033,reg1,Nuc_SMR-H2_Power-CHP,investment_cost_sub,0.0
14985,2034,reg1,Nuc_SMR-H2_Power-CHP,investment_cost_sub,0.0
14986,2035,reg1,Nuc_SMR-H2_Power-CHP,investment_cost_sub,0.0
14987,2036,reg1,Nuc_SMR-H2_Power-CHP,investment_cost_sub,0.0
14988,2037,reg1,Nuc_SMR-H2_Power-CHP,investment_cost_sub,0.0
14989,2038,reg1,Nuc_SMR-H2_Power-CHP,investment_cost_sub,0.0
14990,2039,reg1,Nuc_SMR-H2_Power-CHP,investment_cost_sub,0.0
14991,2040,reg1,Nuc_SMR-H2_Power-CHP,investment_cost_sub,0.0
14992,2041,reg1,Nuc_SMR-H2_Power-CHP,investment_cost_sub,0.0
14993,2042,reg1,Nuc_SMR-H2_Power-CHP,investment_cost_sub,0.0
14994,2043,reg1,Nuc_SMR-H2_Power-CHP,investment_cost_sub,0.0
14995,2044,reg1,Nuc_SMR-H2_Power-CHP,investment_cost_sub,0.0
14996,2045,reg1,Nuc_SMR-H2_Power-CHP,investment_cost_sub,0.0
14997,2046,reg1,Nuc_SMR-H2_Power-CHP,investment_cost_sub,0.0
14998,2047,reg1,Nuc_SMR-H2_Power-CHP,investment_cost_sub,0.0
14999,2048,reg1,Nuc_SMR-H2_Power-CHP,investment_cost_sub,0.0
15000,2049,reg1,Nuc_SMR-H2_Power-CHP,investment_cost_sub,0.0
15001,2050,reg1,Nuc_SMR-H2_Power-CHP,investment_cost_sub,0.0
15002,2051,reg1,Nuc_SMR-H2_Power-CHP,investment_cost_sub,0.0
15003,2052,reg1,Nuc_SMR-H2_Power-CHP,investment_cost_sub,0.0
15004,2053,reg1,Nuc_SMR-H2_Power-CHP,investment_cost_sub,0.0
15005,2054,reg1,Nuc_SMR-H2_Power-CHP,investment_cost_sub,0.0
15006,2055,reg1,Nuc_SMR-H2_Power-CHP,investment_cost_sub,0.0
15007,2056,reg1,Nuc_SMR-H2_Power-CHP,investment_cost_sub,0.0
15008,2057,reg1,Nuc_SMR-H2_Power-CHP,investment_cost_sub,0.0
15009,2058,reg1,Nuc_SMR-H2_Power-CHP,investment_cost_sub,0.0
15010,2059,reg1,Nuc_SMR-H2_Power-CHP,investment_cost_sub,0.0
15011,2060,reg1,Nuc_SMR-H2_Power-CHP,investment_cost_sub,0.0
15012,2025,reg1,Nuc_SMR-H2_Heat-CHP,investment_cost_sub,0.0
15013,2026,reg1,Nuc_SMR-H2_Heat-CHP,investment_cost_sub,0.0
15014,2027,reg1,Nuc_SMR-H2_Heat-CHP,investment_cost_sub,0.0
15015,2028,reg1,Nuc_SMR-H2_Heat-CHP,investment_cost_sub,0.0
15016,2029,reg1,Nuc_SMR-H2_Heat-CHP,investment_cost_sub,0.0
15017,2030,reg1,Nuc_SMR-H2_Heat-CHP,investment_cost_sub,0.0
15018,2031,reg1,Nuc_SMR-H2_Heat-CHP,investment_cost_sub,0.0
15019,2032,reg1,Nuc_SMR-H2_Heat-CHP,investment_cost_sub,0.0
15020,2033,reg1,Nuc_SMR-H2_Heat-CHP,investment_cost_sub,0.0
15021,2034,reg1,Nuc_SMR-H2_Heat-CHP,investment_cost_sub,0.0
15022,2035,reg1,Nuc_SMR-H2_Heat-CHP,investment_cost_sub,0.0
15023,2036,reg1,Nuc_SMR-H2_Heat-CHP,investment_cost_sub,0.0
15024,2037,reg1,Nuc_SMR-H2_Heat-CHP,investment_cost_sub,0.0
15025,2038,reg1,Nuc_SMR-H2_Heat-CHP,investment_cost_sub,0.0
15026,2039,reg1,Nuc_SMR-H2_Heat-CHP,investment_cost_sub,0.0
15027,2040,reg1,Nuc_SMR-H2_Heat-CHP,investment_cost_sub,0.0
15028,2041,reg1,Nuc_SMR-H2_Heat-CHP,investment_cost_sub,0.0
15029,2042,reg1,Nuc_SMR-H2_Heat-CHP,investment_cost_sub,0.0
15030,2043,reg1,Nuc_SMR-H2_Heat-CHP,investment_cost_sub,0.0
15031,2044,reg1,Nuc_SMR-H2_Heat-CHP,investment_cost_sub,0.0
15032,2045,reg1,Nuc_SMR-H2_Heat-CHP,investment_cost_sub,0.0
15033,2046,reg1,Nuc_SMR-H2_Heat-CHP,investment_cost_sub,0.0
15034,2047,reg1,Nuc_SMR-H2_Heat-CHP,investment_cost_sub,0.0
15035,2048,reg1,Nuc_SMR-H2_Heat-CHP,investment_cost_sub,0.0
15036,2049,reg1,Nuc_SMR-H2_Heat-CHP,investment_cost_sub,0.0
15037,2050,reg1,Nuc_SMR-H2_Heat-CHP,investment_cost_sub,0.0
15038,2051,reg1,Nuc_SMR-H2_Heat-CHP,investment_cost_sub,0.0
15039,2052,reg1,Nuc_SMR-H2_Heat-CHP,investment_cost_sub,0.0
15040,2053,reg1,Nuc_SMR-H2_Heat-CHP,investment_cost_sub,0.0
15041,2054,reg1,Nuc_SMR-H2_Heat-CHP,investment_cost_sub,0.0
15042,2055,reg1,Nuc_SMR-H2_Heat-CHP,investment_cost_sub,0.0
15043,2056,reg1,Nuc_SMR-H2_Heat-CHP,investment_cost_sub,0.0
15044,2057,reg1,Nuc_SMR-H2_Heat-CHP,investment_cost_sub,0.0
15045,2058,reg1,Nuc_SMR-H2_Heat-CHP,investment_cost_sub,0.0
15046,2059,reg1,Nuc_SMR-H2_Heat-CHP,investment_cost_sub,0.0
15047,2060,reg1,Nuc_SMR-H2_Heat-CHP,investment_cost_sub,0.0
15048,2025,reg1,NGCC-CCS_CHP,investment_cost_sub,0.0
15049,2026,reg1,NGCC-CCS_CHP,investment_cost_sub,0.0
15050,2027,reg1,NGCC-CCS_CHP,investment_cost_sub,0.0
15051,2028,reg1,NGCC-CCS_CHP,investment_cost_sub,0.0
15052,2029,reg1,NGCC-CCS_CHP,investment_cost_sub,0.0
15053,2030,reg1,NGCC-CCS_CHP,investment_cost_sub,0.0
15054,2031,reg1,NGCC-CCS_CHP,investment_cost_sub,0.0
15055,2032,reg1,NGCC-CCS_CHP,investment_cost_sub,0.0
15056,2033,reg1,NGCC-CCS_CHP,investment_cost_sub,0.0
15057,2034,reg1,NGCC-CCS_CHP,investment_cost_sub,0.0
15058,2035,reg1,NGCC-CCS_CHP,investment_cost_sub,0.0
15059,2036,reg1,NGCC-CCS_CHP,investment_cost_sub,0.0
15060,2037,reg1,NGCC-CCS_CHP,investment_cost_sub,0.0
15061,2038,reg1,NGCC-CCS_CHP,investment_cost_sub,0.0
15062,2039,reg1,NGCC-CCS_CHP,investment_cost_sub,0.0
15063,2040,reg1,NGCC-CCS_CHP,investment_cost_sub,0.0
15064,2041,reg1,NGCC-CCS_CHP,investment_cost_sub,0.0
15065,2042,reg1,NGCC-CCS_CHP,investment_cost_sub,0.0
15066,2043,reg1,NGCC-CCS_CHP,investment_cost_sub,0.0
15067,2044,reg1,NGCC-CCS_CHP,investment_cost_sub,0.0
15068,2045,reg1,NGCC-CCS_CHP,investment_cost_sub,0.0
15069,2046,reg1,NGCC-CCS_CHP,investment_cost_sub,0.0
15070,2047,reg1,NGCC-CCS_CHP,investment_cost_sub,0.0
15071,2048,reg1,NGCC-CCS_CHP,investment_cost_sub,0.0
15072,2049,reg1,NGCC-CCS_CHP,investment_cost_sub,0.0
15073,2050,reg1,NGCC-CCS_CHP,investment_cost_sub,0.0
15074,2051,reg1,NGCC-CCS_CHP,investment_cost_sub,0.0
15075,2052,reg1,NGCC-CCS_CHP,investment_cost_sub,0.0
15076,2053,reg1,NGCC-CCS_CHP,investment_cost_sub,0.0
15077,2054,reg1,NGCC-CCS_CHP,investment_cost_sub,0.0
15078,2055,reg1,NGCC-CCS_CHP,investment_cost_sub,0.0
15079,2056,reg1,NGCC-CCS_CHP,investment_cost_sub,0.0
15080,2057,reg1,NGCC-CCS_CHP,investment_cost_sub,0.0
15081,2058,reg1,NGCC-CCS_CHP,investment_cost_sub,0.0
15082,2059,reg1,NGCC-CCS_CHP,investment_cost_sub,0.0
15083,2060,reg1,NGCC-CCS_CHP,investment_cost_sub,0.0
15084,2025,reg1,NGCC-CCS_Power-CHP,investment_cost_sub,0.0
15085,2026,reg1,NGCC-CCS_Power-CHP,investment_cost_sub,0.0
15086,2027,reg1,NGCC-CCS_Power-CHP,investment_cost_sub,0.0
15087,2028,reg1,NGCC-CCS_Power-CHP,investment_cost_sub,0.0
15088,2029,reg1,NGCC-CCS_Power-CHP,investment_cost_sub,0.0
15089,2030,reg1,NGCC-CCS_Power-CHP,investment_cost_sub,0.0
15090,2031,reg1,NGCC-CCS_Power-CHP,investment_cost_sub,0.0
15091,2032,reg1,NGCC-CCS_Power-CHP,investment_cost_sub,0.0
15092,2033,reg1,NGCC-CCS_Power-CHP,investment_cost_sub,0.0
15093,2034,reg1,NGCC-CCS_Power-CHP,investment_cost_sub,0.0
15094,2035,reg1,NGCC-CCS_Power-CHP,investment_cost_sub,0.0
15095,2036,reg1,NGCC-CCS_Power-CHP,investment_cost_sub,0.0
15096,2037,reg1,NGCC-CCS_Power-CHP,investment_cost_sub,0.0
15097,2038,reg1,NGCC-CCS_Power-CHP,investment_cost_sub,0.0
15098,2039,reg1,NGCC-CCS_Power-CHP,investment_cost_sub,0.0
15099,2040,reg1,NGCC-CCS_Power-CHP,investment_cost_sub,0.0
15100,2041,reg1,NGCC-CCS_Power-CHP,investment_cost_sub,0.0
15101,2042,reg1,NGCC-CCS_Power-CHP,investment_cost_sub,0.0
15102,2043,reg1,NGCC-CCS_Power-CHP,investment_cost_sub,0.0
15103,2044,reg1,NGCC-CCS_Power-CHP,investment_cost_sub,0.0
15104,2045,reg1,NGCC-CCS_Power-CHP,investment_cost_sub,0.0
15105,2046,reg1,NGCC-CCS_Power-CHP,investment_cost_sub,0.0
15106,2047,reg1,NGCC-CCS_Power-CHP,investment_cost_sub,0.0
15107,2048,reg1,NGCC-CCS_Power-CHP,investment_cost_sub,0.0
15108,2049,reg1,NGCC-CCS_Power-CHP,investment_cost_sub,0.0
15109,2050,reg1,NGCC-CCS_Power-CHP,investment_cost_sub,0.0
15110,2051,reg1,NGCC-CCS_Power-CHP,investment_cost_sub,0.0
15111,2052,reg1,NGCC-CCS_Power-CHP,investment_cost_sub,0.0
15112,2053,reg1,NGCC-CCS_Power-CHP,investment_cost_sub,0.0
15113,2054,reg1,NGCC-CCS_Power-CHP,investment_cost_sub,0.0
15114,2055,reg1,NGCC-CCS_Power-CHP,investment_cost_sub,0.0
15115,2056,reg1,NGCC-CCS_Power-CHP,investment_cost_sub,0.0
15116,2057,reg1,NGCC-CCS_Power-CHP,investment_cost_sub,0.0
15117,2058,reg1,NGCC-CCS_Power-CHP,investment_cost_sub,0.0
15118,2059,reg1,NGCC-CCS_Power-CHP,investment_cost_sub,0.0
15119,2060,reg1,NGCC-CCS_Power-CHP,investment_cost_sub,0.0
15120,2025,reg1,NGCC-CCS_Heat-CHP,investment_cost_sub,0.0
15121,2026,reg1,NGCC-CCS_Heat-CHP,investment_cost_sub,0.0
15122,2027,reg1,NGCC-CCS_Heat-CHP,investment_cost_sub,0.0
15123,2028,reg1,NGCC-CCS_Heat-CHP,investment_cost_sub,0.0
15124,2029,reg1,NGCC-CCS_Heat-CHP,investment_cost_sub,0.0
15125,2030,reg1,NGCC-CCS_Heat-CHP,investment_cost_sub,0.0
15126,2031,reg1,NGCC-CCS_Heat-CHP,investment_cost_sub,0.0
15127,2032,reg1,NGCC-CCS_Heat-CHP,investment_cost_sub,0.0
15128,2033,reg1,NGCC-CCS_Heat-CHP,investment_cost_sub,0.0
15129,2034,reg1,NGCC-CCS_Heat-CHP,investment_cost_sub,0.0
15130,2035,reg1,NGCC-CCS_Heat-CHP,investment_cost_sub,0.0
15131,2036,reg1,NGCC-CCS_Heat-CHP,investment_cost_sub,0.0
15132,2037,reg1,NGCC-CCS_Heat-CHP,investment_cost_sub,0.0
15133,2038,reg1,NGCC-CCS_Heat-CHP,investment_cost_sub,0.0
15134,2039,reg1,NGCC-CCS_Heat-CHP,investment_cost_sub,0.0
15135,2040,reg1,NGCC-CCS_Heat-CHP,investment_cost_sub,0.0
15136,2041,reg1,NGCC-CCS_Heat-CHP,investment_cost_sub,0.0
15137,2042,reg1,NGCC-CCS_Heat-CHP,investment_cost_sub,0.0
15138,2043,reg1,NGCC-CCS_Heat-CHP,investment_cost_sub,0.0
15139,2044,reg1,NGCC-CCS_Heat-CHP,investment_cost_sub,0.0
15140,2045,reg1,NGCC-CCS_Heat-CHP,investment_cost_sub,0.0
15141,2046,reg1,NGCC-CCS_Heat-CHP,investment_cost_sub,0.0
15142,2047,reg1,NGCC-CCS_Heat-CHP,investment_cost_sub,0.0
15143,2048,reg1,NGCC-CCS_Heat-CHP,investment_cost_sub,0.0
15144,2049,reg1,NGCC-CCS_Heat-CHP,investment_cost_sub,0.0
15145,2050,reg1,NGCC-CCS_Heat-CHP,investment_cost_sub,0.0
15146,2051,reg1,NGCC-CCS_Heat-CHP,investment_cost_sub,0.0
15147,2052,reg1,NGCC-CCS_Heat-CHP,investment_cost_sub,0.0
15148,2053,reg1,NGCC-CCS_Heat-CHP,investment_cost_sub,0.0
15149,2054,reg1,NGCC-CCS_Heat-CHP,investment_cost_sub,0.0
15150,2055,reg1,NGCC-CCS_Heat-CHP,investment_cost_sub,0.0
15151,2056,reg1,NGCC-CCS_Heat-CHP,investment_cost_sub,0.0
15152,2057,reg1,NGCC-CCS_Heat-CHP,investment_cost_sub,0.0
15153,2058,reg1,NGCC-CCS_Heat-CHP,investment_cost_sub,0.0
15154,2059,reg1,NGCC-CCS_Heat-CHP,investment_cost_sub,0.0
15155,2060,reg1,NGCC-CCS_Heat-CHP,investment_cost_sub,0.0
15156,2025,reg1,NG_PP,investment_cost_sub,0.0
15157,2026,reg1,NG_PP,investment_cost_sub,0.0
15158,2027,reg1,NG_PP,investment_cost_sub,0.0
15159,2028,reg1,NG_PP,investment_cost_sub,0.0
15160,2029,reg1,NG_PP,investment_cost_sub,0.0
15161,2030,reg1,NG_PP,investment_cost_sub,0.0
15162,2031,reg1,NG_PP,investment_cost_sub,0.0
15163,2032,reg1,NG_PP,investment_cost_sub,0.0
15164,2033,reg1,NG_PP,investment_cost_sub,0.0
15165,2034,reg1,NG_PP,investment_cost_sub,0.0
15166,2035,reg1,NG_PP,investment_cost_sub,0.0
15167,2036,reg1,NG_PP,investment_cost_sub,0.0
15168,2037,reg1,NG_PP,investment_cost_sub,0.0
15169,2038,reg1,NG_PP,investment_cost_sub,0.0
15170,2039,reg1,NG_PP,investment_cost_sub,0.0
15171,2040,reg1,NG_PP,investment_cost_sub,0.0
15172,2041,reg1,NG_PP,investment_cost_sub,0.0
15173,2042,reg1,NG_PP,investment_cost_sub,0.0
15174,2043,reg1,NG_PP,investment_cost_sub,0.0
15175,2044,reg1,NG_PP,investment_cost_sub,0.0
15176,2045,reg1,NG_PP,investment_cost_sub,0.0
15177,2046,reg1,NG_PP,investment_cost_sub,0.0
15178,2047,reg1,NG_PP,investment_cost_sub,0.0
15179,2048,reg1,NG_PP,investment_cost_sub,0.0
15180,2049,reg1,NG_PP,investment_cost_sub,0.0
15181,2050,reg1,NG_PP,investment_cost_sub,0.0
15182,2051,reg1,NG_PP,investment_cost_sub,0.0
15183,2052,reg1,NG_PP,investment_cost_sub,0.0
15184,2053,reg1,NG_PP,investment_cost_sub,0.0
15185,2054,reg1,NG_PP,investment_cost_sub,0.0
15186,2055,reg1,NG_PP,investment_cost_sub,0.0
15187,2056,reg1,NG_PP,investment_cost_sub,0.0
15188,2057,reg1,NG_PP,investment_cost_sub,0.0
15189,2058,reg1,NG_PP,investment_cost_sub,0.0
15190,2059,reg1,NG_PP,investment_cost_sub,0.0
15191,2060,reg1,NG_PP,investment_cost_sub,0.0
15192,2025,reg1,NG_PP_CCS,investment_cost_sub,0.0
15193,2026,reg1,NG_PP_CCS,investment_cost_sub,0.0
15194,2027,reg1,NG_PP_CCS,investment_cost_sub,0.0
15195,2028,reg1,NG_PP_CCS,investment_cost_sub,0.0
15196,2029,reg1,NG_PP_CCS,investment_cost_sub,0.0
15197,2030,reg1,NG_PP_CCS,investment_cost_sub,0.0
15198,2031,reg1,NG_PP_CCS,investment_cost_sub,0.0
15199,2032,reg1,NG_PP_CCS,investment_cost_sub,0.0
15200,2033,reg1,NG_PP_CCS,investment_cost_sub,0.0
15201,2034,reg1,NG_PP_CCS,investment_cost_sub,0.0
15202,2035,reg1,NG_PP_CCS,investment_cost_sub,0.0
15203,2036,reg1,NG_PP_CCS,investment_cost_sub,0.0
15204,2037,reg1,NG_PP_CCS,investment_cost_sub,0.0
15205,2038,reg1,NG_PP_CCS,investment_cost_sub,0.0
15206,2039,reg1,NG_PP_CCS,investment_cost_sub,0.0
15207,2040,reg1,NG_PP_CCS,investment_cost_sub,0.0
15208,2041,reg1,NG_PP_CCS,investment_cost_sub,0.0
15209,2042,reg1,NG_PP_CCS,investment_cost_sub,0.0
15210,2043,reg1,NG_PP_CCS,investment_cost_sub,0.0
15211,2044,reg1,NG_PP_CCS,investment_cost_sub,0.0
15212,2045,reg1,NG_PP_CCS,investment_cost_sub,0.0
15213,2046,reg1,NG_PP_CCS,investment_cost_sub,0.0
15214,2047,reg1,NG_PP_CCS,investment_cost_sub,0.0
15215,2048,reg1,NG_PP_CCS,investment_cost_sub,0.0
15216,2049,reg1,NG_PP_CCS,investment_cost_sub,0.0
15217,2050,reg1,NG_PP_CCS,investment_cost_sub,0.0
15218,2051,reg1,NG_PP_CCS,investment_cost_sub,0.0
15219,2052,reg1,NG_PP_CCS,investment_cost_sub,0.0
15220,2053,reg1,NG_PP_CCS,investment_cost_sub,0.0
15221,2054,reg1,NG_PP_CCS,investment_cost_sub,0.0
15222,2055,reg1,NG_PP_CCS,investment_cost_sub,0.0
15223,2056,reg1,NG_PP_CCS,investment_cost_sub,0.0
15224,2057,reg1,NG_PP_CCS,investment_cost_sub,0.0
15225,2058,reg1,NG_PP_CCS,investment_cost_sub,0.0
15226,2059,reg1,NG_PP_CCS,investment_cost_sub,0.0
15227,2060,reg1,NG_PP_CCS,investment_cost_sub,0.0
15228,2025,reg1,Electrolysis_HTSE,investment_cost_sub,0.0
15229,2026,reg1,Electrolysis_HTSE,investment_cost_sub,0.0
15230,2027,reg1,Electrolysis_HTSE,investment_cost_sub,0.0
15231,2028,reg1,Electrolysis_HTSE,investment_cost_sub,0.0
15232,2029,reg1,Electrolysis_HTSE,investment_cost_sub,0.0
15233,2030,reg1,Electrolysis_HTSE,investment_cost_sub,0.0
15234,2031,reg1,Electrolysis_HTSE,investment_cost_sub,0.0
15235,2032,reg1,Electrolysis_HTSE,investment_cost_sub,0.0
15236,2033,reg1,Electrolysis_HTSE,investment_cost_sub,0.0
15237,2034,reg1,Electrolysis_HTSE,investment_cost_sub,0.0
15238,2035,reg1,Electrolysis_HTSE,investment_cost_sub,0.0
15239,2036,reg1,Electrolysis_HTSE,investment_cost_sub,0.0
15240,2037,reg1,Electrolysis_HTSE,investment_cost_sub,0.0
15241,2038,reg1,Electrolysis_HTSE,investment_cost_sub,0.0
15242,2039,reg1,Electrolysis_HTSE,investment_cost_sub,0.0
15243,2040,reg1,Electrolysis_HTSE,investment_cost_sub,0.0
15244,2041,reg1,Electrolysis_HTSE,investment_cost_sub,0.0
15245,2042,reg1,Electrolysis_HTSE,investment_cost_sub,0.0
15246,2043,reg1,Electrolysis_HTSE,investment_cost_sub,0.0
15247,2044,reg1,Electrolysis_HTSE,investment_cost_sub,0.0
15248,2045,reg1,Electrolysis_HTSE,investment_cost_sub,0.0
15249,2046,reg1,Electrolysis_HTSE,investment_cost_sub,0.0
15250,2047,reg1,Electrolysis_HTSE,investment_cost_sub,0.0
15251,2048,reg1,Electrolysis_HTSE,investment_cost_sub,0.0
15252,2049,reg1,Electrolysis_HTSE,investment_cost_sub,0.0
15253,2050,reg1,Electrolysis_HTSE,investment_cost_sub,0.0
15254,2051,reg1,Electrolysis_HTSE,investment_cost_sub,0.0
15255,2052,reg1,Electrolysis_HTSE,investment_cost_sub,0.0
15256,2053,reg1,Electrolysis_HTSE,investment_cost_sub,0.0
15257,2054,reg1,Electrolysis_HTSE,investment_cost_sub,0.0
15258,2055,reg1,Electrolysis_HTSE,investment_cost_sub,0.0
15259,2056,reg1,Electrolysis_HTSE,investment_cost_sub,0.0
15260,2057,reg1,Electrolysis_HTSE,investment_cost_sub,0.0
15261,2058,reg1,Electrolysis_HTSE,investment_cost_sub,0.0
15262,2059,reg1,Electrolysis_HTSE,investment_cost_sub,0.0
15263,2060,reg1,Electrolysis_HTSE,investment_cost_sub,0.0
15264,2025,reg1,NG_CHP_P,investment_cost_sub,0.0
15265,2026,reg1,NG_CHP_P,investment_cost_sub,0.0
15266,2027,reg1,NG_CHP_P,investment_cost_sub,0.0
15267,2028,reg1,NG_CHP_P,investment_cost_sub,0.0
15268,2029,reg1,NG_CHP_P,investment_cost_sub,0.0
15269,2030,reg1,NG_CHP_P,investment_cost_sub,0.0
15270,2031,reg1,NG_CHP_P,investment_cost_sub,0.0
15271,2032,reg1,NG_CHP_P,investment_cost_sub,0.0
15272,2033,reg1,NG_CHP_P,investment_cost_sub,0.0
15273,2034,reg1,NG_CHP_P,investment_cost_sub,0.0
15274,2035,reg1,NG_CHP_P,investment_cost_sub,0.0
15275,2036,reg1,NG_CHP_P,investment_cost_sub,0.0
15276,2037,reg1,NG_CHP_P,investment_cost_sub,0.0
15277,2038,reg1,NG_CHP_P,investment_cost_sub,0.0
15278,2039,reg1,NG_CHP_P,investment_cost_sub,0.0
15279,2040,reg1,NG_CHP_P,investment_cost_sub,0.0
15280,2041,reg1,NG_CHP_P,investment_cost_sub,0.0
15281,2042,reg1,NG_CHP_P,investment_cost_sub,0.0
15282,2043,reg1,NG_CHP_P,investment_cost_sub,0.0
15283,2044,reg1,NG_CHP_P,investment_cost_sub,0.0
15284,2045,reg1,NG_CHP_P,investment_cost_sub,0.0
15285,2046,reg1,NG_CHP_P,investment_cost_sub,0.0
15286,2047,reg1,NG_CHP_P,investment_cost_sub,0.0
15287,2048,reg1,NG_CHP_P,investment_cost_sub,0.0
15288,2049,reg1,NG_CHP_P,investment_cost_sub,0.0
15289,2050,reg1,NG_CHP_P,investment_cost_sub,0.0
15290,2051,reg1,NG_CHP_P,investment_cost_sub,0.0
15291,2052,reg1,NG_CHP_P,investment_cost_sub,0.0
15292,2053,reg1,NG_CHP_P,investment_cost_sub,0.0
15293,2054,reg1,NG_CHP_P,investment_cost_sub,0.0
15294,2055,reg1,NG_CHP_P,investment_cost_sub,0.0
15295,2056,reg1,NG_CHP_P,investment_cost_sub,0.0
15296,2057,reg1,NG_CHP_P,investment_cost_sub,0.0
15297,2058,reg1,NG_CHP_P,investment_cost_sub,0.0
15298,2059,reg1,NG_CHP_P,investment_cost_sub,0.0
15299,2060,reg1,NG_CHP_P,investment_cost_sub,0.0
15300,2025,reg1,BIO_CHP_P,investment_cost_sub,0.0
15301,2026,reg1,BIO_CHP_P,investment_cost_sub,0.0
15302,2027,reg1,BIO_CHP_P,investment_cost_sub,0.0
15303,2028,reg1,BIO_CHP_P,investment_cost_sub,0.0
15304,2029,reg1,BIO_CHP_P,investment_cost_sub,0.0
15305,2030,reg1,BIO_CHP_P,investment_cost_sub,0.0
15306,2031,reg1,BIO_CHP_P,investment_cost_sub,0.0
15307,2032,reg1,BIO_CHP_P,investment_cost_sub,0.0
15308,2033,reg1,BIO_CHP_P,investment_cost_sub,0.0
15309,2034,reg1,BIO_CHP_P,investment_cost_sub,0.0
15310,2035,reg1,BIO_CHP_P,investment_cost_sub,0.0
15311,2036,reg1,BIO_CHP_P,investment_cost_sub,0.0
15312,2037,reg1,BIO_CHP_P,investment_cost_sub,0.0
15313,2038,reg1,BIO_CHP_P,investment_cost_sub,0.0
15314,2039,reg1,BIO_CHP_P,investment_cost_sub,0.0
15315,2040,reg1,BIO_CHP_P,investment_cost_sub,0.0
15316,2041,reg1,BIO_CHP_P,investment_cost_sub,0.0
15317,2042,reg1,BIO_CHP_P,investment_cost_sub,0.0
15318,2043,reg1,BIO_CHP_P,investment_cost_sub,0.0
15319,2044,reg1,BIO_CHP_P,investment_cost_sub,0.0
15320,2045,reg1,BIO_CHP_P,investment_cost_sub,0.0
15321,2046,reg1,BIO_CHP_P,investment_cost_sub,0.0
15322,2047,reg1,BIO_CHP_P,investment_cost_sub,0.0
15323,2048,reg1,BIO_CHP_P,investment_cost_sub,0.0
15324,2049,reg1,BIO_CHP_P,investment_cost_sub,0.0
15325,2050,reg1,BIO_CHP_P,investment_cost_sub,0.0
15326,2051,reg1,BIO_CHP_P,investment_cost_sub,0.0
15327,2052,reg1,BIO_CHP_P,investment_cost_sub,0.0
15328,2053,reg1,BIO_CHP_P,investment_cost_sub,0.0
15329,2054,reg1,BIO_CHP_P,investment_cost_sub,0.0
15330,2055,reg1,BIO_CHP_P,investment_cost_sub,0.0
15331,2056,reg1,BIO_CHP_P,investment_cost_sub,0.0
15332,2057,reg1,BIO_CHP_P,investment_cost_sub,0.0
15333,2058,reg1,BIO_CHP_P,investment_cost_sub,0.0
15334,2059,reg1,BIO_CHP_P,investment_cost_sub,0.0
15335,2060,reg1,BIO_CHP_P,investment_cost_sub,0.0
15336,2025,reg1,Biogas_CHP_P,investment_cost_sub,0.0
15337,2026,reg1,Biogas_CHP_P,investment_cost_sub,0.0
15338,2027,reg1,Biogas_CHP_P,investment_cost_sub,0.0
15339,2028,reg1,Biogas_CHP_P,investment_cost_sub,0.0
15340,2029,reg1,Biogas_CHP_P,investment_cost_sub,0.0
15341,2030,reg1,Biogas_CHP_P,investment_cost_sub,0.0
15342,2031,reg1,Biogas_CHP_P,investment_cost_sub,0.0
15343,2032,reg1,Biogas_CHP_P,investment_cost_sub,0.0
15344,2033,reg1,Biogas_CHP_P,investment_cost_sub,0.0
15345,2034,reg1,Biogas_CHP_P,investment_cost_sub,0.0
15346,2035,reg1,Biogas_CHP_P,investment_cost_sub,0.0
15347,2036,reg1,Biogas_CHP_P,investment_cost_sub,0.0
15348,2037,reg1,Biogas_CHP_P,investment_cost_sub,0.0
15349,2038,reg1,Biogas_CHP_P,investment_cost_sub,0.0
15350,2039,reg1,Biogas_CHP_P,investment_cost_sub,0.0
15351,2040,reg1,Biogas_CHP_P,investment_cost_sub,0.0
15352,2041,reg1,Biogas_CHP_P,investment_cost_sub,0.0
15353,2042,reg1,Biogas_CHP_P,investment_cost_sub,0.0
15354,2043,reg1,Biogas_CHP_P,investment_cost_sub,0.0
15355,2044,reg1,Biogas_CHP_P,investment_cost_sub,0.0
15356,2045,reg1,Biogas_CHP_P,investment_cost_sub,0.0
15357,2046,reg1,Biogas_CHP_P,investment_cost_sub,0.0
15358,2047,reg1,Biogas_CHP_P,investment_cost_sub,0.0
15359,2048,reg1,Biogas_CHP_P,investment_cost_sub,0.0
15360,2049,reg1,Biogas_CHP_P,investment_cost_sub,0.0
15361,2050,reg1,Biogas_CHP_P,investment_cost_sub,0.0
15362,2051,reg1,Biogas_CHP_P,investment_cost_sub,0.0
15363,2052,reg1,Biogas_CHP_P,investment_cost_sub,0.0
15364,2053,reg1,Biogas_CHP_P,investment_cost_sub,0.0
15365,2054,reg1,Biogas_CHP_P,investment_cost_sub,0.0
15366,2055,reg1,Biogas_CHP_P,investment_cost_sub,0.0
15367,2056,reg1,Biogas_CHP_P,investment_cost_sub,0.0
15368,2057,reg1,Biogas_CHP_P,investment_cost_sub,0.0
15369,2058,reg1,Biogas_CHP_P,investment_cost_sub,0.0
15370,2059,reg1,Biogas_CHP_P,investment_cost_sub,0.0
15371,2060,reg1,Biogas_CHP_P,investment_cost_sub,0.0
15372,2025,reg1,WtE_CHP_P,investment_cost_sub,0.0
15373,2026,reg1,WtE_CHP_P,investment_cost_sub,0.0
15374,2027,reg1,WtE_CHP_P,investment_cost_sub,0.0
15375,2028,reg1,WtE_CHP_P,investment_cost_sub,0.0
15376,2029,reg1,WtE_CHP_P,investment_cost_sub,0.0
15377,2030,reg1,WtE_CHP_P,investment_cost_sub,0.0
15378,2031,reg1,WtE_CHP_P,investment_cost_sub,0.0
15379,2032,reg1,WtE_CHP_P,investment_cost_sub,0.0
15380,2033,reg1,WtE_CHP_P,investment_cost_sub,0.0
15381,2034,reg1,WtE_CHP_P,investment_cost_sub,0.0
15382,2035,reg1,WtE_CHP_P,investment_cost_sub,0.0
15383,2036,reg1,WtE_CHP_P,investment_cost_sub,0.0
15384,2037,reg1,WtE_CHP_P,investment_cost_sub,0.0
15385,2038,reg1,WtE_CHP_P,investment_cost_sub,0.0
15386,2039,reg1,WtE_CHP_P,investment_cost_sub,0.0
15387,2040,reg1,WtE_CHP_P,investment_cost_sub,0.0
15388,2041,reg1,WtE_CHP_P,investment_cost_sub,0.0
15389,2042,reg1,WtE_CHP_P,investment_cost_sub,0.0
15390,2043,reg1,WtE_CHP_P,investment_cost_sub,0.0
15391,2044,reg1,WtE_CHP_P,investment_cost_sub,0.0
15392,2045,reg1,WtE_CHP_P,investment_cost_sub,0.0
15393,2046,reg1,WtE_CHP_P,investment_cost_sub,0.0
15394,2047,reg1,WtE_CHP_P,investment_cost_sub,0.0
15395,2048,reg1,WtE_CHP_P,investment_cost_sub,0.0
15396,2049,reg1,WtE_CHP_P,investment_cost_sub,0.0
15397,2050,reg1,WtE_CHP_P,investment_cost_sub,0.0
15398,2051,reg1,WtE_CHP_P,investment_cost_sub,0.0
15399,2052,reg1,WtE_CHP_P,investment_cost_sub,0.0
15400,2053,reg1,WtE_CHP_P,investment_cost_sub,0.0
15401,2054,reg1,WtE_CHP_P,investment_cost_sub,0.0
15402,2055,reg1,WtE_CHP_P,investment_cost_sub,0.0
15403,2056,reg1,WtE_CHP_P,investment_cost_sub,0.0
15404,2057,reg1,WtE_CHP_P,investment_cost_sub,0.0
15405,2058,reg1,WtE_CHP_P,investment_cost_sub,0.0
15406,2059,reg1,WtE_CHP_P,investment_cost_sub,0.0
15407,2060,reg1,WtE_CHP_P,investment_cost_sub,0.0
15408,2025,reg1,WtE-CCS_CHP_P,investment_cost_sub,0.0
15409,2026,reg1,WtE-CCS_CHP_P,investment_cost_sub,0.0
15410,2027,reg1,WtE-CCS_CHP_P,investment_cost_sub,0.0
15411,2028,reg1,WtE-CCS_CHP_P,investment_cost_sub,0.0
15412,2029,reg1,WtE-CCS_CHP_P,investment_cost_sub,0.0
15413,2030,reg1,WtE-CCS_CHP_P,investment_cost_sub,0.0
15414,2031,reg1,WtE-CCS_CHP_P,investment_cost_sub,0.0
15415,2032,reg1,WtE-CCS_CHP_P,investment_cost_sub,0.0
15416,2033,reg1,WtE-CCS_CHP_P,investment_cost_sub,0.0
15417,2034,reg1,WtE-CCS_CHP_P,investment_cost_sub,0.0
15418,2035,reg1,WtE-CCS_CHP_P,investment_cost_sub,0.0
15419,2036,reg1,WtE-CCS_CHP_P,investment_cost_sub,0.0
15420,2037,reg1,WtE-CCS_CHP_P,investment_cost_sub,0.0
15421,2038,reg1,WtE-CCS_CHP_P,investment_cost_sub,0.0
15422,2039,reg1,WtE-CCS_CHP_P,investment_cost_sub,0.0
15423,2040,reg1,WtE-CCS_CHP_P,investment_cost_sub,0.0
15424,2041,reg1,WtE-CCS_CHP_P,investment_cost_sub,0.0
15425,2042,reg1,WtE-CCS_CHP_P,investment_cost_sub,0.0
15426,2043,reg1,WtE-CCS_CHP_P,investment_cost_sub,0.0
15427,2044,reg1,WtE-CCS_CHP_P,investment_cost_sub,0.0
15428,2045,reg1,WtE-CCS_CHP_P,investment_cost_sub,0.0
15429,2046,reg1,WtE-CCS_CHP_P,investment_cost_sub,0.0
15430,2047,reg1,WtE-CCS_CHP_P,investment_cost_sub,0.0
15431,2048,reg1,WtE-CCS_CHP_P,investment_cost_sub,0.0
15432,2049,reg1,WtE-CCS_CHP_P,investment_cost_sub,0.0
15433,2050,reg1,WtE-CCS_CHP_P,investment_cost_sub,0.0
15434,2051,reg1,WtE-CCS_CHP_P,investment_cost_sub,0.0
15435,2052,reg1,WtE-CCS_CHP_P,investment_cost_sub,0.0
15436,2053,reg1,WtE-CCS_CHP_P,investment_cost_sub,0.0
15437,2054,reg1,WtE-CCS_CHP_P,investment_cost_sub,0.0
15438,2055,reg1,WtE-CCS_CHP_P,investment_cost_sub,0.0
15439,2056,reg1,WtE-CCS_CHP_P,investment_cost_sub,0.0
15440,2057,reg1,WtE-CCS_CHP_P,investment_cost_sub,0.0
15441,2058,reg1,WtE-CCS_CHP_P,investment_cost_sub,0.0
15442,2059,reg1,WtE-CCS_CHP_P,investment_cost_sub,0.0
15443,2060,reg1,WtE-CCS_CHP_P,investment_cost_sub,0.0
15444,2025,reg1,SOFC_CHP_P,investment_cost_sub,0.0
15445,2026,reg1,SOFC_CHP_P,investment_cost_sub,0.0
15446,2027,reg1,SOFC_CHP_P,investment_cost_sub,0.0
15447,2028,reg1,SOFC_CHP_P,investment_cost_sub,0.0
15448,2029,reg1,SOFC_CHP_P,investment_cost_sub,0.0
15449,2030,reg1,SOFC_CHP_P,investment_cost_sub,0.0
15450,2031,reg1,SOFC_CHP_P,investment_cost_sub,0.0
15451,2032,reg1,SOFC_CHP_P,investment_cost_sub,0.0
15452,2033,reg1,SOFC_CHP_P,investment_cost_sub,0.0
15453,2034,reg1,SOFC_CHP_P,investment_cost_sub,0.0
15454,2035,reg1,SOFC_CHP_P,investment_cost_sub,0.0
15455,2036,reg1,SOFC_CHP_P,investment_cost_sub,0.0
15456,2037,reg1,SOFC_CHP_P,investment_cost_sub,0.0
15457,2038,reg1,SOFC_CHP_P,investment_cost_sub,0.0
15458,2039,reg1,SOFC_CHP_P,investment_cost_sub,0.0
15459,2040,reg1,SOFC_CHP_P,investment_cost_sub,0.0
15460,2041,reg1,SOFC_CHP_P,investment_cost_sub,0.0
15461,2042,reg1,SOFC_CHP_P,investment_cost_sub,0.0
15462,2043,reg1,SOFC_CHP_P,investment_cost_sub,0.0
15463,2044,reg1,SOFC_CHP_P,investment_cost_sub,0.0
15464,2045,reg1,SOFC_CHP_P,investment_cost_sub,0.0
15465,2046,reg1,SOFC_CHP_P,investment_cost_sub,0.0
15466,2047,reg1,SOFC_CHP_P,investment_cost_sub,0.0
15467,2048,reg1,SOFC_CHP_P,investment_cost_sub,0.0
15468,2049,reg1,SOFC_CHP_P,investment_cost_sub,0.0
15469,2050,reg1,SOFC_CHP_P,investment_cost_sub,0.0
15470,2051,reg1,SOFC_CHP_P,investment_cost_sub,0.0
15471,2052,reg1,SOFC_CHP_P,investment_cost_sub,0.0
15472,2053,reg1,SOFC_CHP_P,investment_cost_sub,0.0
15473,2054,reg1,SOFC_CHP_P,investment_cost_sub,0.0
15474,2055,reg1,SOFC_CHP_P,investment_cost_sub,0.0
15475,2056,reg1,SOFC_CHP_P,investment_cost_sub,0.0
15476,2057,reg1,SOFC_CHP_P,investment_cost_sub,0.0
15477,2058,reg1,SOFC_CHP_P,investment_cost_sub,0.0
15478,2059,reg1,SOFC_CHP_P,investment_cost_sub,0.0
15479,2060,reg1,SOFC_CHP_P,investment_cost_sub,0.0
15480,2025,reg1,Oil_CHP,investment_cost_sub,0.0
15481,2026,reg1,Oil_CHP,investment_cost_sub,0.0
15482,2027,reg1,Oil_CHP,investment_cost_sub,0.0
15483,2028,reg1,Oil_CHP,investment_cost_sub,0.0
15484,2029,reg1,Oil_CHP,investment_cost_sub,0.0
15485,2030,reg1,Oil_CHP,investment_cost_sub,0.0
15486,2031,reg1,Oil_CHP,investment_cost_sub,0.0
15487,2032,reg1,Oil_CHP,investment_cost_sub,0.0
15488,2033,reg1,Oil_CHP,investment_cost_sub,0.0
15489,2034,reg1,Oil_CHP,investment_cost_sub,0.0
15490,2035,reg1,Oil_CHP,investment_cost_sub,0.0
15491,2036,reg1,Oil_CHP,investment_cost_sub,0.0
15492,2037,reg1,Oil_CHP,investment_cost_sub,0.0
15493,2038,reg1,Oil_CHP,investment_cost_sub,0.0
15494,2039,reg1,Oil_CHP,investment_cost_sub,0.0
15495,2040,reg1,Oil_CHP,investment_cost_sub,0.0
15496,2041,reg1,Oil_CHP,investment_cost_sub,0.0
15497,2042,reg1,Oil_CHP,investment_cost_sub,0.0
15498,2043,reg1,Oil_CHP,investment_cost_sub,0.0
15499,2044,reg1,Oil_CHP,investment_cost_sub,0.0
15500,2045,reg1,Oil_CHP,investment_cost_sub,0.0
15501,2046,reg1,Oil_CHP,investment_cost_sub,0.0
15502,2047,reg1,Oil_CHP,investment_cost_sub,0.0
15503,2048,reg1,Oil_CHP,investment_cost_sub,0.0
15504,2049,reg1,Oil_CHP,investment_cost_sub,0.0
15505,2050,reg1,Oil_CHP,investment_cost_sub,0.0
15506,2051,reg1,Oil_CHP,investment_cost_sub,0.0
15507,2052,reg1,Oil_CHP,investment_cost_sub,0.0
15508,2053,reg1,Oil_CHP,investment_cost_sub,0.0
15509,2054,reg1,Oil_CHP,investment_cost_sub,0.0
15510,2055,reg1,Oil_CHP,investment_cost_sub,0.0
15511,2056,reg1,Oil_CHP,investment_cost_sub,0.0
15512,2057,reg1,Oil_CHP,investment_cost_sub,0.0
15513,2058,reg1,Oil_CHP,investment_cost_sub,0.0
15514,2059,reg1,Oil_CHP,investment_cost_sub,0.0
15515,2060,reg1,Oil_CHP,investment_cost_sub,0.0
15516,2025,reg1,BW_CHP_P,investment_cost_sub,0.0
15517,2026,reg1,BW_CHP_P,investment_cost_sub,0.0
15518,2027,reg1,BW_CHP_P,investment_cost_sub,0.0
15519,2028,reg1,BW_CHP_P,investment_cost_sub,0.0
15520,2029,reg1,BW_CHP_P,investment_cost_sub,0.0
15521,2030,reg1,BW_CHP_P,investment_cost_sub,0.0
15522,2031,reg1,BW_CHP_P,investment_cost_sub,0.0
15523,2032,reg1,BW_CHP_P,investment_cost_sub,0.0
15524,2033,reg1,BW_CHP_P,investment_cost_sub,0.0
15525,2034,reg1,BW_CHP_P,investment_cost_sub,0.0
15526,2035,reg1,BW_CHP_P,investment_cost_sub,0.0
15527,2036,reg1,BW_CHP_P,investment_cost_sub,0.0
15528,2037,reg1,BW_CHP_P,investment_cost_sub,0.0
15529,2038,reg1,BW_CHP_P,investment_cost_sub,0.0
15530,2039,reg1,BW_CHP_P,investment_cost_sub,0.0
15531,2040,reg1,BW_CHP_P,investment_cost_sub,0.0
15532,2041,reg1,BW_CHP_P,investment_cost_sub,0.0
15533,2042,reg1,BW_CHP_P,investment_cost_sub,0.0
15534,2043,reg1,BW_CHP_P,investment_cost_sub,0.0
15535,2044,reg1,BW_CHP_P,investment_cost_sub,0.0
15536,2045,reg1,BW_CHP_P,investment_cost_sub,0.0
15537,2046,reg1,BW_CHP_P,investment_cost_sub,0.0
15538,2047,reg1,BW_CHP_P,investment_cost_sub,0.0
15539,2048,reg1,BW_CHP_P,investment_cost_sub,0.0
15540,2049,reg1,BW_CHP_P,investment_cost_sub,0.0
15541,2050,reg1,BW_CHP_P,investment_cost_sub,0.0
15542,2051,reg1,BW_CHP_P,investment_cost_sub,0.0
15543,2052,reg1,BW_CHP_P,investment_cost_sub,0.0
15544,2053,reg1,BW_CHP_P,investment_cost_sub,0.0
15545,2054,reg1,BW_CHP_P,investment_cost_sub,0.0
15546,2055,reg1,BW_CHP_P,investment_cost_sub,0.0
15547,2056,reg1,BW_CHP_P,investment_cost_sub,0.0
15548,2057,reg1,BW_CHP_P,investment_cost_sub,0.0
15549,2058,reg1,BW_CHP_P,investment_cost_sub,0.0
15550,2059,reg1,BW_CHP_P,investment_cost_sub,0.0
15551,2060,reg1,BW_CHP_P,investment_cost_sub,0.0
15552,2025,reg1,Heat_transmission_distribution,investment_cost_sub,0.0
15553,2026,reg1,Heat_transmission_distribution,investment_cost_sub,0.0
15554,2027,reg1,Heat_transmission_distribution,investment_cost_sub,0.0
15555,2028,reg1,Heat_transmission_distribution,investment_cost_sub,0.0
15556,2029,reg1,Heat_transmission_distribution,investment_cost_sub,0.0
15557,2030,reg1,Heat_transmission_distribution,investment_cost_sub,0.0
15558,2031,reg1,Heat_transmission_distribution,investment_cost_sub,0.0
15559,2032,reg1,Heat_transmission_distribution,investment_cost_sub,0.0
15560,2033,reg1,Heat_transmission_distribution,investment_cost_sub,0.0
15561,2034,reg1,Heat_transmission_distribution,investment_cost_sub,0.0
15562,2035,reg1,Heat_transmission_distribution,investment_cost_sub,0.0
15563,2036,reg1,Heat_transmission_distribution,investment_cost_sub,0.0
15564,2037,reg1,Heat_transmission_distribution,investment_cost_sub,0.0
15565,2038,reg1,Heat_transmission_distribution,investment_cost_sub,0.0
15566,2039,reg1,Heat_transmission_distribution,investment_cost_sub,0.0
15567,2040,reg1,Heat_transmission_distribution,investment_cost_sub,0.0
15568,2041,reg1,Heat_transmission_distribution,investment_cost_sub,0.0
15569,2042,reg1,Heat_transmission_distribution,investment_cost_sub,0.0
15570,2043,reg1,Heat_transmission_distribution,investment_cost_sub,0.0
15571,2044,reg1,Heat_transmission_distribution,investment_cost_sub,0.0
15572,2045,reg1,Heat_transmission_distribution,investment_cost_sub,0.0
15573,2046,reg1,Heat_transmission_distribution,investment_cost_sub,0.0
15574,2047,reg1,Heat_transmission_distribution,investment_cost_sub,0.0
15575,2048,reg1,Heat_transmission_distribution,investment_cost_sub,0.0
15576,2049,reg1,Heat_transmission_distribution,investment_cost_sub,0.0
15577,2050,reg1,Heat_transmission_distribution,investment_cost_sub,0.0
15578,2051,reg1,Heat_transmission_distribution,investment_cost_sub,0.0
15579,2052,reg1,Heat_transmission_distribution,investment_cost_sub,0.0
15580,2053,reg1,Heat_transmission_distribution,investment_cost_sub,0.0
15581,2054,reg1,Heat_transmission_distribution,investment_cost_sub,0.0
15582,2055,reg1,Heat_transmission_distribution,investment_cost_sub,0.0
15583,2056,reg1,Heat_transmission_distribution,investment_cost_sub,0.0
15584,2057,reg1,Heat_transmission_distribution,investment_cost_sub,0.0
15585,2058,reg1,Heat_transmission_distribution,investment_cost_sub,0.0
15586,2059,reg1,Heat_transmission_distribution,investment_cost_sub,0.0
15587,2060,reg1,Heat_transmission_distribution,investment_cost_sub,0.0
15588,2025,reg1,Elec_transmission_distribution,investment_cost_sub,0.0
15589,2026,reg1,Elec_transmission_distribution,investment_cost_sub,0.0
15590,2027,reg1,Elec_transmission_distribution,investment_cost_sub,0.0
15591,2028,reg1,Elec_transmission_distribution,investment_cost_sub,0.0
15592,2029,reg1,Elec_transmission_distribution,investment_cost_sub,0.0
15593,2030,reg1,Elec_transmission_distribution,investment_cost_sub,0.0
15594,2031,reg1,Elec_transmission_distribution,investment_cost_sub,0.0
15595,2032,reg1,Elec_transmission_distribution,investment_cost_sub,0.0
15596,2033,reg1,Elec_transmission_distribution,investment_cost_sub,0.0
15597,2034,reg1,Elec_transmission_distribution,investment_cost_sub,0.0
15598,2035,reg1,Elec_transmission_distribution,investment_cost_sub,0.0
15599,2036,reg1,Elec_transmission_distribution,investment_cost_sub,0.0
15600,2037,reg1,Elec_transmission_distribution,investment_cost_sub,0.0
15601,2038,reg1,Elec_transmission_distribution,investment_cost_sub,0.0
15602,2039,reg1,Elec_transmission_distribution,investment_cost_sub,0.0
15603,2040,reg1,Elec_transmission_distribution,investment_cost_sub,0.0
15604,2041,reg1,Elec_transmission_distribution,investment_cost_sub,0.0
15605,2042,reg1,Elec_transmission_distribution,investment_cost_sub,0.0
15606,2043,reg1,Elec_transmission_distribution,investment_cost_sub,0.0
15607,2044,reg1,Elec_transmission_distribution,investment_cost_sub,0.0
15608,2045,reg1,Elec_transmission_distribution,investment_cost_sub,0.0
15609,2046,reg1,Elec_transmission_distribution,investment_cost_sub,0.0
15610,2047,reg1,Elec_transmission_distribution,investment_cost_sub,0.0
15611,2048,reg1,Elec_transmission_distribution,investment_cost_sub,0.0
15612,2049,reg1,Elec_transmission_distribution,investment_cost_sub,0.0
15613,2050,reg1,Elec_transmission_distribution,investment_cost_sub,0.0
15614,2051,reg1,Elec_transmission_distribution,investment_cost_sub,0.0
15615,2052,reg1,Elec_transmission_distribution,investment_cost_sub,0.0
15616,2053,reg1,Elec_transmission_distribution,investment_cost_sub,0.0
15617,2054,reg1,Elec_transmission_distribution,investment_cost_sub,0.0
15618,2055,reg1,Elec_transmission_distribution,investment_cost_sub,0.0
15619,2056,reg1,Elec_transmission_distribution,investment_cost_sub,0.0
15620,2057,reg1,Elec_transmission_distribution,investment_cost_sub,0.0
15621,2058,reg1,Elec_transmission_distribution,investment_cost_sub,0.0
15622,2059,reg1,Elec_transmission_distribution,investment_cost_sub,0.0
15623,2060,reg1,Elec_transmission_distribution,investment_cost_sub,0.0
