,Year,Region,Technology,Carrier,Value
0,2025,reg1,NG_supply,NG,267511.1777264894
1,2026,reg1,NG_supply,NG,274441.0988560161
2,2027,reg1,NG_supply,NG,263000.39535928424
3,2028,reg1,NG_supply,NG,255476.34065530947
4,2029,reg1,NG_supply,NG,242031.30878218106
5,2030,reg1,NG_supply,NG,230970.40071312926
6,2031,reg1,NG_supply,NG,218052.86928222026
7,2032,reg1,NG_supply,NG,203748.9998584602
8,2033,reg1,NG_supply,NG,190467.03895955032
9,2034,reg1,NG_supply,NG,178867.467461546
10,2035,reg1,NG_supply,NG,169783.24154639384
11,2036,reg1,NG_supply,NG,166636.84657464214
12,2037,reg1,NG_supply,NG,165539.91023687558
13,2038,reg1,NG_supply,NG,163441.81302691533
14,2039,reg1,NG_supply,NG,158165.57068358068
15,2040,reg1,NG_supply,NG,152635.83624437242
16,2041,reg1,NG_supply,NG,162002.95880197716
17,2042,reg1,NG_supply,NG,169864.2496784542
18,2043,reg1,NG_supply,NG,166399.8249388109
19,2044,reg1,NG_supply,NG,164389.46887378077
20,2045,reg1,NG_supply,NG,161302.62694131266
21,2046,reg1,NG_supply,NG,156658.06972356592
22,2047,reg1,NG_supply,NG,156926.6214853783
23,2048,reg1,NG_supply,NG,155320.8511765529
24,2049,reg1,NG_supply,NG,146577.50486035648
25,2050,reg1,NG_supply,NG,136532.2223526621
26,2051,reg1,NG_supply,NG,136702.904061294
27,2052,reg1,NG_supply,NG,138219.069900715
28,2053,reg1,NG_supply,NG,142880.52211351896
29,2054,reg1,NG_supply,NG,144575.83579119932
30,2055,reg1,NG_supply,NG,148682.40864924627
31,2056,reg1,NG_supply,NG,155246.49870821513
32,2057,reg1,NG_supply,NG,164928.04744188275
33,2058,reg1,NG_supply,NG,178959.70489454383
34,2059,reg1,NG_supply,NG,194132.42713309138
35,2060,reg1,NG_supply,NG,209443.47124708275
36,2025,reg1,SFF_supply,Solid_fossil_fuels,9540.399291570613
37,2026,reg1,SFF_supply,Solid_fossil_fuels,7209.914226554355
38,2027,reg1,SFF_supply,Solid_fossil_fuels,4232.958989393169
39,2028,reg1,SFF_supply,Solid_fossil_fuels,3833.9033275753154
40,2029,reg1,SFF_supply,Solid_fossil_fuels,3410.9043260483922
41,2030,reg1,SFF_supply,Solid_fossil_fuels,0.0
42,2031,reg1,SFF_supply,Solid_fossil_fuels,0.0
43,2032,reg1,SFF_supply,Solid_fossil_fuels,0.0
44,2033,reg1,SFF_supply,Solid_fossil_fuels,0.0
45,2034,reg1,SFF_supply,Solid_fossil_fuels,0.0
46,2035,reg1,SFF_supply,Solid_fossil_fuels,0.0
47,2036,reg1,SFF_supply,Solid_fossil_fuels,0.0
48,2037,reg1,SFF_supply,Solid_fossil_fuels,0.0
49,2038,reg1,SFF_supply,Solid_fossil_fuels,0.0
50,2039,reg1,SFF_supply,Solid_fossil_fuels,0.0
51,2040,reg1,SFF_supply,Solid_fossil_fuels,0.0
52,2041,reg1,SFF_supply,Solid_fossil_fuels,0.0
53,2042,reg1,SFF_supply,Solid_fossil_fuels,0.0
54,2043,reg1,SFF_supply,Solid_fossil_fuels,0.0
55,2044,reg1,SFF_supply,Solid_fossil_fuels,0.0
56,2045,reg1,SFF_supply,Solid_fossil_fuels,0.0
57,2046,reg1,SFF_supply,Solid_fossil_fuels,0.0
58,2047,reg1,SFF_supply,Solid_fossil_fuels,0.0
59,2048,reg1,SFF_supply,Solid_fossil_fuels,0.0
60,2049,reg1,SFF_supply,Solid_fossil_fuels,0.0
61,2050,reg1,SFF_supply,Solid_fossil_fuels,0.0
62,2051,reg1,SFF_supply,Solid_fossil_fuels,0.0
63,2052,reg1,SFF_supply,Solid_fossil_fuels,0.0
64,2053,reg1,SFF_supply,Solid_fossil_fuels,0.0
65,2054,reg1,SFF_supply,Solid_fossil_fuels,0.0
66,2055,reg1,SFF_supply,Solid_fossil_fuels,0.0
67,2056,reg1,SFF_supply,Solid_fossil_fuels,0.0
68,2057,reg1,SFF_supply,Solid_fossil_fuels,0.0
69,2058,reg1,SFF_supply,Solid_fossil_fuels,0.0
70,2059,reg1,SFF_supply,Solid_fossil_fuels,0.0
71,2060,reg1,SFF_supply,Solid_fossil_fuels,0.0
72,2025,reg1,OP_supply,Petroleum_products,50896.446174116936
73,2026,reg1,OP_supply,Petroleum_products,49199.897968313075
74,2027,reg1,OP_supply,Petroleum_products,47503.34976250914
75,2028,reg1,OP_supply,Petroleum_products,45806.801556705264
76,2029,reg1,OP_supply,Petroleum_products,44110.253350901345
77,2030,reg1,OP_supply,Petroleum_products,42413.70514509744
78,2031,reg1,OP_supply,Petroleum_products,40717.15693929352
79,2032,reg1,OP_supply,Petroleum_products,39020.608733489644
80,2033,reg1,OP_supply,Petroleum_products,37324.06052768575
81,2034,reg1,OP_supply,Petroleum_products,35627.51232188191
82,2035,reg1,OP_supply,Petroleum_products,33930.96411607797
83,2036,reg1,OP_supply,Petroleum_products,32234.415910274063
84,2037,reg1,OP_supply,Petroleum_products,30537.867704470154
85,2038,reg1,OP_supply,Petroleum_products,28841.31949866628
86,2039,reg1,OP_supply,Petroleum_products,27144.77129286238
87,2040,reg1,OP_supply,Petroleum_products,25448.22308705847
88,2041,reg1,OP_supply,Petroleum_products,23751.674881254603
89,2042,reg1,OP_supply,Petroleum_products,22055.126675450687
90,2043,reg1,OP_supply,Petroleum_products,20358.578469646793
91,2044,reg1,OP_supply,Petroleum_products,18662.030263842884
92,2045,reg1,OP_supply,Petroleum_products,16965.482058038997
93,2046,reg1,OP_supply,Petroleum_products,15268.933852235108
94,2047,reg1,OP_supply,Petroleum_products,13572.38564643119
95,2048,reg1,OP_supply,Petroleum_products,11875.837440627303
96,2049,reg1,OP_supply,Petroleum_products,10179.2892348234
97,2050,reg1,OP_supply,Petroleum_products,8482.7410290195
98,2051,reg1,OP_supply,Petroleum_products,6786.192823215596
99,2052,reg1,OP_supply,Petroleum_products,5089.644617411699
100,2053,reg1,OP_supply,Petroleum_products,3393.0964116078007
101,2054,reg1,OP_supply,Petroleum_products,1696.548205803897
102,2055,reg1,OP_supply,Petroleum_products,0.0
103,2056,reg1,OP_supply,Petroleum_products,0.0
104,2057,reg1,OP_supply,Petroleum_products,0.0
105,2058,reg1,OP_supply,Petroleum_products,0.0
106,2059,reg1,OP_supply,Petroleum_products,0.0
107,2060,reg1,OP_supply,Petroleum_products,0.0
108,2025,reg1,BW_supply,Biofuels_waste,58447.122226788386
109,2026,reg1,BW_supply,Biofuels_waste,56109.23733771684
110,2027,reg1,BW_supply,Biofuels_waste,53771.35244864531
111,2028,reg1,BW_supply,Biofuels_waste,51433.46755957378
112,2029,reg1,BW_supply,Biofuels_waste,49095.58267050224
113,2030,reg1,BW_supply,Biofuels_waste,46757.69778143069
114,2031,reg1,BW_supply,Biofuels_waste,44419.812892359165
115,2032,reg1,BW_supply,Biofuels_waste,42081.92800328761
116,2033,reg1,BW_supply,Biofuels_waste,39744.04311421607
117,2034,reg1,BW_supply,Biofuels_waste,37406.15822514454
118,2035,reg1,BW_supply,Biofuels_waste,35068.273336073
119,2036,reg1,BW_supply,Biofuels_waste,31656.661745653415
120,2037,reg1,BW_supply,Biofuels_waste,26469.427804032955
121,2038,reg1,BW_supply,Biofuels_waste,23663.728560863554
122,2039,reg1,BW_supply,Biofuels_waste,21430.611483155713
123,2040,reg1,BW_supply,Biofuels_waste,19482.374075596104
124,2041,reg1,BW_supply,Biofuels_waste,17534.136668036488
125,2042,reg1,BW_supply,Biofuels_waste,15585.89926047688
126,2043,reg1,BW_supply,Biofuels_waste,13637.661852917267
127,2044,reg1,BW_supply,Biofuels_waste,11040.011976171128
128,2045,reg1,BW_supply,Biofuels_waste,9200.009980142604
129,2046,reg1,BW_supply,Biofuels_waste,7360.00798411408
130,2047,reg1,BW_supply,Biofuels_waste,5520.005988085553
131,2048,reg1,BW_supply,Biofuels_waste,3680.003992057026
132,2049,reg1,BW_supply,Biofuels_waste,1818.3549137222872
133,2050,reg1,BW_supply,Biofuels_waste,0.0
134,2051,reg1,BW_supply,Biofuels_waste,0.0
135,2052,reg1,BW_supply,Biofuels_waste,0.0
136,2053,reg1,BW_supply,Biofuels_waste,0.0
137,2054,reg1,BW_supply,Biofuels_waste,0.0
138,2055,reg1,BW_supply,Biofuels_waste,0.0
139,2056,reg1,BW_supply,Biofuels_waste,0.0
140,2057,reg1,BW_supply,Biofuels_waste,0.0
141,2058,reg1,BW_supply,Biofuels_waste,0.0
142,2059,reg1,BW_supply,Biofuels_waste,0.0
143,2060,reg1,BW_supply,Biofuels_waste,0.0
144,2025,reg1,BIO_supply,Biomass,0.0
145,2026,reg1,BIO_supply,Biomass,489.7904766740721
146,2027,reg1,BIO_supply,Biomass,979.5809533481444
147,2028,reg1,BIO_supply,Biomass,1469.3714300222157
148,2029,reg1,BIO_supply,Biomass,1959.1619066962876
149,2030,reg1,BIO_supply,Biomass,2448.9523833703597
150,2031,reg1,BIO_supply,Biomass,2938.7428600444327
151,2032,reg1,BIO_supply,Biomass,3428.533336718504
152,2033,reg1,BIO_supply,Biomass,3918.323813392578
153,2034,reg1,BIO_supply,Biomass,4408.114290066649
154,2035,reg1,BIO_supply,Biomass,4897.904766740719
155,2036,reg1,BIO_supply,Biomass,5387.695243414792
156,2037,reg1,BIO_supply,Biomass,5877.4857200888655
157,2038,reg1,BIO_supply,Biomass,6367.276196762938
158,2039,reg1,BIO_supply,Biomass,6857.066673437004
159,2040,reg1,BIO_supply,Biomass,7346.85715011108
160,2041,reg1,BIO_supply,Biomass,7836.647626785152
161,2042,reg1,BIO_supply,Biomass,8326.438103459219
162,2043,reg1,BIO_supply,Biomass,8816.228580133296
163,2044,reg1,BIO_supply,Biomass,9306.019056807345
164,2045,reg1,BIO_supply,Biomass,9795.809533481412
165,2046,reg1,BIO_supply,Biomass,10285.600010155484
166,2047,reg1,BIO_supply,Biomass,10775.390486829558
167,2048,reg1,BIO_supply,Biomass,11265.180963503659
168,2049,reg1,BIO_supply,Biomass,11754.971440177698
169,2050,reg1,BIO_supply,Biomass,12244.761916851787
170,2051,reg1,BIO_supply,Biomass,12244.761916851774
171,2052,reg1,BIO_supply,Biomass,12244.76191685177
172,2053,reg1,BIO_supply,Biomass,12244.761916851763
173,2054,reg1,BIO_supply,Biomass,12244.76191685177
174,2055,reg1,BIO_supply,Biomass,12244.761916851809
175,2056,reg1,BIO_supply,Biomass,12244.761916851809
176,2057,reg1,BIO_supply,Biomass,12244.76191685181
177,2058,reg1,BIO_supply,Biomass,12244.76191685181
178,2059,reg1,BIO_supply,Biomass,12244.76191685181
179,2060,reg1,BIO_supply,Biomass,12244.761916851809
180,2025,reg1,Biogas_supply,Biogas,0.0
181,2026,reg1,Biogas_supply,Biogas,0.0
182,2027,reg1,Biogas_supply,Biogas,50.53258878512339
183,2028,reg1,Biogas_supply,Biogas,1452.9085714285711
184,2029,reg1,Biogas_supply,Biogas,1937.2114285714285
185,2030,reg1,Biogas_supply,Biogas,2421.5142857142855
186,2031,reg1,Biogas_supply,Biogas,2252.0772583058338
187,2032,reg1,Biogas_supply,Biogas,2029.2347416202233
188,2033,reg1,Biogas_supply,Biogas,1634.45518600355
189,2034,reg1,Biogas_supply,Biogas,2126.068973982038
190,2035,reg1,Biogas_supply,Biogas,2728.3255944724087
191,2036,reg1,Biogas_supply,Biogas,3195.2526046300927
192,2037,reg1,Biogas_supply,Biogas,3480.903382470777
193,2038,reg1,Biogas_supply,Biogas,4266.744548168575
194,2039,reg1,Biogas_supply,Biogas,5559.792835215543
195,2040,reg1,Biogas_supply,Biogas,6737.605426645101
196,2041,reg1,Biogas_supply,Biogas,6943.410138248859
197,2042,reg1,Biogas_supply,Biogas,7377.373271889418
198,2043,reg1,Biogas_supply,Biogas,7811.336405529952
199,2044,reg1,Biogas_supply,Biogas,7787.2273425499425
200,2045,reg1,Biogas_supply,Biogas,8197.081413210468
201,2046,reg1,Biogas_supply,Biogas,8606.935483870988
202,2047,reg1,Biogas_supply,Biogas,9016.789554531513
203,2048,reg1,Biogas_supply,Biogas,9426.64362519203
204,2049,reg1,Biogas_supply,Biogas,9376.52501495065
205,2050,reg1,Biogas_supply,Biogas,9643.625192012281
206,2051,reg1,Biogas_supply,Biogas,10134.90797417971
207,2052,reg1,Biogas_supply,Biogas,10246.351766513071
208,2053,reg1,Biogas_supply,Biogas,10246.351766513073
209,2054,reg1,Biogas_supply,Biogas,12107.571428571428
210,2055,reg1,Biogas_supply,Biogas,10851.1992070419
211,2056,reg1,Biogas_supply,Biogas,10914.014594655457
212,2057,reg1,Biogas_supply,Biogas,9500.997481560014
213,2058,reg1,Biogas_supply,Biogas,9500.997481560014
214,2059,reg1,Biogas_supply,Biogas,9500.997481559998
215,2060,reg1,Biogas_supply,Biogas,10752.790159090964
216,2025,reg1,Waste_supply,Waste,0.0
217,2026,reg1,Waste_supply,Waste,0.0
218,2027,reg1,Waste_supply,Waste,0.0
219,2028,reg1,Waste_supply,Waste,0.0
220,2029,reg1,Waste_supply,Waste,0.0
221,2030,reg1,Waste_supply,Waste,3694.0291244855607
222,2031,reg1,Waste_supply,Waste,5381.612178833388
223,2032,reg1,Waste_supply,Waste,7069.195233181214
224,2033,reg1,Waste_supply,Waste,8756.77828752904
225,2034,reg1,Waste_supply,Waste,10444.361341876865
226,2035,reg1,Waste_supply,Waste,12131.94439622469
227,2036,reg1,Waste_supply,Waste,13819.52745057252
228,2037,reg1,Waste_supply,Waste,15507.110504920332
229,2038,reg1,Waste_supply,Waste,17194.693559268166
230,2039,reg1,Waste_supply,Waste,18882.276613616
231,2040,reg1,Waste_supply,Waste,19999.999999999996
232,2041,reg1,Waste_supply,Waste,20000.0
233,2042,reg1,Waste_supply,Waste,20000.0
234,2043,reg1,Waste_supply,Waste,20000.0
235,2044,reg1,Waste_supply,Waste,20000.000000000015
236,2045,reg1,Waste_supply,Waste,20000.00000000001
237,2046,reg1,Waste_supply,Waste,20000.000000000007
238,2047,reg1,Waste_supply,Waste,20000.00000000001
239,2048,reg1,Waste_supply,Waste,20000.0
240,2049,reg1,Waste_supply,Waste,20000.00000000001
241,2050,reg1,Waste_supply,Waste,20000.00000000001
242,2051,reg1,Waste_supply,Waste,20000.00000000001
243,2052,reg1,Waste_supply,Waste,20000.00000000001
244,2053,reg1,Waste_supply,Waste,20000.000000000015
245,2054,reg1,Waste_supply,Waste,20000.00000000001
246,2055,reg1,Waste_supply,Waste,20000.0
247,2056,reg1,Waste_supply,Waste,20000.0
248,2057,reg1,Waste_supply,Waste,20000.0
249,2058,reg1,Waste_supply,Waste,20000.0
250,2059,reg1,Waste_supply,Waste,20000.0
251,2060,reg1,Waste_supply,Waste,18882.27661361599
252,2025,reg1,Geo_PP,Electricity,5308.804676435999
253,2026,reg1,Geo_PP,Electricity,5308.804676436001
254,2027,reg1,Geo_PP,Electricity,5308.804676436001
255,2028,reg1,Geo_PP,Electricity,5308.802219840001
256,2029,reg1,Geo_PP,Electricity,5308.802219839999
257,2030,reg1,Geo_PP,Electricity,4900.391993780759
258,2031,reg1,Geo_PP,Electricity,4866.402034853333
259,2032,reg1,Geo_PP,Electricity,4860.279219733482
260,2033,reg1,Geo_PP,Electricity,4424.001849866665
261,2034,reg1,Geo_PP,Electricity,4424.001849866665
262,2035,reg1,Geo_PP,Electricity,4424.001849866665
263,2036,reg1,Geo_PP,Electricity,4424.001849866665
264,2037,reg1,Geo_PP,Electricity,3981.6016648799987
265,2038,reg1,Geo_PP,Electricity,3981.6016648799987
266,2039,reg1,Geo_PP,Electricity,3981.6016648799987
267,2040,reg1,Geo_PP,Electricity,3981.6016648799987
268,2041,reg1,Geo_PP,Electricity,3981.6016648799996
269,2042,reg1,Geo_PP,Electricity,3981.6016648799996
270,2043,reg1,Geo_PP,Electricity,3981.6016648799996
271,2044,reg1,Geo_PP,Electricity,3760.401572386666
272,2045,reg1,Geo_PP,Electricity,3760.401572386666
273,2046,reg1,Geo_PP,Electricity,3760.401572386666
274,2047,reg1,Geo_PP,Electricity,3760.401572386666
275,2048,reg1,Geo_PP,Electricity,3760.401572386666
276,2049,reg1,Geo_PP,Electricity,3760.401572386666
277,2050,reg1,Geo_PP,Electricity,3760.401572386666
278,2051,reg1,Geo_PP,Electricity,5308.802219839996
279,2052,reg1,Geo_PP,Electricity,5308.802219839996
280,2053,reg1,Geo_PP,Electricity,5308.802219839996
281,2054,reg1,Geo_PP,Electricity,6045.781019839997
282,2055,reg1,Geo_PP,Electricity,6177.729601833833
283,2056,reg1,Geo_PP,Electricity,6446.326541043998
284,2057,reg1,Geo_PP,Electricity,6177.729601833833
285,2058,reg1,Geo_PP,Electricity,6067.1534050400005
286,2059,reg1,Geo_PP,Electricity,5687.977812439998
287,2060,reg1,Geo_PP,Electricity,5308.802219839996
288,2025,reg1,Solar_PV_PP,Electricity,58442.25618765205
289,2026,reg1,Solar_PV_PP,Electricity,69668.60586462897
290,2027,reg1,Solar_PV_PP,Electricity,80894.95554160587
291,2028,reg1,Solar_PV_PP,Electricity,92121.30521858277
292,2029,reg1,Solar_PV_PP,Electricity,103347.65489555968
293,2030,reg1,Solar_PV_PP,Electricity,114574.00457253658
294,2031,reg1,Solar_PV_PP,Electricity,125125.04828626702
295,2032,reg1,Solar_PV_PP,Electricity,134934.73729139328
296,2033,reg1,Solar_PV_PP,Electricity,146395.3696707188
297,2034,reg1,Solar_PV_PP,Electricity,158323.3906253741
298,2035,reg1,Solar_PV_PP,Electricity,163627.19700681447
299,2036,reg1,Solar_PV_PP,Electricity,174282.23276026244
300,2037,reg1,Solar_PV_PP,Electricity,180737.15478397836
301,2038,reg1,Solar_PV_PP,Electricity,186988.15874521752
302,2039,reg1,Solar_PV_PP,Electricity,191975.0187487923
303,2040,reg1,Solar_PV_PP,Electricity,197992.7207736381
304,2041,reg1,Solar_PV_PP,Electricity,208523.86133628018
305,2042,reg1,Solar_PV_PP,Electricity,215883.31395932048
306,2043,reg1,Solar_PV_PP,Electricity,226168.80932347255
307,2044,reg1,Solar_PV_PP,Electricity,237636.8826464897
308,2045,reg1,Solar_PV_PP,Electricity,246934.50450394582
309,2046,reg1,Solar_PV_PP,Electricity,250835.8787892856
310,2047,reg1,Solar_PV_PP,Electricity,255423.73258032475
311,2048,reg1,Solar_PV_PP,Electricity,259329.96821215953
312,2049,reg1,Solar_PV_PP,Electricity,269113.5272051662
313,2050,reg1,Solar_PV_PP,Electricity,275467.29490729026
314,2051,reg1,Solar_PV_PP,Electricity,269921.65613484674
315,2052,reg1,Solar_PV_PP,Electricity,264773.90240974096
316,2053,reg1,Solar_PV_PP,Electricity,267789.683820242
317,2054,reg1,Solar_PV_PP,Electricity,265617.02676918835
318,2055,reg1,Solar_PV_PP,Electricity,257366.9026747063
319,2056,reg1,Solar_PV_PP,Electricity,242781.4873544545
320,2057,reg1,Solar_PV_PP,Electricity,237402.2315963619
321,2058,reg1,Solar_PV_PP,Electricity,222262.37688455425
322,2059,reg1,Solar_PV_PP,Electricity,214957.8209406627
323,2060,reg1,Solar_PV_PP,Electricity,207422.47551185655
324,2025,reg1,Wind_On-Shore_PP,Electricity,22829.55393479698
325,2026,reg1,Wind_On-Shore_PP,Electricity,26144.06695051566
326,2027,reg1,Wind_On-Shore_PP,Electricity,29458.579966234338
327,2028,reg1,Wind_On-Shore_PP,Electricity,32773.092981953014
328,2029,reg1,Wind_On-Shore_PP,Electricity,36087.6059976717
329,2030,reg1,Wind_On-Shore_PP,Electricity,39231.80231294014
330,2031,reg1,Wind_On-Shore_PP,Electricity,42284.11373268578
331,2032,reg1,Wind_On-Shore_PP,Electricity,46031.14504482775
332,2033,reg1,Wind_On-Shore_PP,Electricity,47627.683737630054
333,2034,reg1,Wind_On-Shore_PP,Electricity,46885.481838362204
334,2035,reg1,Wind_On-Shore_PP,Electricity,51046.25394998408
335,2036,reg1,Wind_On-Shore_PP,Electricity,48529.427652250975
336,2037,reg1,Wind_On-Shore_PP,Electricity,50190.41462621017
337,2038,reg1,Wind_On-Shore_PP,Electricity,50903.188807741324
338,2039,reg1,Wind_On-Shore_PP,Electricity,54287.836956535306
339,2040,reg1,Wind_On-Shore_PP,Electricity,56886.86383574412
340,2041,reg1,Wind_On-Shore_PP,Electricity,56312.755159209686
341,2042,reg1,Wind_On-Shore_PP,Electricity,58488.86925619089
342,2043,reg1,Wind_On-Shore_PP,Electricity,62787.7227523025
343,2044,reg1,Wind_On-Shore_PP,Electricity,63706.62265469023
344,2045,reg1,Wind_On-Shore_PP,Electricity,65134.40791689485
345,2046,reg1,Wind_On-Shore_PP,Electricity,71332.90303466418
346,2047,reg1,Wind_On-Shore_PP,Electricity,72785.86184173619
347,2048,reg1,Wind_On-Shore_PP,Electricity,74456.41014872074
348,2049,reg1,Wind_On-Shore_PP,Electricity,73037.64656652272
349,2050,reg1,Wind_On-Shore_PP,Electricity,74043.8467083905
350,2051,reg1,Wind_On-Shore_PP,Electricity,78076.76908397963
351,2052,reg1,Wind_On-Shore_PP,Electricity,82877.13262783227
352,2053,reg1,Wind_On-Shore_PP,Electricity,78076.76908397957
353,2054,reg1,Wind_On-Shore_PP,Electricity,78076.76908397957
354,2055,reg1,Wind_On-Shore_PP,Electricity,85525.09976231107
355,2056,reg1,Wind_On-Shore_PP,Electricity,96386.4311744411
356,2057,reg1,Wind_On-Shore_PP,Electricity,97917.70890094095
357,2058,reg1,Wind_On-Shore_PP,Electricity,105692.37932776383
358,2059,reg1,Wind_On-Shore_PP,Electricity,105170.25105329609
359,2060,reg1,Wind_On-Shore_PP,Electricity,105692.37932776383
360,2025,reg1,Wind_Off-Shore_PP,Electricity,76.64064781414194
361,2026,reg1,Wind_Off-Shore_PP,Electricity,76.64064781414189
362,2027,reg1,Wind_Off-Shore_PP,Electricity,76.64064781414183
363,2028,reg1,Wind_Off-Shore_PP,Electricity,76.64064781414001
364,2029,reg1,Wind_Off-Shore_PP,Electricity,76.6406478141425
365,2030,reg1,Wind_Off-Shore_PP,Electricity,73.64253270214266
366,2031,reg1,Wind_Off-Shore_PP,Electricity,70.59104022992699
367,2032,reg1,Wind_Off-Shore_PP,Electricity,67.61407872290144
368,2033,reg1,Wind_Off-Shore_PP,Electricity,64.49325913312042
369,2034,reg1,Wind_Off-Shore_PP,Electricity,64.49325913312042
370,2035,reg1,Wind_Off-Shore_PP,Electricity,61.85249811119101
371,2036,reg1,Wind_Off-Shore_PP,Electricity,64.49325913312042
372,2037,reg1,Wind_Off-Shore_PP,Electricity,58.317605542746335
373,2038,reg1,Wind_Off-Shore_PP,Electricity,58.317605542746335
374,2039,reg1,Wind_Off-Shore_PP,Electricity,58.317605542746335
375,2040,reg1,Wind_Off-Shore_PP,Electricity,58.317605542746335
376,2041,reg1,Wind_Off-Shore_PP,Electricity,58.317605542746335
377,2042,reg1,Wind_Off-Shore_PP,Electricity,58.317605542746335
378,2043,reg1,Wind_Off-Shore_PP,Electricity,58.317605542746335
379,2044,reg1,Wind_Off-Shore_PP,Electricity,55.31561712468063
380,2045,reg1,Wind_Off-Shore_PP,Electricity,55.31561712468063
381,2046,reg1,Wind_Off-Shore_PP,Electricity,55.31561712468063
382,2047,reg1,Wind_Off-Shore_PP,Electricity,55.31561712468063
383,2048,reg1,Wind_Off-Shore_PP,Electricity,55.31561712468063
384,2049,reg1,Wind_Off-Shore_PP,Electricity,55.31561712468063
385,2050,reg1,Wind_Off-Shore_PP,Electricity,55.31561712468063
386,2051,reg1,Wind_Off-Shore_PP,Electricity,55.31561712468063
387,2052,reg1,Wind_Off-Shore_PP,Electricity,55.31561712468063
388,2053,reg1,Wind_Off-Shore_PP,Electricity,58.317605542746335
389,2054,reg1,Wind_Off-Shore_PP,Electricity,58.317605542746335
390,2055,reg1,Wind_Off-Shore_PP,Electricity,0.0
391,2056,reg1,Wind_Off-Shore_PP,Electricity,0.0
392,2057,reg1,Wind_Off-Shore_PP,Electricity,0.0
393,2058,reg1,Wind_Off-Shore_PP,Electricity,0.0
394,2059,reg1,Wind_Off-Shore_PP,Electricity,0.0
395,2060,reg1,Wind_Off-Shore_PP,Electricity,0.0
396,2025,reg1,Hydro_PP,Electricity,45704.90667599997
397,2026,reg1,Hydro_PP,Electricity,46022.403239999985
398,2027,reg1,Hydro_PP,Electricity,46252.8
399,2028,reg1,Hydro_PP,Electricity,46252.8
400,2029,reg1,Hydro_PP,Electricity,46252.8
401,2030,reg1,Hydro_PP,Electricity,46252.8
402,2031,reg1,Hydro_PP,Electricity,46252.799999999996
403,2032,reg1,Hydro_PP,Electricity,46252.8
404,2033,reg1,Hydro_PP,Electricity,46252.80000000001
405,2034,reg1,Hydro_PP,Electricity,46252.80000000002
406,2035,reg1,Hydro_PP,Electricity,46252.799999999756
407,2036,reg1,Hydro_PP,Electricity,46252.80000000001
408,2037,reg1,Hydro_PP,Electricity,46252.79999999931
409,2038,reg1,Hydro_PP,Electricity,46252.8
410,2039,reg1,Hydro_PP,Electricity,46252.79999999728
411,2040,reg1,Hydro_PP,Electricity,46252.799999999974
412,2041,reg1,Hydro_PP,Electricity,46252.79999999999
413,2042,reg1,Hydro_PP,Electricity,46252.79999999999
414,2043,reg1,Hydro_PP,Electricity,46252.79999999996
415,2044,reg1,Hydro_PP,Electricity,46252.79999999999
416,2045,reg1,Hydro_PP,Electricity,46252.79999999999
417,2046,reg1,Hydro_PP,Electricity,46252.799999999974
418,2047,reg1,Hydro_PP,Electricity,46252.79999999998
419,2048,reg1,Hydro_PP,Electricity,46252.799999999974
420,2049,reg1,Hydro_PP,Electricity,46252.79999999937
421,2050,reg1,Hydro_PP,Electricity,46252.8
422,2051,reg1,Hydro_PP,Electricity,46252.79999999998
423,2052,reg1,Hydro_PP,Electricity,46252.79999999996
424,2053,reg1,Hydro_PP,Electricity,46252.79999999999
425,2054,reg1,Hydro_PP,Electricity,46252.79999999999
426,2055,reg1,Hydro_PP,Electricity,46252.79999999999
427,2056,reg1,Hydro_PP,Electricity,46252.79999999633
428,2057,reg1,Hydro_PP,Electricity,46252.79999999737
429,2058,reg1,Hydro_PP,Electricity,46252.8
430,2059,reg1,Hydro_PP,Electricity,46252.79999999996
431,2060,reg1,Hydro_PP,Electricity,45704.90667599997
432,2025,reg1,UO2_supply ,UO2_fuel,0.0
433,2026,reg1,UO2_supply ,UO2_fuel,0.0
434,2027,reg1,UO2_supply ,UO2_fuel,0.0
435,2028,reg1,UO2_supply ,UO2_fuel,0.0
436,2029,reg1,UO2_supply ,UO2_fuel,0.0
437,2030,reg1,UO2_supply ,UO2_fuel,0.0
438,2031,reg1,UO2_supply ,UO2_fuel,0.0
439,2032,reg1,UO2_supply ,UO2_fuel,0.0
440,2033,reg1,UO2_supply ,UO2_fuel,0.0
441,2034,reg1,UO2_supply ,UO2_fuel,0.0
442,2035,reg1,UO2_supply ,UO2_fuel,0.0
443,2036,reg1,UO2_supply ,UO2_fuel,0.0
444,2037,reg1,UO2_supply ,UO2_fuel,0.0
445,2038,reg1,UO2_supply ,UO2_fuel,0.0
446,2039,reg1,UO2_supply ,UO2_fuel,0.0
447,2040,reg1,UO2_supply ,UO2_fuel,0.0
448,2041,reg1,UO2_supply ,UO2_fuel,0.0
449,2042,reg1,UO2_supply ,UO2_fuel,0.0
450,2043,reg1,UO2_supply ,UO2_fuel,0.0
451,2044,reg1,UO2_supply ,UO2_fuel,0.0
452,2045,reg1,UO2_supply ,UO2_fuel,0.0
453,2046,reg1,UO2_supply ,UO2_fuel,0.0
454,2047,reg1,UO2_supply ,UO2_fuel,0.0
455,2048,reg1,UO2_supply ,UO2_fuel,0.0
456,2049,reg1,UO2_supply ,UO2_fuel,0.0
457,2050,reg1,UO2_supply ,UO2_fuel,0.0
458,2051,reg1,UO2_supply ,UO2_fuel,0.0
459,2052,reg1,UO2_supply ,UO2_fuel,0.0
460,2053,reg1,UO2_supply ,UO2_fuel,0.0
461,2054,reg1,UO2_supply ,UO2_fuel,0.0
462,2055,reg1,UO2_supply ,UO2_fuel,0.0
463,2056,reg1,UO2_supply ,UO2_fuel,0.0
464,2057,reg1,UO2_supply ,UO2_fuel,0.0
465,2058,reg1,UO2_supply ,UO2_fuel,0.0
466,2059,reg1,UO2_supply ,UO2_fuel,0.0
467,2060,reg1,UO2_supply ,UO2_fuel,0.0
468,2025,reg1,Electricity_net_imports,Electricity,42999.999999999985
469,2026,reg1,Electricity_net_imports,Electricity,43000.0
470,2027,reg1,Electricity_net_imports,Electricity,43000.0
471,2028,reg1,Electricity_net_imports,Electricity,39915.468362705404
472,2029,reg1,Electricity_net_imports,Electricity,39671.59026787864
473,2030,reg1,Electricity_net_imports,Electricity,37798.400520369556
474,2031,reg1,Electricity_net_imports,Electricity,36764.79736523429
475,2032,reg1,Electricity_net_imports,Electricity,35885.221976880304
476,2033,reg1,Electricity_net_imports,Electricity,35379.56987959615
477,2034,reg1,Electricity_net_imports,Electricity,34796.61701913628
478,2035,reg1,Electricity_net_imports,Electricity,34500.0
479,2036,reg1,Electricity_net_imports,Electricity,32799.99999999999
480,2037,reg1,Electricity_net_imports,Electricity,31099.99999999988
481,2038,reg1,Electricity_net_imports,Electricity,29399.999999999993
482,2039,reg1,Electricity_net_imports,Electricity,27700.0
483,2040,reg1,Electricity_net_imports,Electricity,26000.0
484,2041,reg1,Electricity_net_imports,Electricity,25999.999999999993
485,2042,reg1,Electricity_net_imports,Electricity,25999.999999999996
486,2043,reg1,Electricity_net_imports,Electricity,25999.999999999993
487,2044,reg1,Electricity_net_imports,Electricity,26000.0
488,2045,reg1,Electricity_net_imports,Electricity,26000.0
489,2046,reg1,Electricity_net_imports,Electricity,25999.999999999996
490,2047,reg1,Electricity_net_imports,Electricity,26000.0
491,2048,reg1,Electricity_net_imports,Electricity,26000.0
492,2049,reg1,Electricity_net_imports,Electricity,25999.999999999876
493,2050,reg1,Electricity_net_imports,Electricity,26000.0
494,2051,reg1,Electricity_net_imports,Electricity,26000.0
495,2052,reg1,Electricity_net_imports,Electricity,25999.999999999996
496,2053,reg1,Electricity_net_imports,Electricity,26000.0
497,2054,reg1,Electricity_net_imports,Electricity,25999.999999999996
498,2055,reg1,Electricity_net_imports,Electricity,25999.999999999993
499,2056,reg1,Electricity_net_imports,Electricity,25999.999999999996
500,2057,reg1,Electricity_net_imports,Electricity,26000.0
501,2058,reg1,Electricity_net_imports,Electricity,25999.999999999996
502,2059,reg1,Electricity_net_imports,Electricity,25999.999999999996
503,2060,reg1,Electricity_net_imports,Electricity,26000.0
504,2025,reg1,Geo_HP,Heat,300.00039119999997
505,2026,reg1,Geo_HP,Heat,300.00039119999997
506,2027,reg1,Geo_HP,Heat,300.00039119999997
507,2028,reg1,Geo_HP,Heat,300.0
508,2029,reg1,Geo_HP,Heat,300.0
509,2030,reg1,Geo_HP,Heat,300.0
510,2031,reg1,Geo_HP,Heat,300.0
511,2032,reg1,Geo_HP,Heat,300.0
512,2033,reg1,Geo_HP,Heat,300.0
513,2034,reg1,Geo_HP,Heat,300.0
514,2035,reg1,Geo_HP,Heat,300.0
515,2036,reg1,Geo_HP,Heat,300.0
516,2037,reg1,Geo_HP,Heat,300.0
517,2038,reg1,Geo_HP,Heat,300.0
518,2039,reg1,Geo_HP,Heat,300.0
519,2040,reg1,Geo_HP,Heat,300.0
520,2041,reg1,Geo_HP,Heat,300.0
521,2042,reg1,Geo_HP,Heat,300.0
522,2043,reg1,Geo_HP,Heat,300.0
523,2044,reg1,Geo_HP,Heat,300.0
524,2045,reg1,Geo_HP,Heat,300.0
525,2046,reg1,Geo_HP,Heat,300.0
526,2047,reg1,Geo_HP,Heat,300.0
527,2048,reg1,Geo_HP,Heat,300.0
528,2049,reg1,Geo_HP,Heat,300.0
529,2050,reg1,Geo_HP,Heat,300.0
530,2051,reg1,Geo_HP,Heat,300.0
531,2052,reg1,Geo_HP,Heat,300.0
532,2053,reg1,Geo_HP,Heat,300.0
533,2054,reg1,Geo_HP,Heat,300.0
534,2055,reg1,Geo_HP,Heat,300.0
535,2056,reg1,Geo_HP,Heat,300.0
536,2057,reg1,Geo_HP,Heat,300.0
537,2058,reg1,Geo_HP,Heat,300.0
538,2059,reg1,Geo_HP,Heat,300.0
539,2060,reg1,Geo_HP,Heat,300.0
540,2025,reg1,Pump_hydro_ST,Electricity,0.0
541,2026,reg1,Pump_hydro_ST,Electricity,0.0
542,2027,reg1,Pump_hydro_ST,Electricity,58.51335633784583
543,2028,reg1,Pump_hydro_ST,Electricity,3566.6428143406706
544,2029,reg1,Pump_hydro_ST,Electricity,5806.77511919911
545,2030,reg1,Pump_hydro_ST,Electricity,8436.178721734123
546,2031,reg1,Pump_hydro_ST,Electricity,11070.58673936945
547,2032,reg1,Pump_hydro_ST,Electricity,11781.748957496397
548,2033,reg1,Pump_hydro_ST,Electricity,12377.147092756979
549,2034,reg1,Pump_hydro_ST,Electricity,12976.496415816153
550,2035,reg1,Pump_hydro_ST,Electricity,13637.79450062727
551,2036,reg1,Pump_hydro_ST,Electricity,14112.757293379582
552,2037,reg1,Pump_hydro_ST,Electricity,14560.397875007806
553,2038,reg1,Pump_hydro_ST,Electricity,14947.941711400577
554,2039,reg1,Pump_hydro_ST,Electricity,16552.967396583317
555,2040,reg1,Pump_hydro_ST,Electricity,18589.579593387294
556,2041,reg1,Pump_hydro_ST,Electricity,17850.980685068975
557,2042,reg1,Pump_hydro_ST,Electricity,18516.1048650237
558,2043,reg1,Pump_hydro_ST,Electricity,21517.87488309986
559,2044,reg1,Pump_hydro_ST,Electricity,21369.538866999035
560,2045,reg1,Pump_hydro_ST,Electricity,20990.37686699903
561,2046,reg1,Pump_hydro_ST,Electricity,20611.214866999027
562,2047,reg1,Pump_hydro_ST,Electricity,20232.052866999027
563,2048,reg1,Pump_hydro_ST,Electricity,19852.890866999034
564,2049,reg1,Pump_hydro_ST,Electricity,19949.869045921772
565,2050,reg1,Pump_hydro_ST,Electricity,19949.8901792968
566,2051,reg1,Pump_hydro_ST,Electricity,18976.826115523992
567,2052,reg1,Pump_hydro_ST,Electricity,18336.24286699904
568,2053,reg1,Pump_hydro_ST,Electricity,17957.080866999037
569,2054,reg1,Pump_hydro_ST,Electricity,17577.91886699904
570,2055,reg1,Pump_hydro_ST,Electricity,17198.756866999032
571,2056,reg1,Pump_hydro_ST,Electricity,16819.594866999036
572,2057,reg1,Pump_hydro_ST,Electricity,16289.498799818717
573,2058,reg1,Pump_hydro_ST,Electricity,15242.739324117378
574,2059,reg1,Pump_hydro_ST,Electricity,14195.979766529486
575,2060,reg1,Pump_hydro_ST,Electricity,14597.317817873265
576,2025,reg1,Electrochemical_ST,Electricity,0.0
577,2026,reg1,Electrochemical_ST,Electricity,0.0
578,2027,reg1,Electrochemical_ST,Electricity,3263.7730626382568
579,2028,reg1,Electrochemical_ST,Electricity,3683.3759623871138
580,2029,reg1,Electrochemical_ST,Electricity,3683.3759623871138
581,2030,reg1,Electrochemical_ST,Electricity,3683.3759623871138
582,2031,reg1,Electrochemical_ST,Electricity,3683.3759623871138
583,2032,reg1,Electrochemical_ST,Electricity,3683.3759623871138
584,2033,reg1,Electrochemical_ST,Electricity,3683.375962387114
585,2034,reg1,Electrochemical_ST,Electricity,3683.3759623871138
586,2035,reg1,Electrochemical_ST,Electricity,3683.3759623871138
587,2036,reg1,Electrochemical_ST,Electricity,3683.3759623871133
588,2037,reg1,Electrochemical_ST,Electricity,3683.3759623871138
589,2038,reg1,Electrochemical_ST,Electricity,3683.3759623871138
590,2039,reg1,Electrochemical_ST,Electricity,3683.375962387114
591,2040,reg1,Electrochemical_ST,Electricity,3683.375962387114
592,2041,reg1,Electrochemical_ST,Electricity,3683.375962387114
593,2042,reg1,Electrochemical_ST,Electricity,3683.3759623871147
594,2043,reg1,Electrochemical_ST,Electricity,6604.441338411172
595,2044,reg1,Electrochemical_ST,Electricity,10019.718076832229
596,2045,reg1,Electrochemical_ST,Electricity,13434.994815253292
597,2046,reg1,Electrochemical_ST,Electricity,16850.271553674353
598,2047,reg1,Electrochemical_ST,Electricity,16850.271553674353
599,2048,reg1,Electrochemical_ST,Electricity,16850.271553674353
600,2049,reg1,Electrochemical_ST,Electricity,20265.548292095416
601,2050,reg1,Electrochemical_ST,Electricity,23680.825030516477
602,2051,reg1,Electrochemical_ST,Electricity,26359.426576460108
603,2052,reg1,Electrochemical_ST,Electricity,29038.028122403746
604,2053,reg1,Electrochemical_ST,Electricity,31716.62966834738
605,2054,reg1,Electrochemical_ST,Electricity,34395.231214291016
606,2055,reg1,Electrochemical_ST,Electricity,37073.832760234654
607,2056,reg1,Electrochemical_ST,Electricity,37073.832760234654
608,2057,reg1,Electrochemical_ST,Electricity,37073.83276023467
609,2058,reg1,Electrochemical_ST,Electricity,34152.76738421063
610,2059,reg1,Electrochemical_ST,Electricity,30737.49064578954
611,2060,reg1,Electrochemical_ST,Electricity,27322.213907368478
612,2025,reg1,Hydrogen_ST,Hydrogen,0.0
613,2026,reg1,Hydrogen_ST,Hydrogen,4.28867909918221
614,2027,reg1,Hydrogen_ST,Hydrogen,8.694907335572323
615,2028,reg1,Hydrogen_ST,Hydrogen,13.223444489165264
616,2029,reg1,Hydrogen_ST,Hydrogen,17.98191570534456
617,2030,reg1,Hydrogen_ST,Hydrogen,26.649208864787433
618,2031,reg1,Hydrogen_ST,Hydrogen,25.815415470207252
619,2032,reg1,Hydrogen_ST,Hydrogen,25.000498738832558
620,2033,reg1,Hydrogen_ST,Hydrogen,24.20445867062858
621,2034,reg1,Hydrogen_ST,Hydrogen,23.44554346261179
622,2035,reg1,Hydrogen_ST,Hydrogen,22.93714860308904
623,2036,reg1,Hydrogen_ST,Hydrogen,22.441409638994113
624,2037,reg1,Hydrogen_ST,Hydrogen,21.958326573437827
625,2038,reg1,Hydrogen_ST,Hydrogen,21.48789940142444
626,2039,reg1,Hydrogen_ST,Hydrogen,42.364067468105524
627,2040,reg1,Hydrogen_ST,Hydrogen,58.436221829175345
628,2041,reg1,Hydrogen_ST,Hydrogen,28.135459928223778
629,2042,reg1,Hydrogen_ST,Hydrogen,4.700355513020099
630,2043,reg1,Hydrogen_ST,Hydrogen,0.0
631,2044,reg1,Hydrogen_ST,Hydrogen,0.0
632,2045,reg1,Hydrogen_ST,Hydrogen,0.0
633,2046,reg1,Hydrogen_ST,Hydrogen,0.0
634,2047,reg1,Hydrogen_ST,Hydrogen,0.0
635,2048,reg1,Hydrogen_ST,Hydrogen,0.0
636,2049,reg1,Hydrogen_ST,Hydrogen,0.0
637,2050,reg1,Hydrogen_ST,Hydrogen,0.0
638,2051,reg1,Hydrogen_ST,Hydrogen,0.0
639,2052,reg1,Hydrogen_ST,Hydrogen,0.0
640,2053,reg1,Hydrogen_ST,Hydrogen,0.0
641,2054,reg1,Hydrogen_ST,Hydrogen,0.0
642,2055,reg1,Hydrogen_ST,Hydrogen,0.0
643,2056,reg1,Hydrogen_ST,Hydrogen,0.0
644,2057,reg1,Hydrogen_ST,Hydrogen,54.37782950580123
645,2058,reg1,Hydrogen_ST,Hydrogen,54.377829506523796
646,2059,reg1,Hydrogen_ST,Hydrogen,25.003780587803877
647,2060,reg1,Hydrogen_ST,Hydrogen,25.003780596504388
648,2025,reg1,Thermal_ST,Heat,0.0
649,2026,reg1,Thermal_ST,Heat,0.0
650,2027,reg1,Thermal_ST,Heat,0.0
651,2028,reg1,Thermal_ST,Heat,0.0
652,2029,reg1,Thermal_ST,Heat,0.0
653,2030,reg1,Thermal_ST,Heat,0.0
654,2031,reg1,Thermal_ST,Heat,0.0
655,2032,reg1,Thermal_ST,Heat,0.0
656,2033,reg1,Thermal_ST,Heat,0.0
657,2034,reg1,Thermal_ST,Heat,0.0
658,2035,reg1,Thermal_ST,Heat,0.0
659,2036,reg1,Thermal_ST,Heat,0.0
660,2037,reg1,Thermal_ST,Heat,0.0
661,2038,reg1,Thermal_ST,Heat,0.0
662,2039,reg1,Thermal_ST,Heat,0.0
663,2040,reg1,Thermal_ST,Heat,0.0
664,2041,reg1,Thermal_ST,Heat,0.0
665,2042,reg1,Thermal_ST,Heat,0.0
666,2043,reg1,Thermal_ST,Heat,0.0
667,2044,reg1,Thermal_ST,Heat,0.0
668,2045,reg1,Thermal_ST,Heat,0.0
669,2046,reg1,Thermal_ST,Heat,0.0
670,2047,reg1,Thermal_ST,Heat,0.0
671,2048,reg1,Thermal_ST,Heat,0.0
672,2049,reg1,Thermal_ST,Heat,0.0
673,2050,reg1,Thermal_ST,Heat,0.0
674,2051,reg1,Thermal_ST,Heat,0.0
675,2052,reg1,Thermal_ST,Heat,0.0
676,2053,reg1,Thermal_ST,Heat,0.0
677,2054,reg1,Thermal_ST,Heat,0.0
678,2055,reg1,Thermal_ST,Heat,0.0
679,2056,reg1,Thermal_ST,Heat,0.0
680,2057,reg1,Thermal_ST,Heat,0.0
681,2058,reg1,Thermal_ST,Heat,0.0
682,2059,reg1,Thermal_ST,Heat,0.0
683,2060,reg1,Thermal_ST,Heat,0.0
684,2025,reg1,Thermal-H2_ST,Heat-H2,0.0
685,2026,reg1,Thermal-H2_ST,Heat-H2,0.0
686,2027,reg1,Thermal-H2_ST,Heat-H2,0.0
687,2028,reg1,Thermal-H2_ST,Heat-H2,0.0
688,2029,reg1,Thermal-H2_ST,Heat-H2,0.0
689,2030,reg1,Thermal-H2_ST,Heat-H2,0.0
690,2031,reg1,Thermal-H2_ST,Heat-H2,0.0
691,2032,reg1,Thermal-H2_ST,Heat-H2,0.0
692,2033,reg1,Thermal-H2_ST,Heat-H2,0.0
693,2034,reg1,Thermal-H2_ST,Heat-H2,0.0
694,2035,reg1,Thermal-H2_ST,Heat-H2,0.0
695,2036,reg1,Thermal-H2_ST,Heat-H2,0.0
696,2037,reg1,Thermal-H2_ST,Heat-H2,0.0
697,2038,reg1,Thermal-H2_ST,Heat-H2,0.0
698,2039,reg1,Thermal-H2_ST,Heat-H2,0.0
699,2040,reg1,Thermal-H2_ST,Heat-H2,0.0
700,2041,reg1,Thermal-H2_ST,Heat-H2,0.0
701,2042,reg1,Thermal-H2_ST,Heat-H2,0.0
702,2043,reg1,Thermal-H2_ST,Heat-H2,0.0
703,2044,reg1,Thermal-H2_ST,Heat-H2,0.0
704,2045,reg1,Thermal-H2_ST,Heat-H2,0.0
705,2046,reg1,Thermal-H2_ST,Heat-H2,0.0
706,2047,reg1,Thermal-H2_ST,Heat-H2,0.0
707,2048,reg1,Thermal-H2_ST,Heat-H2,0.0
708,2049,reg1,Thermal-H2_ST,Heat-H2,0.0
709,2050,reg1,Thermal-H2_ST,Heat-H2,0.0
710,2051,reg1,Thermal-H2_ST,Heat-H2,0.0
711,2052,reg1,Thermal-H2_ST,Heat-H2,0.0
712,2053,reg1,Thermal-H2_ST,Heat-H2,0.0
713,2054,reg1,Thermal-H2_ST,Heat-H2,0.0
714,2055,reg1,Thermal-H2_ST,Heat-H2,0.0
715,2056,reg1,Thermal-H2_ST,Heat-H2,0.0
716,2057,reg1,Thermal-H2_ST,Heat-H2,0.0
717,2058,reg1,Thermal-H2_ST,Heat-H2,0.0
718,2059,reg1,Thermal-H2_ST,Heat-H2,0.0
719,2060,reg1,Thermal-H2_ST,Heat-H2,0.0
720,2025,reg1,HTHP,Heat,0.0
721,2026,reg1,HTHP,Heat,0.0
722,2027,reg1,HTHP,Heat,0.0
723,2028,reg1,HTHP,Heat,119.97789032222465
724,2029,reg1,HTHP,Heat,2978.5984620744275
725,2030,reg1,HTHP,Heat,3263.9714913656762
726,2031,reg1,HTHP,Heat,4467.564378120887
727,2032,reg1,HTHP,Heat,6919.730942280524
728,2033,reg1,HTHP,Heat,9263.682400089025
729,2034,reg1,HTHP,Heat,11059.560140749178
730,2035,reg1,HTHP,Heat,12334.322996822339
731,2036,reg1,HTHP,Heat,13229.446638454509
732,2037,reg1,HTHP,Heat,14069.381127224884
733,2038,reg1,HTHP,Heat,14654.260204028884
734,2039,reg1,HTHP,Heat,15174.81736200347
735,2040,reg1,HTHP,Heat,15805.238187410112
736,2041,reg1,HTHP,Heat,18240.202748410637
737,2042,reg1,HTHP,Heat,19023.06595824338
738,2043,reg1,HTHP,Heat,18984.669628510328
739,2044,reg1,HTHP,Heat,21083.307407187305
740,2045,reg1,HTHP,Heat,22129.227874201173
741,2046,reg1,HTHP,Heat,22710.194460057697
742,2047,reg1,HTHP,Heat,23289.60959353933
743,2048,reg1,HTHP,Heat,24097.688693827662
744,2049,reg1,HTHP,Heat,24479.096500774525
745,2050,reg1,HTHP,Heat,24570.42253521128
746,2051,reg1,HTHP,Heat,24570.422535211273
747,2052,reg1,HTHP,Heat,23281.314062991638
748,2053,reg1,HTHP,Heat,20761.66068772518
749,2054,reg1,HTHP,Heat,17033.100295998796
750,2055,reg1,HTHP,Heat,15489.839168087927
751,2056,reg1,HTHP,Heat,14976.433541100254
752,2057,reg1,HTHP,Heat,13942.24677892696
753,2058,reg1,HTHP,Heat,13488.639920774402
754,2059,reg1,HTHP,Heat,13039.580859773701
755,2060,reg1,HTHP,Heat,12818.024533470396
756,2025,reg1,SMR,Hydrogen,0.0
757,2026,reg1,SMR,Hydrogen,1812.4376858969795
758,2027,reg1,SMR,Hydrogen,3579.301686100553
759,2028,reg1,SMR,Hydrogen,5300.592649671628
760,2029,reg1,SMR,Hydrogen,6976.325252766395
761,2030,reg1,SMR,Hydrogen,8607.001161914039
762,2031,reg1,SMR,Hydrogen,8823.694598206077
763,2032,reg1,SMR,Hydrogen,9035.482204066946
764,2033,reg1,SMR,Hydrogen,9242.363979496637
765,2034,reg1,SMR,Hydrogen,9444.342412885657
766,2035,reg1,SMR,Hydrogen,9641.446603618588
767,2036,reg1,SMR,Hydrogen,9833.6441156342
768,2037,reg1,SMR,Hydrogen,10020.934948931867
769,2038,reg1,SMR,Hydrogen,10203.319103512586
770,2039,reg1,SMR,Hydrogen,10223.529271308518
771,2040,reg1,SMR,Hydrogen,10366.572056853747
772,2041,reg1,SMR,Hydrogen,10149.314792715742
773,2042,reg1,SMR,Hydrogen,9902.062807889397
774,2043,reg1,SMR,Hydrogen,9627.222610815335
775,2044,reg1,SMR,Hydrogen,9378.208371311226
776,2045,reg1,SMR,Hydrogen,9129.194131807119
777,2046,reg1,SMR,Hydrogen,8880.179892303011
778,2047,reg1,SMR,Hydrogen,8631.165652798905
779,2048,reg1,SMR,Hydrogen,8382.151413294796
780,2049,reg1,SMR,Hydrogen,8107.952173771823
781,2050,reg1,SMR,Hydrogen,7858.937934286583
782,2051,reg1,SMR,Hydrogen,7858.937934286583
783,2052,reg1,SMR,Hydrogen,7884.122934286584
784,2053,reg1,SMR,Hydrogen,7884.122934286584
785,2054,reg1,SMR,Hydrogen,7884.122934286584
786,2055,reg1,SMR,Hydrogen,7884.122934286584
787,2056,reg1,SMR,Hydrogen,7909.307934286584
788,2057,reg1,SMR,Hydrogen,7892.556183553932
789,2058,reg1,SMR,Hydrogen,7892.556183552708
790,2059,reg1,SMR,Hydrogen,8063.827540730375
791,2060,reg1,SMR,Hydrogen,8063.827540731561
792,2025,reg1,SMR_CCS,Hydrogen,0.0
793,2026,reg1,SMR_CCS,Hydrogen,0.0
794,2027,reg1,SMR_CCS,Hydrogen,0.0
795,2028,reg1,SMR_CCS,Hydrogen,0.0
796,2029,reg1,SMR_CCS,Hydrogen,0.0
797,2030,reg1,SMR_CCS,Hydrogen,0.0
798,2031,reg1,SMR_CCS,Hydrogen,0.0
799,2032,reg1,SMR_CCS,Hydrogen,0.0
800,2033,reg1,SMR_CCS,Hydrogen,0.0
801,2034,reg1,SMR_CCS,Hydrogen,0.0
802,2035,reg1,SMR_CCS,Hydrogen,0.0
803,2036,reg1,SMR_CCS,Hydrogen,0.0
804,2037,reg1,SMR_CCS,Hydrogen,0.0
805,2038,reg1,SMR_CCS,Hydrogen,0.0
806,2039,reg1,SMR_CCS,Hydrogen,0.0
807,2040,reg1,SMR_CCS,Hydrogen,0.0
808,2041,reg1,SMR_CCS,Hydrogen,0.0
809,2042,reg1,SMR_CCS,Hydrogen,0.0
810,2043,reg1,SMR_CCS,Hydrogen,0.0
811,2044,reg1,SMR_CCS,Hydrogen,0.0
812,2045,reg1,SMR_CCS,Hydrogen,0.0
813,2046,reg1,SMR_CCS,Hydrogen,0.0
814,2047,reg1,SMR_CCS,Hydrogen,0.0
815,2048,reg1,SMR_CCS,Hydrogen,0.0
816,2049,reg1,SMR_CCS,Hydrogen,0.0
817,2050,reg1,SMR_CCS,Hydrogen,0.0
818,2051,reg1,SMR_CCS,Hydrogen,0.0
819,2052,reg1,SMR_CCS,Hydrogen,0.0
820,2053,reg1,SMR_CCS,Hydrogen,0.0
821,2054,reg1,SMR_CCS,Hydrogen,0.0
822,2055,reg1,SMR_CCS,Hydrogen,0.0
823,2056,reg1,SMR_CCS,Hydrogen,0.0
824,2057,reg1,SMR_CCS,Hydrogen,0.0
825,2058,reg1,SMR_CCS,Hydrogen,0.0
826,2059,reg1,SMR_CCS,Hydrogen,0.0
827,2060,reg1,SMR_CCS,Hydrogen,0.0
828,2025,reg1,Electrolysis_PEM,Hydrogen,0.0
829,2026,reg1,Electrolysis_PEM,Hydrogen,0.0
830,2027,reg1,Electrolysis_PEM,Hydrogen,0.0
831,2028,reg1,Electrolysis_PEM,Hydrogen,0.0
832,2029,reg1,Electrolysis_PEM,Hydrogen,0.0
833,2030,reg1,Electrolysis_PEM,Hydrogen,0.0
834,2031,reg1,Electrolysis_PEM,Hydrogen,0.0
835,2032,reg1,Electrolysis_PEM,Hydrogen,0.0
836,2033,reg1,Electrolysis_PEM,Hydrogen,0.0
837,2034,reg1,Electrolysis_PEM,Hydrogen,0.0
838,2035,reg1,Electrolysis_PEM,Hydrogen,0.0
839,2036,reg1,Electrolysis_PEM,Hydrogen,0.0
840,2037,reg1,Electrolysis_PEM,Hydrogen,0.0
841,2038,reg1,Electrolysis_PEM,Hydrogen,0.0
842,2039,reg1,Electrolysis_PEM,Hydrogen,160.17648161100522
843,2040,reg1,Electrolysis_PEM,Hydrogen,191.95684817788504
844,2041,reg1,Electrolysis_PEM,Hydrogen,156.0679507343806
845,2042,reg1,Electrolysis_PEM,Hydrogen,151.11
846,2043,reg1,Electrolysis_PEM,Hydrogen,176.29500000000002
847,2044,reg1,Electrolysis_PEM,Hydrogen,176.29500000000002
848,2045,reg1,Electrolysis_PEM,Hydrogen,176.29500000000002
849,2046,reg1,Electrolysis_PEM,Hydrogen,176.29500000000002
850,2047,reg1,Electrolysis_PEM,Hydrogen,176.29500000000002
851,2048,reg1,Electrolysis_PEM,Hydrogen,176.29500000000002
852,2049,reg1,Electrolysis_PEM,Hydrogen,201.48000000000002
853,2050,reg1,Electrolysis_PEM,Hydrogen,201.48000000000002
854,2051,reg1,Electrolysis_PEM,Hydrogen,201.48000000000002
855,2052,reg1,Electrolysis_PEM,Hydrogen,176.29500000000002
856,2053,reg1,Electrolysis_PEM,Hydrogen,176.29500000000002
857,2054,reg1,Electrolysis_PEM,Hydrogen,176.29500000000002
858,2055,reg1,Electrolysis_PEM,Hydrogen,176.29500000000002
859,2056,reg1,Electrolysis_PEM,Hydrogen,151.11
860,2057,reg1,Electrolysis_PEM,Hydrogen,175.2769093016252
861,2058,reg1,Electrolysis_PEM,Hydrogen,175.27690930294767
862,2059,reg1,Electrolysis_PEM,Hydrogen,0.0
863,2060,reg1,Electrolysis_PEM,Hydrogen,0.0
864,2025,reg1,SFF_PP,Electricity,3141.437615999999
865,2026,reg1,SFF_PP,Electricity,2374.0616160000004
866,2027,reg1,SFF_PP,Electricity,1393.8176159999998
867,2028,reg1,SFF_PP,Electricity,1262.417616
868,2029,reg1,SFF_PP,Electricity,1123.1336160000003
869,2030,reg1,SFF_PP,Electricity,0.0
870,2031,reg1,SFF_PP,Electricity,0.0
871,2032,reg1,SFF_PP,Electricity,0.0
872,2033,reg1,SFF_PP,Electricity,0.0
873,2034,reg1,SFF_PP,Electricity,0.0
874,2035,reg1,SFF_PP,Electricity,0.0
875,2036,reg1,SFF_PP,Electricity,0.0
876,2037,reg1,SFF_PP,Electricity,0.0
877,2038,reg1,SFF_PP,Electricity,0.0
878,2039,reg1,SFF_PP,Electricity,0.0
879,2040,reg1,SFF_PP,Electricity,0.0
880,2041,reg1,SFF_PP,Electricity,0.0
881,2042,reg1,SFF_PP,Electricity,0.0
882,2043,reg1,SFF_PP,Electricity,0.0
883,2044,reg1,SFF_PP,Electricity,0.0
884,2045,reg1,SFF_PP,Electricity,0.0
885,2046,reg1,SFF_PP,Electricity,0.0
886,2047,reg1,SFF_PP,Electricity,0.0
887,2048,reg1,SFF_PP,Electricity,0.0
888,2049,reg1,SFF_PP,Electricity,0.0
889,2050,reg1,SFF_PP,Electricity,0.0
890,2051,reg1,SFF_PP,Electricity,0.0
891,2052,reg1,SFF_PP,Electricity,0.0
892,2053,reg1,SFF_PP,Electricity,0.0
893,2054,reg1,SFF_PP,Electricity,0.0
894,2055,reg1,SFF_PP,Electricity,0.0
895,2056,reg1,SFF_PP,Electricity,0.0
896,2057,reg1,SFF_PP,Electricity,0.0
897,2058,reg1,SFF_PP,Electricity,0.0
898,2059,reg1,SFF_PP,Electricity,0.0
899,2060,reg1,SFF_PP,Electricity,0.0
900,2025,reg1,Nuc_SMR_PP,Electricity,0.0
901,2026,reg1,Nuc_SMR_PP,Electricity,0.0
902,2027,reg1,Nuc_SMR_PP,Electricity,0.0
903,2028,reg1,Nuc_SMR_PP,Electricity,0.0
904,2029,reg1,Nuc_SMR_PP,Electricity,0.0
905,2030,reg1,Nuc_SMR_PP,Electricity,0.0
906,2031,reg1,Nuc_SMR_PP,Electricity,0.0
907,2032,reg1,Nuc_SMR_PP,Electricity,0.0
908,2033,reg1,Nuc_SMR_PP,Electricity,0.0
909,2034,reg1,Nuc_SMR_PP,Electricity,0.0
910,2035,reg1,Nuc_SMR_PP,Electricity,0.0
911,2036,reg1,Nuc_SMR_PP,Electricity,0.0
912,2037,reg1,Nuc_SMR_PP,Electricity,0.0
913,2038,reg1,Nuc_SMR_PP,Electricity,0.0
914,2039,reg1,Nuc_SMR_PP,Electricity,0.0
915,2040,reg1,Nuc_SMR_PP,Electricity,0.0
916,2041,reg1,Nuc_SMR_PP,Electricity,0.0
917,2042,reg1,Nuc_SMR_PP,Electricity,0.0
918,2043,reg1,Nuc_SMR_PP,Electricity,0.0
919,2044,reg1,Nuc_SMR_PP,Electricity,0.0
920,2045,reg1,Nuc_SMR_PP,Electricity,0.0
921,2046,reg1,Nuc_SMR_PP,Electricity,0.0
922,2047,reg1,Nuc_SMR_PP,Electricity,0.0
923,2048,reg1,Nuc_SMR_PP,Electricity,0.0
924,2049,reg1,Nuc_SMR_PP,Electricity,0.0
925,2050,reg1,Nuc_SMR_PP,Electricity,0.0
926,2051,reg1,Nuc_SMR_PP,Electricity,0.0
927,2052,reg1,Nuc_SMR_PP,Electricity,0.0
928,2053,reg1,Nuc_SMR_PP,Electricity,0.0
929,2054,reg1,Nuc_SMR_PP,Electricity,0.0
930,2055,reg1,Nuc_SMR_PP,Electricity,0.0
931,2056,reg1,Nuc_SMR_PP,Electricity,0.0
932,2057,reg1,Nuc_SMR_PP,Electricity,0.0
933,2058,reg1,Nuc_SMR_PP,Electricity,0.0
934,2059,reg1,Nuc_SMR_PP,Electricity,0.0
935,2060,reg1,Nuc_SMR_PP,Electricity,0.0
936,2025,reg1,Nuc_G3+_PP,Electricity,0.0
937,2026,reg1,Nuc_G3+_PP,Electricity,0.0
938,2027,reg1,Nuc_G3+_PP,Electricity,0.0
939,2028,reg1,Nuc_G3+_PP,Electricity,0.0
940,2029,reg1,Nuc_G3+_PP,Electricity,0.0
941,2030,reg1,Nuc_G3+_PP,Electricity,0.0
942,2031,reg1,Nuc_G3+_PP,Electricity,0.0
943,2032,reg1,Nuc_G3+_PP,Electricity,0.0
944,2033,reg1,Nuc_G3+_PP,Electricity,0.0
945,2034,reg1,Nuc_G3+_PP,Electricity,0.0
946,2035,reg1,Nuc_G3+_PP,Electricity,0.0
947,2036,reg1,Nuc_G3+_PP,Electricity,0.0
948,2037,reg1,Nuc_G3+_PP,Electricity,0.0
949,2038,reg1,Nuc_G3+_PP,Electricity,0.0
950,2039,reg1,Nuc_G3+_PP,Electricity,0.0
951,2040,reg1,Nuc_G3+_PP,Electricity,0.0
952,2041,reg1,Nuc_G3+_PP,Electricity,0.0
953,2042,reg1,Nuc_G3+_PP,Electricity,0.0
954,2043,reg1,Nuc_G3+_PP,Electricity,0.0
955,2044,reg1,Nuc_G3+_PP,Electricity,0.0
956,2045,reg1,Nuc_G3+_PP,Electricity,0.0
957,2046,reg1,Nuc_G3+_PP,Electricity,0.0
958,2047,reg1,Nuc_G3+_PP,Electricity,0.0
959,2048,reg1,Nuc_G3+_PP,Electricity,0.0
960,2049,reg1,Nuc_G3+_PP,Electricity,0.0
961,2050,reg1,Nuc_G3+_PP,Electricity,0.0
962,2051,reg1,Nuc_G3+_PP,Electricity,0.0
963,2052,reg1,Nuc_G3+_PP,Electricity,0.0
964,2053,reg1,Nuc_G3+_PP,Electricity,0.0
965,2054,reg1,Nuc_G3+_PP,Electricity,0.0
966,2055,reg1,Nuc_G3+_PP,Electricity,0.0
967,2056,reg1,Nuc_G3+_PP,Electricity,0.0
968,2057,reg1,Nuc_G3+_PP,Electricity,0.0
969,2058,reg1,Nuc_G3+_PP,Electricity,0.0
970,2059,reg1,Nuc_G3+_PP,Electricity,0.0
971,2060,reg1,Nuc_G3+_PP,Electricity,0.0
972,2025,reg1,Nuc_SMR_CHP,Nuc_CHP-Heat,0.0
973,2026,reg1,Nuc_SMR_CHP,Nuc_CHP-Heat,0.0
974,2027,reg1,Nuc_SMR_CHP,Nuc_CHP-Heat,0.0
975,2028,reg1,Nuc_SMR_CHP,Nuc_CHP-Heat,0.0
976,2029,reg1,Nuc_SMR_CHP,Nuc_CHP-Heat,0.0
977,2030,reg1,Nuc_SMR_CHP,Nuc_CHP-Heat,0.0
978,2031,reg1,Nuc_SMR_CHP,Nuc_CHP-Heat,0.0
979,2032,reg1,Nuc_SMR_CHP,Nuc_CHP-Heat,0.0
980,2033,reg1,Nuc_SMR_CHP,Nuc_CHP-Heat,0.0
981,2034,reg1,Nuc_SMR_CHP,Nuc_CHP-Heat,0.0
982,2035,reg1,Nuc_SMR_CHP,Nuc_CHP-Heat,0.0
983,2036,reg1,Nuc_SMR_CHP,Nuc_CHP-Heat,0.0
984,2037,reg1,Nuc_SMR_CHP,Nuc_CHP-Heat,0.0
985,2038,reg1,Nuc_SMR_CHP,Nuc_CHP-Heat,0.0
986,2039,reg1,Nuc_SMR_CHP,Nuc_CHP-Heat,0.0
987,2040,reg1,Nuc_SMR_CHP,Nuc_CHP-Heat,0.0
988,2041,reg1,Nuc_SMR_CHP,Nuc_CHP-Heat,0.0
989,2042,reg1,Nuc_SMR_CHP,Nuc_CHP-Heat,0.0
990,2043,reg1,Nuc_SMR_CHP,Nuc_CHP-Heat,0.0
991,2044,reg1,Nuc_SMR_CHP,Nuc_CHP-Heat,0.0
992,2045,reg1,Nuc_SMR_CHP,Nuc_CHP-Heat,0.0
993,2046,reg1,Nuc_SMR_CHP,Nuc_CHP-Heat,0.0
994,2047,reg1,Nuc_SMR_CHP,Nuc_CHP-Heat,0.0
995,2048,reg1,Nuc_SMR_CHP,Nuc_CHP-Heat,0.0
996,2049,reg1,Nuc_SMR_CHP,Nuc_CHP-Heat,0.0
997,2050,reg1,Nuc_SMR_CHP,Nuc_CHP-Heat,0.0
998,2051,reg1,Nuc_SMR_CHP,Nuc_CHP-Heat,0.0
999,2052,reg1,Nuc_SMR_CHP,Nuc_CHP-Heat,0.0
1000,2053,reg1,Nuc_SMR_CHP,Nuc_CHP-Heat,0.0
1001,2054,reg1,Nuc_SMR_CHP,Nuc_CHP-Heat,0.0
1002,2055,reg1,Nuc_SMR_CHP,Nuc_CHP-Heat,0.0
1003,2056,reg1,Nuc_SMR_CHP,Nuc_CHP-Heat,0.0
1004,2057,reg1,Nuc_SMR_CHP,Nuc_CHP-Heat,0.0
1005,2058,reg1,Nuc_SMR_CHP,Nuc_CHP-Heat,0.0
1006,2059,reg1,Nuc_SMR_CHP,Nuc_CHP-Heat,0.0
1007,2060,reg1,Nuc_SMR_CHP,Nuc_CHP-Heat,0.0
1008,2025,reg1,Nuc_SMR_Power-CHP,Electricity,0.0
1009,2026,reg1,Nuc_SMR_Power-CHP,Electricity,0.0
1010,2027,reg1,Nuc_SMR_Power-CHP,Electricity,0.0
1011,2028,reg1,Nuc_SMR_Power-CHP,Electricity,0.0
1012,2029,reg1,Nuc_SMR_Power-CHP,Electricity,0.0
1013,2030,reg1,Nuc_SMR_Power-CHP,Electricity,0.0
1014,2031,reg1,Nuc_SMR_Power-CHP,Electricity,0.0
1015,2032,reg1,Nuc_SMR_Power-CHP,Electricity,0.0
1016,2033,reg1,Nuc_SMR_Power-CHP,Electricity,0.0
1017,2034,reg1,Nuc_SMR_Power-CHP,Electricity,0.0
1018,2035,reg1,Nuc_SMR_Power-CHP,Electricity,0.0
1019,2036,reg1,Nuc_SMR_Power-CHP,Electricity,0.0
1020,2037,reg1,Nuc_SMR_Power-CHP,Electricity,0.0
1021,2038,reg1,Nuc_SMR_Power-CHP,Electricity,0.0
1022,2039,reg1,Nuc_SMR_Power-CHP,Electricity,0.0
1023,2040,reg1,Nuc_SMR_Power-CHP,Electricity,0.0
1024,2041,reg1,Nuc_SMR_Power-CHP,Electricity,0.0
1025,2042,reg1,Nuc_SMR_Power-CHP,Electricity,0.0
1026,2043,reg1,Nuc_SMR_Power-CHP,Electricity,0.0
1027,2044,reg1,Nuc_SMR_Power-CHP,Electricity,0.0
1028,2045,reg1,Nuc_SMR_Power-CHP,Electricity,0.0
1029,2046,reg1,Nuc_SMR_Power-CHP,Electricity,0.0
1030,2047,reg1,Nuc_SMR_Power-CHP,Electricity,0.0
1031,2048,reg1,Nuc_SMR_Power-CHP,Electricity,0.0
1032,2049,reg1,Nuc_SMR_Power-CHP,Electricity,0.0
1033,2050,reg1,Nuc_SMR_Power-CHP,Electricity,0.0
1034,2051,reg1,Nuc_SMR_Power-CHP,Electricity,0.0
1035,2052,reg1,Nuc_SMR_Power-CHP,Electricity,0.0
1036,2053,reg1,Nuc_SMR_Power-CHP,Electricity,0.0
1037,2054,reg1,Nuc_SMR_Power-CHP,Electricity,0.0
1038,2055,reg1,Nuc_SMR_Power-CHP,Electricity,0.0
1039,2056,reg1,Nuc_SMR_Power-CHP,Electricity,0.0
1040,2057,reg1,Nuc_SMR_Power-CHP,Electricity,0.0
1041,2058,reg1,Nuc_SMR_Power-CHP,Electricity,0.0
1042,2059,reg1,Nuc_SMR_Power-CHP,Electricity,0.0
1043,2060,reg1,Nuc_SMR_Power-CHP,Electricity,0.0
1044,2025,reg1,Nuc_SMR_Heat-CHP,Nuc_SMR-Heat,0.0
1045,2026,reg1,Nuc_SMR_Heat-CHP,Nuc_SMR-Heat,0.0
1046,2027,reg1,Nuc_SMR_Heat-CHP,Nuc_SMR-Heat,0.0
1047,2028,reg1,Nuc_SMR_Heat-CHP,Nuc_SMR-Heat,0.0
1048,2029,reg1,Nuc_SMR_Heat-CHP,Nuc_SMR-Heat,0.0
1049,2030,reg1,Nuc_SMR_Heat-CHP,Nuc_SMR-Heat,0.0
1050,2031,reg1,Nuc_SMR_Heat-CHP,Nuc_SMR-Heat,0.0
1051,2032,reg1,Nuc_SMR_Heat-CHP,Nuc_SMR-Heat,0.0
1052,2033,reg1,Nuc_SMR_Heat-CHP,Nuc_SMR-Heat,0.0
1053,2034,reg1,Nuc_SMR_Heat-CHP,Nuc_SMR-Heat,0.0
1054,2035,reg1,Nuc_SMR_Heat-CHP,Nuc_SMR-Heat,0.0
1055,2036,reg1,Nuc_SMR_Heat-CHP,Nuc_SMR-Heat,0.0
1056,2037,reg1,Nuc_SMR_Heat-CHP,Nuc_SMR-Heat,0.0
1057,2038,reg1,Nuc_SMR_Heat-CHP,Nuc_SMR-Heat,0.0
1058,2039,reg1,Nuc_SMR_Heat-CHP,Nuc_SMR-Heat,0.0
1059,2040,reg1,Nuc_SMR_Heat-CHP,Nuc_SMR-Heat,0.0
1060,2041,reg1,Nuc_SMR_Heat-CHP,Nuc_SMR-Heat,0.0
1061,2042,reg1,Nuc_SMR_Heat-CHP,Nuc_SMR-Heat,0.0
1062,2043,reg1,Nuc_SMR_Heat-CHP,Nuc_SMR-Heat,0.0
1063,2044,reg1,Nuc_SMR_Heat-CHP,Nuc_SMR-Heat,0.0
1064,2045,reg1,Nuc_SMR_Heat-CHP,Nuc_SMR-Heat,0.0
1065,2046,reg1,Nuc_SMR_Heat-CHP,Nuc_SMR-Heat,0.0
1066,2047,reg1,Nuc_SMR_Heat-CHP,Nuc_SMR-Heat,0.0
1067,2048,reg1,Nuc_SMR_Heat-CHP,Nuc_SMR-Heat,0.0
1068,2049,reg1,Nuc_SMR_Heat-CHP,Nuc_SMR-Heat,0.0
1069,2050,reg1,Nuc_SMR_Heat-CHP,Nuc_SMR-Heat,0.0
1070,2051,reg1,Nuc_SMR_Heat-CHP,Nuc_SMR-Heat,0.0
1071,2052,reg1,Nuc_SMR_Heat-CHP,Nuc_SMR-Heat,0.0
1072,2053,reg1,Nuc_SMR_Heat-CHP,Nuc_SMR-Heat,0.0
1073,2054,reg1,Nuc_SMR_Heat-CHP,Nuc_SMR-Heat,0.0
1074,2055,reg1,Nuc_SMR_Heat-CHP,Nuc_SMR-Heat,0.0
1075,2056,reg1,Nuc_SMR_Heat-CHP,Nuc_SMR-Heat,0.0
1076,2057,reg1,Nuc_SMR_Heat-CHP,Nuc_SMR-Heat,0.0
1077,2058,reg1,Nuc_SMR_Heat-CHP,Nuc_SMR-Heat,0.0
1078,2059,reg1,Nuc_SMR_Heat-CHP,Nuc_SMR-Heat,0.0
1079,2060,reg1,Nuc_SMR_Heat-CHP,Nuc_SMR-Heat,0.0
1080,2025,reg1,Nuc_SMR-H2_CHP,Nuc_CHP-H2-Heat,0.0
1081,2026,reg1,Nuc_SMR-H2_CHP,Nuc_CHP-H2-Heat,0.0
1082,2027,reg1,Nuc_SMR-H2_CHP,Nuc_CHP-H2-Heat,0.0
1083,2028,reg1,Nuc_SMR-H2_CHP,Nuc_CHP-H2-Heat,0.0
1084,2029,reg1,Nuc_SMR-H2_CHP,Nuc_CHP-H2-Heat,0.0
1085,2030,reg1,Nuc_SMR-H2_CHP,Nuc_CHP-H2-Heat,0.0
1086,2031,reg1,Nuc_SMR-H2_CHP,Nuc_CHP-H2-Heat,0.0
1087,2032,reg1,Nuc_SMR-H2_CHP,Nuc_CHP-H2-Heat,0.0
1088,2033,reg1,Nuc_SMR-H2_CHP,Nuc_CHP-H2-Heat,0.0
1089,2034,reg1,Nuc_SMR-H2_CHP,Nuc_CHP-H2-Heat,0.0
1090,2035,reg1,Nuc_SMR-H2_CHP,Nuc_CHP-H2-Heat,0.0
1091,2036,reg1,Nuc_SMR-H2_CHP,Nuc_CHP-H2-Heat,0.0
1092,2037,reg1,Nuc_SMR-H2_CHP,Nuc_CHP-H2-Heat,0.0
1093,2038,reg1,Nuc_SMR-H2_CHP,Nuc_CHP-H2-Heat,0.0
1094,2039,reg1,Nuc_SMR-H2_CHP,Nuc_CHP-H2-Heat,0.0
1095,2040,reg1,Nuc_SMR-H2_CHP,Nuc_CHP-H2-Heat,0.0
1096,2041,reg1,Nuc_SMR-H2_CHP,Nuc_CHP-H2-Heat,0.0
1097,2042,reg1,Nuc_SMR-H2_CHP,Nuc_CHP-H2-Heat,0.0
1098,2043,reg1,Nuc_SMR-H2_CHP,Nuc_CHP-H2-Heat,0.0
1099,2044,reg1,Nuc_SMR-H2_CHP,Nuc_CHP-H2-Heat,0.0
1100,2045,reg1,Nuc_SMR-H2_CHP,Nuc_CHP-H2-Heat,0.0
1101,2046,reg1,Nuc_SMR-H2_CHP,Nuc_CHP-H2-Heat,0.0
1102,2047,reg1,Nuc_SMR-H2_CHP,Nuc_CHP-H2-Heat,0.0
1103,2048,reg1,Nuc_SMR-H2_CHP,Nuc_CHP-H2-Heat,0.0
1104,2049,reg1,Nuc_SMR-H2_CHP,Nuc_CHP-H2-Heat,0.0
1105,2050,reg1,Nuc_SMR-H2_CHP,Nuc_CHP-H2-Heat,0.0
1106,2051,reg1,Nuc_SMR-H2_CHP,Nuc_CHP-H2-Heat,0.0
1107,2052,reg1,Nuc_SMR-H2_CHP,Nuc_CHP-H2-Heat,0.0
1108,2053,reg1,Nuc_SMR-H2_CHP,Nuc_CHP-H2-Heat,0.0
1109,2054,reg1,Nuc_SMR-H2_CHP,Nuc_CHP-H2-Heat,0.0
1110,2055,reg1,Nuc_SMR-H2_CHP,Nuc_CHP-H2-Heat,0.0
1111,2056,reg1,Nuc_SMR-H2_CHP,Nuc_CHP-H2-Heat,0.0
1112,2057,reg1,Nuc_SMR-H2_CHP,Nuc_CHP-H2-Heat,0.0
1113,2058,reg1,Nuc_SMR-H2_CHP,Nuc_CHP-H2-Heat,0.0
1114,2059,reg1,Nuc_SMR-H2_CHP,Nuc_CHP-H2-Heat,0.0
1115,2060,reg1,Nuc_SMR-H2_CHP,Nuc_CHP-H2-Heat,0.0
1116,2025,reg1,Nuc_SMR-H2_Power-CHP,Electricity,0.0
1117,2026,reg1,Nuc_SMR-H2_Power-CHP,Electricity,0.0
1118,2027,reg1,Nuc_SMR-H2_Power-CHP,Electricity,0.0
1119,2028,reg1,Nuc_SMR-H2_Power-CHP,Electricity,0.0
1120,2029,reg1,Nuc_SMR-H2_Power-CHP,Electricity,0.0
1121,2030,reg1,Nuc_SMR-H2_Power-CHP,Electricity,0.0
1122,2031,reg1,Nuc_SMR-H2_Power-CHP,Electricity,0.0
1123,2032,reg1,Nuc_SMR-H2_Power-CHP,Electricity,0.0
1124,2033,reg1,Nuc_SMR-H2_Power-CHP,Electricity,0.0
1125,2034,reg1,Nuc_SMR-H2_Power-CHP,Electricity,0.0
1126,2035,reg1,Nuc_SMR-H2_Power-CHP,Electricity,0.0
1127,2036,reg1,Nuc_SMR-H2_Power-CHP,Electricity,0.0
1128,2037,reg1,Nuc_SMR-H2_Power-CHP,Electricity,0.0
1129,2038,reg1,Nuc_SMR-H2_Power-CHP,Electricity,0.0
1130,2039,reg1,Nuc_SMR-H2_Power-CHP,Electricity,0.0
1131,2040,reg1,Nuc_SMR-H2_Power-CHP,Electricity,0.0
1132,2041,reg1,Nuc_SMR-H2_Power-CHP,Electricity,0.0
1133,2042,reg1,Nuc_SMR-H2_Power-CHP,Electricity,0.0
1134,2043,reg1,Nuc_SMR-H2_Power-CHP,Electricity,0.0
1135,2044,reg1,Nuc_SMR-H2_Power-CHP,Electricity,0.0
1136,2045,reg1,Nuc_SMR-H2_Power-CHP,Electricity,0.0
1137,2046,reg1,Nuc_SMR-H2_Power-CHP,Electricity,0.0
1138,2047,reg1,Nuc_SMR-H2_Power-CHP,Electricity,0.0
1139,2048,reg1,Nuc_SMR-H2_Power-CHP,Electricity,0.0
1140,2049,reg1,Nuc_SMR-H2_Power-CHP,Electricity,0.0
1141,2050,reg1,Nuc_SMR-H2_Power-CHP,Electricity,0.0
1142,2051,reg1,Nuc_SMR-H2_Power-CHP,Electricity,0.0
1143,2052,reg1,Nuc_SMR-H2_Power-CHP,Electricity,0.0
1144,2053,reg1,Nuc_SMR-H2_Power-CHP,Electricity,0.0
1145,2054,reg1,Nuc_SMR-H2_Power-CHP,Electricity,0.0
1146,2055,reg1,Nuc_SMR-H2_Power-CHP,Electricity,0.0
1147,2056,reg1,Nuc_SMR-H2_Power-CHP,Electricity,0.0
1148,2057,reg1,Nuc_SMR-H2_Power-CHP,Electricity,0.0
1149,2058,reg1,Nuc_SMR-H2_Power-CHP,Electricity,0.0
1150,2059,reg1,Nuc_SMR-H2_Power-CHP,Electricity,0.0
1151,2060,reg1,Nuc_SMR-H2_Power-CHP,Electricity,0.0
1152,2025,reg1,Nuc_SMR-H2_Heat-CHP,Nuc_SMR-H2-Heat,0.0
1153,2026,reg1,Nuc_SMR-H2_Heat-CHP,Nuc_SMR-H2-Heat,0.0
1154,2027,reg1,Nuc_SMR-H2_Heat-CHP,Nuc_SMR-H2-Heat,0.0
1155,2028,reg1,Nuc_SMR-H2_Heat-CHP,Nuc_SMR-H2-Heat,0.0
1156,2029,reg1,Nuc_SMR-H2_Heat-CHP,Nuc_SMR-H2-Heat,0.0
1157,2030,reg1,Nuc_SMR-H2_Heat-CHP,Nuc_SMR-H2-Heat,0.0
1158,2031,reg1,Nuc_SMR-H2_Heat-CHP,Nuc_SMR-H2-Heat,0.0
1159,2032,reg1,Nuc_SMR-H2_Heat-CHP,Nuc_SMR-H2-Heat,0.0
1160,2033,reg1,Nuc_SMR-H2_Heat-CHP,Nuc_SMR-H2-Heat,0.0
1161,2034,reg1,Nuc_SMR-H2_Heat-CHP,Nuc_SMR-H2-Heat,0.0
1162,2035,reg1,Nuc_SMR-H2_Heat-CHP,Nuc_SMR-H2-Heat,0.0
1163,2036,reg1,Nuc_SMR-H2_Heat-CHP,Nuc_SMR-H2-Heat,0.0
1164,2037,reg1,Nuc_SMR-H2_Heat-CHP,Nuc_SMR-H2-Heat,0.0
1165,2038,reg1,Nuc_SMR-H2_Heat-CHP,Nuc_SMR-H2-Heat,0.0
1166,2039,reg1,Nuc_SMR-H2_Heat-CHP,Nuc_SMR-H2-Heat,0.0
1167,2040,reg1,Nuc_SMR-H2_Heat-CHP,Nuc_SMR-H2-Heat,0.0
1168,2041,reg1,Nuc_SMR-H2_Heat-CHP,Nuc_SMR-H2-Heat,0.0
1169,2042,reg1,Nuc_SMR-H2_Heat-CHP,Nuc_SMR-H2-Heat,0.0
1170,2043,reg1,Nuc_SMR-H2_Heat-CHP,Nuc_SMR-H2-Heat,0.0
1171,2044,reg1,Nuc_SMR-H2_Heat-CHP,Nuc_SMR-H2-Heat,0.0
1172,2045,reg1,Nuc_SMR-H2_Heat-CHP,Nuc_SMR-H2-Heat,0.0
1173,2046,reg1,Nuc_SMR-H2_Heat-CHP,Nuc_SMR-H2-Heat,0.0
1174,2047,reg1,Nuc_SMR-H2_Heat-CHP,Nuc_SMR-H2-Heat,0.0
1175,2048,reg1,Nuc_SMR-H2_Heat-CHP,Nuc_SMR-H2-Heat,0.0
1176,2049,reg1,Nuc_SMR-H2_Heat-CHP,Nuc_SMR-H2-Heat,0.0
1177,2050,reg1,Nuc_SMR-H2_Heat-CHP,Nuc_SMR-H2-Heat,0.0
1178,2051,reg1,Nuc_SMR-H2_Heat-CHP,Nuc_SMR-H2-Heat,0.0
1179,2052,reg1,Nuc_SMR-H2_Heat-CHP,Nuc_SMR-H2-Heat,0.0
1180,2053,reg1,Nuc_SMR-H2_Heat-CHP,Nuc_SMR-H2-Heat,0.0
1181,2054,reg1,Nuc_SMR-H2_Heat-CHP,Nuc_SMR-H2-Heat,0.0
1182,2055,reg1,Nuc_SMR-H2_Heat-CHP,Nuc_SMR-H2-Heat,0.0
1183,2056,reg1,Nuc_SMR-H2_Heat-CHP,Nuc_SMR-H2-Heat,0.0
1184,2057,reg1,Nuc_SMR-H2_Heat-CHP,Nuc_SMR-H2-Heat,0.0
1185,2058,reg1,Nuc_SMR-H2_Heat-CHP,Nuc_SMR-H2-Heat,0.0
1186,2059,reg1,Nuc_SMR-H2_Heat-CHP,Nuc_SMR-H2-Heat,0.0
1187,2060,reg1,Nuc_SMR-H2_Heat-CHP,Nuc_SMR-H2-Heat,0.0
1188,2025,reg1,NGCC-CCS_CHP,NGCC_CHP-Heat,0.0
1189,2026,reg1,NGCC-CCS_CHP,NGCC_CHP-Heat,0.0
1190,2027,reg1,NGCC-CCS_CHP,NGCC_CHP-Heat,0.0
1191,2028,reg1,NGCC-CCS_CHP,NGCC_CHP-Heat,0.0
1192,2029,reg1,NGCC-CCS_CHP,NGCC_CHP-Heat,0.0
1193,2030,reg1,NGCC-CCS_CHP,NGCC_CHP-Heat,0.0
1194,2031,reg1,NGCC-CCS_CHP,NGCC_CHP-Heat,0.0
1195,2032,reg1,NGCC-CCS_CHP,NGCC_CHP-Heat,0.0
1196,2033,reg1,NGCC-CCS_CHP,NGCC_CHP-Heat,0.0
1197,2034,reg1,NGCC-CCS_CHP,NGCC_CHP-Heat,0.0
1198,2035,reg1,NGCC-CCS_CHP,NGCC_CHP-Heat,0.0
1199,2036,reg1,NGCC-CCS_CHP,NGCC_CHP-Heat,0.0
1200,2037,reg1,NGCC-CCS_CHP,NGCC_CHP-Heat,0.0
1201,2038,reg1,NGCC-CCS_CHP,NGCC_CHP-Heat,0.0
1202,2039,reg1,NGCC-CCS_CHP,NGCC_CHP-Heat,0.0
1203,2040,reg1,NGCC-CCS_CHP,NGCC_CHP-Heat,0.0
1204,2041,reg1,NGCC-CCS_CHP,NGCC_CHP-Heat,0.0
1205,2042,reg1,NGCC-CCS_CHP,NGCC_CHP-Heat,0.0
1206,2043,reg1,NGCC-CCS_CHP,NGCC_CHP-Heat,0.0
1207,2044,reg1,NGCC-CCS_CHP,NGCC_CHP-Heat,0.0
1208,2045,reg1,NGCC-CCS_CHP,NGCC_CHP-Heat,0.0
1209,2046,reg1,NGCC-CCS_CHP,NGCC_CHP-Heat,0.0
1210,2047,reg1,NGCC-CCS_CHP,NGCC_CHP-Heat,0.0
1211,2048,reg1,NGCC-CCS_CHP,NGCC_CHP-Heat,0.0
1212,2049,reg1,NGCC-CCS_CHP,NGCC_CHP-Heat,0.0
1213,2050,reg1,NGCC-CCS_CHP,NGCC_CHP-Heat,0.0
1214,2051,reg1,NGCC-CCS_CHP,NGCC_CHP-Heat,0.0
1215,2052,reg1,NGCC-CCS_CHP,NGCC_CHP-Heat,0.0
1216,2053,reg1,NGCC-CCS_CHP,NGCC_CHP-Heat,0.0
1217,2054,reg1,NGCC-CCS_CHP,NGCC_CHP-Heat,0.0
1218,2055,reg1,NGCC-CCS_CHP,NGCC_CHP-Heat,0.0
1219,2056,reg1,NGCC-CCS_CHP,NGCC_CHP-Heat,0.0
1220,2057,reg1,NGCC-CCS_CHP,NGCC_CHP-Heat,0.0
1221,2058,reg1,NGCC-CCS_CHP,NGCC_CHP-Heat,0.0
1222,2059,reg1,NGCC-CCS_CHP,NGCC_CHP-Heat,0.0
1223,2060,reg1,NGCC-CCS_CHP,NGCC_CHP-Heat,0.0
1224,2025,reg1,NGCC-CCS_Power-CHP,Electricity,0.0
1225,2026,reg1,NGCC-CCS_Power-CHP,Electricity,0.0
1226,2027,reg1,NGCC-CCS_Power-CHP,Electricity,0.0
1227,2028,reg1,NGCC-CCS_Power-CHP,Electricity,0.0
1228,2029,reg1,NGCC-CCS_Power-CHP,Electricity,0.0
1229,2030,reg1,NGCC-CCS_Power-CHP,Electricity,0.0
1230,2031,reg1,NGCC-CCS_Power-CHP,Electricity,0.0
1231,2032,reg1,NGCC-CCS_Power-CHP,Electricity,0.0
1232,2033,reg1,NGCC-CCS_Power-CHP,Electricity,0.0
1233,2034,reg1,NGCC-CCS_Power-CHP,Electricity,0.0
1234,2035,reg1,NGCC-CCS_Power-CHP,Electricity,0.0
1235,2036,reg1,NGCC-CCS_Power-CHP,Electricity,0.0
1236,2037,reg1,NGCC-CCS_Power-CHP,Electricity,0.0
1237,2038,reg1,NGCC-CCS_Power-CHP,Electricity,0.0
1238,2039,reg1,NGCC-CCS_Power-CHP,Electricity,0.0
1239,2040,reg1,NGCC-CCS_Power-CHP,Electricity,0.0
1240,2041,reg1,NGCC-CCS_Power-CHP,Electricity,0.0
1241,2042,reg1,NGCC-CCS_Power-CHP,Electricity,0.0
1242,2043,reg1,NGCC-CCS_Power-CHP,Electricity,0.0
1243,2044,reg1,NGCC-CCS_Power-CHP,Electricity,0.0
1244,2045,reg1,NGCC-CCS_Power-CHP,Electricity,0.0
1245,2046,reg1,NGCC-CCS_Power-CHP,Electricity,0.0
1246,2047,reg1,NGCC-CCS_Power-CHP,Electricity,0.0
1247,2048,reg1,NGCC-CCS_Power-CHP,Electricity,0.0
1248,2049,reg1,NGCC-CCS_Power-CHP,Electricity,0.0
1249,2050,reg1,NGCC-CCS_Power-CHP,Electricity,0.0
1250,2051,reg1,NGCC-CCS_Power-CHP,Electricity,0.0
1251,2052,reg1,NGCC-CCS_Power-CHP,Electricity,0.0
1252,2053,reg1,NGCC-CCS_Power-CHP,Electricity,0.0
1253,2054,reg1,NGCC-CCS_Power-CHP,Electricity,0.0
1254,2055,reg1,NGCC-CCS_Power-CHP,Electricity,0.0
1255,2056,reg1,NGCC-CCS_Power-CHP,Electricity,0.0
1256,2057,reg1,NGCC-CCS_Power-CHP,Electricity,0.0
1257,2058,reg1,NGCC-CCS_Power-CHP,Electricity,0.0
1258,2059,reg1,NGCC-CCS_Power-CHP,Electricity,0.0
1259,2060,reg1,NGCC-CCS_Power-CHP,Electricity,0.0
1260,2025,reg1,NGCC-CCS_Heat-CHP,Heat,0.0
1261,2026,reg1,NGCC-CCS_Heat-CHP,Heat,0.0
1262,2027,reg1,NGCC-CCS_Heat-CHP,Heat,0.0
1263,2028,reg1,NGCC-CCS_Heat-CHP,Heat,0.0
1264,2029,reg1,NGCC-CCS_Heat-CHP,Heat,0.0
1265,2030,reg1,NGCC-CCS_Heat-CHP,Heat,0.0
1266,2031,reg1,NGCC-CCS_Heat-CHP,Heat,0.0
1267,2032,reg1,NGCC-CCS_Heat-CHP,Heat,0.0
1268,2033,reg1,NGCC-CCS_Heat-CHP,Heat,0.0
1269,2034,reg1,NGCC-CCS_Heat-CHP,Heat,0.0
1270,2035,reg1,NGCC-CCS_Heat-CHP,Heat,0.0
1271,2036,reg1,NGCC-CCS_Heat-CHP,Heat,0.0
1272,2037,reg1,NGCC-CCS_Heat-CHP,Heat,0.0
1273,2038,reg1,NGCC-CCS_Heat-CHP,Heat,0.0
1274,2039,reg1,NGCC-CCS_Heat-CHP,Heat,0.0
1275,2040,reg1,NGCC-CCS_Heat-CHP,Heat,0.0
1276,2041,reg1,NGCC-CCS_Heat-CHP,Heat,0.0
1277,2042,reg1,NGCC-CCS_Heat-CHP,Heat,0.0
1278,2043,reg1,NGCC-CCS_Heat-CHP,Heat,0.0
1279,2044,reg1,NGCC-CCS_Heat-CHP,Heat,0.0
1280,2045,reg1,NGCC-CCS_Heat-CHP,Heat,0.0
1281,2046,reg1,NGCC-CCS_Heat-CHP,Heat,0.0
1282,2047,reg1,NGCC-CCS_Heat-CHP,Heat,0.0
1283,2048,reg1,NGCC-CCS_Heat-CHP,Heat,0.0
1284,2049,reg1,NGCC-CCS_Heat-CHP,Heat,0.0
1285,2050,reg1,NGCC-CCS_Heat-CHP,Heat,0.0
1286,2051,reg1,NGCC-CCS_Heat-CHP,Heat,0.0
1287,2052,reg1,NGCC-CCS_Heat-CHP,Heat,0.0
1288,2053,reg1,NGCC-CCS_Heat-CHP,Heat,0.0
1289,2054,reg1,NGCC-CCS_Heat-CHP,Heat,0.0
1290,2055,reg1,NGCC-CCS_Heat-CHP,Heat,0.0
1291,2056,reg1,NGCC-CCS_Heat-CHP,Heat,0.0
1292,2057,reg1,NGCC-CCS_Heat-CHP,Heat,0.0
1293,2058,reg1,NGCC-CCS_Heat-CHP,Heat,0.0
1294,2059,reg1,NGCC-CCS_Heat-CHP,Heat,0.0
1295,2060,reg1,NGCC-CCS_Heat-CHP,Heat,0.0
1296,2025,reg1,NG_PP,Electricity,44559.68287971747
1297,2026,reg1,NG_PP,Electricity,42923.57397434072
1298,2027,reg1,NG_PP,Electricity,32257.184750239696
1299,2028,reg1,NG_PP,Electricity,25538.842995629057
1300,2029,reg1,NG_PP,Electricity,21350.100074377933
1301,2030,reg1,NG_PP,Electricity,18390.55645761486
1302,2031,reg1,NG_PP,Electricity,15432.964687868141
1303,2032,reg1,NG_PP,Electricity,14650.714090255668
1304,2033,reg1,NG_PP,Electricity,13947.865506082022
1305,2034,reg1,NG_PP,Electricity,13836.707161975079
1306,2035,reg1,NG_PP,Electricity,13913.535722984298
1307,2036,reg1,NG_PP,Electricity,15510.04699164879
1308,2037,reg1,NG_PP,Electricity,17088.600240405925
1309,2038,reg1,NG_PP,Electricity,19128.82050324063
1310,2039,reg1,NG_PP,Electricity,20352.32195891651
1311,2040,reg1,NG_PP,Electricity,20783.59900438629
1312,2041,reg1,NG_PP,Electricity,29111.073249811416
1313,2042,reg1,NG_PP,Electricity,33243.481617881254
1314,2043,reg1,NG_PP,Electricity,29921.1292416734
1315,2044,reg1,NG_PP,Electricity,31664.976597791032
1316,2045,reg1,NG_PP,Electricity,31356.67376750062
1317,2046,reg1,NG_PP,Electricity,29322.33752169754
1318,2047,reg1,NG_PP,Electricity,29900.64240422187
1319,2048,reg1,NG_PP,Electricity,30215.2865992069
1320,2049,reg1,NG_PP,Electricity,25568.961785668616
1321,2050,reg1,NG_PP,Electricity,20097.38855329993
1322,2051,reg1,NG_PP,Electricity,20138.63259351686
1323,2052,reg1,NG_PP,Electricity,17392.500457515314
1324,2053,reg1,NG_PP,Electricity,13241.12583917788
1325,2054,reg1,NG_PP,Electricity,6896.339199999909
1326,2055,reg1,NG_PP,Electricity,3314.0682745930458
1327,2056,reg1,NG_PP,Electricity,5470.979958895907
1328,2057,reg1,NG_PP,Electricity,6321.286119299861
1329,2058,reg1,NG_PP,Electricity,12319.642746002057
1330,2059,reg1,NG_PP,Electricity,18789.294600950205
1331,2060,reg1,NG_PP,Electricity,25293.56413385818
1332,2025,reg1,NG_PP_CCS,Electricity,0.0
1333,2026,reg1,NG_PP_CCS,Electricity,0.0
1334,2027,reg1,NG_PP_CCS,Electricity,0.0
1335,2028,reg1,NG_PP_CCS,Electricity,0.0
1336,2029,reg1,NG_PP_CCS,Electricity,0.0
1337,2030,reg1,NG_PP_CCS,Electricity,0.0
1338,2031,reg1,NG_PP_CCS,Electricity,0.0
1339,2032,reg1,NG_PP_CCS,Electricity,0.0
1340,2033,reg1,NG_PP_CCS,Electricity,0.0
1341,2034,reg1,NG_PP_CCS,Electricity,0.0
1342,2035,reg1,NG_PP_CCS,Electricity,0.0
1343,2036,reg1,NG_PP_CCS,Electricity,0.0
1344,2037,reg1,NG_PP_CCS,Electricity,0.0
1345,2038,reg1,NG_PP_CCS,Electricity,0.0
1346,2039,reg1,NG_PP_CCS,Electricity,0.0
1347,2040,reg1,NG_PP_CCS,Electricity,0.0
1348,2041,reg1,NG_PP_CCS,Electricity,0.0
1349,2042,reg1,NG_PP_CCS,Electricity,0.0
1350,2043,reg1,NG_PP_CCS,Electricity,0.0
1351,2044,reg1,NG_PP_CCS,Electricity,0.0
1352,2045,reg1,NG_PP_CCS,Electricity,0.0
1353,2046,reg1,NG_PP_CCS,Electricity,0.0
1354,2047,reg1,NG_PP_CCS,Electricity,0.0
1355,2048,reg1,NG_PP_CCS,Electricity,0.0
1356,2049,reg1,NG_PP_CCS,Electricity,0.0
1357,2050,reg1,NG_PP_CCS,Electricity,0.0
1358,2051,reg1,NG_PP_CCS,Electricity,0.0
1359,2052,reg1,NG_PP_CCS,Electricity,0.0
1360,2053,reg1,NG_PP_CCS,Electricity,0.0
1361,2054,reg1,NG_PP_CCS,Electricity,0.0
1362,2055,reg1,NG_PP_CCS,Electricity,0.0
1363,2056,reg1,NG_PP_CCS,Electricity,0.0
1364,2057,reg1,NG_PP_CCS,Electricity,0.0
1365,2058,reg1,NG_PP_CCS,Electricity,0.0
1366,2059,reg1,NG_PP_CCS,Electricity,0.0
1367,2060,reg1,NG_PP_CCS,Electricity,0.0
1368,2025,reg1,Electrolysis_HTSE,Hydrogen,0.0
1369,2026,reg1,Electrolysis_HTSE,Hydrogen,0.0
1370,2027,reg1,Electrolysis_HTSE,Hydrogen,0.0
1371,2028,reg1,Electrolysis_HTSE,Hydrogen,0.0
1372,2029,reg1,Electrolysis_HTSE,Hydrogen,0.0
1373,2030,reg1,Electrolysis_HTSE,Hydrogen,0.0
1374,2031,reg1,Electrolysis_HTSE,Hydrogen,0.0
1375,2032,reg1,Electrolysis_HTSE,Hydrogen,0.0
1376,2033,reg1,Electrolysis_HTSE,Hydrogen,0.0
1377,2034,reg1,Electrolysis_HTSE,Hydrogen,0.0
1378,2035,reg1,Electrolysis_HTSE,Hydrogen,0.0
1379,2036,reg1,Electrolysis_HTSE,Hydrogen,0.0
1380,2037,reg1,Electrolysis_HTSE,Hydrogen,0.0
1381,2038,reg1,Electrolysis_HTSE,Hydrogen,0.0
1382,2039,reg1,Electrolysis_HTSE,Hydrogen,0.0
1383,2040,reg1,Electrolysis_HTSE,Hydrogen,0.0
1384,2041,reg1,Electrolysis_HTSE,Hydrogen,0.0
1385,2042,reg1,Electrolysis_HTSE,Hydrogen,0.0
1386,2043,reg1,Electrolysis_HTSE,Hydrogen,0.0
1387,2044,reg1,Electrolysis_HTSE,Hydrogen,0.0
1388,2045,reg1,Electrolysis_HTSE,Hydrogen,0.0
1389,2046,reg1,Electrolysis_HTSE,Hydrogen,0.0
1390,2047,reg1,Electrolysis_HTSE,Hydrogen,0.0
1391,2048,reg1,Electrolysis_HTSE,Hydrogen,0.0
1392,2049,reg1,Electrolysis_HTSE,Hydrogen,1.8866973162494566e-08
1393,2050,reg1,Electrolysis_HTSE,Hydrogen,0.0
1394,2051,reg1,Electrolysis_HTSE,Hydrogen,0.0
1395,2052,reg1,Electrolysis_HTSE,Hydrogen,0.0
1396,2053,reg1,Electrolysis_HTSE,Hydrogen,0.0
1397,2054,reg1,Electrolysis_HTSE,Hydrogen,0.0
1398,2055,reg1,Electrolysis_HTSE,Hydrogen,0.0
1399,2056,reg1,Electrolysis_HTSE,Hydrogen,0.0
1400,2057,reg1,Electrolysis_HTSE,Hydrogen,0.0
1401,2058,reg1,Electrolysis_HTSE,Hydrogen,0.0
1402,2059,reg1,Electrolysis_HTSE,Hydrogen,0.0
1403,2060,reg1,Electrolysis_HTSE,Hydrogen,0.0
1404,2025,reg1,NG_CHP_P,Electricity,74739.60902740592
1405,2026,reg1,NG_CHP_P,Electricity,77996.5124831621
1406,2027,reg1,NG_CHP_P,Electricity,81102.95535337774
1407,2028,reg1,NG_CHP_P,Electricity,82592.3761344
1408,2029,reg1,NG_CHP_P,Electricity,79533.40095360002
1409,2030,reg1,NG_CHP_P,Electricity,76474.42577280004
1410,2031,reg1,NG_CHP_P,Electricity,73415.45059200004
1411,2032,reg1,NG_CHP_P,Electricity,67973.95065766065
1412,2033,reg1,NG_CHP_P,Electricity,62896.062287236484
1413,2034,reg1,NG_CHP_P,Electricity,58032.31409034529
1414,2035,reg1,NG_CHP_P,Electricity,54065.798434669916
1415,2036,reg1,NG_CHP_P,Electricity,51320.38284454617
1416,2037,reg1,NG_CHP_P,Electricity,49448.61452274746
1417,2038,reg1,NG_CHP_P,Electricity,46778.050386115625
1418,2039,reg1,NG_CHP_P,Electricity,43547.24564504502
1419,2040,reg1,NG_CHP_P,Electricity,40800.82617759286
1420,2041,reg1,NG_CHP_P,Electricity,37918.58746500002
1421,2042,reg1,NG_CHP_P,Electricity,37906.9752650165
1422,2043,reg1,NG_CHP_P,Electricity,39369.476931689205
1423,2044,reg1,NG_CHP_P,Electricity,37218.73008384251
1424,2045,reg1,NG_CHP_P,Electricity,36322.221016673284
1425,2046,reg1,NG_CHP_P,Electricity,36208.1736557203
1426,2047,reg1,NG_CHP_P,Electricity,35977.04210981765
1427,2048,reg1,NG_CHP_P,Electricity,35181.937624083504
1428,2049,reg1,NG_CHP_P,Electricity,35538.40816085413
1429,2050,reg1,NG_CHP_P,Electricity,36022.424318099926
1430,2051,reg1,NG_CHP_P,Electricity,36059.47207639249
1431,2052,reg1,NG_CHP_P,Electricity,38959.00046674342
1432,2053,reg1,NG_CHP_P,Electricity,44352.88421346983
1433,2054,reg1,NG_CHP_P,Electricity,50329.00302250837
1434,2055,reg1,NG_CHP_P,Electricity,55018.59860305471
1435,2056,reg1,NG_CHP_P,Electricity,55955.65950740397
1436,2057,reg1,NG_CHP_P,Electricity,59302.76193544645
1437,2058,reg1,NG_CHP_P,Electricity,60183.29289538965
1438,2059,reg1,NG_CHP_P,Electricity,61054.995778508666
1439,2060,reg1,NG_CHP_P,Electricity,62049.861394703825
1440,2025,reg1,NG_CHP_P,Heat,38502.22283230002
1441,2026,reg1,NG_CHP_P,Heat,40180.02158223503
1442,2027,reg1,NG_CHP_P,Heat,41780.31033355823
1443,2028,reg1,NG_CHP_P,Heat,42547.587705599995
1444,2029,reg1,NG_CHP_P,Heat,40971.75200640001
1445,2030,reg1,NG_CHP_P,Heat,39395.916307200016
1446,2031,reg1,NG_CHP_P,Heat,37820.08060800002
1447,2032,reg1,NG_CHP_P,Heat,35016.88367212821
1448,2033,reg1,NG_CHP_P,Heat,32401.001784333945
1449,2034,reg1,NG_CHP_P,Heat,29895.434531389998
1450,2035,reg1,NG_CHP_P,Heat,27852.077981496623
1451,2036,reg1,NG_CHP_P,Heat,26437.772980523783
1452,2037,reg1,NG_CHP_P,Heat,25473.528693536573
1453,2038,reg1,NG_CHP_P,Heat,24097.783532241385
1454,2039,reg1,NG_CHP_P,Heat,22433.42957472016
1455,2040,reg1,NG_CHP_P,Heat,21018.607424820566
1456,2041,reg1,NG_CHP_P,Heat,19533.81778500001
1457,2042,reg1,NG_CHP_P,Heat,19527.83574258426
1458,2043,reg1,NG_CHP_P,Heat,20281.24569208232
1459,2044,reg1,NG_CHP_P,Heat,19173.285194706747
1460,2045,reg1,NG_CHP_P,Heat,18711.44719040745
1461,2046,reg1,NG_CHP_P,Heat,18652.695519613488
1462,2047,reg1,NG_CHP_P,Heat,18533.627753542427
1463,2048,reg1,NG_CHP_P,Heat,18124.028473012713
1464,2049,reg1,NG_CHP_P,Heat,18307.66481013698
1465,2050,reg1,NG_CHP_P,Heat,18557.006466899962
1466,2051,reg1,NG_CHP_P,Heat,18576.091675717347
1467,2052,reg1,NG_CHP_P,Heat,20069.78811923146
1468,2053,reg1,NG_CHP_P,Heat,22848.4555039087
1469,2054,reg1,NG_CHP_P,Heat,25927.06216311037
1470,2055,reg1,NG_CHP_P,Heat,28342.914431876667
1471,2056,reg1,NG_CHP_P,Heat,28825.64277654144
1472,2057,reg1,NG_CHP_P,Heat,30549.907663714836
1473,2058,reg1,NG_CHP_P,Heat,31003.514521867393
1474,2059,reg1,NG_CHP_P,Heat,31452.573582868103
1475,2060,reg1,NG_CHP_P,Heat,31965.080112423184
1476,2025,reg1,BIO_CHP_P,Electricity,0.0
1477,2026,reg1,BIO_CHP_P,Electricity,140.81476204379572
1478,2027,reg1,BIO_CHP_P,Electricity,281.62952408759145
1479,2028,reg1,BIO_CHP_P,Electricity,422.4442861313845
1480,2029,reg1,BIO_CHP_P,Electricity,563.2590481751738
1481,2030,reg1,BIO_CHP_P,Electricity,704.0738102189695
1482,2031,reg1,BIO_CHP_P,Electricity,844.8885722627646
1483,2032,reg1,BIO_CHP_P,Electricity,985.703334306561
1484,2033,reg1,BIO_CHP_P,Electricity,1126.5180963503585
1485,2034,reg1,BIO_CHP_P,Electricity,1267.3328583941536
1486,2035,reg1,BIO_CHP_P,Electricity,1408.147620437949
1487,2036,reg1,BIO_CHP_P,Electricity,1548.9623824817436
1488,2037,reg1,BIO_CHP_P,Electricity,1689.777144525539
1489,2038,reg1,BIO_CHP_P,Electricity,1830.5919065693363
1490,2039,reg1,BIO_CHP_P,Electricity,1971.4066686131296
1491,2040,reg1,BIO_CHP_P,Electricity,2112.2214306569267
1492,2041,reg1,BIO_CHP_P,Electricity,2253.0361927007248
1493,2042,reg1,BIO_CHP_P,Electricity,2393.8509547445196
1494,2043,reg1,BIO_CHP_P,Electricity,2534.6657167883163
1495,2044,reg1,BIO_CHP_P,Electricity,2675.480478832108
1496,2045,reg1,BIO_CHP_P,Electricity,2816.2952408759024
1497,2046,reg1,BIO_CHP_P,Electricity,2957.110002919702
1498,2047,reg1,BIO_CHP_P,Electricity,3097.9247649634895
1499,2048,reg1,BIO_CHP_P,Electricity,3238.739527007289
1500,2049,reg1,BIO_CHP_P,Electricity,3379.554289051085
1501,2050,reg1,BIO_CHP_P,Electricity,3520.369051094889
1502,2051,reg1,BIO_CHP_P,Electricity,3520.3690510948845
1503,2052,reg1,BIO_CHP_P,Electricity,3520.369051094883
1504,2053,reg1,BIO_CHP_P,Electricity,3520.369051094888
1505,2054,reg1,BIO_CHP_P,Electricity,3520.3690510948877
1506,2055,reg1,BIO_CHP_P,Electricity,3520.3690510948873
1507,2056,reg1,BIO_CHP_P,Electricity,3520.369051094887
1508,2057,reg1,BIO_CHP_P,Electricity,3520.3690510948877
1509,2058,reg1,BIO_CHP_P,Electricity,3520.369051094889
1510,2059,reg1,BIO_CHP_P,Electricity,3520.369051094892
1511,2060,reg1,BIO_CHP_P,Electricity,3520.369051094893
1512,2025,reg1,BIO_CHP_P,Heat,0.0
1513,2026,reg1,BIO_CHP_P,Heat,380.58043795620466
1514,2027,reg1,BIO_CHP_P,Heat,761.1608759124093
1515,2028,reg1,BIO_CHP_P,Heat,1141.7413138686068
1516,2029,reg1,BIO_CHP_P,Heat,1522.321751824794
1517,2030,reg1,BIO_CHP_P,Heat,1902.9021897809985
1518,2031,reg1,BIO_CHP_P,Heat,2283.4826277372013
1519,2032,reg1,BIO_CHP_P,Heat,2664.063065693408
1520,2033,reg1,BIO_CHP_P,Heat,3044.6435036496173
1521,2034,reg1,BIO_CHP_P,Heat,3425.2239416058205
1522,2035,reg1,BIO_CHP_P,Heat,3805.804379562024
1523,2036,reg1,BIO_CHP_P,Heat,4186.384817518226
1524,2037,reg1,BIO_CHP_P,Heat,4566.96525547443
1525,2038,reg1,BIO_CHP_P,Heat,4947.5456934306385
1526,2039,reg1,BIO_CHP_P,Heat,5328.126131386836
1527,2040,reg1,BIO_CHP_P,Heat,5708.706569343046
1528,2041,reg1,BIO_CHP_P,Heat,6089.287007299256
1529,2042,reg1,BIO_CHP_P,Heat,6469.867445255459
1530,2043,reg1,BIO_CHP_P,Heat,6850.447883211666
1531,2044,reg1,BIO_CHP_P,Heat,7231.028321167859
1532,2045,reg1,BIO_CHP_P,Heat,7611.60875912406
1533,2046,reg1,BIO_CHP_P,Heat,7992.189197080275
1534,2047,reg1,BIO_CHP_P,Heat,8372.769635036459
1535,2048,reg1,BIO_CHP_P,Heat,8753.350072992673
1536,2049,reg1,BIO_CHP_P,Heat,9133.930510948878
1537,2050,reg1,BIO_CHP_P,Heat,9514.510948905105
1538,2051,reg1,BIO_CHP_P,Heat,9514.510948905094
1539,2052,reg1,BIO_CHP_P,Heat,9514.510948905088
1540,2053,reg1,BIO_CHP_P,Heat,9514.510948905103
1541,2054,reg1,BIO_CHP_P,Heat,9514.510948905103
1542,2055,reg1,BIO_CHP_P,Heat,9514.510948905101
1543,2056,reg1,BIO_CHP_P,Heat,9514.5109489051
1544,2057,reg1,BIO_CHP_P,Heat,9514.510948905103
1545,2058,reg1,BIO_CHP_P,Heat,9514.510948905105
1546,2059,reg1,BIO_CHP_P,Heat,9514.510948905112
1547,2060,reg1,BIO_CHP_P,Heat,9514.510948905117
1548,2025,reg1,Biogas_CHP_P,Electricity,0.0
1549,2026,reg1,Biogas_CHP_P,Electricity,0.0
1550,2027,reg1,Biogas_CHP_P,Electricity,21.223687289751638
1551,2028,reg1,Biogas_CHP_P,Electricity,610.221599999996
1552,2029,reg1,Biogas_CHP_P,Electricity,813.6287999999962
1553,2030,reg1,Biogas_CHP_P,Electricity,1017.0359999999971
1554,2031,reg1,Biogas_CHP_P,Electricity,945.8724484884477
1555,2032,reg1,Biogas_CHP_P,Electricity,852.278591480494
1556,2033,reg1,Biogas_CHP_P,Electricity,686.471178121491
1557,2034,reg1,Biogas_CHP_P,Electricity,892.9489690724562
1558,2035,reg1,Biogas_CHP_P,Electricity,1145.8967496784087
1559,2036,reg1,Biogas_CHP_P,Electricity,1342.0060939446355
1560,2037,reg1,Biogas_CHP_P,Electricity,1461.979420637724
1561,2038,reg1,Biogas_CHP_P,Electricity,1792.0327102307986
1562,2039,reg1,Biogas_CHP_P,Electricity,2335.112990790524
1563,2040,reg1,Biogas_CHP_P,Electricity,2829.7942791909372
1564,2041,reg1,Biogas_CHP_P,Electricity,2916.232258064516
1565,2042,reg1,Biogas_CHP_P,Electricity,3098.4967741935484
1566,2043,reg1,Biogas_CHP_P,Electricity,3280.761290322581
1567,2044,reg1,Biogas_CHP_P,Electricity,3270.6354838709685
1568,2045,reg1,Biogas_CHP_P,Electricity,3442.7741935483873
1569,2046,reg1,Biogas_CHP_P,Electricity,3614.912903225807
1570,2047,reg1,Biogas_CHP_P,Electricity,3787.051612903226
1571,2048,reg1,Biogas_CHP_P,Electricity,3959.1903225806454
1572,2049,reg1,Biogas_CHP_P,Electricity,3938.140506279276
1573,2050,reg1,Biogas_CHP_P,Electricity,4050.3225806451615
1574,2051,reg1,Biogas_CHP_P,Electricity,4256.661349155482
1575,2052,reg1,Biogas_CHP_P,Electricity,4303.467741935484
1576,2053,reg1,Biogas_CHP_P,Electricity,4303.467741935484
1577,2054,reg1,Biogas_CHP_P,Electricity,5085.179999999993
1578,2055,reg1,Biogas_CHP_P,Electricity,4557.503666957595
1579,2056,reg1,Biogas_CHP_P,Electricity,4583.8861297552885
1580,2057,reg1,Biogas_CHP_P,Electricity,3990.418942255203
1581,2058,reg1,Biogas_CHP_P,Electricity,3990.418942255203
1582,2059,reg1,Biogas_CHP_P,Electricity,3990.418942255199
1583,2060,reg1,Biogas_CHP_P,Electricity,4516.171866818203
1584,2025,reg1,Biogas_CHP_P,Heat,0.0
1585,2026,reg1,Biogas_CHP_P,Heat,0.0
1586,2027,reg1,Biogas_CHP_P,Heat,24.678706150873992
1587,2028,reg1,Biogas_CHP_P,Heat,709.5599999999952
1588,2029,reg1,Biogas_CHP_P,Heat,946.0799999999955
1589,2030,reg1,Biogas_CHP_P,Heat,1182.5999999999965
1590,2031,reg1,Biogas_CHP_P,Heat,1099.8516842888926
1591,2032,reg1,Biogas_CHP_P,Heat,991.0216180005743
1592,2033,reg1,Biogas_CHP_P,Heat,798.2223001412685
1593,2034,reg1,Biogas_CHP_P,Heat,1038.312754735414
1594,2035,reg1,Biogas_CHP_P,Heat,1332.4380810214054
1595,2036,reg1,Biogas_CHP_P,Heat,1560.4722022612038
1596,2037,reg1,Biogas_CHP_P,Heat,1699.976070508981
1597,2038,reg1,Biogas_CHP_P,Heat,2083.7589653846494
1598,2039,reg1,Biogas_CHP_P,Heat,2715.247663709911
1599,2040,reg1,Biogas_CHP_P,Heat,3290.458464175508
1600,2041,reg1,Biogas_CHP_P,Heat,3390.967741935483
1601,2042,reg1,Biogas_CHP_P,Heat,3602.9032258064512
1602,2043,reg1,Biogas_CHP_P,Heat,3814.8387096774195
1603,2044,reg1,Biogas_CHP_P,Heat,3803.064516129032
1604,2045,reg1,Biogas_CHP_P,Heat,4003.2258064516127
1605,2046,reg1,Biogas_CHP_P,Heat,4203.387096774193
1606,2047,reg1,Biogas_CHP_P,Heat,4403.548387096774
1607,2048,reg1,Biogas_CHP_P,Heat,4603.709677419354
1608,2049,reg1,Biogas_CHP_P,Heat,4579.233146836367
1609,2050,reg1,Biogas_CHP_P,Heat,4709.677419354838
1610,2051,reg1,Biogas_CHP_P,Heat,4949.606219948235
1611,2052,reg1,Biogas_CHP_P,Heat,5004.032258064516
1612,2053,reg1,Biogas_CHP_P,Heat,5004.032258064516
1613,2054,reg1,Biogas_CHP_P,Heat,5912.999999999991
1614,2055,reg1,Biogas_CHP_P,Heat,5299.422868555343
1615,2056,reg1,Biogas_CHP_P,Heat,5330.100150878241
1616,2057,reg1,Biogas_CHP_P,Heat,4640.022025878143
1617,2058,reg1,Biogas_CHP_P,Heat,4640.022025878143
1618,2059,reg1,Biogas_CHP_P,Heat,4640.022025878137
1619,2060,reg1,Biogas_CHP_P,Heat,5251.362635835118
1620,2025,reg1,WtE_CHP_P,Electricity,0.0
1621,2026,reg1,WtE_CHP_P,Electricity,0.0
1622,2027,reg1,WtE_CHP_P,Electricity,0.0
1623,2028,reg1,WtE_CHP_P,Electricity,0.0
1624,2029,reg1,WtE_CHP_P,Electricity,0.0
1625,2030,reg1,WtE_CHP_P,Electricity,352.8582750000001
1626,2031,reg1,WtE_CHP_P,Electricity,705.7165500000002
1627,2032,reg1,WtE_CHP_P,Electricity,1058.574825
1628,2033,reg1,WtE_CHP_P,Electricity,1411.4330999999997
1629,2034,reg1,WtE_CHP_P,Electricity,1764.2913749999998
1630,2035,reg1,WtE_CHP_P,Electricity,2117.1496499999985
1631,2036,reg1,WtE_CHP_P,Electricity,2470.0079249999985
1632,2037,reg1,WtE_CHP_P,Electricity,2822.866199999996
1633,2038,reg1,WtE_CHP_P,Electricity,3175.7244749999973
1634,2039,reg1,WtE_CHP_P,Electricity,3528.582749999998
1635,2040,reg1,WtE_CHP_P,Electricity,3881.4410250000005
1636,2041,reg1,WtE_CHP_P,Electricity,3881.4410250000014
1637,2042,reg1,WtE_CHP_P,Electricity,3881.4410250000005
1638,2043,reg1,WtE_CHP_P,Electricity,3881.4410250000005
1639,2044,reg1,WtE_CHP_P,Electricity,3881.4410250000014
1640,2045,reg1,WtE_CHP_P,Electricity,3881.4410250000014
1641,2046,reg1,WtE_CHP_P,Electricity,3881.4410250000024
1642,2047,reg1,WtE_CHP_P,Electricity,3881.4410250000005
1643,2048,reg1,WtE_CHP_P,Electricity,3881.4410250000005
1644,2049,reg1,WtE_CHP_P,Electricity,3881.4410250000014
1645,2050,reg1,WtE_CHP_P,Electricity,3881.4410250000014
1646,2051,reg1,WtE_CHP_P,Electricity,3881.4410250000014
1647,2052,reg1,WtE_CHP_P,Electricity,3881.4410250000014
1648,2053,reg1,WtE_CHP_P,Electricity,3881.441024999999
1649,2054,reg1,WtE_CHP_P,Electricity,3881.4410250000005
1650,2055,reg1,WtE_CHP_P,Electricity,3881.4410250000014
1651,2056,reg1,WtE_CHP_P,Electricity,3881.4410250000014
1652,2057,reg1,WtE_CHP_P,Electricity,3881.4410250000014
1653,2058,reg1,WtE_CHP_P,Electricity,3881.4410250000005
1654,2059,reg1,WtE_CHP_P,Electricity,3881.4410250000014
1655,2060,reg1,WtE_CHP_P,Electricity,3528.5827499999996
1656,2025,reg1,WtE_CHP_P,Heat,0.0
1657,2026,reg1,WtE_CHP_P,Heat,0.0
1658,2027,reg1,WtE_CHP_P,Heat,0.0
1659,2028,reg1,WtE_CHP_P,Heat,0.0
1660,2029,reg1,WtE_CHP_P,Heat,0.0
1661,2030,reg1,WtE_CHP_P,Heat,1260.208125
1662,2031,reg1,WtE_CHP_P,Heat,2520.41625
1663,2032,reg1,WtE_CHP_P,Heat,3780.6243749999994
1664,2033,reg1,WtE_CHP_P,Heat,5040.832499999999
1665,2034,reg1,WtE_CHP_P,Heat,6301.040624999999
1666,2035,reg1,WtE_CHP_P,Heat,7561.248749999993
1667,2036,reg1,WtE_CHP_P,Heat,8821.456874999994
1668,2037,reg1,WtE_CHP_P,Heat,10081.664999999985
1669,2038,reg1,WtE_CHP_P,Heat,11341.87312499999
1670,2039,reg1,WtE_CHP_P,Heat,12602.081249999992
1671,2040,reg1,WtE_CHP_P,Heat,13862.289375
1672,2041,reg1,WtE_CHP_P,Heat,13862.289375000004
1673,2042,reg1,WtE_CHP_P,Heat,13862.289375
1674,2043,reg1,WtE_CHP_P,Heat,13862.289375
1675,2044,reg1,WtE_CHP_P,Heat,13862.289375000004
1676,2045,reg1,WtE_CHP_P,Heat,13862.289375000004
1677,2046,reg1,WtE_CHP_P,Heat,13862.289375000006
1678,2047,reg1,WtE_CHP_P,Heat,13862.289375
1679,2048,reg1,WtE_CHP_P,Heat,13862.289375
1680,2049,reg1,WtE_CHP_P,Heat,13862.289375000004
1681,2050,reg1,WtE_CHP_P,Heat,13862.289375000004
1682,2051,reg1,WtE_CHP_P,Heat,13862.289375000004
1683,2052,reg1,WtE_CHP_P,Heat,13862.289375000004
1684,2053,reg1,WtE_CHP_P,Heat,13862.289374999995
1685,2054,reg1,WtE_CHP_P,Heat,13862.289375
1686,2055,reg1,WtE_CHP_P,Heat,13862.289375000004
1687,2056,reg1,WtE_CHP_P,Heat,13862.289375000004
1688,2057,reg1,WtE_CHP_P,Heat,13862.289375000004
1689,2058,reg1,WtE_CHP_P,Heat,13862.289375
1690,2059,reg1,WtE_CHP_P,Heat,13862.289375000004
1691,2060,reg1,WtE_CHP_P,Heat,12602.081249999997
1692,2025,reg1,WtE-CCS_CHP_P,Electricity,0.0
1693,2026,reg1,WtE-CCS_CHP_P,Electricity,0.0
1694,2027,reg1,WtE-CCS_CHP_P,Electricity,0.0
1695,2028,reg1,WtE-CCS_CHP_P,Electricity,0.0
1696,2029,reg1,WtE-CCS_CHP_P,Electricity,0.0
1697,2030,reg1,WtE-CCS_CHP_P,Electricity,352.8582750000001
1698,2031,reg1,WtE-CCS_CHP_P,Electricity,352.8582750000001
1699,2032,reg1,WtE-CCS_CHP_P,Electricity,352.8582750000001
1700,2033,reg1,WtE-CCS_CHP_P,Electricity,352.8582750000001
1701,2034,reg1,WtE-CCS_CHP_P,Electricity,352.8582750000001
1702,2035,reg1,WtE-CCS_CHP_P,Electricity,352.8582750000001
1703,2036,reg1,WtE-CCS_CHP_P,Electricity,352.8582750000001
1704,2037,reg1,WtE-CCS_CHP_P,Electricity,352.8582750000001
1705,2038,reg1,WtE-CCS_CHP_P,Electricity,352.8582750000001
1706,2039,reg1,WtE-CCS_CHP_P,Electricity,352.8582750000001
1707,2040,reg1,WtE-CCS_CHP_P,Electricity,252.64142769844952
1708,2041,reg1,WtE-CCS_CHP_P,Electricity,252.64142769845046
1709,2042,reg1,WtE-CCS_CHP_P,Electricity,252.64142769845026
1710,2043,reg1,WtE-CCS_CHP_P,Electricity,252.64142769845026
1711,2044,reg1,WtE-CCS_CHP_P,Electricity,252.64142769845284
1712,2045,reg1,WtE-CCS_CHP_P,Electricity,252.64142769845236
1713,2046,reg1,WtE-CCS_CHP_P,Electricity,252.64142769845031
1714,2047,reg1,WtE-CCS_CHP_P,Electricity,252.64142769845117
1715,2048,reg1,WtE-CCS_CHP_P,Electricity,252.64142769844926
1716,2049,reg1,WtE-CCS_CHP_P,Electricity,252.64142769845157
1717,2050,reg1,WtE-CCS_CHP_P,Electricity,252.64142769844807
1718,2051,reg1,WtE-CCS_CHP_P,Electricity,252.64142769845176
1719,2052,reg1,WtE-CCS_CHP_P,Electricity,252.64142769845046
1720,2053,reg1,WtE-CCS_CHP_P,Electricity,252.64142769845344
1721,2054,reg1,WtE-CCS_CHP_P,Electricity,252.64142769845336
1722,2055,reg1,WtE-CCS_CHP_P,Electricity,252.64142769844858
1723,2056,reg1,WtE-CCS_CHP_P,Electricity,252.641427698448
1724,2057,reg1,WtE-CCS_CHP_P,Electricity,252.64142769845057
1725,2058,reg1,WtE-CCS_CHP_P,Electricity,252.64142769845046
1726,2059,reg1,WtE-CCS_CHP_P,Electricity,252.6414276984496
1727,2060,reg1,WtE-CCS_CHP_P,Electricity,352.8582750000001
1728,2025,reg1,WtE-CCS_CHP_P,Heat,0.0
1729,2026,reg1,WtE-CCS_CHP_P,Heat,0.0
1730,2027,reg1,WtE-CCS_CHP_P,Heat,0.0
1731,2028,reg1,WtE-CCS_CHP_P,Heat,0.0
1732,2029,reg1,WtE-CCS_CHP_P,Heat,0.0
1733,2030,reg1,WtE-CCS_CHP_P,Heat,1260.208125
1734,2031,reg1,WtE-CCS_CHP_P,Heat,1260.208125
1735,2032,reg1,WtE-CCS_CHP_P,Heat,1260.208125
1736,2033,reg1,WtE-CCS_CHP_P,Heat,1260.208125
1737,2034,reg1,WtE-CCS_CHP_P,Heat,1260.208125
1738,2035,reg1,WtE-CCS_CHP_P,Heat,1260.208125
1739,2036,reg1,WtE-CCS_CHP_P,Heat,1260.208125
1740,2037,reg1,WtE-CCS_CHP_P,Heat,1260.208125
1741,2038,reg1,WtE-CCS_CHP_P,Heat,1260.208125
1742,2039,reg1,WtE-CCS_CHP_P,Heat,1260.208125
1743,2040,reg1,WtE-CCS_CHP_P,Heat,902.2908132087482
1744,2041,reg1,WtE-CCS_CHP_P,Heat,902.2908132087515
1745,2042,reg1,WtE-CCS_CHP_P,Heat,902.2908132087508
1746,2043,reg1,WtE-CCS_CHP_P,Heat,902.2908132087508
1747,2044,reg1,WtE-CCS_CHP_P,Heat,902.29081320876
1748,2045,reg1,WtE-CCS_CHP_P,Heat,902.2908132087583
1749,2046,reg1,WtE-CCS_CHP_P,Heat,902.290813208751
1750,2047,reg1,WtE-CCS_CHP_P,Heat,902.290813208754
1751,2048,reg1,WtE-CCS_CHP_P,Heat,902.2908132087473
1752,2049,reg1,WtE-CCS_CHP_P,Heat,902.2908132087555
1753,2050,reg1,WtE-CCS_CHP_P,Heat,902.290813208743
1754,2051,reg1,WtE-CCS_CHP_P,Heat,902.2908132087562
1755,2052,reg1,WtE-CCS_CHP_P,Heat,902.2908132087515
1756,2053,reg1,WtE-CCS_CHP_P,Heat,902.2908132087622
1757,2054,reg1,WtE-CCS_CHP_P,Heat,902.2908132087618
1758,2055,reg1,WtE-CCS_CHP_P,Heat,902.2908132087448
1759,2056,reg1,WtE-CCS_CHP_P,Heat,902.2908132087429
1760,2057,reg1,WtE-CCS_CHP_P,Heat,902.2908132087518
1761,2058,reg1,WtE-CCS_CHP_P,Heat,902.2908132087515
1762,2059,reg1,WtE-CCS_CHP_P,Heat,902.2908132087485
1763,2060,reg1,WtE-CCS_CHP_P,Heat,1260.208125
1764,2025,reg1,SOFC_CHP_P,Electricity,0.0
1765,2026,reg1,SOFC_CHP_P,Electricity,0.0
1766,2027,reg1,SOFC_CHP_P,Electricity,0.0
1767,2028,reg1,SOFC_CHP_P,Electricity,0.0
1768,2029,reg1,SOFC_CHP_P,Electricity,0.0
1769,2030,reg1,SOFC_CHP_P,Electricity,0.0
1770,2031,reg1,SOFC_CHP_P,Electricity,0.0
1771,2032,reg1,SOFC_CHP_P,Electricity,0.0
1772,2033,reg1,SOFC_CHP_P,Electricity,0.0
1773,2034,reg1,SOFC_CHP_P,Electricity,0.0
1774,2035,reg1,SOFC_CHP_P,Electricity,0.0
1775,2036,reg1,SOFC_CHP_P,Electricity,0.0
1776,2037,reg1,SOFC_CHP_P,Electricity,0.0
1777,2038,reg1,SOFC_CHP_P,Electricity,0.0
1778,2039,reg1,SOFC_CHP_P,Electricity,0.0
1779,2040,reg1,SOFC_CHP_P,Electricity,0.0
1780,2041,reg1,SOFC_CHP_P,Electricity,0.0
1781,2042,reg1,SOFC_CHP_P,Electricity,0.0
1782,2043,reg1,SOFC_CHP_P,Electricity,0.0
1783,2044,reg1,SOFC_CHP_P,Electricity,0.0
1784,2045,reg1,SOFC_CHP_P,Electricity,0.0
1785,2046,reg1,SOFC_CHP_P,Electricity,0.0
1786,2047,reg1,SOFC_CHP_P,Electricity,0.0
1787,2048,reg1,SOFC_CHP_P,Electricity,0.0
1788,2049,reg1,SOFC_CHP_P,Electricity,0.0
1789,2050,reg1,SOFC_CHP_P,Electricity,0.0
1790,2051,reg1,SOFC_CHP_P,Electricity,0.0
1791,2052,reg1,SOFC_CHP_P,Electricity,0.0
1792,2053,reg1,SOFC_CHP_P,Electricity,0.0
1793,2054,reg1,SOFC_CHP_P,Electricity,0.0
1794,2055,reg1,SOFC_CHP_P,Electricity,0.0
1795,2056,reg1,SOFC_CHP_P,Electricity,0.0
1796,2057,reg1,SOFC_CHP_P,Electricity,0.0
1797,2058,reg1,SOFC_CHP_P,Electricity,0.0
1798,2059,reg1,SOFC_CHP_P,Electricity,0.0
1799,2060,reg1,SOFC_CHP_P,Electricity,0.0
1800,2025,reg1,SOFC_CHP_P,Heat,0.0
1801,2026,reg1,SOFC_CHP_P,Heat,0.0
1802,2027,reg1,SOFC_CHP_P,Heat,0.0
1803,2028,reg1,SOFC_CHP_P,Heat,0.0
1804,2029,reg1,SOFC_CHP_P,Heat,0.0
1805,2030,reg1,SOFC_CHP_P,Heat,0.0
1806,2031,reg1,SOFC_CHP_P,Heat,0.0
1807,2032,reg1,SOFC_CHP_P,Heat,0.0
1808,2033,reg1,SOFC_CHP_P,Heat,0.0
1809,2034,reg1,SOFC_CHP_P,Heat,0.0
1810,2035,reg1,SOFC_CHP_P,Heat,0.0
1811,2036,reg1,SOFC_CHP_P,Heat,0.0
1812,2037,reg1,SOFC_CHP_P,Heat,0.0
1813,2038,reg1,SOFC_CHP_P,Heat,0.0
1814,2039,reg1,SOFC_CHP_P,Heat,0.0
1815,2040,reg1,SOFC_CHP_P,Heat,0.0
1816,2041,reg1,SOFC_CHP_P,Heat,0.0
1817,2042,reg1,SOFC_CHP_P,Heat,0.0
1818,2043,reg1,SOFC_CHP_P,Heat,0.0
1819,2044,reg1,SOFC_CHP_P,Heat,0.0
1820,2045,reg1,SOFC_CHP_P,Heat,0.0
1821,2046,reg1,SOFC_CHP_P,Heat,0.0
1822,2047,reg1,SOFC_CHP_P,Heat,0.0
1823,2048,reg1,SOFC_CHP_P,Heat,0.0
1824,2049,reg1,SOFC_CHP_P,Heat,0.0
1825,2050,reg1,SOFC_CHP_P,Heat,0.0
1826,2051,reg1,SOFC_CHP_P,Heat,0.0
1827,2052,reg1,SOFC_CHP_P,Heat,0.0
1828,2053,reg1,SOFC_CHP_P,Heat,0.0
1829,2054,reg1,SOFC_CHP_P,Heat,0.0
1830,2055,reg1,SOFC_CHP_P,Heat,0.0
1831,2056,reg1,SOFC_CHP_P,Heat,0.0
1832,2057,reg1,SOFC_CHP_P,Heat,0.0
1833,2058,reg1,SOFC_CHP_P,Heat,0.0
1834,2059,reg1,SOFC_CHP_P,Heat,0.0
1835,2060,reg1,SOFC_CHP_P,Heat,0.0
1836,2025,reg1,Oil_CHP,Electricity,12678.05414484284
1837,2026,reg1,Oil_CHP,Electricity,12255.452340014754
1838,2027,reg1,Oil_CHP,Electricity,11832.85053518665
1839,2028,reg1,Oil_CHP,Electricity,11410.248730358562
1840,2029,reg1,Oil_CHP,Electricity,10987.64692553046
1841,2030,reg1,Oil_CHP,Electricity,10565.045120702367
1842,2031,reg1,Oil_CHP,Electricity,10142.443315874265
1843,2032,reg1,Oil_CHP,Electricity,9719.841511046176
1844,2033,reg1,Oil_CHP,Electricity,9297.23970621808
1845,2034,reg1,Oil_CHP,Electricity,8874.63790139
1846,2035,reg1,Oil_CHP,Electricity,8452.036096561897
1847,2036,reg1,Oil_CHP,Electricity,8029.434291733798
1848,2037,reg1,Oil_CHP,Electricity,7606.832486905702
1849,2038,reg1,Oil_CHP,Electricity,7184.230682077612
1850,2039,reg1,Oil_CHP,Electricity,6761.628877249517
1851,2040,reg1,Oil_CHP,Electricity,6339.02707242142
1852,2041,reg1,Oil_CHP,Electricity,5916.425267593333
1853,2042,reg1,Oil_CHP,Electricity,5493.823462765235
1854,2043,reg1,Oil_CHP,Electricity,5071.221657937141
1855,2044,reg1,Oil_CHP,Electricity,4648.619853109041
1856,2045,reg1,Oil_CHP,Electricity,4226.018048280949
1857,2046,reg1,Oil_CHP,Electricity,3803.416243452857
1858,2047,reg1,Oil_CHP,Electricity,3380.8144386247577
1859,2048,reg1,Oil_CHP,Electricity,2958.212633796667
1860,2049,reg1,Oil_CHP,Electricity,2535.6108289685703
1861,2050,reg1,Oil_CHP,Electricity,2113.0090241404746
1862,2051,reg1,Oil_CHP,Electricity,1690.4072193123789
1863,2052,reg1,Oil_CHP,Electricity,1267.8054144842847
1864,2053,reg1,Oil_CHP,Electricity,845.2036096561902
1865,2054,reg1,Oil_CHP,Electricity,422.60180482809426
1866,2055,reg1,Oil_CHP,Electricity,0.0
1867,2056,reg1,Oil_CHP,Electricity,0.0
1868,2057,reg1,Oil_CHP,Electricity,0.0
1869,2058,reg1,Oil_CHP,Electricity,0.0
1870,2059,reg1,Oil_CHP,Electricity,0.0
1871,2060,reg1,Oil_CHP,Electricity,0.0
1872,2025,reg1,Oil_CHP,Heat,7770.420282323033
1873,2026,reg1,Oil_CHP,Heat,7511.40627291227
1874,2027,reg1,Oil_CHP,Heat,7252.392263501496
1875,2028,reg1,Oil_CHP,Heat,6993.378254090732
1876,2029,reg1,Oil_CHP,Heat,6734.36424467996
1877,2030,reg1,Oil_CHP,Heat,6475.350235269194
1878,2031,reg1,Oil_CHP,Heat,6216.336225858421
1879,2032,reg1,Oil_CHP,Heat,5957.322216447657
1880,2033,reg1,Oil_CHP,Heat,5698.308207036889
1881,2034,reg1,Oil_CHP,Heat,5439.294197626131
1882,2035,reg1,Oil_CHP,Heat,5180.280188215357
1883,2036,reg1,Oil_CHP,Heat,4921.266178804587
1884,2037,reg1,Oil_CHP,Heat,4662.252169393818
1885,2038,reg1,Oil_CHP,Heat,4403.238159983053
1886,2039,reg1,Oil_CHP,Heat,4144.224150572286
1887,2040,reg1,Oil_CHP,Heat,3885.2101411615163
1888,2041,reg1,Oil_CHP,Heat,3626.196131750753
1889,2042,reg1,Oil_CHP,Heat,3367.182122339983
1890,2043,reg1,Oil_CHP,Heat,3108.1681129292156
1891,2044,reg1,Oil_CHP,Heat,2849.154103518445
1892,2045,reg1,Oil_CHP,Heat,2590.140094107679
1893,2046,reg1,Oil_CHP,Heat,2331.126084696913
1894,2047,reg1,Oil_CHP,Heat,2072.112075286142
1895,2048,reg1,Oil_CHP,Heat,1813.0980658753767
1896,2049,reg1,Oil_CHP,Heat,1554.0840564646078
1897,2050,reg1,Oil_CHP,Heat,1295.0700470538395
1898,2051,reg1,Oil_CHP,Heat,1036.056037643071
1899,2052,reg1,Oil_CHP,Heat,777.0420282323037
1900,2053,reg1,Oil_CHP,Heat,518.0280188215361
1901,2054,reg1,Oil_CHP,Heat,259.01400941076747
1902,2055,reg1,Oil_CHP,Heat,0.0
1903,2056,reg1,Oil_CHP,Heat,0.0
1904,2057,reg1,Oil_CHP,Heat,0.0
1905,2058,reg1,Oil_CHP,Heat,0.0
1906,2059,reg1,Oil_CHP,Heat,0.0
1907,2060,reg1,Oil_CHP,Heat,0.0
1908,2025,reg1,BW_CHP_P,Electricity,14741.276431556847
1909,2026,reg1,BW_CHP_P,Electricity,14151.625374294572
1910,2027,reg1,BW_CHP_P,Electricity,13561.974317032296
1911,2028,reg1,BW_CHP_P,Electricity,12972.323259770024
1912,2029,reg1,BW_CHP_P,Electricity,12382.67220250775
1913,2030,reg1,BW_CHP_P,Electricity,11793.021145245473
1914,2031,reg1,BW_CHP_P,Electricity,11203.370087983201
1915,2032,reg1,BW_CHP_P,Electricity,10613.719030720922
1916,2033,reg1,BW_CHP_P,Electricity,10024.067973458647
1917,2034,reg1,BW_CHP_P,Electricity,9434.416916196376
1918,2035,reg1,BW_CHP_P,Electricity,8844.765858934099
1919,2036,reg1,BW_CHP_P,Electricity,7984.304169540125
1920,2037,reg1,BW_CHP_P,Electricity,6676.002810375276
1921,2038,reg1,BW_CHP_P,Electricity,5968.361671657014
1922,2039,reg1,BW_CHP_P,Electricity,5405.134691570837
1923,2040,reg1,BW_CHP_P,Electricity,4913.7588105189425
1924,2041,reg1,BW_CHP_P,Electricity,4422.382929467048
1925,2042,reg1,BW_CHP_P,Electricity,3931.0070484151533
1926,2043,reg1,BW_CHP_P,Electricity,3439.631167363258
1927,2044,reg1,BW_CHP_P,Electricity,2784.463325960732
1928,2045,reg1,BW_CHP_P,Electricity,2320.386104967276
1929,2046,reg1,BW_CHP_P,Electricity,1856.30888397382
1930,2047,reg1,BW_CHP_P,Electricity,1392.231662980364
1931,2048,reg1,BW_CHP_P,Electricity,928.1544419869075
1932,2049,reg1,BW_CHP_P,Electricity,458.6174889817636
1933,2050,reg1,BW_CHP_P,Electricity,0.0
1934,2051,reg1,BW_CHP_P,Electricity,0.0
1935,2052,reg1,BW_CHP_P,Electricity,0.0
1936,2053,reg1,BW_CHP_P,Electricity,0.0
1937,2054,reg1,BW_CHP_P,Electricity,0.0
1938,2055,reg1,BW_CHP_P,Electricity,0.0
1939,2056,reg1,BW_CHP_P,Electricity,0.0
1940,2057,reg1,BW_CHP_P,Electricity,0.0
1941,2058,reg1,BW_CHP_P,Electricity,0.0
1942,2059,reg1,BW_CHP_P,Electricity,0.0
1943,2060,reg1,BW_CHP_P,Electricity,0.0
1944,2025,reg1,BW_CHP_P,Heat,10243.93785921747
1945,2026,reg1,BW_CHP_P,Heat,9834.18034484877
1946,2027,reg1,BW_CHP_P,Heat,9424.42283048007
1947,2028,reg1,BW_CHP_P,Heat,9014.665316111372
1948,2029,reg1,BW_CHP_P,Heat,8604.907801742675
1949,2030,reg1,BW_CHP_P,Heat,8195.150287373974
1950,2031,reg1,BW_CHP_P,Heat,7785.392773005276
1951,2032,reg1,BW_CHP_P,Heat,7375.635258636573
1952,2033,reg1,BW_CHP_P,Heat,6965.877744267873
1953,2034,reg1,BW_CHP_P,Heat,6556.120229899177
1954,2035,reg1,BW_CHP_P,Heat,6146.362715530476
1955,2036,reg1,BW_CHP_P,Heat,5548.414761883816
1956,2037,reg1,BW_CHP_P,Heat,4639.256190260785
1957,2038,reg1,BW_CHP_P,Heat,4147.50556843962
1958,2039,reg1,BW_CHP_P,Heat,3756.1105483797346
1959,2040,reg1,BW_CHP_P,Heat,3414.6459530724856
1960,2041,reg1,BW_CHP_P,Heat,3073.1813577652365
1961,2042,reg1,BW_CHP_P,Heat,2731.716762457988
1962,2043,reg1,BW_CHP_P,Heat,2390.252167150739
1963,2044,reg1,BW_CHP_P,Heat,1934.9660400744071
1964,2045,reg1,BW_CHP_P,Heat,1612.4717000620053
1965,2046,reg1,BW_CHP_P,Heat,1289.9773600496037
1966,2047,reg1,BW_CHP_P,Heat,967.4830200372021
1967,2048,reg1,BW_CHP_P,Heat,644.9886800248001
1968,2049,reg1,BW_CHP_P,Heat,318.7002889534289
1969,2050,reg1,BW_CHP_P,Heat,0.0
1970,2051,reg1,BW_CHP_P,Heat,0.0
1971,2052,reg1,BW_CHP_P,Heat,0.0
1972,2053,reg1,BW_CHP_P,Heat,0.0
1973,2054,reg1,BW_CHP_P,Heat,0.0
1974,2055,reg1,BW_CHP_P,Heat,0.0
1975,2056,reg1,BW_CHP_P,Heat,0.0
1976,2057,reg1,BW_CHP_P,Heat,0.0
1977,2058,reg1,BW_CHP_P,Heat,0.0
1978,2059,reg1,BW_CHP_P,Heat,0.0
1979,2060,reg1,BW_CHP_P,Heat,0.0
1980,2025,reg1,Heat_transmission_distribution,Final_heat,40339.772769178766
1981,2026,reg1,Heat_transmission_distribution,Final_heat,41326.3942106981
1982,2027,reg1,Heat_transmission_distribution,Final_heat,42275.50543457018
1983,2028,reg1,Heat_transmission_distribution,Final_heat,43187.10644079499
1984,2029,reg1,Heat_transmission_distribution,Final_heat,44061.197229372534
1985,2030,reg1,Heat_transmission_distribution,Final_heat,44897.77780030281
1986,2031,reg1,Heat_transmission_distribution,Final_heat,45264.866197127616
1987,2032,reg1,Heat_transmission_distribution,Final_heat,45628.49738396274
1988,2033,reg1,Heat_transmission_distribution,Final_heat,45988.671360808235
1989,2034,reg1,Heat_transmission_distribution,Final_heat,46345.38812766407
1990,2035,reg1,Heat_transmission_distribution,Final_heat,46698.64768453025
1991,2036,reg1,Heat_transmission_distribution,Final_heat,47048.45003140676
1992,2037,reg1,Heat_transmission_distribution,Final_heat,47394.79516829363
1993,2038,reg1,Heat_transmission_distribution,Final_heat,47737.68309519085
1994,2039,reg1,Heat_transmission_distribution,Final_heat,48077.113812098425
1995,2040,reg1,Heat_transmission_distribution,Final_heat,48413.087319016326
1996,2041,reg1,Heat_transmission_distribution,Final_heat,49002.9454018628
1997,2042,reg1,Heat_transmission_distribution,Final_heat,49548.87752587636
1998,2043,reg1,Heat_transmission_distribution,Final_heat,50050.88369105701
1999,2044,reg1,Heat_transmission_distribution,Final_heat,50508.96389740474
2000,2045,reg1,Heat_transmission_distribution,Final_heat,50923.11814491957
2001,2046,reg1,Heat_transmission_distribution,Final_heat,51293.34643360149
2002,2047,reg1,Heat_transmission_distribution,Final_heat,51619.648763450474
2003,2048,reg1,Heat_transmission_distribution,Final_heat,51902.02513446657
2004,2049,reg1,Heat_transmission_distribution,Final_heat,52140.47554664974
2005,2050,reg1,Heat_transmission_distribution,Final_heat,52335.0
2006,2051,reg1,Heat_transmission_distribution,Final_heat,52335.0
2007,2052,reg1,Heat_transmission_distribution,Final_heat,52335.0
2008,2053,reg1,Heat_transmission_distribution,Final_heat,52335.0
2009,2054,reg1,Heat_transmission_distribution,Final_heat,52335.0
2010,2055,reg1,Heat_transmission_distribution,Final_heat,52335.0
2011,2056,reg1,Heat_transmission_distribution,Final_heat,52335.0
2012,2057,reg1,Heat_transmission_distribution,Final_heat,52335.0
2013,2058,reg1,Heat_transmission_distribution,Final_heat,52335.0
2014,2059,reg1,Heat_transmission_distribution,Final_heat,52335.0
2015,2060,reg1,Heat_transmission_distribution,Final_heat,52335.0
2016,2025,reg1,Elec_transmission_distribution,Final_electricity,292700.0
2017,2026,reg1,Elec_transmission_distribution,Final_electricity,306056.3057363256
2018,2027,reg1,Elec_transmission_distribution,Final_electricity,310731.30967194634
2019,2028,reg1,Elec_transmission_distribution,Final_electricity,315111.1232706418
2020,2029,reg1,Elec_transmission_distribution,Final_electricity,319195.74653241184
2021,2030,reg1,Elec_transmission_distribution,Final_electricity,322985.17945725645
2022,2031,reg1,Elec_transmission_distribution,Final_electricity,327292.9043939094
2023,2032,reg1,Elec_transmission_distribution,Final_electricity,331499.0217761862
2024,2033,reg1,Elec_transmission_distribution,Final_electricity,335603.53160408675
2025,2034,reg1,Elec_transmission_distribution,Final_electricity,339606.4338776114
2026,2035,reg1,Elec_transmission_distribution,Final_electricity,343507.7285967598
2027,2036,reg1,Elec_transmission_distribution,Final_electricity,347307.41576153203
2028,2037,reg1,Elec_transmission_distribution,Final_electricity,351005.4953719282
2029,2038,reg1,Elec_transmission_distribution,Final_electricity,354601.9674279483
2030,2039,reg1,Elec_transmission_distribution,Final_electricity,358096.83192959224
2031,2040,reg1,Elec_transmission_distribution,Final_electricity,361490.08887686004
2032,2041,reg1,Elec_transmission_distribution,Final_electricity,374068.5357376555
2033,2042,reg1,Elec_transmission_distribution,Final_electricity,385402.1675124044
2034,2043,reg1,Elec_transmission_distribution,Final_electricity,395490.9842011066
2035,2044,reg1,Elec_transmission_distribution,Final_electricity,404334.9858037622
2036,2045,reg1,Elec_transmission_distribution,Final_electricity,411934.17232037114
2037,2046,reg1,Elec_transmission_distribution,Final_electricity,418288.54375093343
2038,2047,reg1,Elec_transmission_distribution,Final_electricity,423398.10009544925
2039,2048,reg1,Elec_transmission_distribution,Final_electricity,427262.84135391837
2040,2049,reg1,Elec_transmission_distribution,Final_electricity,429882.7675263408
2041,2050,reg1,Elec_transmission_distribution,Final_electricity,431257.87861271674
2042,2051,reg1,Elec_transmission_distribution,Final_electricity,431257.87861271674
2043,2052,reg1,Elec_transmission_distribution,Final_electricity,431257.87861271674
2044,2053,reg1,Elec_transmission_distribution,Final_electricity,431257.87861271674
2045,2054,reg1,Elec_transmission_distribution,Final_electricity,431257.87861271674
2046,2055,reg1,Elec_transmission_distribution,Final_electricity,431257.87861271674
2047,2056,reg1,Elec_transmission_distribution,Final_electricity,431257.87861271674
2048,2057,reg1,Elec_transmission_distribution,Final_electricity,431257.87861271674
2049,2058,reg1,Elec_transmission_distribution,Final_electricity,431257.87861271674
2050,2059,reg1,Elec_transmission_distribution,Final_electricity,431257.87861271674
2051,2060,reg1,Elec_transmission_distribution,Final_electricity,431257.87861271674
